signal_time,entry_time,direction,signal_source,entry_price,initial_stop,target,exit_price,exit_time,exit_reason,ret_pct,r_multiple,equity
2020-01-14 01:00:00+00:00,2020-01-14 02:00:00+00:00,long,both_long,8431.83,8055.89,9183.71,8563.1181,2020-01-14 05:00:00+00:00,staircase-lock,0.014170534510302103,0.3178260839495683,1.0031782608394957
2020-01-14 12:00:00+00:00,2020-01-14 13:00:00+00:00,long,whale_long,8498.81,8071.12,9354.189999999999,8579.872999999998,2020-01-14 14:00:00+00:00,staircase-lock,0.008138158871653657,0.16171681825621098,1.0048005688043633
2020-01-14 14:00:00+00:00,2020-01-14 15:00:00+00:00,long,whale_long,8689.99,8088.0,9893.97,8752.999000000002,2020-01-14 16:00:00+00:00,staircase-lock,0.005850756329984398,0.08445823684779005,1.0056492056486122
2020-01-14 17:00:00+00:00,2020-01-14 18:00:00+00:00,long,whale_long,8771.1,8101.0,10111.300000000001,8842.11,2020-01-14 19:00:00+00:00,staircase-lock,0.006695905872695486,0.08764432174302246,1.0065306000740168
2020-01-17 05:00:00+00:00,2020-01-17 06:00:00+00:00,long,breakout_long,8891.25,8600.4,9472.95,8986.425,2020-01-17 07:00:00+00:00,staircase-lock,0.00930434415858279,0.2844326972666293,1.0093935022086213
2020-01-19 01:00:00+00:00,2020-01-19 02:00:00+00:00,long,both_long,9146.91,8806.38,9827.970000000001,8806.38,2020-01-19 11:00:00+00:00,stop,-0.03862896584748303,-1.0376051273015603,0.998919983475056
2020-01-19 11:00:00+00:00,2020-01-19 12:00:00+00:00,short,breakout_short,8681.16,9198.98,7645.52,8573.916000000001,2020-01-19 13:00:00+00:00,staircase-lock,0.011108170129028384,0.18622649221218976,1.000780237120288
2020-01-23 09:00:00+00:00,2020-01-23 10:00:00+00:00,short,breakout_short,8440.84,8710.45,7901.619999999999,8343.784,2020-01-23 14:00:00+00:00,staircase-lock,0.010232132375430704,0.3203434302875647,1.0039861708615194
2020-01-24 09:00:00+00:00,2020-01-24 10:00:00+00:00,short,breakout_short,8260.2,8445.0,7890.600000000002,8445.0,2020-01-24 12:00:00+00:00,stop,-0.023282770870337408,-1.0406945018569362,0.9935377419819597
2020-01-26 16:00:00+00:00,2020-01-26 17:00:00+00:00,long,breakout_long,8503.36,8293.66,8922.760000000002,8586.367,2020-01-26 18:00:00+00:00,staircase-lock,0.008361670680766166,0.3390667429661399,0.9969064980438371
2020-01-27 11:00:00+00:00,2020-01-27 12:00:00+00:00,long,breakout_long,8735.67,8450.0,9307.01,8790.822000000002,2020-01-27 16:00:00+00:00,staircase-lock,0.004913425301093245,0.15025050582840765,0.9984043550997842
2020-01-28 01:00:00+00:00,2020-01-28 02:00:00+00:00,long,whale_long,9132.96,8535.0,10328.879999999997,9049.11,2020-01-28 12:00:00+00:00,time-exit,-0.010581032217375096,-0.1616097130242795,0.9967908366866856
2020-01-28 14:00:00+00:00,2020-01-28 15:00:00+00:00,long,whale_long,9035.43,8763.0,9580.29,9111.543,2020-01-28 22:00:00+00:00,staircase-lock,0.007023838157121333,0.2329530448188479,0.9991128912912225
2020-01-28 23:00:00+00:00,2020-01-29 00:00:00+00:00,long,whale_long,9375.34,8862.4,10401.220000000001,9407.93,2020-01-29 10:00:00+00:00,time-exit,0.002076140598634325,0.03794698015362482,0.9994920244617931
2020-01-29 10:00:00+00:00,2020-01-29 11:00:00+00:00,long,whale_long,9405.35,8862.4,10491.250000000002,9377.99,2020-01-29 21:00:00+00:00,time-exit,-0.004308982653489822,-0.07464313472695543,0.9987459722833889
2020-01-30 17:00:00+00:00,2020-01-30 18:00:00+00:00,long,whale_long,9468.5,9204.44,9996.619999999999,9567.050000000001,2020-01-30 21:00:00+00:00,staircase-lock,0.00900819559592343,0.3230103006892417,1.001972024651583
2020-02-02 02:00:00+00:00,2020-02-02 03:00:00+00:00,short,breakout_short,9267.91,9454.77,8894.189999999999,9130.3537,2020-02-02 05:00:00+00:00,staircase-lock,0.013665823791689414,0.6777995556953648,1.0087633865828634
2020-02-02 10:00:00+00:00,2020-02-02 11:00:00+00:00,long,whale_long,9423.44,9120.0,10030.320000000002,9441.5,2020-02-02 21:00:00+00:00,time-exit,0.0005164975847461019,0.01604002109148365,1.0089251924428344
2020-02-03 01:00:00+00:00,2020-02-03 02:00:00+00:00,long,whale_long,9510.76,9288.0,9956.28,9347.12,2020-02-03 12:00:00+00:00,time-exit,-0.018605775353389184,-0.7943753995331277,1.0009105389143762
2020-02-04 11:00:00+00:00,2020-02-04 12:00:00+00:00,long,whale_long,9182.81,9153.78,9240.869999999997,9153.78,2020-02-04 12:00:00+00:00,stop,-0.004561341680814389,-1.442849948329344,0.9864689017208272
2020-02-05 10:00:00+00:00,2020-02-05 11:00:00+00:00,long,breakout_long,9383.46,9115.0,9920.379999999997,9466.008,2020-02-05 13:00:00+00:00,staircase-lock,0.007397181423483513,0.258553065633617,0.9890194473077488
2020-02-05 18:00:00+00:00,2020-02-05 19:00:00+00:00,long,whale_long,9657.11,9161.18,10648.970000000001,9718.211000000001,2020-02-05 22:00:00+00:00,staircase-lock,0.004927048154157966,0.0959430685782276,0.9899683429143313
2020-02-06 12:00:00+00:00,2020-02-06 13:00:00+00:00,long,whale_long,9825.21,9472.3,10531.029999999999,9772.0,2020-02-06 23:00:00+00:00,time-exit,-0.006815660326852923,-0.18975176107222413,0.9880898605495939
2020-02-09 03:00:00+00:00,2020-02-09 04:00:00+00:00,long,both_long,10052.66,9750.0,10657.98,10123.166000000001,2020-02-09 05:00:00+00:00,staircase-lock,0.005613666034661581,0.18645435802551083,0.9899321971557968
2020-02-10 05:00:00+00:00,2020-02-10 06:00:00+00:00,short,breakout_short,9836.14,10188.0,9132.419999999998,9772.249,2020-02-10 10:00:00+00:00,staircase-lock,0.005138003687789784,0.14363134085606924,0.9913540500441376
2020-02-11 15:00:00+00:00,2020-02-11 16:00:00+00:00,long,both_long,10165.0,9700.0,11095.0,10296.400000000001,2020-02-11 17:00:00+00:00,staircase-lock,0.011526709296606109,0.2519763440860239,0.9938520277363875
2020-02-12 07:00:00+00:00,2020-02-12 08:00:00+00:00,long,whale_long,10366.62,9775.07,11549.720000000003,10345.78,2020-02-12 18:00:00+00:00,time-exit,-0.003410298438642533,-0.059763786662159396,0.9932580641307935
2020-02-13 13:00:00+00:00,2020-02-13 14:00:00+00:00,long,whale_long,10186.93,10080.0,10400.79,10340.445099999999,2020-02-13 15:00:00+00:00,staircase-lock,0.01366981004090524,1.3022855887028753,1.006193120758598
2020-02-16 16:00:00+00:00,2020-02-16 17:00:00+00:00,short,whale_short,9735.0,10050.0,9105.0,9808.4,2020-02-17 03:00:00+00:00,time-exit,-0.008883381591289029,-0.2745387929879324,1.0034307303097396
2020-02-17 11:00:00+00:00,2020-02-17 12:00:00+00:00,short,whale_short,9609.94,9996.58,8836.660000000002,9526.393,2020-02-17 14:00:00+00:00,staircase-lock,0.007370055990761749,0.18318279502343543,1.005268842767645
2020-02-17 14:00:00+00:00,2020-02-17 15:00:00+00:00,short,whale_short,9591.79,9996.58,8782.210000000003,9710.65,2020-02-18 01:00:00+00:00,time-exit,-0.013640169298656456,-0.3232136156455454,1.0020196769939775
2020-02-18 15:00:00+00:00,2020-02-18 16:00:00+00:00,long,breakout_long,9830.69,9576.01,10340.050000000001,9915.047,2020-02-18 17:00:00+00:00,staircase-lock,0.00718098465112822,0.27718719177006285,1.0047971471976205
2020-02-20 16:00:00+00:00,2020-02-20 17:00:00+00:00,short,whale_short,9633.42,10156.48,8587.300000000001,9425.6394,2020-02-20 18:00:00+00:00,staircase-lock,0.020644191505989465,0.3802129150338952,1.0086175157211579
2020-02-21 12:00:00+00:00,2020-02-21 13:00:00+00:00,long,breakout_long,9747.01,9400.0,10441.03,9677.05,2020-02-21 23:00:00+00:00,time-exit,-0.008577585741678816,-0.24093200195959996,1.0061874333484158
2020-02-23 03:00:00+00:00,2020-02-23 04:00:00+00:00,long,breakout_long,9786.5,9578.9,10201.7,9906.65,2020-02-23 05:00:00+00:00,staircase-lock,0.010877116435906565,0.5127596339113653,1.0113467563481153
2020-02-25 14:00:00+00:00,2020-02-25 15:00:00+00:00,short,both_short,9404.87,9675.0,8864.610000000002,9310.487000000001,2020-02-25 17:00:00+00:00,staircase-lock,0.00873727853333557,0.3041978631022543,1.0144232515694802
2020-02-26 02:00:00+00:00,2020-02-26 03:00:00+00:00,short,whale_short,9203.49,9675.0,8260.47,9140.247,2020-02-26 04:00:00+00:00,staircase-lock,0.005519178442333251,0.10772985430262269,1.015516088260408
2020-02-26 12:00:00+00:00,2020-02-26 13:00:00+00:00,short,whale_short,9285.34,9460.56,8934.900000000001,9071.1238,2020-02-26 14:00:00+00:00,staircase-lock,0.02221517764755905,1.177237059799034,1.027471119999631
2020-02-26 14:00:00+00:00,2020-02-26 15:00:00+00:00,short,whale_short,9043.3,9426.02,8277.859999999997,8650.0168,2020-02-26 17:00:00+00:00,staircase-lock,0.04406617759170135,1.0412407603862657,1.0381695681022645
2020-02-26 17:00:00+00:00,2020-02-26 18:00:00+00:00,short,whale_short,8736.94,9426.02,7358.780000000001,8628.067,2020-02-27 01:00:00+00:00,staircase-lock,0.011218469467147397,0.14224051579830904,1.0396462658507943
2020-02-27 01:00:00+00:00,2020-02-27 02:00:00+00:00,short,whale_short,8694.19,9303.36,7475.85,8785.73,2020-02-27 12:00:00+00:00,time-exit,-0.011819168355958908,-0.16868541676165005,1.037892534214397
2020-02-28 09:00:00+00:00,2020-02-28 10:00:00+00:00,short,whale_short,8606.31,8971.77,7875.389999999998,8547.621000000001,2020-02-28 11:00:00+00:00,staircase-lock,0.005466120994367675,0.12872306620433518,1.0392285413083435
2020-02-28 12:00:00+00:00,2020-02-28 13:00:00+00:00,short,whale_short,8525.01,8971.77,7631.49,8692.91,2020-02-28 23:00:00+00:00,time-exit,-0.020714590856226442,-0.395272840440592,1.0351207531344446
2020-03-03 15:00:00+00:00,2020-03-03 16:00:00+00:00,short,whale_short,8753.01,8965.75,8327.53,8661.201000000001,2020-03-03 17:00:00+00:00,staircase-lock,0.009200031104231355,0.3785276123702556,1.0390389710064334
2020-03-05 09:00:00+00:00,2020-03-05 10:00:00+00:00,long,both_long,9080.08,8660.0,9920.24,9143.818000000001,2020-03-05 20:00:00+00:00,staircase-lock,0.00561954167804697,0.12146707293848966,1.0403010612312051
2020-03-08 14:00:00+00:00,2020-03-08 15:00:00+00:00,short,both_short,8576.55,8925.0,7879.649999999998,8338.8885,2020-03-08 16:00:00+00:00,staircase-lock,0.027100381075967198,0.6670333572021407,1.0472402163249452
2020-03-08 16:00:00+00:00,2020-03-08 17:00:00+00:00,short,whale_short,8280.11,8919.0,7002.330000000002,8208.02,2020-03-08 22:00:00+00:00,staircase-lock,0.0073828733360786335,0.09568314316830459,1.0482422486804475
2020-03-08 23:00:00+00:00,2020-03-09 00:00:00+00:00,short,whale_short,8034.76,8755.95,6592.379999999999,7976.476,2020-03-09 04:00:00+00:00,staircase-lock,0.005906986192900266,0.0658095874641458,1.0489320925799288
2020-03-09 04:00:00+00:00,2020-03-09 05:00:00+00:00,short,whale_short,7852.45,8752.36,6052.629999999998,7687.6819,2020-03-09 06:00:00+00:00,staircase-lock,0.020032741643485633,0.174802038113132,1.0507656472561813
2020-03-09 11:00:00+00:00,2020-03-09 12:00:00+00:00,short,whale_short,7803.64,8605.62,6199.679999999999,7716.106000000001,2020-03-09 14:00:00+00:00,staircase-lock,0.00994432315989442,0.09676290927888283,1.0517823986661696
2020-03-09 15:00:00+00:00,2020-03-09 16:00:00+00:00,short,whale_short,7765.32,8301.28,6693.399999999998,7696.632,2020-03-09 17:00:00+00:00,staircase-lock,0.007524423046340335,0.10901849535451792,1.052929036011599
2020-03-10 15:00:00+00:00,2020-03-10 16:00:00+00:00,short,whale_short,7766.29,8149.0,7000.87,7898.3,2020-03-11 02:00:00+00:00,time-exit,-0.018113723206259633,-0.3675797010779496,1.0490586826084647
2020-03-11 17:00:00+00:00,2020-03-11 18:00:00+00:00,short,whale_short,7671.2,8038.11,6937.38,7598.12,2020-03-11 19:00:00+00:00,staircase-lock,0.008218168704890184,0.17182201566856614,1.0508611963824686
2020-03-12 02:00:00+00:00,2020-03-12 03:00:00+00:00,short,whale_short,7645.36,7980.0,6976.079999999999,7574.836,2020-03-12 05:00:00+00:00,staircase-lock,0.007910300579444819,0.18072285332914229,1.0527603427210999
2020-03-12 06:00:00+00:00,2020-03-12 07:00:00+00:00,short,whale_short,7494.17,7980.0,6522.51,7353.0518,2020-03-12 08:00:00+00:00,staircase-lock,0.017791786463411022,0.2744471777380998,1.055649613770044
2020-03-12 10:00:00+00:00,2020-03-12 11:00:00+00:00,short,whale_short,6014.9,7980.0,2084.699999999999,5760.5960000000005,2020-03-12 12:00:00+00:00,staircase-lock,0.042745432174031775,0.13083787083791343,1.0570308032482094
2020-03-12 12:00:00+00:00,2020-03-12 13:00:00+00:00,short,whale_short,6028.22,7980.0,2124.6600000000008,5746.431199999999,2020-03-12 14:00:00+00:00,staircase-lock,0.047637183286906984,0.14713103988861373,1.0585860236609714
2020-03-12 23:00:00+00:00,2020-03-13 00:00:00+00:00,short,whale_short,4800.01,7700.1,-1000.1700000000001,4529.3703000000005,2020-03-13 01:00:00+00:00,staircase-lock,0.05835216908186987,0.0965801044500916,1.0596084071483172
2020-03-13 01:00:00+00:00,2020-03-13 02:00:00+00:00,short,whale_short,4131.23,7657.32,-2920.9500000000007,3792.603,2020-03-13 03:00:00+00:00,staircase-lock,0.0878861710018158,0.10296900709506321,1.0606994754042536
2020-03-13 04:00:00+00:00,2020-03-13 05:00:00+00:00,short,whale_short,4771.5,7466.0,-617.5,5212.37,2020-03-13 15:00:00+00:00,time-exit,-0.08598148596511761,-0.15225854900076402,1.0590844697737445
2020-03-13 15:00:00+00:00,2020-03-13 16:00:00+00:00,short,whale_short,5207.63,6095.08,3432.7300000000005,5041.9052,2020-03-13 17:00:00+00:00,staircase-lock,0.03146947957688691,0.18466550896274,1.0610402335001976
2020-03-13 18:00:00+00:00,2020-03-13 19:00:00+00:00,short,whale_short,4981.96,5965.71,3014.46,4871.5410999999995,2020-03-13 20:00:00+00:00,staircase-lock,0.021266112783078064,0.10769699948237214,1.062182941994978
2020-03-15 22:00:00+00:00,2020-03-15 23:00:00+00:00,short,whale_short,5369.01,5940.0,4227.030000000001,5324.901,2020-03-16 00:00:00+00:00,staircase-lock,0.006883534285426164,0.06472576474858745,1.0628704480272133
2020-03-16 06:00:00+00:00,2020-03-16 07:00:00+00:00,short,whale_short,5017.5,5940.0,3172.5,4787.58,2020-03-16 08:00:00+00:00,staircase-lock,0.04662426277994321,0.25359050243725206,1.0655657865366226
2020-03-16 10:00:00+00:00,2020-03-16 11:00:00+00:00,short,whale_short,4452.85,5940.0,1478.550000000001,4962.0,2020-03-16 21:00:00+00:00,time-exit,-0.10400983474405472,-0.31142802853785034,1.0622473160148378
2020-03-19 09:00:00+00:00,2020-03-19 10:00:00+00:00,long,breakout_long,5594.99,5009.37,6766.23,5654.399,2020-03-19 11:00:00+00:00,staircase-lock,0.00921824954110735,0.08807078651685431,1.0631828455808061
2020-03-19 12:00:00+00:00,2020-03-19 13:00:00+00:00,long,breakout_long,5848.71,5140.54,7265.05,5912.871000000001,2020-03-19 16:00:00+00:00,staircase-lock,0.009570111357889278,0.07903865738452716,1.0640231710274957
2020-03-20 08:00:00+00:00,2020-03-20 09:00:00+00:00,long,whale_long,6601.45,5608.21,8587.93,6746.1208,2020-03-20 10:00:00+00:00,staircase-lock,0.020515003521953526,0.13635049937578042,1.0654739719346655
2020-03-22 12:00:00+00:00,2020-03-22 13:00:00+00:00,short,breakout_short,6018.05,6456.98,5140.190000000001,5971.799,2020-03-22 14:00:00+00:00,staircase-lock,0.006344902331776382,0.08699323235537992,1.0664008621827565
2020-03-23 12:00:00+00:00,2020-03-23 13:00:00+00:00,long,both_long,6324.0,5688.0,7596.0,6588.960000000001,2020-03-23 14:00:00+00:00,staircase-lock,0.04049753320683121,0.4026830188679254,1.0706950773678277
2020-03-27 23:00:00+00:00,2020-03-28 00:00:00+00:00,short,breakout_short,6359.11,6826.84,5423.649999999999,6211.1377,2020-03-28 01:00:00+00:00,staircase-lock,0.022423703023038602,0.30486561505747944,1.073959258500835
2020-04-01 22:00:00+00:00,2020-04-01 23:00:00+00:00,long,breakout_long,6520.76,6150.11,7262.060000000001,6668.7973999999995,2020-04-02 00:00:00+00:00,staircase-lock,0.021302476398456463,0.3747695561850769,1.077984130847527
2020-04-02 14:00:00+00:00,2020-04-02 15:00:00+00:00,long,whale_long,6775.57,6164.28,7998.15,6825.988,2020-04-02 16:00:00+00:00,staircase-lock,0.006041145173026076,0.06696036578383466,1.0787059529646343
2020-04-02 16:00:00+00:00,2020-04-02 17:00:00+00:00,long,whale_long,6916.61,6193.1,8363.629999999997,7186.7444000000005,2020-04-02 18:00:00+00:00,staircase-lock,0.03765589587962899,0.3599827866926524,1.082589108714336
2020-04-06 04:00:00+00:00,2020-04-06 05:00:00+00:00,long,breakout_long,6941.76,6677.52,7470.24,6994.176,2020-04-06 06:00:00+00:00,staircase-lock,0.006150822846079441,0.1615861943687574,1.0843384232557582
2020-04-06 06:00:00+00:00,2020-04-06 07:00:00+00:00,long,breakout_long,7078.99,6677.52,7881.9299999999985,7141.099,2020-04-06 10:00:00+00:00,staircase-lock,0.0073737092438329165,0.13001821804867328,1.0857482607512925
2020-04-09 11:00:00+00:00,2020-04-09 12:00:00+00:00,short,breakout_short,7184.0,7390.0,6772.0,7115.6720000000005,2020-04-09 13:00:00+00:00,staircase-lock,0.008202466218229244,0.2860510549114509,1.0888540551048542
2020-04-10 05:00:00+00:00,2020-04-10 06:00:00+00:00,short,breakout_short,6954.69,7350.0,6164.069999999999,6878.469,2020-04-10 08:00:00+00:00,staircase-lock,0.009681099587713527,0.17031961369981868,1.0907085871252638
2020-04-12 15:00:00+00:00,2020-04-12 16:00:00+00:00,long,breakout_long,7018.99,6760.0,7536.969999999999,7133.965899999999,2020-04-12 17:00:00+00:00,staircase-lock,0.014980690099287776,0.4059975829182593,1.0951368376256743
2020-04-15 12:00:00+00:00,2020-04-15 13:00:00+00:00,short,both_short,6713.67,6978.0,6185.01,6621.24,2020-04-15 23:00:00+00:00,time-exit,0.012559620856516253,0.3189995450980498,1.0986303191559013
2020-04-15 23:00:00+00:00,2020-04-16 00:00:00+00:00,short,breakout_short,6621.25,6933.0,5997.75,6478.9786,2020-04-16 01:00:00+00:00,staircase-lock,0.020558924204503518,0.43665044711810397,1.1034274933566706
2020-04-20 11:00:00+00:00,2020-04-20 12:00:00+00:00,short,breakout_short,6965.42,7220.0,6456.26,6917.648,2020-04-20 13:00:00+00:00,staircase-lock,0.005505815386963887,0.1506415139157279,1.1050897132376254
2020-04-22 13:00:00+00:00,2020-04-22 14:00:00+00:00,long,breakout_long,7061.97,6811.11,7563.690000000001,7124.996999999999,2020-04-22 15:00:00+00:00,staircase-lock,0.007524846749561288,0.21183226500836805,1.107430649807551
2020-04-23 13:00:00+00:00,2020-04-23 14:00:00+00:00,long,both_long,7233.69,7020.0,7661.069999999999,7661.069999999999,2020-04-23 14:00:00+00:00,target,0.0576818793727681,1.9526081426365278,1.1290544308497459
2020-04-23 14:00:00+00:00,2020-04-23 15:00:00+00:00,long,both_long,7537.27,7020.0,8571.810000000001,7593.727,2020-04-23 17:00:00+00:00,staircase-lock,0.0060903778158403876,0.08874441200920069,1.1300564035656673
2020-04-24 14:00:00+00:00,2020-04-24 15:00:00+00:00,long,whale_long,7498.75,7420.0,7656.25,7480.78,2020-04-25 01:00:00+00:00,time-exit,-0.0037963993998999957,-0.3615015873015885,1.1259712317293742
2020-04-29 02:00:00+00:00,2020-04-29 03:00:00+00:00,long,whale_long,7782.83,7665.21,8018.07,7838.783,2020-04-29 05:00:00+00:00,staircase-lock,0.0057892871873084905,0.38307292977384955,1.1302845227151705
2020-04-29 06:00:00+00:00,2020-04-29 07:00:00+00:00,long,both_long,7945.39,7665.21,8505.75,8138.7184,2020-04-29 11:00:00+00:00,staircase-lock,0.02293214732064748,0.6503135627096834,1.1376349162635957
2020-04-29 12:00:00+00:00,2020-04-29 13:00:00+00:00,long,whale_long,8242.56,7703.91,9319.859999999999,8377.791299999999,2020-04-29 14:00:00+00:00,staircase-lock,0.015006468378756145,0.22963281537176336,1.140247299350464
2020-04-29 15:00:00+00:00,2020-04-29 16:00:00+00:00,long,whale_long,8358.6,7703.91,9667.980000000001,8739.5568,2020-04-29 17:00:00+00:00,staircase-lock,0.04417662766491988,0.5640146634284914,1.1466784613181478
2020-04-29 17:00:00+00:00,2020-04-29 18:00:00+00:00,long,whale_long,8707.71,7703.91,10715.309999999998,8772.24,2020-04-29 20:00:00+00:00,staircase-lock,0.006010673988913263,0.052141069934249794,1.1472763517365847
2020-04-30 03:00:00+00:00,2020-04-30 04:00:00+00:00,long,whale_long,9289.97,7915.04,12039.829999999998,9388.997,2020-04-30 06:00:00+00:00,staircase-lock,0.00925956079513719,0.06256394289163861,1.1479941330580945
2020-05-01 11:00:00+00:00,2020-05-01 12:00:00+00:00,long,whale_long,8995.73,8401.0,10185.189999999999,8837.15,2020-05-01 22:00:00+00:00,time-exit,-0.019028363679212276,-0.28781803843761095,1.1446899988629478
2020-05-06 10:00:00+00:00,2020-05-06 11:00:00+00:00,long,both_long,9227.51,8811.0,10060.53,9336.851,2020-05-06 12:00:00+00:00,staircase-lock,0.01044945884642774,0.23150101078005425,1.1473399677806135
2020-05-07 13:00:00+00:00,2020-05-07 14:00:00+00:00,long,whale_long,9487.2,9021.0,10419.600000000002,9559.353000000001,2020-05-07 16:00:00+00:00,staircase-lock,0.006205299772324825,0.12627824967824966,1.148788808609786
2020-05-07 17:00:00+00:00,2020-05-07 18:00:00+00:00,long,whale_long,9832.08,9021.0,11454.24,9938.208,2020-05-07 20:00:00+00:00,staircase-lock,0.009394053750579735,0.11387666814617547,1.150097011029067
2020-05-07 23:00:00+00:00,2020-05-08 00:00:00+00:00,long,whale_long,9986.3,9230.9,11497.099999999999,9953.09,2020-05-08 10:00:00+00:00,time-exit,-0.0047255560117360085,-0.06247129997352306,1.1493785304753203
2020-05-10 16:00:00+00:00,2020-05-10 17:00:00+00:00,short,whale_short,8270.0,9773.09,5263.82,8696.64,2020-05-11 03:00:00+00:00,time-exit,-0.050458027008131776,-0.27762002498669386,1.146187625511823
2020-05-11 12:00:00+00:00,2020-05-11 13:00:00+00:00,short,whale_short,8856.35,8990.0,8589.050000000001,8764.235,2020-05-11 14:00:00+00:00,staircase-lock,0.009110329766374227,0.6036982343915346,1.153107139969852
2020-05-11 16:00:00+00:00,2020-05-11 17:00:00+00:00,short,whale_short,8604.34,9168.0,7477.02,8437.600299999998,2020-05-11 18:00:00+00:00,staircase-lock,0.018361507309134176,0.28029069261660505,1.156339191959085
2020-05-11 18:00:00+00:00,2020-05-11 19:00:00+00:00,short,whale_short,8604.2,9168.0,7476.600000000002,8432.9591,2020-05-11 20:00:00+00:00,staircase-lock,0.018906146154556838,0.2885283127758747,1.159675557919611
2020-05-13 11:00:00+00:00,2020-05-13 12:00:00+00:00,long,breakout_long,9036.38,8730.06,9649.019999999999,9107.929999999998,2020-05-13 14:00:00+00:00,staircase-lock,0.006517993709870563,0.19227953773831355,1.161905376721643
2020-05-14 09:00:00+00:00,2020-05-14 10:00:00+00:00,long,whale_long,9803.44,9032.86,11344.6,9925.444,2020-05-14 11:00:00+00:00,staircase-lock,0.011045019299347937,0.140516473305821,1.163538045180163
2020-05-17 12:00:00+00:00,2020-05-17 13:00:00+00:00,long,breakout_long,9768.75,9262.0,10782.25,9876.075,2020-05-17 16:00:00+00:00,staircase-lock,0.00958656429942424,0.18480266403552154,1.1656882944847224
2020-05-18 01:00:00+00:00,2020-05-18 02:00:00+00:00,long,both_long,9902.62,9436.0,10835.860000000002,9665.0,2020-05-18 12:00:00+00:00,time-exit,-0.025395669832832188,-0.5389474690326181,1.1594058469247877
2020-05-19 08:00:00+00:00,2020-05-19 09:00:00+00:00,long,both_long,9804.07,9474.0,10464.21,9887.896,2020-05-19 12:00:00+00:00,staircase-lock,0.007150122551144623,0.21238010724997888,1.161868194305949
2020-05-20 15:00:00+00:00,2020-05-20 16:00:00+00:00,short,breakout_short,9414.51,9842.0,8559.53,9472.05,2020-05-21 02:00:00+00:00,time-exit,-0.007474714554927252,-0.16461385043979557,1.1599555983342666
2020-05-21 14:00:00+00:00,2020-05-21 15:00:00+00:00,short,both_short,9084.14,9598.0,8056.419999999998,8981.414,2020-05-21 18:00:00+00:00,staircase-lock,0.010037619956055744,0.177447446673421,1.1620139099260562
2020-05-21 18:00:00+00:00,2020-05-21 19:00:00+00:00,short,whale_short,8832.09,9578.47,7339.330000000002,9047.99,2020-05-22 05:00:00+00:00,time-exit,-0.02526165325116407,-0.29892708146396463,1.158540335658909
2020-05-24 06:00:00+00:00,2020-05-24 07:00:00+00:00,long,breakout_long,9274.98,9070.0,9684.939999999999,9070.0,2020-05-24 13:00:00+00:00,stop,-0.023500317197449425,-1.0633475070738605,1.1462210258812349
2020-05-24 16:00:00+00:00,2020-05-24 17:00:00+00:00,short,both_short,8938.11,9298.0,8218.330000000002,8716.6677,2020-05-25 00:00:00+00:00,staircase-lock,0.024004467351669348,0.5961670779422314,1.1530544182779905
2020-05-26 15:00:00+00:00,2020-05-26 16:00:00+00:00,short,breakout_short,8726.6,9017.67,8144.460000000001,8822.59,2020-05-27 02:00:00+00:00,time-exit,-0.01228002502666452,-0.3681687099243849,1.1488092327014903
2020-05-27 08:00:00+00:00,2020-05-27 09:00:00+00:00,long,breakout_long,8930.0,8700.0,9390.0,9153.2,2020-05-27 11:00:00+00:00,staircase-lock,0.023594400895856696,0.9160782608695666,1.1593332243411312
2020-05-28 12:00:00+00:00,2020-05-28 13:00:00+00:00,long,both_long,9423.62,9052.32,10166.220000000003,9490.751,2020-05-28 15:00:00+00:00,staircase-lock,0.005723695564973831,0.14526779423646255,1.161017362143982
2020-05-29 10:00:00+00:00,2020-05-29 11:00:00+00:00,short,breakout_short,9365.0,9625.47,8844.060000000001,9396.58,2020-05-29 21:00:00+00:00,time-exit,-0.004760797226224843,-0.17117082974467604,1.1590300390917205
2020-06-01 22:00:00+00:00,2020-06-01 23:00:00+00:00,long,breakout_long,9740.0,9491.45,10237.099999999999,10237.099999999999,2020-06-01 23:00:00+00:00,target,0.04963696098562605,1.9451377992355627,1.1815747704865882
2020-06-01 23:00:00+00:00,2020-06-02 00:00:00+00:00,long,both_long,10202.71,9491.45,11625.229999999996,10141.25,2020-06-02 10:00:00+00:00,time-exit,-0.007423889731257559,-0.10649241346342965,1.180316482996622
2020-06-03 23:00:00+00:00,2020-06-04 00:00:00+00:00,long,breakout_long,9666.32,9365.21,10268.54,9547.72,2020-06-04 10:00:00+00:00,time-exit,-0.013669405523508414,-0.43881919564278704,1.175137027699897
2020-06-04 13:00:00+00:00,2020-06-04 14:00:00+00:00,long,both_long,9762.28,9450.0,10386.840000000002,9832.939,2020-06-04 16:00:00+00:00,staircase-lock,0.00583796080423833,0.18250226719610493,1.17728167941811
2020-06-05 08:00:00+00:00,2020-06-05 09:00:00+00:00,long,whale_long,9833.44,9605.0,10290.320000000002,9605.0,2020-06-05 11:00:00+00:00,stop,-0.024630934444100958,-1.0602644720714391,1.1647993800350338
2020-06-07 14:00:00+00:00,2020-06-07 15:00:00+00:00,long,whale_long,9454.98,9431.0,9502.939999999999,9502.939999999999,2020-06-07 15:00:00+00:00,target,0.003672459169664922,1.4479994995829473,1.1816656692290863
2020-06-10 18:00:00+00:00,2020-06-10 19:00:00+00:00,long,whale_long,9823.63,9694.0,10082.889999999998,9914.863,2020-06-10 20:00:00+00:00,staircase-lock,0.00788709652134696,0.5977005168556669,1.1887284910415745
2020-06-14 22:00:00+00:00,2020-06-14 23:00:00+00:00,short,whale_short,9386.76,9461.35,9237.58,9324.426000000001,2020-06-15 01:00:00+00:00,staircase-lock,0.0052850227563604035,0.6650923744267795,1.1966346335881306
2020-06-15 03:00:00+00:00,2020-06-15 04:00:00+00:00,short,both_short,9164.09,9443.46,8605.350000000002,9011.4863,2020-06-15 06:00:00+00:00,staircase-lock,0.015534354103162796,0.5095687407139409,1.2027323096214526
2020-06-15 06:00:00+00:00,2020-06-15 07:00:00+00:00,short,whale_short,9052.99,9443.46,8272.050000000001,9334.23,2020-06-15 17:00:00+00:00,time-exit,-0.03152996251431554,-0.7310175822533714,1.1939401249706778
2020-06-22 16:00:00+00:00,2020-06-22 17:00:00+00:00,long,whale_long,9584.73,9277.09,10200.009999999998,9658.872,2020-06-22 21:00:00+00:00,staircase-lock,0.006335429167018859,0.19738453387076058,1.1962967781210472
2020-06-24 07:00:00+00:00,2020-06-24 08:00:00+00:00,short,breakout_short,9512.82,9695.0,9148.46,9326.9874,2020-06-24 11:00:00+00:00,staircase-lock,0.01852418259297746,0.9672698136685012,1.2078681957377009
2020-06-25 03:00:00+00:00,2020-06-25 04:00:00+00:00,short,whale_short,9100.13,9662.99,7974.409999999998,9251.02,2020-06-25 14:00:00+00:00,time-exit,-0.01771063385442921,-0.28633953462265344,1.2044095915671706
2020-06-26 07:00:00+00:00,2020-06-26 08:00:00+00:00,short,whale_short,9147.2,9340.0,8761.600000000002,9055.625000000002,2020-06-26 15:00:00+00:00,staircase-lock,0.00871249913727652,0.413355664463154,1.209388086837251
2020-06-29 13:00:00+00:00,2020-06-29 14:00:00+00:00,short,breakout_short,9049.08,9170.0,8807.24,9170.0,2020-06-29 18:00:00+00:00,stop,-0.014586477644492878,-1.091582890532811,1.1961866134011936
2020-07-01 15:00:00+00:00,2020-07-01 16:00:00+00:00,long,breakout_long,9263.83,9080.1,9631.289999999999,9238.45,2020-07-02 02:00:00+00:00,time-exit,-0.004139687580622596,-0.20872672943993423,1.193689852205043
2020-07-02 15:00:00+00:00,2020-07-02 16:00:00+00:00,short,breakout_short,9048.92,9270.0,8606.76,8950.892,2020-07-02 17:00:00+00:00,staircase-lock,0.00955175765722578,0.39095843540629427,1.1983566833748274
2020-07-06 23:00:00+00:00,2020-07-07 00:00:00+00:00,long,whale_long,9342.47,9074.75,9877.909999999998,9248.76,2020-07-07 10:00:00+00:00,time-exit,-0.011430537962658626,-0.3988848722545928,1.1935766198491933
2020-07-08 02:00:00+00:00,2020-07-08 03:00:00+00:00,long,breakout_long,9302.3,9203.0,9500.899999999998,9437.99,2020-07-08 13:00:00+00:00,time-exit,0.013186715113466653,1.2353150050352641,1.2083210509307831
2020-07-08 13:00:00+00:00,2020-07-08 14:00:00+00:00,long,both_long,9435.8,9203.0,9901.399999999998,9410.0,2020-07-09 00:00:00+00:00,time-exit,-0.004134267364717269,-0.1675692439862514,1.2062962764808116
2020-07-09 14:00:00+00:00,2020-07-09 15:00:00+00:00,short,breakout_short,9294.19,9468.0,8946.570000000002,9173.419,2020-07-09 16:00:00+00:00,staircase-lock,0.011765320367466204,0.6291302163632763,1.2138854508550176
2020-07-10 23:00:00+00:00,2020-07-11 00:00:00+00:00,long,breakout_long,9288.34,9125.0,9615.02,9210.84,2020-07-11 10:00:00+00:00,time-exit,-0.009743794477807642,-0.5540815232031331,1.207159535858979
2020-07-14 11:00:00+00:00,2020-07-14 12:00:00+00:00,short,whale_short,9232.81,9323.0,9052.429999999998,9255.31,2020-07-14 22:00:00+00:00,time-exit,-0.0038310368858525557,-0.3921857819056229,1.2024252277944223
2020-07-16 07:00:00+00:00,2020-07-16 08:00:00+00:00,short,both_short,9123.69,9248.98,8873.110000000002,9060.069,2020-07-16 10:00:00+00:00,staircase-lock,0.005622131950650712,0.40940688847340395,1.2073480395057545
2020-07-21 07:00:00+00:00,2020-07-21 08:00:00+00:00,long,breakout_long,9315.28,9140.82,9664.200000000003,9387.847,2020-07-21 13:00:00+00:00,staircase-lock,0.006390104001167863,0.34119917459588817,1.2114675010510478
2020-07-21 13:00:00+00:00,2020-07-21 14:00:00+00:00,long,whale_long,9408.99,9141.19,9944.589999999998,9357.68,2020-07-22 00:00:00+00:00,time-exit,-0.006853295199590924,-0.240786355489168,1.2085504526073314
2020-07-22 22:00:00+00:00,2020-07-22 23:00:00+00:00,long,both_long,9500.0,9261.0,9978.0,9501.41,2020-07-23 09:00:00+00:00,time-exit,-0.0012515789473685356,-0.04974895397489995,1.2079492113989003
2020-07-23 14:00:00+00:00,2020-07-23 15:00:00+00:00,long,whale_long,9493.85,9354.31,9772.930000000002,9607.385,2020-07-23 17:00:00+00:00,staircase-lock,0.010558794377412651,0.7183861975060805,1.2166269518064736
2020-07-23 17:00:00+00:00,2020-07-23 18:00:00+00:00,long,whale_long,9609.14,9360.0,10107.419999999998,9535.27,2020-07-24 04:00:00+00:00,time-exit,-0.009087472552174168,-0.35049689331299305,1.2123627121371834
2020-07-26 08:00:00+00:00,2020-07-26 09:00:00+00:00,long,whale_long,9770.06,9552.29,10205.599999999997,10097.3624,2020-07-26 11:00:00+00:00,staircase-lock,0.032100551685455406,1.4401630894981055,1.2298227124282213
2020-07-27 01:00:00+00:00,2020-07-27 02:00:00+00:00,long,whale_long,10079.99,9664.18,10911.609999999999,10298.549299999999,2020-07-27 04:00:00+00:00,staircase-lock,0.020282491748503675,0.4916844568432693,1.235869559551959
2020-07-27 16:00:00+00:00,2020-07-27 17:00:00+00:00,long,whale_long,10720.19,9840.9,12478.770000000002,10933.9133,2020-07-27 18:00:00+00:00,staircase-lock,0.01853652164747073,0.22599487541084176,1.238662561423309
2020-07-28 11:00:00+00:00,2020-07-28 12:00:00+00:00,long,whale_long,10983.89,10276.03,12399.609999999997,11055.404,2020-07-28 13:00:00+00:00,staircase-lock,0.005110808101683585,0.07930459977961941,1.239644877810266
2020-07-28 14:00:00+00:00,2020-07-28 15:00:00+00:00,long,whale_long,11169.02,10565.0,12377.060000000001,10897.26,2020-07-29 01:00:00+00:00,time-exit,-0.025731588626396948,-0.4758064766067346,1.2337465671947212
2020-07-29 14:00:00+00:00,2020-07-29 15:00:00+00:00,long,whale_long,11102.03,10812.0,11682.090000000002,11185.577000000001,2020-07-29 16:00:00+00:00,staircase-lock,0.006125380493477396,0.23447284074061545,1.2366393678183625
2020-07-31 15:00:00+00:00,2020-07-31 16:00:00+00:00,long,whale_long,11346.89,10960.0,12120.669999999998,11434.289,2020-07-31 17:00:00+00:00,staircase-lock,0.006302462965623269,0.18484156737057333,1.2389251914085595
2020-08-02 05:00:00+00:00,2020-08-02 06:00:00+00:00,long,whale_long,11251.76,10518.5,12718.28,11359.535,2020-08-02 08:00:00+00:00,staircase-lock,0.008178501496654734,0.12549782614625077,1.2404800155913556
2020-08-03 15:00:00+00:00,2020-08-03 16:00:00+00:00,long,breakout_long,11382.37,10936.0,12275.110000000002,11463.937,2020-08-03 17:00:00+00:00,staircase-lock,0.005766082283390773,0.1470342585747217,1.2423039461850478
2020-08-05 09:00:00+00:00,2020-08-05 10:00:00+00:00,long,breakout_long,11393.86,11012.23,12157.120000000003,11571.2482,2020-08-05 13:00:00+00:00,staircase-lock,0.014168753697166704,0.42301914419725756,1.2475591297065287
2020-08-06 13:00:00+00:00,2020-08-06 14:00:00+00:00,long,breakout_long,11867.97,11505.0,12593.909999999998,11787.84,2020-08-07 00:00:00+00:00,time-exit,-0.0081517865313107,-0.266537614678898,1.2442339153605002
2020-08-10 01:00:00+00:00,2020-08-10 02:00:00+00:00,long,breakout_long,11851.08,11521.97,12509.300000000001,12052.2111,2020-08-10 03:00:00+00:00,staircase-lock,0.015571541834162051,0.5607231260065051,1.2512106226655426
2020-08-17 13:00:00+00:00,2020-08-17 14:00:00+00:00,long,both_long,12119.5,11769.78,12818.939999999999,12431.515000000001,2020-08-17 16:00:00+00:00,staircase-lock,0.02434487396344738,0.8436683632620413,1.2617666908467458
2020-08-17 16:00:00+00:00,2020-08-17 17:00:00+00:00,long,whale_long,12363.36,11769.78,13550.52,12299.43,2020-08-18 03:00:00+00:00,time-exit,-0.0065709244088985475,-0.13686226624886277,1.2600398083588797
2020-08-21 11:00:00+00:00,2020-08-21 12:00:00+00:00,short,breakout_short,11715.6,11880.01,11386.78,11634.96,2020-08-21 13:00:00+00:00,staircase-lock,0.005530836032096543,0.3941187434926727,1.265005861419091
2020-08-23 10:00:00+00:00,2020-08-23 11:00:00+00:00,short,breakout_short,11528.71,11688.81,11208.509999999998,11688.81,2020-08-23 19:00:00+00:00,stop,-0.015096860501625108,-1.0871163437457214,1.2512537759502629
2020-08-24 06:00:00+00:00,2020-08-24 07:00:00+00:00,long,breakout_long,11752.72,11514.13,12229.9,11747.26,2020-08-24 17:00:00+00:00,time-exit,-0.001864573307285443,-0.09184713525294336,1.2501045352023084
2020-08-25 06:00:00+00:00,2020-08-25 07:00:00+00:00,short,breakout_short,11612.58,11824.9,11187.94,11520.770999999999,2020-08-25 09:00:00+00:00,staircase-lock,0.006568997908212927,0.359283222159737,1.2545959510567484
2020-08-25 12:00:00+00:00,2020-08-25 13:00:00+00:00,short,both_short,11491.76,11790.0,10895.28,11411.057,2020-08-25 14:00:00+00:00,staircase-lock,0.005672350966260243,0.2185665770521421,1.2573380784828079
2020-08-25 14:00:00+00:00,2020-08-25 15:00:00+00:00,short,whale_short,11392.45,11790.0,10597.350000000002,11309.245,2020-08-25 17:00:00+00:00,staircase-lock,0.005957255059909029,0.17071495511825113,1.2594845426191743
2020-08-25 17:00:00+00:00,2020-08-25 18:00:00+00:00,short,whale_short,11230.86,11790.0,10112.580000000002,11128.962,2020-08-25 19:00:00+00:00,staircase-lock,0.007756109976833582,0.15578886378084433,1.2614466792776162
2020-08-27 11:00:00+00:00,2020-08-27 12:00:00+00:00,short,breakout_short,11310.01,11539.32,10851.390000000001,11539.32,2020-08-27 13:00:00+00:00,stop,-0.021272054852452246,-1.0491786363515938,1.2482118502096688
2020-08-27 13:00:00+00:00,2020-08-27 14:00:00+00:00,short,whale_short,11400.76,11507.16,11187.960000000001,11270.529999999999,2020-08-27 15:00:00+00:00,staircase-lock,0.010154913566620417,1.0880989886633814,1.2617936307281767
2020-08-27 17:00:00+00:00,2020-08-27 18:00:00+00:00,short,whale_short,11191.36,11592.2,10389.68,11390.76,2020-08-28 04:00:00+00:00,time-exit,-0.018905416671056205,-0.5278348565906384,1.2551334441269528
2020-08-28 15:00:00+00:00,2020-08-28 16:00:00+00:00,long,breakout_long,11529.3,11223.94,12140.019999999997,11472.89,2020-08-29 02:00:00+00:00,time-exit,-0.0062927515113667,-0.23759176054493183,1.2521513504798634
2020-08-30 01:00:00+00:00,2020-08-30 02:00:00+00:00,long,breakout_long,11621.51,11417.04,12030.449999999999,11598.75,2020-08-30 12:00:00+00:00,time-exit,-0.0033584374147594288,-0.19088430576613183,1.2497611900673586
2020-08-30 23:00:00+00:00,2020-08-31 00:00:00+00:00,long,breakout_long,11711.17,11548.78,12035.949999999999,11608.92,2020-08-31 10:00:00+00:00,time-exit,-0.010130980764517948,-0.7306215776833553,1.2406301651432143
2020-09-01 06:00:00+00:00,2020-09-01 07:00:00+00:00,long,whale_long,11861.82,11515.0,12555.46,11941.181999999999,2020-09-01 10:00:00+00:00,staircase-lock,0.005290541586366949,0.1809453088057184,1.2428750272266698
2020-09-01 15:00:00+00:00,2020-09-01 16:00:00+00:00,long,whale_long,12039.33,11515.0,13087.99,11858.0,2020-09-02 02:00:00+00:00,time-exit,-0.016461469367481427,-0.3779777277668648,1.2381772364397765
2020-09-03 11:00:00+00:00,2020-09-03 12:00:00+00:00,short,whale_short,11208.01,11462.6,10698.83,10698.83,2020-09-03 12:00:00+00:00,target,0.046192119886006314,2.0335509705941215,1.2633562016490731
2020-09-03 12:00:00+00:00,2020-09-03 13:00:00+00:00,short,whale_short,10818.92,11462.6,9531.56,10474.3568,2020-09-03 16:00:00+00:00,staircase-lock,0.03149588149221734,0.5293801612505902,1.2700441587465323
2020-09-03 16:00:00+00:00,2020-09-03 17:00:00+00:00,short,whale_short,10561.55,11462.6,8759.449999999997,9978.822499999998,2020-09-04 00:00:00+00:00,staircase-lock,0.05699641901637194,0.6680767207839324,1.278529028114794
2020-09-04 14:00:00+00:00,2020-09-04 15:00:00+00:00,short,whale_short,10378.29,10794.62,9545.630000000001,10172.9274,2020-09-04 16:00:00+00:00,staircase-lock,0.018787168543048807,0.46832724862161756,1.284516727934993
2020-09-07 12:00:00+00:00,2020-09-07 13:00:00+00:00,short,whale_short,9946.14,10347.14,9144.14,9882.159,2020-09-07 14:00:00+00:00,staircase-lock,0.005074394917143078,0.1258619507760435,1.2861334457468165
2020-09-08 22:00:00+00:00,2020-09-08 23:00:00+00:00,short,whale_short,10106.5,10354.06,9611.380000000001,9997.726,2020-09-09 03:00:00+00:00,staircase-lock,0.009479874083366436,0.387010613279783,1.2911109186827978
2020-09-09 18:00:00+00:00,2020-09-09 19:00:00+00:00,long,breakout_long,10326.39,9850.0,11279.169999999998,10405.311,2020-09-10 02:00:00+00:00,staircase-lock,0.006242651497764552,0.1353178152354184,1.2928580217702252
2020-09-10 13:00:00+00:00,2020-09-10 14:00:00+00:00,long,breakout_long,10437.95,10070.83,11172.190000000002,10339.13,2020-09-11 00:00:00+00:00,time-exit,-0.010867376256832139,-0.3089810688603203,1.288863335235713
2020-09-13 03:00:00+00:00,2020-09-13 04:00:00+00:00,long,breakout_long,10556.4,10269.25,11130.699999999999,10269.25,2020-09-13 13:00:00+00:00,stop,-0.028601508089879088,-1.0514677346334667,1.2753113531221887
2020-09-14 11:00:00+00:00,2020-09-14 12:00:00+00:00,long,breakout_long,10469.92,10200.0,11009.76,10651.7722,2020-09-14 14:00:00+00:00,staircase-lock,0.015969015236028408,0.6194217249555368,1.2832109087042518
2020-09-16 15:00:00+00:00,2020-09-16 16:00:00+00:00,long,both_long,11004.99,10661.22,11692.53,11084.199,2020-09-16 17:00:00+00:00,staircase-lock,0.005797553109998367,0.1855950606510191,1.2855924847685418
2020-09-18 09:00:00+00:00,2020-09-18 10:00:00+00:00,long,breakout_long,11008.37,10745.83,11533.450000000003,10886.79,2020-09-18 20:00:00+00:00,time-exit,-0.012444323546537727,-0.5217937000076144,1.2788843441752482
2020-09-20 12:00:00+00:00,2020-09-20 13:00:00+00:00,short,breakout_short,10850.63,11119.93,10312.029999999997,10735.762999999999,2020-09-20 17:00:00+00:00,staircase-lock,0.009299472408248978,0.37469414889386626,1.2836762489839926
2020-09-21 09:00:00+00:00,2020-09-21 10:00:00+00:00,short,breakout_short,10700.01,10988.86,10122.31,10592.001,2020-09-21 12:00:00+00:00,staircase-lock,0.008797223357512941,0.32587979192529665,1.287859490473176
2020-09-25 08:00:00+00:00,2020-09-25 09:00:00+00:00,short,whale_short,10599.8,10795.24,10208.919999999998,10718.31,2020-09-25 19:00:00+00:00,time-exit,-0.012456780406612621,-0.6756005984138974,1.279158704048809
2020-09-28 12:00:00+00:00,2020-09-28 13:00:00+00:00,long,whale_long,10901.07,10700.73,11301.75,10700.73,2020-09-28 23:00:00+00:00,stop,-0.019778012433641898,-1.0761779874213862,1.265392679651651
2020-09-28 23:00:00+00:00,2020-09-29 00:00:00+00:00,short,breakout_short,10696.11,10941.99,10204.350000000002,10776.49,2020-09-29 10:00:00+00:00,time-exit,-0.008858829359095476,-0.38537096671593873,1.2605162236493248
2020-09-29 23:00:00+00:00,2020-09-30 00:00:00+00:00,long,breakout_long,10840.58,10635.87,11249.999999999998,10721.84,2020-09-30 10:00:00+00:00,time-exit,-0.012353288477184797,-0.6541781642323312,1.2522702017576048
2020-10-01 08:00:00+00:00,2020-10-01 09:00:00+00:00,long,whale_long,10872.36,10670.0,11277.080000000002,10670.0,2020-10-01 16:00:00+00:00,stop,-0.020012334396580053,-1.0752189365487275,1.23880555541155
2020-10-01 16:00:00+00:00,2020-10-01 17:00:00+00:00,short,breakout_short,10522.72,10920.0,9728.159999999998,10649.06,2020-10-02 03:00:00+00:00,time-exit,-0.013263957945583925,-0.3513212735429789,1.234453367957557
2020-10-02 05:00:00+00:00,2020-10-02 06:00:00+00:00,short,whale_short,10443.5,10912.83,9504.84,10543.69,2020-10-02 16:00:00+00:00,time-exit,-0.010902365870013296,-0.24259872150402464,1.2314585998693284
2020-10-04 06:00:00+00:00,2020-10-04 07:00:00+00:00,long,breakout_long,10618.0,10517.86,10818.279999999999,10606.23,2020-10-04 17:00:00+00:00,time-exit,-0.002508495008476207,-0.2659796285200771,1.2281831708600175
2020-10-06 11:00:00+00:00,2020-10-06 12:00:00+00:00,long,whale_long,10697.19,10680.0,10731.570000000002,10680.0,2020-10-06 13:00:00+00:00,stop,-0.0030069640718731073,-1.5,1.2097604232971173
2020-10-06 18:00:00+00:00,2020-10-06 19:00:00+00:00,short,breakout_short,10602.78,10800.0,10208.340000000002,10532.778,2020-10-06 21:00:00+00:00,staircase-lock,0.005246109886679463,0.2820370600562188,1.2131723960287082
2020-10-08 13:00:00+00:00,2020-10-08 14:00:00+00:00,long,breakout_long,10736.72,10530.41,11149.339999999998,10921.120400000002,2020-10-08 15:00:00+00:00,staircase-lock,0.015774742379423293,0.8209441713925746,1.2231318641028495
2020-10-09 10:00:00+00:00,2020-10-09 11:00:00+00:00,long,whale_long,10980.3,10712.0,11516.899999999998,11088.03,2020-10-09 12:00:00+00:00,staircase-lock,0.008411207344061712,0.3442325009317967,1.2273422815083446
2020-10-09 12:00:00+00:00,2020-10-09 13:00:00+00:00,long,whale_long,11067.68,10829.0,11545.04,11050.64,2020-10-09 23:00:00+00:00,time-exit,-0.0029396180590693256,-0.13631117814647375,1.2256692767845307
2020-10-12 13:00:00+00:00,2020-10-12 14:00:00+00:00,long,whale_long,11489.08,11172.0,12123.24,11579.908000000001,2020-10-12 16:00:00+00:00,staircase-lock,0.006505593833448909,0.23572375425760442,1.2285584704185493
2020-10-14 13:00:00+00:00,2020-10-14 14:00:00+00:00,long,breakout_long,11530.98,11343.25,11906.439999999999,11343.25,2020-10-14 15:00:00+00:00,stop,-0.017680489602791713,-1.0859924998668282,1.215216417573325
2020-10-18 06:00:00+00:00,2020-10-18 07:00:00+00:00,long,breakout_long,11450.23,11255.0,11840.689999999999,11464.75,2020-10-18 17:00:00+00:00,time-exit,-0.00013190320194438206,-0.007736116375555114,1.2151224070170468
2020-10-18 23:00:00+00:00,2020-10-19 00:00:00+00:00,long,breakout_long,11503.14,11364.51,11780.399999999998,11479.75,2020-10-19 10:00:00+00:00,time-exit,-0.0034333578483787697,-0.2848906874413907,1.2116606364384417
2020-10-19 13:00:00+00:00,2020-10-19 14:00:00+00:00,long,both_long,11640.8,11407.96,12106.48,11807.456000000002,2020-10-19 16:00:00+00:00,staircase-lock,0.012916541818431894,0.6457605222470447,1.2194850624921685
2020-10-20 11:00:00+00:00,2020-10-20 12:00:00+00:00,long,whale_long,11778.85,11637.72,12061.110000000002,11879.614,2020-10-20 13:00:00+00:00,staircase-lock,0.007154655165826874,0.5971346276482624,1.2267670300793072
2020-10-20 13:00:00+00:00,2020-10-20 14:00:00+00:00,long,whale_long,11929.99,11660.47,12469.03,12027.541,2020-10-20 18:00:00+00:00,staircase-lock,0.006776955722511092,0.2999740798456514,1.2304470131896375
2020-10-21 02:00:00+00:00,2020-10-21 03:00:00+00:00,long,whale_long,12120.52,11702.13,12957.300000000003,12228.052,2020-10-21 04:00:00+00:00,staircase-lock,0.007471896585294969,0.21645658835057988,1.2331103968158494
2020-10-21 04:00:00+00:00,2020-10-21 05:00:00+00:00,long,whale_long,12267.97,11702.13,13399.65,12367.897,2020-10-21 12:00:00+00:00,staircase-lock,0.006745357381865281,0.1462460094726456,1.234913771563585
2020-10-21 14:00:00+00:00,2020-10-21 15:00:00+00:00,long,whale_long,12730.01,11855.0,14480.03,12882.991999999998,2020-10-21 17:00:00+00:00,staircase-lock,0.010617429679945124,0.15446679009382544,1.236821303226946
2020-10-21 22:00:00+00:00,2020-10-21 23:00:00+00:00,long,whale_long,13198.51,11970.0,15655.53,12873.63,2020-10-22 09:00:00+00:00,time-exit,-0.02601489971216457,-0.27949134642778745,1.2333644947136513
2020-10-25 03:00:00+00:00,2020-10-25 04:00:00+00:00,long,both_long,13295.5,12906.42,14073.66,12906.42,2020-10-25 05:00:00+00:00,stop,-0.03066403670414801,-1.0478402899146704,1.2204408046165391
2020-10-27 10:00:00+00:00,2020-10-27 11:00:00+00:00,long,whale_long,13262.74,12765.0,14258.22,13480.6018,2020-10-27 12:00:00+00:00,staircase-lock,0.015026605663686366,0.4003977257202551,1.2253274218419856
2020-10-27 15:00:00+00:00,2020-10-27 16:00:00+00:00,long,whale_long,13609.24,12920.7,14986.319999999998,13730.524000000001,2020-10-27 18:00:00+00:00,staircase-lock,0.007511886336048225,0.1484751270804907,1.2271467282887176
2020-11-02 08:00:00+00:00,2020-11-02 09:00:00+00:00,short,breakout_short,13446.65,13864.0,12611.949999999999,13212.661999999998,2020-11-02 13:00:00+00:00,staircase-lock,0.01630937605154832,0.5254737546029761,1.2335950622763439
2020-11-03 23:00:00+00:00,2020-11-04 00:00:00+00:00,long,whale_long,14023.53,13284.99,15500.610000000002,13688.7,2020-11-04 10:00:00+00:00,time-exit,-0.02527629933404789,-0.4799509058412546,1.2276744116005356
2020-11-04 16:00:00+00:00,2020-11-04 17:00:00+00:00,long,whale_long,14024.01,13525.0,15022.03,14242.5507,2020-11-04 18:00:00+00:00,staircase-lock,0.014183324598313908,0.3986034067453561,1.2325679636289164
2020-11-05 07:00:00+00:00,2020-11-05 08:00:00+00:00,long,whale_long,14476.18,13655.55,16117.440000000002,14630.818,2020-11-05 11:00:00+00:00,staircase-lock,0.009282237993724808,0.1637416960140368,1.234586191317088
2020-11-05 12:00:00+00:00,2020-11-05 13:00:00+00:00,long,whale_long,14870.13,13881.05,16848.29,15128.549099999998,2020-11-05 16:00:00+00:00,staircase-lock,0.01597840220630216,0.24022416589153547,1.2375519656973915
2020-11-05 16:00:00+00:00,2020-11-05 17:00:00+00:00,long,whale_long,15155.88,13931.64,17604.36,15255.087,2020-11-05 22:00:00+00:00,staircase-lock,0.005145776292765648,0.06370382277984794,1.2383403336084278
2020-11-11 10:00:00+00:00,2020-11-11 11:00:00+00:00,long,breakout_long,15590.8,15072.46,16627.48,15706.098999999998,2020-11-11 14:00:00+00:00,staircase-lock,0.005995322882725708,0.18032928193849584,1.2405734238399786
2020-11-16 06:00:00+00:00,2020-11-16 07:00:00+00:00,long,breakout_long,16238.0,15774.72,17164.56,16372.099999999999,2020-11-16 11:00:00+00:00,staircase-lock,0.00685840620766094,0.24038767052322177,1.2435556093946776
2020-11-16 16:00:00+00:00,2020-11-16 17:00:00+00:00,long,whale_long,16566.6,15774.72,18150.359999999997,16745.16,2020-11-16 18:00:00+00:00,staircase-lock,0.009378312991199135,0.1961998787695102,1.2459954639927413
2020-11-17 11:00:00+00:00,2020-11-17 12:00:00+00:00,long,both_long,16994.11,16320.0,18342.33,17166.379,2020-11-17 15:00:00+00:00,staircase-lock,0.008736982754613166,0.2202567029119862,1.2487398525201647
2020-11-17 15:00:00+00:00,2020-11-17 16:00:00+00:00,long,whale_long,17321.55,16538.0,18888.649999999998,17699.8554,2020-11-17 17:00:00+00:00,staircase-lock,0.020440158646310616,0.45186041733137894,1.2543824136291457
2020-11-17 17:00:00+00:00,2020-11-17 18:00:00+00:00,long,whale_long,17808.67,16538.0,20350.009999999995,18041.356,2020-11-18 04:00:00+00:00,staircase-lock,0.011665883078298368,0.1634994624882936,1.256433322132977
2020-11-18 04:00:00+00:00,2020-11-18 05:00:00+00:00,long,whale_long,18368.87,16633.37,21839.87,17873.88,2020-11-18 15:00:00+00:00,time-exit,-0.028347221032104783,-0.3000325082108894,1.2526636137225842
2020-11-20 14:00:00+00:00,2020-11-20 15:00:00+00:00,long,whale_long,18630.98,17681.36,20530.219999999998,18796.796000000002,2020-11-20 17:00:00+00:00,staircase-lock,0.007500014921383814,0.1471458351761795,1.2545068560589445
2020-11-23 13:00:00+00:00,2020-11-23 14:00:00+00:00,long,whale_long,18594.27,18000.0,19782.81,18367.54,2020-11-24 00:00:00+00:00,time-exit,-0.013593541343650472,-0.42533188281420814,1.2491710384280357
2020-11-24 09:00:00+00:00,2020-11-24 10:00:00+00:00,long,whale_long,18983.16,18018.0,20913.48,19221.39,2020-11-24 13:00:00+00:00,staircase-lock,0.011149543911551053,0.21929377098097674,1.2519103927042068
2020-11-26 04:00:00+00:00,2020-11-26 05:00:00+00:00,long,whale_long,17772.03,17200.0,18916.089999999997,17936.307,2020-11-26 06:00:00+00:00,staircase-lock,0.007843569811664853,0.24368679614705943,1.2549611330308197
2020-11-26 09:00:00+00:00,2020-11-26 10:00:00+00:00,long,whale_long,17060.81,16334.0,18514.430000000004,17303.567900000002,2020-11-26 11:00:00+00:00,staircase-lock,0.01282897857721872,0.3011416546277549,1.258740343751764
2020-11-26 14:00:00+00:00,2020-11-26 15:00:00+00:00,short,whale_short,16732.23,19125.53,11945.630000000001,16600.092,2020-11-26 17:00:00+00:00,staircase-lock,0.006560076365841839,0.045863329532791465,1.259317643983581
2020-11-26 17:00:00+00:00,2020-11-26 18:00:00+00:00,short,whale_short,16690.11,19042.42,11985.490000000005,16519.011,2020-11-26 19:00:00+00:00,staircase-lock,0.008957702407244762,0.06355669045499106,1.2601180246004127
2020-11-29 08:00:00+00:00,2020-11-29 09:00:00+00:00,long,breakout_long,18144.98,17070.0,20294.94,18042.86,2020-11-29 19:00:00+00:00,time-exit,-0.007028002896668871,-0.11862822750190588,1.258623168923397
2020-11-30 12:00:00+00:00,2020-11-30 13:00:00+00:00,long,breakout_long,18837.16,17926.0,20659.48,19183.9012,2020-11-30 14:00:00+00:00,staircase-lock,0.017007297066012075,0.35160583871109363,1.2630485614727025
2020-11-30 14:00:00+00:00,2020-11-30 15:00:00+00:00,long,whale_long,19480.73,18008.12,22425.95,19836.3899,2020-11-30 16:00:00+00:00,staircase-lock,0.016857010902568817,0.22299650144980632,1.265865115576399
2020-12-01 10:00:00+00:00,2020-12-01 11:00:00+00:00,long,whale_long,19739.51,19011.1,21196.329999999998,19011.1,2020-12-01 11:00:00+00:00,stop,-0.038301118619459104,-1.037939229280212,1.2527262049520582
2020-12-01 13:00:00+00:00,2020-12-01 14:00:00+00:00,long,whale_long,18759.74,18399.99,19479.24,19340.6168,2020-12-01 15:00:00+00:00,staircase-lock,0.029564011228300505,1.5416627213342546,1.2720390178541894
2020-12-03 08:00:00+00:00,2020-12-03 09:00:00+00:00,long,breakout_long,19378.79,18728.38,20679.61,19520.459000000003,2020-12-03 16:00:00+00:00,staircase-lock,0.0059105183553772155,0.1761022954751625,1.2742791077639701
2020-12-04 10:00:00+00:00,2020-12-04 11:00:00+00:00,short,breakout_short,18978.35,19598.0,17739.049999999996,18727.835,2020-12-04 12:00:00+00:00,staircase-lock,0.011976612940043442,0.36681409213374144,1.2789533431043645
2020-12-06 23:00:00+00:00,2020-12-07 00:00:00+00:00,long,breakout_long,19358.67,18857.0,20362.009999999995,19183.41,2020-12-07 10:00:00+00:00,time-exit,-0.010453307897701535,-0.40337699683058276,1.2737943395180857
2020-12-07 18:00:00+00:00,2020-12-07 19:00:00+00:00,short,breakout_short,18938.51,19420.91,17973.709999999995,19293.76,2020-12-08 05:00:00+00:00,time-exit,-0.019812688869354653,-0.7778250544758719,1.2638864480028187
2020-12-08 09:00:00+00:00,2020-12-08 10:00:00+00:00,short,breakout_short,18791.78,19294.84,17785.659999999996,18628.178,2020-12-08 13:00:00+00:00,staircase-lock,0.007382501434117629,0.27577295511394784,1.2673719050097607
2020-12-08 22:00:00+00:00,2020-12-08 23:00:00+00:00,short,breakout_short,18336.5,19294.84,16419.82,18213.649999999998,2020-12-09 00:00:00+00:00,staircase-lock,0.005344941294029694,0.10226800095788077,1.2686680209217158
2020-12-09 08:00:00+00:00,2020-12-09 09:00:00+00:00,short,whale_short,17955.78,18974.83,15917.679999999993,18260.03,2020-12-09 19:00:00+00:00,time-exit,-0.018062075582570267,-0.3182558809714956,1.2646304103351278
2020-12-15 02:00:00+00:00,2020-12-15 03:00:00+00:00,long,whale_long,19458.98,19028.97,20318.999999999996,19349.0,2020-12-15 13:00:00+00:00,time-exit,-0.007051889256271359,-0.3191148391897857,1.2605947870348417
2020-12-16 10:00:00+00:00,2020-12-16 11:00:00+00:00,long,both_long,19798.18,19256.27,20882.0,20423.9272,2020-12-16 14:00:00+00:00,staircase-lock,0.030206299164872677,1.1035591666512874,1.274506196361493
2020-12-16 14:00:00+00:00,2020-12-16 15:00:00+00:00,long,whale_long,20650.01,19276.0,23398.029999999995,20843.888000000003,2020-12-16 17:00:00+00:00,staircase-lock,0.007988760586556799,0.12006316256796089,1.2760364088079692
2020-12-16 22:00:00+00:00,2020-12-16 23:00:00+00:00,long,whale_long,21366.02,19300.3,25497.460000000003,21540.602000000003,2020-12-17 00:00:00+00:00,staircase-lock,0.00677101172796808,0.07003348566117407,1.276930061583363
2020-12-17 01:00:00+00:00,2020-12-17 02:00:00+00:00,long,whale_long,21719.77,19339.35,26480.610000000004,21966.577,2020-12-17 03:00:00+00:00,staircase-lock,0.009963241875949947,0.09090804227825393,1.2780908937036108
2020-12-17 08:00:00+00:00,2020-12-17 09:00:00+00:00,long,whale_long,22904.7,19680.0,29354.100000000002,23764.188,2020-12-17 10:00:00+00:00,staircase-lock,0.036124525534060606,0.256588650106986,1.2813703298749053
2020-12-17 16:00:00+00:00,2020-12-17 17:00:00+00:00,long,whale_long,23592.2,20711.0,29354.600000000002,22811.59,2020-12-18 03:00:00+00:00,time-exit,-0.03448763065759024,-0.28239590448424273,1.2777517925420623
2020-12-23 11:00:00+00:00,2020-12-23 12:00:00+00:00,short,breakout_short,23064.01,24050.0,21092.029999999995,24050.0,2020-12-23 13:00:00+00:00,stop,-0.04239750519750522,-0.9917509141576596,1.2650796774588604
2020-12-23 13:00:00+00:00,2020-12-23 14:00:00+00:00,long,whale_long,23617.34,22810.0,25232.02,23807.915,2020-12-23 15:00:00+00:00,staircase-lock,0.006669282992919646,0.19509837738747102,1.2675478273822414
2020-12-24 22:00:00+00:00,2020-12-24 23:00:00+00:00,long,breakout_long,23707.85,22703.42,25716.71,23955.323,2020-12-25 10:00:00+00:00,staircase-lock,0.009038441275780086,0.21333692741156957,1.2702519749706507
2020-12-25 11:00:00+00:00,2020-12-25 12:00:00+00:00,long,both_long,24574.4,23100.0,27523.200000000004,24584.0,2020-12-25 22:00:00+00:00,time-exit,-0.0010093495670290707,-0.016823223005967967,1.2700382776481636
2020-12-27 06:00:00+00:00,2020-12-27 07:00:00+00:00,long,whale_long,27635.28,24562.5,33780.84,27905.388000000003,2020-12-27 09:00:00+00:00,staircase-lock,0.008374027981623634,0.07531245582176532,1.270994774664937
2020-12-27 11:00:00+00:00,2020-12-27 12:00:00+00:00,long,whale_long,27647.55,25339.18,32264.289999999997,26521.14,2020-12-27 22:00:00+00:00,time-exit,-0.04214176554522912,-0.5047356229720538,1.2645796112710896
2021-01-03 05:00:00+00:00,2021-01-03 06:00:00+00:00,long,whale_long,33758.67,29473.91,42328.189999999995,34074.912,2021-01-03 07:00:00+00:00,staircase-lock,0.007967726868386716,0.06277594591062292,1.265373463083858
2021-01-06 04:00:00+00:00,2021-01-06 05:00:00+00:00,long,whale_long,35326.82,30817.78,44344.9,35563.682,2021-01-06 06:00:00+00:00,staircase-lock,0.005304877484019267,0.04156194045739259,1.2658993768491484
2021-01-08 10:00:00+00:00,2021-01-08 11:00:00+00:00,long,whale_long,40722.71,36500.0,49168.13,41446.0082,2021-01-08 12:00:00+00:00,staircase-lock,0.016361543865818298,0.15778644661840324,1.2678967944936435
2021-01-10 11:00:00+00:00,2021-01-10 12:00:00+00:00,short,breakout_short,39175.09,41350.0,34825.26999999999,38500.7563,2021-01-10 13:00:00+00:00,staircase-lock,0.01611481697516666,0.2902646111037609,1.2715770501933774
2021-01-11 14:00:00+00:00,2021-01-11 15:00:00+00:00,long,whale_long,33291.56,32538.0,34798.67999999999,32538.0,2021-01-11 15:00:00+00:00,stop,-0.024035166390520543,-1.061850660863104,1.2580748008825153
2021-01-11 16:00:00+00:00,2021-01-11 17:00:00+00:00,short,whale_short,31771.77,39000.0,17315.31,30744.5988,2021-01-11 18:00:00+00:00,staircase-lock,0.032009809855772245,0.1406994957937599,1.2598449057840655
2021-01-15 14:00:00+00:00,2021-01-15 15:00:00+00:00,short,breakout_short,36940.11,39935.1,30950.130000000005,35325.284400000004,2021-01-15 16:00:00+00:00,staircase-lock,0.044313024747792154,0.5465554170852542,1.266730656363501
2021-01-17 07:00:00+00:00,2021-01-17 08:00:00+00:00,short,breakout_short,34760.91,37886.0,28510.73000000001,34346.091,2021-01-17 09:00:00+00:00,staircase-lock,0.010677618963974856,0.11876898003610253,1.2682351394438687
2021-01-20 03:00:00+00:00,2021-01-20 04:00:00+00:00,short,breakout_short,35062.49,37850.0,29487.469999999994,34769.549,2021-01-20 05:00:00+00:00,staircase-lock,0.007025217134683027,0.08836617824963933,1.269355830367814
2021-01-21 08:00:00+00:00,2021-01-21 09:00:00+00:00,short,breakout_short,33237.74,35670.0,28373.219999999994,32588.841800000002,2021-01-21 10:00:00+00:00,staircase-lock,0.01851166804829492,0.2529688477200354,1.2725669051853625
2021-01-21 12:00:00+00:00,2021-01-21 13:00:00+00:00,short,whale_short,32474.48,35670.0,26083.44,32227.448,2021-01-21 14:00:00+00:00,staircase-lock,0.006265267197079828,0.06367079357545091,1.2733771586326728
2021-01-21 22:00:00+00:00,2021-01-21 23:00:00+00:00,short,whale_short,30913.17,35019.01,22701.48999999999,30612.849000000002,2021-01-22 00:00:00+00:00,staircase-lock,0.00841029240368958,0.06332170733028183,1.2741834827902727
2021-01-22 01:00:00+00:00,2021-01-22 02:00:00+00:00,short,whale_short,30068.29,35019.01,20166.85,29809.909,2021-01-22 03:00:00+00:00,staircase-lock,0.007267621226217115,0.044140032690205014,1.2747459077961094
2021-01-25 03:00:00+00:00,2021-01-25 04:00:00+00:00,long,breakout_long,33568.17,30900.0,38904.509999999995,34248.7719,2021-01-25 13:00:00+00:00,staircase-lock,0.01887521607522842,0.23746855035473782,1.2777730284240592
2021-01-26 14:00:00+00:00,2021-01-26 15:00:00+00:00,short,whale_short,31259.29,34031.56,25714.750000000007,32084.6,2021-01-27 01:00:00+00:00,time-exit,-0.02712293249721047,-0.30583010045223846,1.2738652138876783
2021-01-27 11:00:00+00:00,2021-01-27 12:00:00+00:00,short,breakout_short,30635.74,32921.88,26063.46000000001,30366.136,2021-01-27 13:00:00+00:00,staircase-lock,0.007478442749515436,0.10021592189412742,1.2751418296554644
2021-01-27 14:00:00+00:00,2021-01-27 15:00:00+00:00,short,whale_short,29573.98,32921.88,22878.180000000004,30881.94,2021-01-28 01:00:00+00:00,time-exit,-0.04375355680374997,-0.38650103463155006,1.2702133932908264
2021-01-29 04:00:00+00:00,2021-01-29 05:00:00+00:00,short,whale_short,33062.81,34310.0,30568.429999999993,32786.285,2021-01-29 06:00:00+00:00,staircase-lock,0.0070341669085103985,0.18647465422619347,1.2725820193239001
2021-01-29 08:00:00+00:00,2021-01-29 09:00:00+00:00,long,whale_long,36223.22,31161.96,46345.740000000005,37919.3288,2021-01-29 10:00:00+00:00,staircase-lock,0.04542379976158946,0.3250961800026084,1.2767191348561222
2021-01-29 11:00:00+00:00,2021-01-29 12:00:00+00:00,long,whale_long,37023.83,31650.0,47771.490000000005,37809.83809999999,2021-01-29 13:00:00+00:00,staircase-lock,0.019829789030470238,0.13662038769369236,1.2784633934879222
2021-01-29 13:00:00+00:00,2021-01-29 14:00:00+00:00,long,whale_long,38250.01,31915.4,50919.23,34250.1,2021-01-30 00:00:00+00:00,time-exit,-0.10597278311822671,-0.6398910136535639,1.2702826211201426
2021-01-31 17:00:00+00:00,2021-01-31 18:00:00+00:00,short,breakout_short,32302.32,34800.0,27306.96,33558.25,2021-02-01 04:00:00+00:00,time-exit,-0.03882537230040299,-0.5021258128209992,1.2639042041837192
2021-02-01 08:00:00+00:00,2021-02-01 09:00:00+00:00,long,breakout_long,34475.57,32171.67,39083.37,34693.09999999999,2021-02-01 10:00:00+00:00,staircase-lock,0.004909685380111007,0.07346855419071728,1.2648327763288887
2021-02-02 08:00:00+00:00,2021-02-02 09:00:00+00:00,long,breakout_long,34663.87,33133.26,37725.090000000004,35597.8039,2021-02-02 10:00:00+00:00,staircase-lock,0.025542574501923612,0.5784651099888244,1.2721493926396543
2021-02-04 08:00:00+00:00,2021-02-04 09:00:00+00:00,long,whale_long,37339.11,35810.9,40395.53,37577.574,2021-02-04 10:00:00+00:00,staircase-lock,0.004986440383822744,0.12183485646606146,1.2736993140262107
2021-02-05 13:00:00+00:00,2021-02-05 14:00:00+00:00,long,breakout_long,38272.33,36570.0,41676.990000000005,38740.92,2021-02-06 00:00:00+00:00,time-exit,0.01084357126937381,0.24378865319884685,1.2768044484296783
2021-02-08 12:00:00+00:00,2021-02-08 13:00:00+00:00,long,both_long,42984.07,37351.0,54250.21,44840.6428,2021-02-08 14:00:00+00:00,staircase-lock,0.041792112798997375,0.31890161173214593,1.2808761983943882
2021-02-08 14:00:00+00:00,2021-02-08 15:00:00+00:00,long,whale_long,43560.93,37660.97,55360.85,44104.359,2021-02-08 16:00:00+00:00,staircase-lock,0.011075146880472909,0.08177067268252647,1.2819235794780457
2021-02-08 23:00:00+00:00,2021-02-09 00:00:00+00:00,long,whale_long,46374.86,37988.89,63146.8,47419.3802,2021-02-09 01:00:00+00:00,staircase-lock,0.021123414625941653,0.11681360605869044,1.2834210406381505
2021-02-09 01:00:00+00:00,2021-02-09 02:00:00+00:00,long,whale_long,46158.97,38440.68,61595.55,46690.897,2021-02-09 04:00:00+00:00,staircase-lock,0.010123805665507591,0.060545074362325715,1.2841980888615867
2021-02-09 06:00:00+00:00,2021-02-09 07:00:00+00:00,long,whale_long,48111.46,38844.75,66644.88,46483.67,2021-02-09 17:00:00+00:00,time-exit,-0.035233726933250484,-0.18292857378724525,1.2818489236130293
2021-02-11 13:00:00+00:00,2021-02-11 14:00:00+00:00,long,whale_long,47555.46,43800.0,55066.38,48045.545999999995,2021-02-11 15:00:00+00:00,staircase-lock,0.008905567436420526,0.11277136649038971,1.28329448216053
2021-02-14 05:00:00+00:00,2021-02-14 06:00:00+00:00,long,breakout_long,48929.18,46202.53,54382.48,49357.36400000001,2021-02-14 07:00:00+00:00,staircase-lock,0.007351096993655061,0.1319139412832623,1.2849873264902187
2021-02-16 03:00:00+00:00,2021-02-16 04:00:00+00:00,long,breakout_long,49624.02,46831.61,55208.83999999999,49960.602000000006,2021-02-16 05:00:00+00:00,staircase-lock,0.005382642760502,0.09565514089979867,1.2862164829279175
2021-02-16 12:00:00+00:00,2021-02-16 13:00:00+00:00,long,whale_long,49650.0,47003.62,54942.759999999995,49133.45,2021-02-16 23:00:00+00:00,time-exit,-0.011803826787512616,-0.22145723592227948,1.2833680634568485
2021-02-19 09:00:00+00:00,2021-02-19 10:00:00+00:00,long,breakout_long,52690.75,50710.2,56651.850000000006,53221.075,2021-02-19 15:00:00+00:00,staircase-lock,0.008664859581615293,0.2305207896796321,1.2863264936512253
2021-02-19 15:00:00+00:00,2021-02-19 16:00:00+00:00,long,breakout_long,53863.82,50710.2,60171.060000000005,54780.9674,2021-02-19 17:00:00+00:00,staircase-lock,0.01562715106355246,0.2669116925945414,1.2897598494677218
2021-02-26 07:00:00+00:00,2021-02-26 08:00:00+00:00,short,whale_short,44986.99,52041.73,30877.509999999987,47317.09,2021-02-26 18:00:00+00:00,time-exit,-0.050644363928550915,-0.32295130559171265,1.285594553194868
2021-02-28 03:00:00+00:00,2021-02-28 04:00:00+00:00,short,breakout_short,44632.7,47800.0,38298.09999999999,44304.002,2021-02-28 05:00:00+00:00,staircase-lock,0.006019149177539275,0.08482015580979287,1.28668499649797
2021-03-02 16:00:00+00:00,2021-03-02 17:00:00+00:00,short,breakout_short,47519.58,50200.0,42158.740000000005,47181.756,2021-03-02 20:00:00+00:00,staircase-lock,0.005760055679148458,0.10211661853356924,1.2879989157075726
2021-03-03 08:00:00+00:00,2021-03-03 09:00:00+00:00,long,breakout_long,50909.4,47047.6,58633.00000000001,51436.439999999995,2021-03-03 10:00:00+00:00,staircase-lock,0.008952508574055008,0.11801927598529072,1.2895190027025891
2021-03-08 23:00:00+00:00,2021-03-09 00:00:00+00:00,long,breakout_long,52375.18,49274.67,58576.200000000004,53663.0626,2021-03-09 02:00:00+00:00,staircase-lock,0.023189559405810092,0.391728247288348,1.2945704128903261
2021-03-10 13:00:00+00:00,2021-03-10 14:00:00+00:00,long,whale_long,56260.09,53005.0,62770.26999999999,56994.337,2021-03-10 17:00:00+00:00,staircase-lock,0.011650938951572943,0.20137165915535366,1.2971773108096976
2021-03-11 18:00:00+00:00,2021-03-11 19:00:00+00:00,long,whale_long,57519.86,54272.82,64013.94,57996.986000000004,2021-03-11 23:00:00+00:00,staircase-lock,0.006894978464829405,0.12214145683453306,1.2987617020748476
2021-03-15 12:00:00+00:00,2021-03-15 13:00:00+00:00,long,whale_long,56439.54,54600.0,60118.62,56986.137,2021-03-15 14:00:00+00:00,staircase-lock,0.008284646614766867,0.25418400469682584,1.3020629465806504
2021-03-17 09:00:00+00:00,2021-03-17 10:00:00+00:00,short,breakout_short,54763.59,57189.43,49911.90999999999,54187.68000000001,2021-03-17 13:00:00+00:00,staircase-lock,0.009228061581525294,0.20832444882820053,1.3047754620375105
2021-03-18 15:00:00+00:00,2021-03-18 16:00:00+00:00,long,whale_long,59533.67,57329.44,63942.12999999999,60070.340000000004,2021-03-18 17:00:00+00:00,staircase-lock,0.007614562683604232,0.2056604174700506,1.3074588686997837
2021-03-21 04:00:00+00:00,2021-03-21 05:00:00+00:00,short,breakout_short,56911.99,59880.0,50975.969999999994,55552.4416,2021-03-21 10:00:00+00:00,staircase-lock,0.02307324295463549,0.44243252964167384,1.3132434920465965
2021-03-24 08:00:00+00:00,2021-03-24 09:00:00+00:00,long,breakout_long,56280.4,53511.39,61818.420000000006,56962.51899999999,2021-03-24 13:00:00+00:00,staircase-lock,0.010720009808032517,0.2178852514075402,1.3161048559308353
2021-03-24 22:00:00+00:00,2021-03-24 23:00:00+00:00,short,whale_short,52534.03,57200.0,43202.09,52053.403,2021-03-25 01:00:00+00:00,staircase-lock,0.007833344455884973,0.08819541331080027,1.3172656000481269
2021-03-25 12:00:00+00:00,2021-03-25 13:00:00+00:00,short,whale_short,51076.93,56422.02,40386.75000000001,50492.496999999996,2021-03-25 14:00:00+00:00,staircase-lock,0.01017465038815575,0.0972275313699684,1.3185463448726393
2021-03-28 18:00:00+00:00,2021-03-28 19:00:00+00:00,short,breakout_short,55192.08,56605.93,52364.380000000005,54741.863999999994,2021-03-28 20:00:00+00:00,staircase-lock,0.0068243454479373755,0.2664001272484322,1.3220589540132097
2021-03-29 08:00:00+00:00,2021-03-29 09:00:00+00:00,long,both_long,57129.58,54691.84,62005.06000000001,58148.3206,2021-03-29 10:00:00+00:00,staircase-lock,0.016432103789315436,0.38509405761073673,1.3271501244832253
2021-03-30 09:00:00+00:00,2021-03-30 10:00:00+00:00,long,both_long,58873.91,57071.35,62479.03000000001,59288.891,2021-03-30 11:00:00+00:00,staircase-lock,0.0056486400512552725,0.18449179278359523,1.3295986075408142
2021-03-31 06:00:00+00:00,2021-03-31 07:00:00+00:00,long,breakout_long,59687.56,58369.0,62324.67999999999,58369.0,2021-03-31 07:00:00+00:00,stop,-0.023491035384927736,-1.0633741232860088,1.3154600000046541
2021-03-31 07:00:00+00:00,2021-03-31 08:00:00+00:00,short,breakout_short,58173.82,59800.0,54921.46,56867.3374,2021-03-31 09:00:00+00:00,staircase-lock,0.02157421788557319,0.771780902431536,1.3256124690638158
2021-04-02 02:00:00+00:00,2021-04-02 03:00:00+00:00,long,both_long,59718.09,57935.45,63283.369999999995,59204.99,2021-04-02 13:00:00+00:00,time-exit,-0.009992036349454602,-0.3347312558901413,1.3211752297978823
2021-04-05 05:00:00+00:00,2021-04-05 06:00:00+00:00,short,breakout_short,56897.45,58492.85,53706.649999999994,58492.85,2021-04-05 14:00:00+00:00,stop,-0.028675128498611355,-1.0226536855918973,1.307664182617227
2021-04-05 14:00:00+00:00,2021-04-05 15:00:00+00:00,long,breakout_long,59173.64,56777.77,63965.380000000005,58800.01,2021-04-06 01:00:00+00:00,time-exit,-0.00771412906152129,-0.19052498507848845,1.305172755628419
2021-04-07 11:00:00+00:00,2021-04-07 12:00:00+00:00,short,whale_short,56320.47,58655.0,51651.41,55682.846999999994,2021-04-07 13:00:00+00:00,staircase-lock,0.010050976994764827,0.24247953476902973,1.308337532454199
2021-04-09 10:00:00+00:00,2021-04-09 11:00:00+00:00,long,breakout_long,58633.02,57350.93,61197.19999999999,58361.24,2021-04-09 21:00:00+00:00,time-exit,-0.006035272070242946,-0.2760073224188606,1.3047264250626713
2021-04-12 06:00:00+00:00,2021-04-12 07:00:00+00:00,long,breakout_long,60829.68,59232.52,64024.00000000001,61252.96800000001,2021-04-12 08:00:00+00:00,staircase-lock,0.0055585768000095525,0.2117048060307072,1.3074885936100815
2021-04-13 06:00:00+00:00,2021-04-13 07:00:00+00:00,long,whale_long,60719.86,59350.59,63458.40000000001,61142.986,2021-04-13 08:00:00+00:00,staircase-lock,0.005568494327885377,0.2469331804538135,1.3107172167783536
2021-04-13 08:00:00+00:00,2021-04-13 09:00:00+00:00,long,both_long,62711.51,59610.96,68912.61000000002,63230.242999999995,2021-04-13 10:00:00+00:00,staircase-lock,0.006871735124859791,0.1389872396832806,1.3125389464580075
2021-04-16 04:00:00+00:00,2021-04-16 05:00:00+00:00,short,breakout_short,61658.05,63800.0,57374.15000000001,61117.555,2021-04-16 07:00:00+00:00,staircase-lock,0.007443531126204285,0.21426906060181644,1.3153513113286162
2021-04-16 14:00:00+00:00,2021-04-16 15:00:00+00:00,long,whale_long,61256.63,60000.0,63769.88999999999,61746.013999999996,2021-04-16 17:00:00+00:00,staircase-lock,0.006589078080201217,0.32119615002029006,1.319576169099845
2021-04-18 03:00:00+00:00,2021-04-18 04:00:00+00:00,short,whale_short,55000.01,62458.28,40083.47000000001,54000.0275,2021-04-18 05:00:00+00:00,staircase-lock,0.017118185013887358,0.12623575533544043,1.3212419460441347
2021-04-18 06:00:00+00:00,2021-04-18 07:00:00+00:00,short,whale_short,55731.24,61891.33,43411.05999999999,54548.5776,2021-04-18 09:00:00+00:00,staircase-lock,0.02028090263823852,0.18348430824035095,1.3236662176890153
2021-04-18 09:00:00+00:00,2021-04-18 10:00:00+00:00,short,whale_short,54972.0,61222.0,42472.0,54562.788,2021-04-18 11:00:00+00:00,staircase-lock,0.006099836701892803,0.053651235708232194,1.324376380971458
2021-04-18 11:00:00+00:00,2021-04-18 12:00:00+00:00,short,whale_short,53299.32,60955.0,37987.96,56535.85,2021-04-18 22:00:00+00:00,time-exit,-0.05864739258364386,-0.4083067924052809,1.3189688622509403
2021-04-21 22:00:00+00:00,2021-04-21 23:00:00+00:00,short,whale_short,53996.73,56346.7,49296.790000000015,53582.091,2021-04-22 00:00:00+00:00,staircase-lock,0.006338387813196912,0.1456410998372256,1.3208898230084334
2021-04-22 02:00:00+00:00,2021-04-22 03:00:00+00:00,short,whale_short,53760.81,56346.7,48589.03,53256.081000000006,2021-04-22 04:00:00+00:00,staircase-lock,0.008077396581246689,0.16792956502366801,1.3231079875426535
2021-04-22 18:00:00+00:00,2021-04-22 19:00:00+00:00,short,whale_short,53372.69,55521.48,49075.11,52302.706399999995,2021-04-22 20:00:00+00:00,staircase-lock,0.019057518810154786,0.47335991121680565,1.3293710503377878
2021-04-23 01:00:00+00:00,2021-04-23 02:00:00+00:00,short,whale_short,51048.59,55521.48,42102.80999999998,48654.7436,2021-04-23 03:00:00+00:00,staircase-lock,0.047800678554187195,0.5455437628098369,1.3366233511875052
2021-04-23 05:00:00+00:00,2021-04-23 06:00:00+00:00,short,whale_short,49501.74,55521.48,37462.25999999999,48570.1218,2021-04-23 07:00:00+00:00,staircase-lock,0.017780890750823522,0.14621645302216874,1.3385777144418778
2021-04-23 07:00:00+00:00,2021-04-23 08:00:00+00:00,short,whale_short,47936.0,55521.48,32765.039999999994,47543.6,2021-04-23 09:00:00+00:00,staircase-lock,0.006853476808655735,0.04331014837554396,1.3391574544361247
2021-04-27 06:00:00+00:00,2021-04-27 07:00:00+00:00,long,breakout_long,54700.35,52600.36,58900.329999999994,55188.123,2021-04-27 12:00:00+00:00,staircase-lock,0.007517182431191106,0.19580688955661923,1.3417796169939218
2021-04-28 06:00:00+00:00,2021-04-28 07:00:00+00:00,short,breakout_short,54144.18,55738.0,50956.54,54838.72,2021-04-28 17:00:00+00:00,time-exit,-0.014065138792444464,-0.4778114256961864,1.3353684406762623
2021-04-29 04:00:00+00:00,2021-04-29 05:00:00+00:00,short,breakout_short,53564.94,56428.0,47838.82000000001,53703.11,2021-04-29 15:00:00+00:00,time-exit,-0.003972849132945865,-0.0743279656854196,1.3343758884799026
2021-04-30 13:00:00+00:00,2021-04-30 14:00:00+00:00,long,both_long,55989.31,52330.94,63306.04999999999,57169.33120000001,2021-04-30 16:00:00+00:00,staircase-lock,0.01967583036833294,0.3011275967165728,1.3383940625240476
2021-05-02 03:00:00+00:00,2021-05-02 04:00:00+00:00,short,breakout_short,56450.19,58043.01,53264.55,56076.744,2021-05-02 10:00:00+00:00,staircase-lock,0.0052595521309154025,0.1864006712026967,1.3408888380399295
2021-05-03 01:00:00+00:00,2021-05-03 02:00:00+00:00,long,breakout_long,58042.83,56035.25,62057.990000000005,58767.483,2021-05-03 08:00:00+00:00,staircase-lock,0.011084797863922203,0.32048189262694343,1.3451861439661033
2021-05-04 16:00:00+00:00,2021-05-04 17:00:00+00:00,long,whale_long,53849.24,53526.0,54495.719999999994,54245.699,2021-05-04 18:00:00+00:00,staircase-lock,0.0059623880299888975,0.9932869199356558,1.3585477019829053
2021-05-06 10:00:00+00:00,2021-05-06 11:00:00+00:00,long,whale_long,57982.1,55659.69,62626.91999999999,55659.69,2021-05-06 18:00:00+00:00,stop,-0.04145391319045004,-1.034952889455349,1.3444873732866038
2021-05-07 16:00:00+00:00,2021-05-07 17:00:00+00:00,long,whale_long,58300.0,55241.63,64416.740000000005,58099.98,2021-05-08 03:00:00+00:00,time-exit,-0.004830874785591676,-0.09208826924145687,1.3432492581343742
2021-05-10 14:00:00+00:00,2021-05-10 15:00:00+00:00,short,breakout_short,56831.59,59500.0,51494.76999999999,56432.593,2021-05-10 19:00:00+00:00,staircase-lock,0.005670329020677723,0.12076622935315691,1.3448714496142373
2021-05-12 03:00:00+00:00,2021-05-12 04:00:00+00:00,long,breakout_long,57756.95,54766.44,63737.96999999999,56073.03,2021-05-12 14:00:00+00:00,time-exit,-0.030555279148223688,-0.5901266773894758,1.3369350044134691
2021-05-12 15:00:00+00:00,2021-05-12 16:00:00+00:00,short,breakout_short,55479.13,58000.01,50437.36999999999,54468.787299999996,2021-05-12 17:00:00+00:00,staircase-lock,0.0171490213768722,0.37741296148181186,1.341980770406713
2021-05-12 18:00:00+00:00,2021-05-12 19:00:00+00:00,short,whale_short,54082.52,58000.01,46247.539999999986,53558.252,2021-05-12 20:00:00+00:00,staircase-lock,0.008388743665495314,0.11580996941001075,1.3435349179264093
2021-05-12 22:00:00+00:00,2021-05-12 23:00:00+00:00,short,whale_short,52938.97,58000.01,42816.89,48730.1691,2021-05-13 00:00:00+00:00,staircase-lock,0.08496951149016237,0.8887893436314197,1.3554761131049062
2021-05-13 01:00:00+00:00,2021-05-13 02:00:00+00:00,short,whale_short,50522.52,57504.65,36558.25999999999,50052.252,2021-05-13 03:00:00+00:00,staircase-lock,0.007995541283536923,0.05785553898428124,1.3562603311159462
2021-05-13 09:00:00+00:00,2021-05-13 10:00:00+00:00,short,whale_short,49212.92,56900.0,33838.759999999995,48510.026,2021-05-13 12:00:00+00:00,staircase-lock,0.013089664466475371,0.0838004301003105,1.3573968831067011
2021-05-13 17:00:00+00:00,2021-05-13 18:00:00+00:00,short,whale_short,48465.11,54751.92,35891.490000000005,47728.066399999996,2021-05-13 19:00:00+00:00,staircase-lock,0.014042561486211925,0.10825431134566255,1.3588663237547358
2021-05-16 17:00:00+00:00,2021-05-16 18:00:00+00:00,short,whale_short,47080.2,49795.89,41648.81999999999,45403.2144,2021-05-16 19:00:00+00:00,staircase-lock,0.035535393719612854,0.6160546466636897,1.367237682884175
2021-05-17 03:00:00+00:00,2021-05-17 04:00:00+00:00,short,whale_short,42915.46,49795.89,29154.6,42247.2643,2021-05-17 05:00:00+00:00,staircase-lock,0.014416306950791059,0.08991915393287857,1.368467091440876
2021-05-17 05:00:00+00:00,2021-05-17 06:00:00+00:00,short,whale_short,44193.78,49795.89,32989.56,43887.753000000004,2021-05-17 07:00:00+00:00,staircase-lock,0.005572947555551334,0.04396372406496363,1.369068720536877
2021-05-17 17:00:00+00:00,2021-05-17 18:00:00+00:00,short,whale_short,42586.21,46686.0,34386.63,45318.97,2021-05-18 04:00:00+00:00,time-exit,-0.061700576116359304,-0.6409093372129453,1.3602942312740944
2021-05-19 01:00:00+00:00,2021-05-19 02:00:00+00:00,short,whale_short,40843.53,45799.29,30932.009999999995,40331.853,2021-05-19 03:00:00+00:00,staircase-lock,0.01128667224389608,0.09302055313286695,1.36155958449226
2021-05-19 04:00:00+00:00,2021-05-19 05:00:00+00:00,short,whale_short,39307.66,45662.14,26598.70000000001,38971.987,2021-05-19 06:00:00+00:00,staircase-lock,0.00721318669740907,0.044619463782760944,1.3621671050779434
2021-05-19 11:00:00+00:00,2021-05-19 12:00:00+00:00,short,whale_short,38700.0,43825.65,28448.699999999997,32675.223299999998,2021-05-19 13:00:00+00:00,staircase-lock,0.18298364275845685,1.3815744295362107,1.3809864574892539
2021-05-19 13:00:00+00:00,2021-05-19 14:00:00+00:00,short,whale_short,35863.06,43825.65,19937.87999999999,34049.78079999999,2021-05-19 15:00:00+00:00,staircase-lock,0.05185377013880828,0.2335464804434598,1.384211702756121
2021-05-19 17:00:00+00:00,2021-05-19 18:00:00+00:00,short,whale_short,39366.87,43584.9,30930.810000000005,37670.6748,2021-05-19 19:00:00+00:00,staircase-lock,0.04362693962891269,0.4071701862882091,1.3898478001248564
2021-05-20 01:00:00+00:00,2021-05-20 02:00:00+00:00,short,whale_short,36971.95,40888.0,29139.84999999999,40888.0,2021-05-20 12:00:00+00:00,stop,-0.09717504402269621,-0.9174425425760447,1.3770967451294538
2021-05-20 16:00:00+00:00,2021-05-20 17:00:00+00:00,short,whale_short,39311.8,42451.67,33032.06000000001,38761.426,2021-05-20 18:00:00+00:00,staircase-lock,0.012799013214839073,0.16024620372789683,1.3793034903851842
2021-05-21 14:00:00+00:00,2021-05-21 15:00:00+00:00,short,whale_short,37835.04,42200.0,29105.120000000003,36500.064000000006,2021-05-21 16:00:00+00:00,staircase-lock,0.03517462080066476,0.30489012155391654,1.383508850473617
2021-05-23 08:00:00+00:00,2021-05-23 09:00:00+00:00,short,both_short,34376.0,38829.0,25470.0,33970.262,2021-05-23 10:00:00+00:00,staircase-lock,0.010543917300372808,0.08139629488381217,1.3846349754172922
2021-05-23 12:00:00+00:00,2021-05-23 13:00:00+00:00,short,whale_short,33944.76,38600.0,24634.280000000006,32653.7904,2021-05-23 14:00:00+00:00,staircase-lock,0.03813506114254957,0.2780706253746684,1.3884852385525914
2021-05-23 16:00:00+00:00,2021-05-23 17:00:00+00:00,short,whale_short,32237.0,38400.0,19911.0,31823.801,2021-05-23 19:00:00+00:00,staircase-lock,0.011583961281054945,0.06059259448602439,1.389326557782686
2021-05-26 06:00:00+00:00,2021-05-26 07:00:00+00:00,long,breakout_long,40549.99,36419.62,48810.72999999999,40811.899,2021-05-26 09:00:00+00:00,staircase-lock,0.005058916512679824,0.04966601394064017,1.3900165809045553
2021-05-28 04:00:00+00:00,2021-05-28 05:00:00+00:00,short,breakout_short,37324.65,40411.14,31151.670000000006,36730.7055,2021-05-28 06:00:00+00:00,staircase-lock,0.01477024481057161,0.1786152613385762,1.3924993626531874
2021-05-28 08:00:00+00:00,2021-05-28 09:00:00+00:00,short,breakout_short,35968.04,40411.14,27081.840000000004,35402.5628,2021-05-28 10:00:00+00:00,staircase-lock,0.014572775846611942,0.1179703775656574,1.3941420994089089
2021-05-31 10:00:00+00:00,2021-05-31 11:00:00+00:00,long,breakout_long,36883.75,34153.84,42343.57000000001,37163.87500000001,2021-05-31 12:00:00+00:00,staircase-lock,0.006194808011658349,0.08369790579176725,1.3953089671498755
2021-06-01 08:00:00+00:00,2021-06-01 09:00:00+00:00,short,breakout_short,36197.75,37894.81,32803.630000000005,35719.175,2021-06-01 14:00:00+00:00,staircase-lock,0.011998265777414986,0.2559191926298563,1.3988798305932975
2021-06-03 05:00:00+00:00,2021-06-03 06:00:00+00:00,long,breakout_long,38795.88,36851.45,42684.74,39168.588,2021-06-03 10:00:00+00:00,staircase-lock,0.008206896402401643,0.16374658280318952,1.4011704485134169
2021-06-04 01:00:00+00:00,2021-06-04 02:00:00+00:00,short,breakout_short,37900.0,39476.0,34748.0,37360.8418,2021-06-04 03:00:00+00:00,staircase-lock,0.013031104172818676,0.3133749036483679,1.4055613650563954
2021-06-04 05:00:00+00:00,2021-06-04 06:00:00+00:00,short,breakout_short,36718.38,39476.0,31203.139999999992,36268.227,2021-06-04 08:00:00+00:00,staircase-lock,0.011011772982450886,0.14662443151825288,1.4076222614175495
2021-06-08 02:00:00+00:00,2021-06-08 03:00:00+00:00,short,whale_short,32709.92,36777.47,24574.819999999992,32452.879999999997,2021-06-08 04:00:00+00:00,staircase-lock,0.006520406447748274,0.05243499730140504,1.408360348112338
2021-06-08 07:00:00+00:00,2021-06-08 08:00:00+00:00,short,whale_short,32966.7,36777.47,25345.15999999999,32696.655,2021-06-08 10:00:00+00:00,staircase-lock,0.006859101733801177,0.05933760083334943,1.4091960353539958
2021-06-08 14:00:00+00:00,2021-06-08 15:00:00+00:00,short,whale_short,31769.42,35777.0,23754.259999999995,31053.859399999998,2021-06-08 16:00:00+00:00,staircase-lock,0.021642565846099096,0.17156782004161544,1.4116137622719656
2021-06-09 12:00:00+00:00,2021-06-09 13:00:00+00:00,short,whale_short,34891.62,35045.55,34583.76,35045.55,2021-06-09 13:00:00+00:00,stop,-0.00579228375642553,-1.3129485075123226,1.3930800004483772
2021-06-09 14:00:00+00:00,2021-06-09 15:00:00+00:00,short,whale_short,34672.52,35450.0,33117.55999999999,35450.0,2021-06-09 15:00:00+00:00,stop,-0.023331734837799753,-1.0405027046333093,1.3785849653660063
2021-06-10 09:00:00+00:00,2021-06-10 10:00:00+00:00,long,whale_long,37427.94,34512.94,43257.94,38416.5858,2021-06-10 11:00:00+00:00,staircase-lock,0.025014646384492314,0.3211823958833603,1.3830127375870567
2021-06-13 16:00:00+00:00,2021-06-13 17:00:00+00:00,long,breakout_long,37029.57,34757.0,41574.71,37443.732,2021-06-13 18:00:00+00:00,staircase-lock,0.009784628933039287,0.1594320975811542,1.3852177038044062
2021-06-14 01:00:00+00:00,2021-06-14 02:00:00+00:00,long,whale_long,39176.61,34834.25,47861.33,39560.477999999996,2021-06-14 06:00:00+00:00,staircase-lock,0.008398397564260819,0.07577002966128925,1.386267283669452
2021-06-14 13:00:00+00:00,2021-06-14 14:00:00+00:00,long,whale_long,40537.59,36848.22,47916.32999999999,41011.404,2021-06-14 15:00:00+00:00,staircase-lock,0.010288262671757377,0.11304406280747271,1.3878343765282828
2021-06-16 11:00:00+00:00,2021-06-16 12:00:00+00:00,short,breakout_short,39080.01,41330.0,34580.030000000006,38747.901,2021-06-16 15:00:00+00:00,staircase-lock,0.0071710191114611865,0.12455321960812916,1.3895629689270772
2021-06-17 17:00:00+00:00,2021-06-17 18:00:00+00:00,short,breakout_short,37695.12,39559.88,33965.60000000001,37398.012,2021-06-17 21:00:00+00:00,staircase-lock,0.006544486460938149,0.13229327231570795,1.391401267249558
2021-06-18 14:00:00+00:00,2021-06-18 15:00:00+00:00,short,both_short,36670.39,38258.0,33495.17,36317.689,2021-06-18 16:00:00+00:00,staircase-lock,0.008311548551451177,0.19197896642478293,1.3940724650212448
2021-06-18 18:00:00+00:00,2021-06-18 19:00:00+00:00,short,both_short,35289.52,38258.0,29352.55999999999,34852.119999999995,2021-06-19 04:00:00+00:00,staircase-lock,0.011150169114533105,0.13255407345533668,1.3959203648605498
2021-06-20 09:00:00+00:00,2021-06-20 10:00:00+00:00,short,breakout_short,34986.43,36350.0,32259.29,33774.958,2021-06-20 11:00:00+00:00,staircase-lock,0.034468941717114746,0.88440286641677,1.408265924580272
2021-06-21 04:00:00+00:00,2021-06-21 05:00:00+00:00,short,whale_short,34243.9,36137.72,30456.260000000002,33825.49,2021-06-21 06:00:00+00:00,staircase-lock,0.010969665598340296,0.19835260572969202,1.4110592567372804
2021-06-21 06:00:00+00:00,2021-06-21 07:00:00+00:00,short,whale_short,32776.44,36137.72,26053.880000000005,32131.745400000003,2021-06-21 10:00:00+00:00,staircase-lock,0.018664101466458208,0.18199697789808636,1.4136273419408936
2021-06-21 10:00:00+00:00,2021-06-21 11:00:00+00:00,short,whale_short,32355.06,36137.72,24789.74,31755.1542,2021-06-21 12:00:00+00:00,staircase-lock,0.017491604059664725,0.1496147945749012,1.415742337584593
2021-06-22 10:00:00+00:00,2021-06-22 11:00:00+00:00,short,whale_short,31797.5,33260.0,28872.5,31241.824999999997,2021-06-22 12:00:00+00:00,staircase-lock,0.016386252883754462,0.3562679494503812,1.4207861737802066
2021-06-22 12:00:00+00:00,2021-06-22 13:00:00+00:00,short,whale_short,29890.83,33260.0,23152.490000000005,28848.4332,2021-06-22 14:00:00+00:00,staircase-lock,0.034733567212239594,0.30815160791370816,1.425164349219726
2021-06-22 14:00:00+00:00,2021-06-22 15:00:00+00:00,short,whale_short,30567.92,33260.0,25183.759999999995,30342.515,2021-06-22 16:00:00+00:00,staircase-lock,0.006028685459988982,0.06845427136121744,1.426139935090684
2021-06-23 13:00:00+00:00,2021-06-23 14:00:00+00:00,short,whale_short,33989.13,34500.0,32967.38999999999,33773.913,2021-06-23 15:00:00+00:00,staircase-lock,0.0049722850236511695,0.3308153582436467,1.43085782502601
2021-06-25 11:00:00+00:00,2021-06-25 12:00:00+00:00,short,breakout_short,33311.96,35500.0,28935.879999999997,32872.174999999996,2021-06-25 13:00:00+00:00,staircase-lock,0.011978640141700426,0.18236960076356867,1.4334672747290043
2021-06-25 16:00:00+00:00,2021-06-25 17:00:00+00:00,short,whale_short,31942.5,35500.0,24827.5,31544.25,2021-06-25 18:00:00+00:00,staircase-lock,0.011225121852635645,0.10078944617788169,1.4349120584563448
2021-06-27 22:00:00+00:00,2021-06-27 23:00:00+00:00,long,breakout_long,34406.38,32268.0,38683.13999999999,34714.738,2021-06-28 00:00:00+00:00,staircase-lock,0.007562233167220779,0.12167578634293341,1.436657998986801
2021-06-28 07:00:00+00:00,2021-06-28 08:00:00+00:00,long,breakout_long,35028.69,32357.13,40371.810000000005,34168.22,2021-06-28 18:00:00+00:00,time-exit,-0.02596472109005503,-0.34044160191049394,1.431767017481075
2021-06-29 06:00:00+00:00,2021-06-29 07:00:00+00:00,long,breakout_long,35332.51,33862.72,38272.090000000004,35725.261000000006,2021-06-29 11:00:00+00:00,staircase-lock,0.009715853359979333,0.2335609073405066,1.4351110655181059
2021-06-29 13:00:00+00:00,2021-06-29 14:00:00+00:00,long,breakout_long,36301.84,33931.0,41043.51999999999,36570.184,2021-06-29 18:00:00+00:00,staircase-lock,0.005992022002190579,0.09174867304415411,1.4364277608774285
2021-06-30 15:00:00+00:00,2021-06-30 16:00:00+00:00,short,breakout_short,34193.44,36488.7,29602.920000000013,34299.59,2021-07-01 02:00:00+00:00,time-exit,-0.004494789179695523,-0.06696073827303593,1.4354659182439862
2021-07-01 06:00:00+00:00,2021-07-01 07:00:00+00:00,short,breakout_short,33507.15,35194.04,30133.370000000003,33218.115,2021-07-01 09:00:00+00:00,staircase-lock,0.007301125876648952,0.14502422796848521,1.4375476916096703
2021-07-04 05:00:00+00:00,2021-07-04 06:00:00+00:00,long,breakout_long,35205.93,34250.48,37116.829999999994,35432.649,2021-07-04 07:00:00+00:00,staircase-lock,0.005039795795764924,0.1857038023967709,1.4402172723342566
2021-07-05 01:00:00+00:00,2021-07-05 02:00:00+00:00,short,breakout_short,34558.05,35967.85,31738.45000000001,34339.52099999999,2021-07-05 03:00:00+00:00,staircase-lock,0.004963775429482743,0.12167569831241073,1.4419696667575852
2021-07-05 11:00:00+00:00,2021-07-05 12:00:00+00:00,short,breakout_short,33379.96,35967.85,28204.18,33150.991,2021-07-05 18:00:00+00:00,staircase-lock,0.0055068523471891295,0.0710302644529247,1.442993901625214
2021-07-06 04:00:00+00:00,2021-07-06 05:00:00+00:00,long,breakout_long,34654.84,33125.55,37713.419999999984,34905.184,2021-07-06 06:00:00+00:00,staircase-lock,0.005823926008603776,0.13197446135134822,1.444898285054217
2021-07-07 23:00:00+00:00,2021-07-08 00:00:00+00:00,short,breakout_short,33862.11,35059.09,31468.15000000001,33156.8073,2021-07-08 01:00:00+00:00,staircase-lock,0.019871731431150133,0.562163741760151,1.453020979318106
2021-07-08 07:00:00+00:00,2021-07-08 08:00:00+00:00,short,whale_short,32487.56,35059.09,27344.50000000001,32257.483999999997,2021-07-08 09:00:00+00:00,staircase-lock,0.0057324843561886284,0.07242164371822991,1.4540732809948989
2021-07-09 13:00:00+00:00,2021-07-09 14:00:00+00:00,long,breakout_long,33423.3,32261.07,35747.76000000001,33656.517,2021-07-09 15:00:00+00:00,staircase-lock,0.0055776772491045856,0.1604023127952271,1.4564056481673522
2021-07-12 11:00:00+00:00,2021-07-12 12:00:00+00:00,short,breakout_short,33530.0,34678.43,31233.14,33100.691,2021-07-12 17:00:00+00:00,staircase-lock,0.011569789663907605,0.33779598881152695,1.4613253280276859
2021-07-13 12:00:00+00:00,2021-07-13 13:00:00+00:00,short,both_short,32352.61,33441.0,30175.83,32729.77,2021-07-13 23:00:00+00:00,time-exit,-0.012923454029771618,-0.38415225064373043,1.4557116138908406
2021-07-14 03:00:00+00:00,2021-07-14 04:00:00+00:00,short,whale_short,31830.01,33340.0,28810.029999999995,31578.001,2021-07-14 10:00:00+00:00,staircase-lock,0.006580524163008207,0.13871492520731438,1.4577309031672836
2021-07-15 10:00:00+00:00,2021-07-15 11:00:00+00:00,short,both_short,31866.76,33185.25,29229.779999999995,31631.932,2021-07-15 13:00:00+00:00,staircase-lock,0.006023764062214122,0.14558915400738895,1.4598532012569092
2021-07-15 13:00:00+00:00,2021-07-15 14:00:00+00:00,short,whale_short,31828.86,33185.25,29116.08,31510.674,2021-07-15 17:00:00+00:00,staircase-lock,0.008697721172197094,0.20409952116197946,1.4628327546503423
2021-07-15 17:00:00+00:00,2021-07-15 18:00:00+00:00,short,whale_short,31276.87,33185.25,27460.109999999997,31907.57,2021-07-16 04:00:00+00:00,time-exit,-0.021166469210911407,-0.3469020351652597,1.4577581580533963
2021-07-16 11:00:00+00:00,2021-07-16 12:00:00+00:00,short,breakout_short,31086.52,32049.45,29160.66,32049.45,2021-07-16 15:00:00+00:00,stop,-0.03144513337982395,-1.0151514312718106,1.4429597052474357
2021-07-16 15:00:00+00:00,2021-07-16 16:00:00+00:00,long,breakout_long,32127.4,31020.0,34342.200000000004,31336.08,2021-07-17 02:00:00+00:00,time-exit,-0.02603068906914345,-0.7551908614773326,1.4320626054186067
2021-07-18 14:00:00+00:00,2021-07-18 15:00:00+00:00,short,both_short,31322.83,32435.0,29098.490000000005,31601.76,2021-07-19 01:00:00+00:00,time-exit,-0.010226407136817594,-0.288013534133563,1.4279380712977354
2021-07-19 12:00:00+00:00,2021-07-19 13:00:00+00:00,short,both_short,30713.15,31943.0,28253.450000000004,30438.011,2021-07-19 15:00:00+00:00,staircase-lock,0.007639322575972619,0.19077746080760558,1.4306622552920623
2021-07-20 02:00:00+00:00,2021-07-20 03:00:00+00:00,short,whale_short,30182.94,31860.0,26828.819999999996,29548.7358,2021-07-20 04:00:00+00:00,staircase-lock,0.020062989289714464,0.3610842796036479,1.4358281517901448
2021-07-20 04:00:00+00:00,2021-07-20 05:00:00+00:00,short,whale_short,29659.12,31669.73,25637.899999999998,29333.212,2021-07-20 10:00:00+00:00,staircase-lock,0.009710545957258244,0.14324321863108064,1.43788487824878
2021-07-21 18:00:00+00:00,2021-07-21 19:00:00+00:00,short,whale_short,31783.78,32428.57,30494.199999999997,31543.048,2021-07-21 21:00:00+00:00,staircase-lock,0.006231855995653858,0.3071882937972718,1.4423018922730415
2021-07-23 01:00:00+00:00,2021-07-23 02:00:00+00:00,long,breakout_long,32761.16,31708.0,34867.479999999996,32431.97,2021-07-23 12:00:00+00:00,time-exit,-0.011448179002208668,-0.35612406851760287,1.4371655080939723
2021-07-23 22:00:00+00:00,2021-07-23 23:00:00+00:00,long,both_long,33135.86,31924.32,35558.94,33614.010200000004,2021-07-24 00:00:00+00:00,staircase-lock,0.013029992159551652,0.3563728774947595,1.442287176169529
2021-07-25 23:00:00+00:00,2021-07-26 00:00:00+00:00,long,both_long,35381.02,33862.45,38418.159999999996,36824.2264,2021-07-26 01:00:00+00:00,staircase-lock,0.039390412486694906,0.9177535260146074,1.4555238175840812
2021-07-26 01:00:00+00:00,2021-07-26 02:00:00+00:00,long,whale_long,38313.4,33862.45,47215.30000000001,38588.935000000005,2021-07-26 06:00:00+00:00,staircase-lock,0.005791609202002569,0.04985368067491322,1.456249449780247
2021-07-26 16:00:00+00:00,2021-07-26 17:00:00+00:00,long,whale_long,39045.83,34300.0,48537.490000000005,39362.32399999999,2021-07-26 18:00:00+00:00,staircase-lock,0.006705705526044504,0.05517050505390927,1.4570528699565355
2021-07-26 18:00:00+00:00,2021-07-26 19:00:00+00:00,long,whale_long,39709.17,34451.51,50224.48999999999,40491.1419,2021-07-26 20:00:00+00:00,staircase-lock,0.018292476574050934,0.1381563398926531,1.4590658808719683
2021-07-28 02:00:00+00:00,2021-07-28 03:00:00+00:00,long,whale_long,39846.04,36929.41,45679.299999999996,40299.604,2021-07-28 04:00:00+00:00,staircase-lock,0.0099829128314884,0.13638327247542556,1.461055802667874
2021-07-28 18:00:00+00:00,2021-07-28 19:00:00+00:00,long,whale_long,40440.99,38123.79,45075.38999999999,40108.92,2021-07-29 05:00:00+00:00,time-exit,-0.009611223315749639,-0.16774011134127328,1.4586050260377208
2021-07-30 08:00:00+00:00,2021-07-30 09:00:00+00:00,short,breakout_short,38726.71,40419.3,35341.52999999999,38354.578,2021-07-30 10:00:00+00:00,staircase-lock,0.00830241414206141,0.1899604657829187,1.4613757989391152
2021-07-30 23:00:00+00:00,2021-07-31 00:00:00+00:00,long,whale_long,42206.36,38313.23,49992.619999999995,41787.54,2021-07-31 10:00:00+00:00,time-exit,-0.011323149023038258,-0.12275698576723647,1.4595818580576057
2021-08-01 22:00:00+00:00,2021-08-01 23:00:00+00:00,short,breakout_short,40273.36,42599.0,35622.08,39481.6045,2021-08-02 00:00:00+00:00,staircase-lock,0.01865378226206589,0.32302956966761587,1.4642967390526356
2021-08-04 12:00:00+00:00,2021-08-04 13:00:00+00:00,long,breakout_long,38860.27,37508.56,41563.689999999995,39199.984,2021-08-04 14:00:00+00:00,staircase-lock,0.007341936172857345,0.21107310147886993,1.467387475594608
2021-08-05 09:00:00+00:00,2021-08-05 10:00:00+00:00,short,breakout_short,38040.45,39969.66,34182.029999999984,37382.2425,2021-08-05 13:00:00+00:00,staircase-lock,0.016207491043374336,0.31958172135792745,1.4720769777481038
2021-08-06 15:00:00+00:00,2021-08-06 16:00:00+00:00,long,whale_long,42199.97,39853.86,46892.19,43139.7815,2021-08-06 17:00:00+00:00,staircase-lock,0.020870430524002684,0.37540078768685076,1.477603166317927
2021-08-08 06:00:00+00:00,2021-08-08 07:00:00+00:00,long,whale_long,45027.97,42446.41,50191.09,43674.82,2021-08-08 17:00:00+00:00,time-exit,-0.03145132143421085,-0.5485788275306421,1.4694973481925844
2021-08-09 09:00:00+00:00,2021-08-09 10:00:00+00:00,long,whale_long,44855.11,42779.0,49007.33,45640.8577,2021-08-09 11:00:00+00:00,staircase-lock,0.016117462335952418,0.34822362302575605,1.474614485098728
2021-08-11 07:00:00+00:00,2021-08-11 08:00:00+00:00,long,breakout_long,46349.26,44589.46,49868.86000000001,46704.049,2021-08-11 16:00:00+00:00,staircase-lock,0.00625468531752167,0.16473464939197294,1.4770436861006386
2021-08-12 05:00:00+00:00,2021-08-12 06:00:00+00:00,short,breakout_short,45150.57,46743.47,41964.77,44655.057,2021-08-12 12:00:00+00:00,staircase-lock,0.00969645879524912,0.27484502579384185,1.4811032672006883
2021-08-15 07:00:00+00:00,2021-08-15 08:00:00+00:00,short,breakout_short,45738.34,47374.67,42465.67999999999,46281.82,2021-08-15 18:00:00+00:00,time-exit,-0.013142839845105602,-0.3673657987086875,1.475662200353436
2021-08-19 15:00:00+00:00,2021-08-19 16:00:00+00:00,long,breakout_long,45779.59,43927.7,49483.369999999995,46688.590599999996,2021-08-19 19:00:00+00:00,staircase-lock,0.018456023175393257,0.45624155538395994,1.4823947845285417
2021-08-20 13:00:00+00:00,2021-08-20 14:00:00+00:00,long,breakout_long,47788.79,45405.86,52554.65,48538.397899999996,2021-08-20 15:00:00+00:00,staircase-lock,0.014285852267864453,0.28649754461943827,1.4866418091877827
2021-08-22 14:00:00+00:00,2021-08-22 15:00:00+00:00,short,breakout_short,48251.21,49662.21,45429.21,49662.21,2021-08-23 01:00:00+00:00,stop,-0.029811945420874328,-1.0194631034806134,1.4714860444621967
2021-08-23 01:00:00+00:00,2021-08-23 02:00:00+00:00,long,breakout_long,49822.89,48050.0,53368.67,50234.289,2021-08-23 03:00:00+00:00,staircase-lock,0.006857228755698342,0.19270623332524606,1.4743216897923865
2021-08-24 13:00:00+00:00,2021-08-24 14:00:00+00:00,short,breakout_short,48597.18,49860.0,46071.54,48249.600000000006,2021-08-24 16:00:00+00:00,staircase-lock,0.005803790290489342,0.22334761995309144,1.47761455219699
2021-08-26 12:00:00+00:00,2021-08-26 13:00:00+00:00,short,whale_short,46943.76,49352.84,42125.60000000001,46531.020000000004,2021-08-26 17:00:00+00:00,staircase-lock,0.007470211742618039,0.14556587045454855,1.4797654546818586
2021-08-27 14:00:00+00:00,2021-08-27 15:00:00+00:00,long,breakout_long,48125.57,46348.0,51680.71,48504.33499999999,2021-08-27 20:00:00+00:00,staircase-lock,0.00647034834080913,0.1751768999251752,1.4823576619315337
2021-08-29 03:00:00+00:00,2021-08-29 04:00:00+00:00,short,breakout_short,48223.59,49632.27,45406.229999999996,47808.645,2021-08-29 05:00:00+00:00,staircase-lock,0.007279288024163734,0.24919314618592006,1.486051595627029
2021-08-30 03:00:00+00:00,2021-08-30 04:00:00+00:00,short,breakout_short,47964.02,49385.42,45121.219999999994,47645.941999999995,2021-08-30 07:00:00+00:00,staircase-lock,0.005275867590150819,0.1780299835453394,1.4886972130381992
2021-08-30 23:00:00+00:00,2021-08-31 00:00:00+00:00,short,whale_short,46982.91,48696.87,43554.990000000005,47417.58,2021-08-31 10:00:00+00:00,time-exit,-0.0105668533063054,-0.28965758703432365,1.4843850886126657
2021-09-01 16:00:00+00:00,2021-09-01 17:00:00+00:00,long,breakout_long,48473.63,46512.0,52396.88999999999,49087.763,2021-09-01 18:00:00+00:00,staircase-lock,0.011269424592298917,0.2784775508123342,1.488518767852058
2021-09-02 14:00:00+00:00,2021-09-02 15:00:00+00:00,long,whale_long,49529.96,48000.0,52589.88,48547.09,2021-09-03 01:00:00+00:00,time-exit,-0.02124394899571906,-0.687738204920394,1.478281655598129
2021-09-03 10:00:00+00:00,2021-09-03 11:00:00+00:00,long,whale_long,49853.2,48316.84,52925.92,50203.344999999994,2021-09-03 12:00:00+00:00,staircase-lock,0.0056235210578257765,0.18247710172095075,1.4809791811185369
2021-09-03 12:00:00+00:00,2021-09-03 13:00:00+00:00,long,whale_long,50645.85,48316.84,55303.87,49999.14,2021-09-03 23:00:00+00:00,time-exit,-0.014169259475356787,-0.3081198406189745,1.4764159904260743
2021-09-06 11:00:00+00:00,2021-09-06 12:00:00+00:00,long,whale_long,51400.68,50071.33,54059.38,51823.490999999995,2021-09-06 19:00:00+00:00,staircase-lock,0.006825786118004619,0.26392601496972057,1.4803126363139816
2021-09-06 22:00:00+00:00,2021-09-06 23:00:00+00:00,long,breakout_long,52591.22,50969.33,55835.0,50969.33,2021-09-07 09:00:00+00:00,stop,-0.03223955839016472,-1.045396240188915,1.4648375036709138
2021-09-07 16:00:00+00:00,2021-09-07 17:00:00+00:00,long,whale_long,47424.99,42843.05,56588.86999999999,46450.41,2021-09-08 03:00:00+00:00,time-exit,-0.021949925260922473,-0.2271908811551432,1.4615095264388327
2021-09-08 08:00:00+00:00,2021-09-08 09:00:00+00:00,short,whale_short,45983.61,51124.91,35701.009999999995,45623.061,2021-09-08 14:00:00+00:00,staircase-lock,0.00650277969292763,0.05816063744879773,1.4623595496957844
2021-09-09 12:00:00+00:00,2021-09-09 13:00:00+00:00,short,whale_short,46670.71,46779.0,46454.13,46779.0,2021-09-09 13:00:00+00:00,stop,-0.003714927638470299,-1.5,1.4404241564503477
2021-09-10 14:00:00+00:00,2021-09-10 15:00:00+00:00,short,breakout_short,45145.83,47033.0,41371.490000000005,44779.593,2021-09-10 16:00:00+00:00,staircase-lock,0.006778658524207627,0.16216247892978836,1.442759983969551
2021-09-12 08:00:00+00:00,2021-09-12 09:00:00+00:00,long,breakout_long,46123.91,44742.06,48887.610000000015,45902.87,2021-09-12 19:00:00+00:00,time-exit,-0.006192308371081355,-0.20668920215653064,1.4397779548696508
2021-09-15 10:00:00+00:00,2021-09-15 11:00:00+00:00,long,breakout_long,47605.34,46052.15,50711.71999999999,48316.7621,2021-09-15 16:00:00+00:00,staircase-lock,0.013544165927603947,0.4151292655760102,1.4457548945196264
2021-09-19 11:00:00+00:00,2021-09-19 12:00:00+00:00,short,breakout_short,47327.73,48540.0,44903.19000000001,47042.94,2021-09-19 22:00:00+00:00,time-exit,0.004653830819247263,0.18168827775909152,1.4483816616880967
2021-09-20 02:00:00+00:00,2021-09-20 03:00:00+00:00,short,breakout_short,45946.06,48333.0,41172.17999999999,45159.224200000004,2021-09-20 04:00:00+00:00,staircase-lock,0.016023589841031763,0.3084370869194178,1.4528490078928824
2021-09-20 10:00:00+00:00,2021-09-20 11:00:00+00:00,short,whale_short,44585.32,47785.0,38185.96,43294.1296,2021-09-20 12:00:00+00:00,staircase-lock,0.02842368307041794,0.3960642955774222,1.4586032240817968
2021-09-20 12:00:00+00:00,2021-09-20 13:00:00+00:00,short,whale_short,43532.0,47785.0,35026.0,43175.312,2021-09-20 14:00:00+00:00,staircase-lock,0.00686138789686115,0.07023041098663521,1.4596276071207337
2021-09-21 14:00:00+00:00,2021-09-21 15:00:00+00:00,short,whale_short,42429.75,44120.91,39047.42999999999,41566.9425,2021-09-21 18:00:00+00:00,staircase-lock,0.0193570595311406,0.48565197653764935,1.4667163174448048
2021-09-22 01:00:00+00:00,2021-09-22 02:00:00+00:00,short,whale_short,42200.0,43639.0,39322.0,41922.521,2021-09-22 03:00:00+00:00,staircase-lock,0.00521885290724773,0.15304766691164295,1.4689610925488665
2021-09-24 11:00:00+00:00,2021-09-24 12:00:00+00:00,short,whale_short,41527.5,45200.0,34182.5,41031.924,2021-09-24 13:00:00+00:00,staircase-lock,0.010677815312779405,0.12074145007527481,1.4707347374730517
2021-09-24 13:00:00+00:00,2021-09-24 14:00:00+00:00,short,whale_short,41830.86,45200.0,35092.58,42727.89,2021-09-25 00:00:00+00:00,time-exit,-0.02239401585240923,-0.2780415601488544,1.4666454836633305
2021-09-26 07:00:00+00:00,2021-09-26 08:00:00+00:00,short,both_short,41227.07,42813.34,38054.530000000006,42813.34,2021-09-26 09:00:00+00:00,stop,-0.038450835090184474,-0.9993350878611427,1.451988780730552
2021-09-27 23:00:00+00:00,2021-09-28 00:00:00+00:00,short,breakout_short,42147.35,44250.0,37942.049999999996,41699.735,2021-09-28 08:00:00+00:00,staircase-lock,0.009334240877070311,0.18710366310617035,1.4547055049271895
2021-09-30 01:00:00+00:00,2021-09-30 02:00:00+00:00,long,breakout_long,42965.41,40900.0,47096.23000000001,43378.312000000005,2021-09-30 03:00:00+00:00,staircase-lock,0.008210102638378137,0.17078954105964328,1.457189989782824
2021-10-01 07:00:00+00:00,2021-10-01 08:00:00+00:00,long,both_long,44788.42,42767.74,48829.78,47696.751599999996,2021-10-01 11:00:00+00:00,staircase-lock,0.06353490058367768,1.4082525743809018,1.4777109053275614
2021-10-03 17:00:00+00:00,2021-10-03 18:00:00+00:00,long,both_long,48910.23,47088.0,52554.69000000001,47751.99,2021-10-04 04:00:00+00:00,time-exit,-0.025080935460741124,-0.6731940106353217,1.4677630440183913
2021-10-04 16:00:00+00:00,2021-10-04 17:00:00+00:00,long,whale_long,48589.99,46891.0,51987.969999999994,49436.2993,2021-10-04 18:00:00+00:00,staircase-lock,0.01601735900748287,0.45808587101748893,1.4744866591430559
2021-10-05 09:00:00+00:00,2021-10-05 10:00:00+00:00,long,whale_long,50269.35,46891.0,57026.049999999996,50726.235,2021-10-05 19:00:00+00:00,staircase-lock,0.007688738963205278,0.114407302381341,1.4761735795537543
2021-10-06 12:00:00+00:00,2021-10-06 13:00:00+00:00,long,whale_long,52741.68,49640.36,58944.32,55470.600399999996,2021-10-06 14:00:00+00:00,staircase-lock,0.05034124904629496,0.8561135413307863,1.4888113014618616
2021-10-06 14:00:00+00:00,2021-10-06 15:00:00+00:00,long,whale_long,54500.4,50140.01,63221.18,55091.313,2021-10-06 16:00:00+00:00,staircase-lock,0.00944236079001255,0.11801981932808765,1.490568393869983
2021-10-07 07:00:00+00:00,2021-10-07 08:00:00+00:00,long,whale_long,54755.91,51091.3,62085.130000000005,53895.9,2021-10-07 18:00:00+00:00,time-exit,-0.017106249791118452,-0.25559835125702346,1.486758525630893
2021-10-08 08:00:00+00:00,2021-10-08 09:00:00+00:00,long,whale_long,55800.0,53357.0,60686.0,54686.48,2021-10-08 19:00:00+00:00,time-exit,-0.021355555555555503,-0.4877773229635682,1.479506454695638
2021-10-10 04:00:00+00:00,2021-10-10 05:00:00+00:00,long,both_long,55873.05,54080.0,59459.15000000001,55373.01,2021-10-10 15:00:00+00:00,time-exit,-0.010349574079095357,-0.32250203284905493,1.4747350163031114
2021-10-14 01:00:00+00:00,2021-10-14 02:00:00+00:00,long,whale_long,58300.03,54167.19,66565.70999999999,57563.02,2021-10-14 12:00:00+00:00,time-exit,-0.0140416744553991,-0.19807929704513164,1.47181387154954
2021-10-15 02:00:00+00:00,2021-10-15 03:00:00+00:00,long,both_long,59086.91,56818.05,63624.630000000005,59638.691000000006,2021-10-15 05:00:00+00:00,staircase-lock,0.007938464306222871,0.2067378886312964,1.474856668472164
2021-10-15 05:00:00+00:00,2021-10-15 06:00:00+00:00,long,whale_long,59550.0,56818.05,65013.899999999994,60280.350000000006,2021-10-15 14:00:00+00:00,staircase-lock,0.010864483627204114,0.23681985395047706,1.4783494218804187
2021-10-15 16:00:00+00:00,2021-10-15 17:00:00+00:00,long,whale_long,61456.48,56850.0,70669.44,62829.6436,2021-10-15 21:00:00+00:00,staircase-lock,0.020943674743493304,0.2794160678001425,1.4824801677033832
2021-10-19 13:00:00+00:00,2021-10-19 14:00:00+00:00,long,whale_long,62604.41,61034.05,65745.13,63122.44099999999,2021-10-19 17:00:00+00:00,staircase-lock,0.006874672662836213,0.27406761888992964,1.4865431657995232
2021-10-20 13:00:00+00:00,2021-10-20 14:00:00+00:00,long,both_long,66040.6,63036.5,72048.80000000002,66904.06,2021-10-20 15:00:00+00:00,staircase-lock,0.011674684360832478,0.2566502979261649,1.4903583832633487
2021-10-24 11:00:00+00:00,2021-10-24 12:00:00+00:00,short,breakout_short,60281.0,61632.29,57578.42,59851.349,2021-10-24 13:00:00+00:00,staircase-lock,0.005778635188322957,0.2577847151886686,1.4942002993769345
2021-10-25 07:00:00+00:00,2021-10-25 08:00:00+00:00,long,breakout_long,62660.65,59510.63,68960.69,63146.064999999995,2021-10-25 12:00:00+00:00,staircase-lock,0.006346727810834963,0.12625002063478813,1.4960867275632228
2021-10-26 14:00:00+00:00,2021-10-26 15:00:00+00:00,short,breakout_short,61926.36,63329.48,59120.119999999995,60600.7752,2021-10-26 22:00:00+00:00,staircase-lock,0.020474056818995903,0.9036175189816928,1.509605629332644
2021-10-27 08:00:00+00:00,2021-10-27 09:00:00+00:00,short,whale_short,59221.96,62882.99,51899.9,58663.906,2021-10-27 10:00:00+00:00,staircase-lock,0.008112731729796497,0.13123407183026065,1.5115867462685961
2021-10-28 08:00:00+00:00,2021-10-28 09:00:00+00:00,long,breakout_long,60560.37,58075.62,65529.87,61188.075,2021-10-28 10:00:00+00:00,staircase-lock,0.008964946581402856,0.21850104920011756,1.5148895791687629
2021-10-28 18:00:00+00:00,2021-10-28 19:00:00+00:00,short,whale_short,60126.36,61800.0,56779.08,59593.956000000006,2021-10-28 20:00:00+00:00,staircase-lock,0.007533858997378863,0.27065767922948825,1.5189897441466305
2021-11-01 02:00:00+00:00,2021-11-01 03:00:00+00:00,short,whale_short,60547.01,61735.3,58170.43,59784.701,2021-11-01 04:00:00+00:00,staircase-lock,0.011350904282351483,0.5783632910254042,1.5277750232212153
2021-11-02 09:00:00+00:00,2021-11-02 10:00:00+00:00,long,breakout_long,63050.63,60322.67,68506.54999999999,63543.083,2021-11-02 11:00:00+00:00,staircase-lock,0.006410437421481797,0.14816277291455995,1.530038617059516
2021-11-03 12:00:00+00:00,2021-11-03 13:00:00+00:00,short,breakout_short,62470.01,64267.36,58875.310000000005,61727.501,2021-11-03 14:00:00+00:00,staircase-lock,0.010628820023023634,0.36942303565053397,1.5356909321652825
2021-11-04 15:00:00+00:00,2021-11-04 16:00:00+00:00,short,breakout_short,61035.01,63333.0,56439.030000000006,61624.99,2021-11-05 02:00:00+00:00,time-exit,-0.010973713521089378,-0.2914637202497948,1.531214950242855
2021-11-07 17:00:00+00:00,2021-11-07 18:00:00+00:00,long,breakout_long,62445.01,61138.89,65057.25000000001,63033.601,2021-11-07 22:00:00+00:00,staircase-lock,0.008025749151133145,0.38370745873273493,1.5370903362161674
2021-11-08 01:00:00+00:00,2021-11-08 02:00:00+00:00,long,whale_long,65077.27,61468.48,72294.84999999998,65561.596,2021-11-08 06:00:00+00:00,staircase-lock,0.006042322027337855,0.10896112602839558,1.5387651671545823
2021-11-08 08:00:00+00:00,2021-11-08 09:00:00+00:00,long,whale_long,66232.0,61650.0,75396.0,65835.01,2021-11-08 19:00:00+00:00,time-exit,-0.007393930426380079,-0.10687795722392085,1.5371205663774543
2021-11-08 23:00:00+00:00,2021-11-09 00:00:00+00:00,long,whale_long,67525.82,64966.27,72644.92000000003,68424.407,2021-11-09 04:00:00+00:00,staircase-lock,0.011907309707605075,0.31413758355960614,1.5419492397810701
2021-11-09 15:00:00+00:00,2021-11-09 16:00:00+00:00,long,whale_long,66771.11,65500.0,69313.33,67291.21100000001,2021-11-09 21:00:00+00:00,staircase-lock,0.006389311874551785,0.33562905334707716,1.5471244694176398
2021-11-10 13:00:00+00:00,2021-11-10 14:00:00+00:00,long,both_long,67983.45,66222.4,71505.55,68898.345,2021-11-10 15:00:00+00:00,staircase-lock,0.012057613580952543,0.46547126430255065,1.554325889245772
2021-11-12 09:00:00+00:00,2021-11-12 10:00:00+00:00,short,breakout_short,63801.48,65474.47,60455.50000000001,63380.145000000004,2021-11-12 13:00:00+00:00,staircase-lock,0.005247744336968575,0.20012902370020993,1.5574365464730393
2021-11-12 16:00:00+00:00,2021-11-12 17:00:00+00:00,short,whale_short,63082.75,65450.7,58346.850000000006,63773.94,2021-11-13 03:00:00+00:00,time-exit,-0.012238126043333674,-0.3260265823434229,1.552358889328406
2021-11-14 16:00:00+00:00,2021-11-14 17:00:00+00:00,short,breakout_short,63705.58,65320.0,60476.740000000005,65320.0,2021-11-14 23:00:00+00:00,stop,-0.02611555419473359,-1.0305289373254407,1.536361381762733
2021-11-14 23:00:00+00:00,2021-11-15 00:00:00+00:00,long,breakout_long,65519.11,63576.27,69404.79000000001,66131.911,2021-11-15 01:00:00+00:00,staircase-lock,0.007953011663314703,0.2682023460501112,1.5404819390324287
2021-11-16 04:00:00+00:00,2021-11-16 05:00:00+00:00,short,whale_short,61205.75,66401.82,50813.609999999986,60789.202999999994,2021-11-16 06:00:00+00:00,staircase-lock,0.005452318823788561,0.06422416611960506,1.5414713007119953
2021-11-16 09:00:00+00:00,2021-11-16 10:00:00+00:00,short,whale_short,60200.0,65760.0,49080.0,58687.8851,2021-11-16 11:00:00+00:00,staircase-lock,0.0243653670331357,0.26381206751704483,1.5455378880205854
2021-11-18 15:00:00+00:00,2021-11-18 16:00:00+00:00,short,whale_short,58100.05,60976.0,52348.15000000001,57277.306899999996,2021-11-18 17:00:00+00:00,staircase-lock,0.012964207127203654,0.2619033996769379,1.5495857042926064
2021-11-18 17:00:00+00:00,2021-11-18 18:00:00+00:00,short,whale_short,57540.2,60976.0,50668.59999999999,56596.064,2021-11-18 23:00:00+00:00,staircase-lock,0.01528200813399312,0.25593160382781016,1.5535515838382892
2021-11-23 09:00:00+00:00,2021-11-23 10:00:00+00:00,short,whale_short,56622.77,59444.0,50980.30999999999,56011.931,2021-11-23 12:00:00+00:00,staircase-lock,0.009505515826619139,0.19077800689132568,1.5565154185859646
2021-11-25 12:00:00+00:00,2021-11-25 13:00:00+00:00,long,breakout_long,58654.92,56477.01,63010.73999999999,59089.476,2021-11-25 16:00:00+00:00,staircase-lock,0.006008687966840688,0.161824461065886,1.559034241273499
2021-11-26 07:00:00+00:00,2021-11-26 08:00:00+00:00,short,breakout_short,56966.32,59398.9,52101.159999999996,54454.652799999996,2021-11-26 09:00:00+00:00,staircase-lock,0.04472401458558191,1.0473499439142493,1.575362785525081
2021-11-30 15:00:00+00:00,2021-11-30 16:00:00+00:00,long,whale_long,57233.8,55875.55,59950.3,57698.37099999999,2021-11-30 17:00:00+00:00,staircase-lock,0.0067170741764480246,0.2830433867108345,1.5798217457062131
2021-12-03 15:00:00+00:00,2021-12-03 16:00:00+00:00,short,whale_short,55975.33,57600.0,52725.990000000005,54931.7584,2021-12-03 17:00:00+00:00,staircase-lock,0.017597600484604195,0.6062963520800414,1.5894001473197972
2021-12-05 15:00:00+00:00,2021-12-05 16:00:00+00:00,short,whale_short,47951.57,49699.05,44456.60999999999,48862.09,2021-12-06 02:00:00+00:00,time-exit,-0.020034487390940423,-0.5497545748968774,1.580662347296489
2021-12-08 10:00:00+00:00,2021-12-08 11:00:00+00:00,short,breakout_short,49223.47,51936.33,43797.75,48864.56800000001,2021-12-08 12:00:00+00:00,staircase-lock,0.005944831125898787,0.10786594832786989,1.582367343727262
2021-12-09 14:00:00+00:00,2021-12-09 15:00:00+00:00,short,breakout_short,48569.16,50896.08,43915.32000000001,48100.115999999995,2021-12-09 16:00:00+00:00,staircase-lock,0.008351410994518261,0.17431670053913192,1.5851256742712563
2021-12-10 12:00:00+00:00,2021-12-10 13:00:00+00:00,long,breakout_long,49092.2,47320.0,52636.59999999999,50052.704000000005,2021-12-10 14:00:00+00:00,staircase-lock,0.018165307727093197,0.5032021893691492,1.5931020613684417
2021-12-12 13:00:00+00:00,2021-12-12 14:00:00+00:00,long,breakout_long,49795.43,48385.98,52614.329999999994,50420.543000000005,2021-12-12 18:00:00+00:00,staircase-lock,0.011153621888595101,0.3940539912731961,1.5993797436263195
2021-12-13 15:00:00+00:00,2021-12-13 16:00:00+00:00,short,whale_short,47252.02,50600.0,40556.05999999999,46712.902,2021-12-13 17:00:00+00:00,staircase-lock,0.01014109414996296,0.1431272539250331,1.601668891933205
2021-12-15 15:00:00+00:00,2021-12-15 16:00:00+00:00,short,whale_short,46632.3,48850.0,42196.90000000001,48850.0,2021-12-15 19:00:00+00:00,stop,-0.04679815762538379,-0.9840400982252729,1.5859078277957819
2021-12-17 07:00:00+00:00,2021-12-17 08:00:00+00:00,short,both_short,47007.25,49436.43,42148.89,45838.0075,2021-12-17 15:00:00+00:00,staircase-lock,0.024108144087633024,0.46651856023982885,1.5933063821607454
2021-12-17 15:00:00+00:00,2021-12-17 16:00:00+00:00,short,whale_short,46528.83,48387.54,42811.41,46194.687,2021-12-17 21:00:00+00:00,staircase-lock,0.005833364304427558,0.14602580071596874,1.5956330205631541
2021-12-19 03:00:00+00:00,2021-12-19 04:00:00+00:00,long,breakout_long,47714.61,46194.44,50754.95,48038.205,2021-12-19 05:00:00+00:00,staircase-lock,0.005381885045272329,0.16892488734812672,1.5983284418456298
2021-12-21 03:00:00+00:00,2021-12-21 04:00:00+00:00,long,breakout_long,47928.48,45558.85,52667.74000000001,48761.462400000004,2021-12-21 05:00:00+00:00,staircase-lock,0.01597969574666254,0.3232076433873639,1.603494361536109
2021-12-23 17:00:00+00:00,2021-12-23 18:00:00+00:00,long,both_long,50060.01,47920.42,54339.19000000001,50705.283,2021-12-23 19:00:00+00:00,staircase-lock,0.01148998943468056,0.26883140508228315,1.6078050579586418
2021-12-26 02:00:00+00:00,2021-12-26 03:00:00+00:00,short,breakout_short,50028.49,51156.23,47773.00999999999,49651.849,2021-12-26 04:00:00+00:00,staircase-lock,0.0061856389557615864,0.2744056046978271,1.6122169651502953
2021-12-27 17:00:00+00:00,2021-12-27 18:00:00+00:00,long,both_long,51853.1,49914.73,55729.83999999999,49914.73,2021-12-28 01:00:00+00:00,stop,-0.038781950163056675,-1.0374512296413991,1.5954910004208565
2021-12-28 10:00:00+00:00,2021-12-28 11:00:00+00:00,long,whale_long,49034.56,48657.12,49789.43999999999,48657.12,2021-12-28 14:00:00+00:00,stop,-0.009097428099691206,-1.1818789317507425,1.5766342284289032
2021-12-28 16:00:00+00:00,2021-12-28 17:00:00+00:00,short,whale_short,48627.97,51365.76,43152.39,47718.7834,2021-12-28 18:00:00+00:00,staircase-lock,0.017653012990268405,0.3135485870356682,1.5815777427748627
2021-12-29 12:00:00+00:00,2021-12-29 13:00:00+00:00,short,whale_short,46824.23,48974.85,42522.99000000001,46464.66,2021-12-29 23:00:00+00:00,time-exit,0.0063385694848515205,0.1380060798419385,1.583760416217319
2021-12-29 23:00:00+00:00,2021-12-30 00:00:00+00:00,short,whale_short,46464.66,48139.08,43115.82000000001,45956.466,2021-12-30 01:00:00+00:00,staircase-lock,0.00965816099958612,0.2680111125470489,1.5880050701289026
2022-01-04 18:00:00+00:00,2022-01-04 19:00:00+00:00,short,whale_short,45750.01,47557.54,42134.950000000004,46302.8,2022-01-05 05:00:00+00:00,time-exit,-0.013338586867316858,-0.33761015450123394,1.582643803758153
2022-01-05 18:00:00+00:00,2022-01-05 19:00:00+00:00,short,whale_short,45919.93,47070.0,43619.79,44556.7972,2022-01-05 20:00:00+00:00,staircase-lock,0.029193150443048335,1.165622461958184,1.6010914554275475
2022-01-05 22:00:00+00:00,2022-01-05 23:00:00+00:00,short,whale_short,43437.04,47070.0,36171.12,42866.737,2022-01-06 04:00:00+00:00,staircase-lock,0.011904091701684672,0.14232981024006466,1.6033702858578276
2022-01-07 03:00:00+00:00,2022-01-07 04:00:00+00:00,short,both_short,41803.11,43581.3,38246.729999999996,41056.2177,2022-01-07 05:00:00+00:00,staircase-lock,0.01679194124158208,0.39475835925035646,1.6096997240909878
2022-01-07 13:00:00+00:00,2022-01-07 14:00:00+00:00,short,whale_short,41489.19,43581.3,37304.97,40671.5433,2022-01-07 16:00:00+00:00,staircase-lock,0.018703655619087448,0.3709171705478615,1.615670376761903
2022-01-10 12:00:00+00:00,2022-01-10 13:00:00+00:00,short,breakout_short,40930.01,42786.7,37216.63000000001,39701.2004,2022-01-10 15:00:00+00:00,staircase-lock,0.02955144699957242,0.6514501727304894,1.6261956642220738
2022-01-10 17:00:00+00:00,2022-01-10 18:00:00+00:00,short,whale_short,41184.44,42557.36,38438.600000000006,42304.65,2022-01-11 04:00:00+00:00,time-exit,-0.027879595032697366,-0.8363236815316437,1.6125954047741438
2022-01-11 16:00:00+00:00,2022-01-11 17:00:00+00:00,long,breakout_long,42705.24,41158.99,45797.74,43060.524000000005,2022-01-11 18:00:00+00:00,staircase-lock,0.0069194474495402735,0.19110536071140194,1.615677161039253
2022-01-12 13:00:00+00:00,2022-01-12 14:00:00+00:00,long,breakout_long,43920.96,42319.24,47124.4,44281.89599999999,2022-01-12 22:00:00+00:00,staircase-lock,0.006817853161679445,0.18695318532577243,1.618697720956397
2022-01-13 14:00:00+00:00,2022-01-13 15:00:00+00:00,long,whale_long,44154.52,43422.72,45618.11999999999,43422.72,2022-01-13 15:00:00+00:00,stop,-0.017973614660514878,-1.0844716151954112,1.60114340363681
2022-01-13 15:00:00+00:00,2022-01-13 16:00:00+00:00,short,breakout_short,43200.01,44500.0,40600.030000000006,42628.51,2022-01-13 18:00:00+00:00,staircase-lock,0.012006520659530407,0.3989890788059301,1.6075317909533424
2022-01-17 16:00:00+00:00,2022-01-17 17:00:00+00:00,short,breakout_short,42217.02,43263.15,40124.75999999999,41862.168,2022-01-17 19:00:00+00:00,staircase-lock,0.007076675168854086,0.2855822289170705,1.6121226160724977
2022-01-20 14:00:00+00:00,2022-01-20 15:00:00+00:00,long,breakout_long,42969.67,41548.0,45813.009999999995,43407.367000000006,2022-01-20 16:00:00+00:00,staircase-lock,0.008786184813613996,0.26556054639966054,1.6164037777003724
2022-01-20 22:00:00+00:00,2022-01-20 23:00:00+00:00,short,whale_short,41164.57,43505.0,36483.71,40614.436,2022-01-21 00:00:00+00:00,staircase-lock,0.012145282273524472,0.21361686626741974,1.619856688796524
2022-01-21 01:00:00+00:00,2022-01-21 02:00:00+00:00,short,whale_short,39763.0,43505.0,32279.0,39317.374,2022-01-21 03:00:00+00:00,staircase-lock,0.00993407332849834,0.10556081180146432,1.6215666226672378
2022-01-21 03:00:00+00:00,2022-01-21 04:00:00+00:00,short,whale_short,38465.65,43505.0,28386.950000000004,37762.8955,2022-01-21 13:00:00+00:00,staircase-lock,0.01720965613719956,0.1313623006129502,1.6236967498887451
2022-01-21 22:00:00+00:00,2022-01-21 23:00:00+00:00,short,whale_short,36123.85,40280.0,27811.549999999996,35814.97900000001,2022-01-22 00:00:00+00:00,staircase-lock,0.0072240731845743655,0.06278920060839638,1.6247162560983048
2022-01-24 10:00:00+00:00,2022-01-24 11:00:00+00:00,short,whale_short,33276.59,36499.0,26831.76999999999,33054.245,2022-01-24 12:00:00+00:00,staircase-lock,0.005326670054027606,0.055006475108119166,1.6256099552412933
2022-01-24 12:00:00+00:00,2022-01-24 13:00:00+00:00,short,whale_short,33114.89,36499.0,26346.67,36499.0,2022-01-24 20:00:00+00:00,stop,-0.09411788268171732,-0.9209816855947276,1.6106383852743165
2022-01-31 16:00:00+00:00,2022-01-31 17:00:00+00:00,long,breakout_long,38341.99,36632.61,41760.74999999999,38703.799,2022-01-31 20:00:00+00:00,staircase-lock,0.008036364674864306,0.18025846447249932,1.6135416972958165
2022-02-02 14:00:00+00:00,2022-02-02 15:00:00+00:00,short,breakout_short,37703.72,38900.0,35311.16,37395.712999999996,2022-02-02 16:00:00+00:00,staircase-lock,0.006836425389188451,0.21546683775943146,1.6170183445669097
2022-02-03 10:00:00+00:00,2022-02-03 11:00:00+00:00,short,breakout_short,36378.83,38437.02,32262.45000000001,36948.99,2022-02-03 21:00:00+00:00,time-exit,-0.016831003662075614,-0.297490620862033,1.6122078666542048
2022-02-04 05:00:00+00:00,2022-02-04 06:00:00+00:00,long,breakout_long,37547.01,36250.0,40141.030000000006,37977.741,2022-02-04 07:00:00+00:00,staircase-lock,0.010071778977873326,0.29156690079490444,1.6169085311653801
2022-02-04 23:00:00+00:00,2022-02-05 00:00:00+00:00,long,whale_long,41571.7,37245.0,50225.09999999999,41879.491,2022-02-05 01:00:00+00:00,staircase-lock,0.006003858875148383,0.05768613955208501,1.6178412632770978
2022-02-06 14:00:00+00:00,2022-02-06 15:00:00+00:00,long,whale_long,41306.34,41305.29,41308.43999999999,41305.29,2022-02-06 15:00:00+00:00,stop,-0.0014254198265930983,-1.5,1.5935736443279414
2022-02-06 23:00:00+00:00,2022-02-07 00:00:00+00:00,long,both_long,42380.87,41116.56,44909.49000000001,42663.587,2022-02-07 03:00:00+00:00,staircase-lock,0.00527086352875712,0.17668434323860122,1.5963892394554458
2022-02-07 14:00:00+00:00,2022-02-07 15:00:00+00:00,long,whale_long,43411.16,41426.6,47380.28000000001,43846.634,2022-02-07 16:00:00+00:00,staircase-lock,0.008631383634991453,0.18880677631313472,1.5994033305158715
2022-02-07 18:00:00+00:00,2022-02-07 19:00:00+00:00,long,whale_long,44065.25,41478.86,49238.03,44452.043,2022-02-07 20:00:00+00:00,staircase-lock,0.007377733020917777,0.125697071980636,1.6014137336714909
2022-02-08 09:00:00+00:00,2022-02-08 10:00:00+00:00,long,whale_long,43859.01,42611.77,46353.49000000001,44271.95,2022-02-08 20:00:00+00:00,time-exit,0.008015169197845463,0.28185223854269803,1.605927354128174
2022-02-10 14:00:00+00:00,2022-02-10 15:00:00+00:00,long,whale_long,44354.92,43542.14,45980.479999999996,45577.6747,2022-02-10 16:00:00+00:00,staircase-lock,0.026167509985363616,1.42800980831222,1.6288601542594932
2022-02-14 01:00:00+00:00,2022-02-14 02:00:00+00:00,short,breakout_short,41670.16,42760.0,39490.48000000001,42535.39,2022-02-14 12:00:00+00:00,time-exit,-0.021741414525645528,-0.8312855299034503,1.615319675494771
2022-02-15 01:00:00+00:00,2022-02-15 02:00:00+00:00,long,breakout_long,43465.97,41734.7,46928.51000000001,43750.37,2022-02-15 05:00:00+00:00,staircase-lock,0.005143049654706978,0.12912350008953158,1.6174054327974048
2022-02-15 23:00:00+00:00,2022-02-16 00:00:00+00:00,long,breakout_long,44544.85,43397.1,46840.35,44111.61,2022-02-16 10:00:00+00:00,time-exit,-0.011125927913103227,-0.4318037813112579,1.6104214149794518
2022-02-17 13:00:00+00:00,2022-02-17 14:00:00+00:00,short,breakout_short,42239.99,44376.58,37966.80999999999,41877.848,2022-02-17 15:00:00+00:00,staircase-lock,0.007247579025550689,0.14328329982049448,1.6127288799238502
2022-02-18 14:00:00+00:00,2022-02-18 15:00:00+00:00,short,whale_short,40483.82,41868.83,37713.799999999996,39717.6674,2022-02-18 16:00:00+00:00,staircase-lock,0.017889969682358522,0.5229235257695313,1.6211622186438512
2022-02-18 16:00:00+00:00,2022-02-18 17:00:00+00:00,short,whale_short,39933.42,41204.22,37391.81999999999,40125.12,2022-02-19 03:00:00+00:00,time-exit,-0.006177555805440703,-0.19412254528808726,1.618015177281771
2022-02-20 04:00:00+00:00,2022-02-20 05:00:00+00:00,short,breakout_short,39550.65,40345.62,37960.71,38748.3855,2022-02-20 07:00:00+00:00,staircase-lock,0.0193044626414179,0.9604186892194595,1.6335548974387926
2022-02-20 08:00:00+00:00,2022-02-20 09:00:00+00:00,short,whale_short,38166.84,40345.62,33809.279999999984,38397.22,2022-02-20 19:00:00+00:00,time-exit,-0.007399913535407076,-0.1296281937229621,1.6314373497317696
2022-02-21 10:00:00+00:00,2022-02-21 11:00:00+00:00,short,whale_short,38294.5,39494.35,35894.8,37414.710699999996,2022-02-21 12:00:00+00:00,staircase-lock,0.022114529005833175,0.7058089186263946,1.6429521800479785
2022-02-21 12:00:00+00:00,2022-02-21 13:00:00+00:00,short,whale_short,37539.99,39494.35,33631.27,37246.265999999996,2022-02-21 14:00:00+00:00,staircase-lock,0.006485998558889051,0.12458519466255415,1.644999055219704
2022-02-21 18:00:00+00:00,2022-02-21 19:00:00+00:00,short,whale_short,37749.99,39494.35,34261.27,36970.733700000004,2022-02-21 22:00:00+00:00,staircase-lock,0.01967765310592136,0.4258474213877869,1.6520042412782106
2022-02-22 03:00:00+00:00,2022-02-22 04:00:00+00:00,short,whale_short,36591.06,39362.15,31048.87999999999,38140.19,2022-02-22 14:00:00+00:00,time-exit,-0.04201673526010234,-0.5548130450135211,1.6428387062434224
2022-02-24 02:00:00+00:00,2022-02-24 03:00:00+00:00,short,whale_short,35924.92,39249.93,29274.899999999994,34768.7056,2022-02-24 04:00:00+00:00,staircase-lock,0.03185445627173407,0.3441700305278913,1.6484928647202244
2022-02-24 05:00:00+00:00,2022-02-24 06:00:00+00:00,short,whale_short,34683.58,39249.93,25550.880000000005,34409.494,2022-02-24 08:00:00+00:00,staircase-lock,0.0065654179163459735,0.04986744282304663,1.6493149259569808
2022-02-24 14:00:00+00:00,2022-02-24 15:00:00+00:00,short,whale_short,35639.82,38109.88,30699.700000000004,38109.88,2022-02-24 20:00:00+00:00,stop,-0.06621416367619097,-0.955386053322586,1.63355760117902
2022-02-27 01:00:00+00:00,2022-02-27 02:00:00+00:00,short,breakout_short,38240.04,39700.0,35320.12,39700.0,2022-02-27 12:00:00+00:00,stop,-0.038174811083123414,-0.9998947250685523,1.6172237448938747
2022-02-27 12:00:00+00:00,2022-02-27 13:00:00+00:00,long,breakout_long,39752.61,38189.19,42879.45,38189.19,2022-02-27 19:00:00+00:00,stop,-0.04072873841491158,-1.0355973788233488,1.6004758181820449
2022-02-28 22:00:00+00:00,2022-02-28 23:00:00+00:00,long,whale_long,43026.45,37451.56,54176.229999999996,43314.873,2022-03-01 00:00:00+00:00,staircase-lock,0.005303388264660548,0.04093102644177801,1.6011309093623793
2022-03-01 12:00:00+00:00,2022-03-01 13:00:00+00:00,long,whale_long,44641.01,40693.18,52536.670000000006,44421.2,2022-03-01 23:00:00+00:00,time-exit,-0.006323947733261547,-0.07150951636722097,1.5999859483926882
2022-03-02 14:00:00+00:00,2022-03-02 15:00:00+00:00,long,both_long,44819.39,43334.09,47789.990000000005,45341.939,2022-03-02 16:00:00+00:00,staircase-lock,0.01025899402022208,0.30956833905608316,1.6049389983182583
2022-03-03 15:00:00+00:00,2022-03-03 16:00:00+00:00,short,breakout_short,42547.34,44380.0,38882.01999999999,42104.81,2022-03-03 18:00:00+00:00,staircase-lock,0.009110200616034026,0.2115039358520448,1.6083335074677259
2022-03-06 09:00:00+00:00,2022-03-06 10:00:00+00:00,short,breakout_short,38678.3,39693.87,36647.16,38186.00000000001,2022-03-06 11:00:00+00:00,staircase-lock,0.011492159430157424,0.4376824739677797,1.6153729013528635
2022-03-07 02:00:00+00:00,2022-03-07 03:00:00+00:00,short,breakout_short,37784.36,39606.96,34139.16,39025.77,2022-03-07 13:00:00+00:00,time-exit,-0.03321000656745525,-0.6884773640662211,1.6042514245817894
2022-03-09 03:00:00+00:00,2022-03-09 04:00:00+00:00,long,breakout_long,41217.73,38139.84,47373.51000000002,41837.3611,2022-03-09 05:00:00+00:00,staircase-lock,0.013633120455687276,0.18256866814603312,1.6071802850413621
2022-03-10 01:00:00+00:00,2022-03-10 02:00:00+00:00,short,breakout_short,40930.7,42594.06,37603.979999999996,40662.455,2022-03-10 03:00:00+00:00,staircase-lock,0.005196871733396181,0.1278806739720319,1.6092355580218185
2022-03-10 04:00:00+00:00,2022-03-10 05:00:00+00:00,short,breakout_short,39540.63,42594.06,33433.77,38896.9305,2022-03-10 06:00:00+00:00,staircase-lock,0.015148850814847693,0.196171225472695,1.6123924151367321
2022-03-11 02:00:00+00:00,2022-03-11 03:00:00+00:00,short,breakout_short,38272.53,40292.44,34232.70999999999,39258.6,2022-03-11 13:00:00+00:00,time-exit,-0.02651729913955163,-0.5024402705256482,1.604291106324184
2022-03-13 12:00:00+00:00,2022-03-13 13:00:00+00:00,short,breakout_short,38498.81,39486.71,36523.009999999995,37651.7567,2022-03-13 23:00:00+00:00,staircase-lock,0.021097045934645633,0.822159290413193,1.6174809347001007
2022-03-16 03:00:00+00:00,2022-03-16 04:00:00+00:00,short,whale_short,39160.0,41718.0,34044.0,40818.21,2022-03-16 14:00:00+00:00,time-exit,-0.042024270393042726,-0.6433426225924759,1.6070749904348678
2022-03-16 14:00:00+00:00,2022-03-16 15:00:00+00:00,long,whale_long,40818.2,38828.48,44797.639999999985,41425.63879999999,2022-03-16 21:00:00+00:00,staircase-lock,0.013481567536050077,0.27656822065416287,1.6115196491404915
2022-03-18 16:00:00+00:00,2022-03-18 17:00:00+00:00,long,breakout_long,41409.65,40135.04,43958.87,41805.965,2022-03-18 19:00:00+00:00,staircase-lock,0.008170595259800418,0.2654470700841781,1.6157973808329658
2022-03-20 17:00:00+00:00,2022-03-20 18:00:00+00:00,short,breakout_short,41033.0,42359.15,38380.7,40524.446,2022-03-21 03:00:00+00:00,staircase-lock,0.011149314060949612,0.3449759106156505,1.621371492561198
2022-03-22 02:00:00+00:00,2022-03-22 03:00:00+00:00,long,both_long,41841.09,40738.48,44046.30999999998,42451.0863,2022-03-22 04:00:00+00:00,staircase-lock,0.013178881668713794,0.5001031860766794,1.6294800230536355
2022-03-22 04:00:00+00:00,2022-03-22 05:00:00+00:00,long,whale_long,42989.53,40738.48,47491.62999999999,42573.81,2022-03-22 15:00:00+00:00,time-exit,-0.011070261572992334,-0.21141482508162948,1.6260350607131564
2022-03-23 23:00:00+00:00,2022-03-24 00:00:00+00:00,long,breakout_long,42882.76,41751.47,45145.340000000004,43236.78400000001,2022-03-24 01:00:00+00:00,staircase-lock,0.006855625337548311,0.25986982648127627,1.6302606352039564
2022-03-24 14:00:00+00:00,2022-03-24 15:00:00+00:00,long,both_long,43582.11,42050.37,46645.59,43991.448,2022-03-24 16:00:00+00:00,staircase-lock,0.007992340113867803,0.22740350581691382,1.6339679050423632
2022-03-25 11:00:00+00:00,2022-03-25 12:00:00+00:00,long,breakout_long,44585.28,43468.63,46818.58,44883.558,2022-03-25 13:00:00+00:00,staircase-lock,0.005290055551966889,0.21121981641516857,1.6374191690516764
2022-03-25 13:00:00+00:00,2022-03-25 14:00:00+00:00,long,whale_long,44980.18,43579.0,47782.54,44150.85,2022-03-26 00:00:00+00:00,time-exit,-0.019837676327662576,-0.6368220014559168,1.6269917235270988
2022-03-31 16:00:00+00:00,2022-03-31 17:00:00+00:00,short,breakout_short,45688.8,47600.0,41866.40000000001,45248.880000000005,2022-04-01 00:00:00+00:00,staircase-lock,0.008322229588887021,0.19894970868603074,1.630228618821402
2022-04-03 22:00:00+00:00,2022-04-03 23:00:00+00:00,long,whale_long,46695.1,45718.23,48648.83999999999,45904.99,2022-04-04 09:00:00+00:00,time-exit,-0.01832061907994635,-0.8757389826691443,1.615952071299754
2022-04-05 12:00:00+00:00,2022-04-05 13:00:00+00:00,long,whale_long,46767.99,45118.0,50067.969999999994,45497.55,2022-04-05 23:00:00+00:00,time-exit,-0.028564733827560126,-0.8096504742452956,1.6028685076908988
2022-04-06 13:00:00+00:00,2022-04-06 14:00:00+00:00,short,whale_short,44165.9,46191.0,40115.700000000004,43808.843,2022-04-06 15:00:00+00:00,staircase-lock,0.006750340788502408,0.1472198292582681,1.605228247971156
2022-04-06 18:00:00+00:00,2022-04-06 19:00:00+00:00,short,whale_short,43837.64,46050.22,39412.479999999996,43558.145,2022-04-06 20:00:00+00:00,staircase-lock,0.005016595564388672,0.0993933373605778,1.606823737899069
2022-04-08 13:00:00+00:00,2022-04-08 14:00:00+00:00,short,breakout_short,42906.66,43970.62,40778.740000000005,42463.266,2022-04-08 19:00:00+00:00,staircase-lock,0.00904182517661274,0.36463261648216394,1.612682741336827
2022-04-10 17:00:00+00:00,2022-04-10 18:00:00+00:00,long,breakout_long,43103.61,42390.0,44530.83,43379.631,2022-04-10 21:00:00+00:00,staircase-lock,0.0050036631734558645,0.3022322360953515,1.6175567884470932
2022-04-10 22:00:00+00:00,2022-04-10 23:00:00+00:00,short,both_short,42111.93,43410.3,39515.189999999995,41790.693,2022-04-11 01:00:00+00:00,staircase-lock,0.006286807203699741,0.20390919759829532,1.6208551355151124
2022-04-11 09:00:00+00:00,2022-04-11 10:00:00+00:00,short,whale_short,41416.22,43410.3,37428.06,41012.921,2022-04-11 12:00:00+00:00,staircase-lock,0.008433461996037851,0.17515953090625375,1.6236942177671505
2022-04-12 12:00:00+00:00,2022-04-12 13:00:00+00:00,short,whale_short,40618.37,40896.83,40061.450000000004,40201.328,2022-04-12 14:00:00+00:00,staircase-lock,0.008973836406598391,1.3089944964543743,1.6449482857169706
2022-04-13 13:00:00+00:00,2022-04-13 14:00:00+00:00,long,breakout_long,40521.75,39254.63,43055.990000000005,40913.475,2022-04-13 15:00:00+00:00,staircase-lock,0.008267030668714993,0.26437476324262976,1.6492971138527988
2022-04-14 13:00:00+00:00,2022-04-14 14:00:00+00:00,short,breakout_short,40605.63,41561.31,38694.27,40339.932,2022-04-14 15:00:00+00:00,staircase-lock,0.0051864761497365085,0.22036678756490163,1.6529316169199968
2022-04-14 15:00:00+00:00,2022-04-14 16:00:00+00:00,short,breakout_short,39964.01,41561.31,36769.41000000001,39659.854999999996,2022-04-14 19:00:00+00:00,staircase-lock,0.006269090066012796,0.15685092223692274,1.6555242554050813
2022-04-17 23:00:00+00:00,2022-04-18 00:00:00+00:00,short,breakout_short,39678.11,40595.67,37842.990000000005,38743.5251,2022-04-18 05:00:00+00:00,staircase-lock,0.02272235070473745,0.9825841696686346,1.6717911746637162
2022-04-20 10:00:00+00:00,2022-04-20 11:00:00+00:00,long,breakout_long,41821.37,41167.92,43128.27000000001,42161.237,2022-04-20 12:00:00+00:00,staircase-lock,0.006726634780257102,0.4305104935343165,1.678988411100624
2022-04-20 18:00:00+00:00,2022-04-20 19:00:00+00:00,short,breakout_short,40965.94,42199.0,38499.82000000001,41462.76,2022-04-21 05:00:00+00:00,time-exit,-0.013382318591429953,-0.44460063620375734,1.671523617943083
2022-04-21 10:00:00+00:00,2022-04-21 11:00:00+00:00,long,both_long,42254.13,40820.0,45122.38999999999,42646.413,2022-04-21 12:00:00+00:00,staircase-lock,0.007883897219041215,0.23228523076708985,1.6754063204363483
2022-04-21 13:00:00+00:00,2022-04-21 14:00:00+00:00,long,whale_long,42693.0,40820.0,46439.0,40820.0,2022-04-21 20:00:00+00:00,stop,-0.045271360644602174,-1.0319114789108386,1.6581176102973678
2022-04-24 16:00:00+00:00,2022-04-24 17:00:00+00:00,short,whale_short,39490.0,39948.27,38573.46000000001,39173.389,2022-04-24 18:00:00+00:00,staircase-lock,0.006682297908919678,0.5758263565654307,1.667665488520313
2022-04-25 07:00:00+00:00,2022-04-25 08:00:00+00:00,short,whale_short,38453.92,39940.0,35481.759999999995,39940.0,2022-04-25 18:00:00+00:00,stop,-0.038607811717576365,-0.9990186956036972,1.6510051985098644
2022-04-26 13:00:00+00:00,2022-04-26 14:00:00+00:00,short,whale_short,39823.52,40797.31,37875.939999999995,39264.7295,2022-04-26 15:00:00+00:00,staircase-lock,0.01283135997918945,0.5247434464909787,1.6596687400902703
2022-04-26 15:00:00+00:00,2022-04-26 16:00:00+00:00,short,whale_short,38563.94,40797.31,34097.20000000001,38056.556,2022-04-26 18:00:00+00:00,staircase-lock,0.011932367752878271,0.2060380116505252,1.6630882885623377
2022-04-27 14:00:00+00:00,2022-04-27 15:00:00+00:00,short,whale_short,38672.62,39474.72,37068.420000000006,39474.72,2022-04-28 01:00:00+00:00,stop,-0.021719333487355927,-1.0471805642810026,1.6456727512376794
2022-04-29 16:00:00+00:00,2022-04-29 17:00:00+00:00,short,whale_short,38522.32,40216.27,35134.420000000006,38209.731999999996,2022-04-29 20:00:00+00:00,staircase-lock,0.006780847748421982,0.15420407145192688,1.6482104456228628
2022-05-02 04:00:00+00:00,2022-05-02 05:00:00+00:00,long,breakout_long,38975.11,37686.26,41552.81,38696.05,2022-05-02 15:00:00+00:00,time-exit,-0.00855995413483117,-0.2588549125189123,1.643943971915718
2022-05-03 18:00:00+00:00,2022-05-03 19:00:00+00:00,short,both_short,37763.79,38908.56,35474.25000000001,38091.4,2022-05-04 05:00:00+00:00,time-exit,-0.010000629013373107,-0.3299017740934251,1.6385205715872662
2022-05-04 07:00:00+00:00,2022-05-04 08:00:00+00:00,long,breakout_long,38701.32,37517.8,41068.35999999999,39060.132,2022-05-04 09:00:00+00:00,staircase-lock,0.007871311676190885,0.25739332837636936,1.6427380142226062
2022-05-05 16:00:00+00:00,2022-05-05 17:00:00+00:00,long,whale_long,37036.55,36514.29,38081.07000000001,36514.29,2022-05-05 18:00:00+00:00,stop,-0.015501205430851471,-1.099282292344809,1.6246796861226405
2022-05-06 13:00:00+00:00,2022-05-06 14:00:00+00:00,short,whale_short,35747.51,37162.48,32917.57,35995.93,2022-05-07 00:00:00+00:00,time-exit,-0.00830133578990726,-0.2097232338233796,1.6212723553456325
2022-05-08 02:00:00+00:00,2022-05-08 03:00:00+00:00,short,whale_short,34575.76,36146.3,31434.68,34246.576,2022-05-08 04:00:00+00:00,staircase-lock,0.008212172615446335,0.18079266330704385,1.6242034968163226
2022-05-08 17:00:00+00:00,2022-05-08 18:00:00+00:00,short,whale_short,34068.7,35820.91,30564.279999999984,33846.22,2022-05-08 19:00:00+00:00,staircase-lock,0.005173259879537385,0.100585111863301,1.625837203720483
2022-05-09 02:00:00+00:00,2022-05-09 03:00:00+00:00,short,whale_short,33496.16,34952.5,30583.48000000001,33184.616,2022-05-09 09:00:00+00:00,staircase-lock,0.007988205667349103,0.18373059529123215,1.628824364093345
2022-05-09 10:00:00+00:00,2022-05-09 11:00:00+00:00,short,whale_short,32822.21,34763.34,28939.950000000004,32460.220999999998,2022-05-09 15:00:00+00:00,staircase-lock,0.009751772503335655,0.16489092692231277,1.631510147685235
2022-05-09 15:00:00+00:00,2022-05-09 16:00:00+00:00,short,whale_short,32341.53,34763.34,27497.910000000003,31634.3394,2022-05-09 17:00:00+00:00,staircase-lock,0.020955156245178255,0.2798410339201343,1.6360757825510293
2022-05-09 17:00:00+00:00,2022-05-09 18:00:00+00:00,short,whale_short,31268.1,34479.28,24845.739999999998,30399.4521,2022-05-09 19:00:00+00:00,staircase-lock,0.027174459077175264,0.26460481937201397,1.6404049179202376
2022-05-09 23:00:00+00:00,2022-05-10 00:00:00+00:00,short,whale_short,30074.23,33838.42,22545.850000000002,29764.783000000003,2022-05-10 01:00:00+00:00,staircase-lock,0.008996413775299429,0.07187740710578462,1.6415839984412746
2022-05-10 01:00:00+00:00,2022-05-10 02:00:00+00:00,short,whale_short,30888.8,33777.0,25112.399999999998,30651.38,2022-05-10 04:00:00+00:00,staircase-lock,0.006345817643447061,0.06786742331725903,1.642698099202605
2022-05-11 07:00:00+00:00,2022-05-11 08:00:00+00:00,short,whale_short,30614.99,32383.8,27077.370000000006,30400.448,2022-05-11 09:00:00+00:00,staircase-lock,0.005657198630757044,0.09791615804334035,1.644306566069595
2022-05-11 12:00:00+00:00,2022-05-11 13:00:00+00:00,short,whale_short,29329.3,32162.59,23662.719999999998,28245.172000000002,2022-05-11 21:00:00+00:00,staircase-lock,0.03698277210703467,0.38283367320636136,1.6506015252952524
2022-05-12 04:00:00+00:00,2022-05-12 05:00:00+00:00,short,whale_short,27793.63,32162.59,19055.710000000003,26743.7452,2022-05-12 06:00:00+00:00,staircase-lock,0.03785720919596554,0.24083289048772794,1.6545767166590555
2022-05-12 06:00:00+00:00,2022-05-12 07:00:00+00:00,short,whale_short,27114.84,32162.59,17019.34,26786.483999999997,2022-05-12 08:00:00+00:00,staircase-lock,0.010858271746303117,0.058327037012040936,1.655541782232974
2022-05-18 15:00:00+00:00,2022-05-18 16:00:00+00:00,short,breakout_short,28984.98,30709.99,25534.959999999995,28773.498,2022-05-18 17:00:00+00:00,staircase-lock,0.005949888428580975,0.09997472310575056,1.6571969055456615
2022-05-19 14:00:00+00:00,2022-05-19 15:00:00+00:00,long,breakout_long,29867.7,28654.47,32294.16,30497.756400000002,2022-05-19 16:00:00+00:00,staircase-lock,0.01969490854669094,0.4848558146435558,1.6652319211022926
2022-05-20 14:00:00+00:00,2022-05-20 15:00:00+00:00,short,breakout_short,29489.32,30777.33,26913.299999999996,29113.183,2022-05-20 16:00:00+00:00,staircase-lock,0.011519817115153664,0.26374917372554774,1.669623956534814
2022-05-20 16:00:00+00:00,2022-05-20 17:00:00+00:00,short,breakout_short,28901.09,30777.33,25148.609999999997,29258.18,2022-05-21 03:00:00+00:00,time-exit,-0.013604791959035011,-0.20956451031816123,1.6661250172661473
2022-05-22 09:00:00+00:00,2022-05-22 10:00:00+00:00,long,breakout_long,30140.79,29240.0,31942.370000000003,29938.75,2022-05-22 20:00:00+00:00,time-exit,-0.008103208509133307,-0.2711365645710986,1.6616075431328723
2022-05-24 13:00:00+00:00,2022-05-24 14:00:00+00:00,short,whale_short,28960.87,30256.85,26368.91,28698.186999999998,2022-05-24 15:00:00+00:00,staircase-lock,0.007753295990440124,0.17326054202276098,1.6644864533683954
2022-05-25 02:00:00+00:00,2022-05-25 03:00:00+00:00,long,breakout_long,30114.78,28669.0,33006.34,29713.0,2022-05-25 13:00:00+00:00,time-exit,-0.01474162162233954,-0.3070596439292276,1.6593754871914321
2022-05-25 18:00:00+00:00,2022-05-25 19:00:00+00:00,short,whale_short,29885.61,30223.74,29209.35,29602.056,2022-05-25 20:00:00+00:00,staircase-lock,0.008178861684472084,0.7228884468875137,1.6713709208788223
2022-05-26 08:00:00+00:00,2022-05-26 09:00:00+00:00,short,breakout_short,29009.58,30034.37,26960.000000000007,28820.958,2022-05-26 13:00:00+00:00,staircase-lock,0.0051446124309955776,0.14563280856171615,1.6738049852923822
2022-05-26 13:00:00+00:00,2022-05-26 14:00:00+00:00,short,whale_short,28811.0,30034.37,26364.260000000002,29074.51,2022-05-27 00:00:00+00:00,time-exit,-0.010463265382632357,-0.246415343631952,1.6696804729861452
2022-05-27 06:00:00+00:00,2022-05-27 07:00:00+00:00,short,whale_short,28974.53,29787.69,27348.21,28766.081,2022-05-27 15:00:00+00:00,staircase-lock,0.005846346834662631,0.20831712301556576,1.6731587033110227
2022-05-27 17:00:00+00:00,2022-05-27 18:00:00+00:00,short,whale_short,28388.13,29682.84,25798.710000000003,28833.13,2022-05-28 04:00:00+00:00,time-exit,-0.016833634849910448,-0.36909841933080656,1.666983100984206
2022-05-29 12:00:00+00:00,2022-05-29 13:00:00+00:00,long,breakout_long,29380.43,28784.48,30572.33,29567.045000000002,2022-05-29 23:00:00+00:00,staircase-lock,0.0049516769495886025,0.24411846295830403,1.6710525145081034
2022-05-30 01:00:00+00:00,2022-05-30 02:00:00+00:00,long,breakout_long,29770.0,28932.97,31444.059999999998,30243.509500000004,2022-05-30 03:00:00+00:00,staircase-lock,0.014505592878737051,0.5159092266704929,1.6796736286129599
2022-06-01 14:00:00+00:00,2022-06-01 15:00:00+00:00,short,breakout_short,31172.48,32161.99,29193.459999999995,30640.0736,2022-06-01 16:00:00+00:00,staircase-lock,0.015976146250510206,0.5032956710605283,1.6881273532737142
2022-06-06 01:00:00+00:00,2022-06-06 02:00:00+00:00,long,breakout_long,30844.06,29531.42,33469.34000000001,31115.194,2022-06-06 03:00:00+00:00,staircase-lock,0.007390476999461116,0.17365943137493764,1.6910589456362939
2022-06-10 12:00:00+00:00,2022-06-10 13:00:00+00:00,short,whale_short,29642.6,30450.0,28027.799999999996,29296.46,2022-06-10 14:00:00+00:00,staircase-lock,0.010415079364537517,0.38237556548332824,1.6975251418423272
2022-06-10 16:00:00+00:00,2022-06-10 17:00:00+00:00,short,whale_short,29045.47,30382.8,26370.810000000005,29272.43,2022-06-11 03:00:00+00:00,time-exit,-0.009153370663111992,-0.19880205558411151,1.6941504269662875
2022-06-12 02:00:00+00:00,2022-06-12 03:00:00+00:00,short,whale_short,27427.48,29358.65,23565.139999999996,27213.748,2022-06-12 06:00:00+00:00,staircase-lock,0.006453824471366399,0.0916605692983592,1.6957032948924156
2022-06-12 14:00:00+00:00,2022-06-12 15:00:00+00:00,short,whale_short,27814.99,28794.46,25856.050000000007,27462.856,2022-06-12 20:00:00+00:00,staircase-lock,0.011422191544827,0.324367406451906,1.7012036036911775
2022-06-13 01:00:00+00:00,2022-06-13 02:00:00+00:00,short,whale_short,25771.6,28347.89,20619.019999999997,25365.2458,2022-06-13 03:00:00+00:00,staircase-lock,0.014620116785148586,0.14625053924058826,1.703691623135156
2022-06-13 03:00:00+00:00,2022-06-13 04:00:00+00:00,short,whale_short,25520.05,28347.89,19864.37,25223.248,2022-06-13 06:00:00+00:00,staircase-lock,0.010367001616920902,0.09355776833692933,1.7052855589971043
2022-06-13 07:00:00+00:00,2022-06-13 08:00:00+00:00,short,whale_short,24811.59,28347.89,17738.99,24198.989700000002,2022-06-13 09:00:00+00:00,staircase-lock,0.023915118837378582,0.16779462245689397,1.7081469364626354
2022-06-13 09:00:00+00:00,2022-06-13 10:00:00+00:00,short,whale_short,24052.82,28347.89,15462.68,23862.695,2022-06-13 11:00:00+00:00,staircase-lock,0.006567457154357538,0.0367784145058111,1.7087751658232957
2022-06-13 11:00:00+00:00,2022-06-13 12:00:00+00:00,short,whale_short,23729.43,28347.89,14492.510000000002,23366.078999999998,2022-06-13 14:00:00+00:00,staircase-lock,0.014150362557620545,0.07270389649053531,1.710017511951112
2022-06-13 14:00:00+00:00,2022-06-13 15:00:00+00:00,short,whale_short,22804.62,28141.34,12131.179999999997,22637.229,2022-06-13 16:00:00+00:00,staircase-lock,0.005994500448796082,0.02561541636522509,1.7104555400567167
2022-06-13 23:00:00+00:00,2022-06-14 00:00:00+00:00,short,whale_short,22485.27,26257.31,14941.189999999999,21785.871600000002,2022-06-14 01:00:00+00:00,staircase-lock,0.030703301297341737,0.18302351501099645,1.713586075908829
2022-06-14 01:00:00+00:00,2022-06-14 02:00:00+00:00,short,whale_short,20855.0,25849.99,10865.019999999997,22150.85,2022-06-14 12:00:00+00:00,time-exit,-0.05990114103973425,-0.2500982577309779,1.7093004269882603
2022-06-15 08:00:00+00:00,2022-06-15 09:00:00+00:00,short,whale_short,20265.07,22800.0,15195.21,20126.965,2022-06-15 10:00:00+00:00,staircase-lock,0.005461690274713616,0.043662560991976365,1.7100467513297302
2022-06-15 10:00:00+00:00,2022-06-15 11:00:00+00:00,short,whale_short,20573.59,22800.0,16120.77,20412.679,2022-06-15 12:00:00+00:00,staircase-lock,0.00648289474399706,0.059906494525334725,1.7110711803931964
2022-06-21 06:00:00+00:00,2022-06-21 07:00:00+00:00,long,breakout_long,21192.08,19832.95,23910.340000000004,21469.216999999997,2022-06-21 09:00:00+00:00,staircase-lock,0.011677385513833306,0.18207830597514318,1.7141866698124852
2022-06-21 13:00:00+00:00,2022-06-21 14:00:00+00:00,long,breakout_long,21619.31,19832.95,25192.030000000002,20587.01,2022-06-22 00:00:00+00:00,time-exit,-0.04914897996282046,-0.594822451241633,1.7039903026442493
2022-06-26 11:00:00+00:00,2022-06-26 12:00:00+00:00,long,breakout_long,21708.6,20906.62,23312.559999999998,21870.06,2022-06-26 13:00:00+00:00,staircase-lock,0.006037605372985878,0.16343045961246078,1.7067751418276127
2022-06-27 13:00:00+00:00,2022-06-27 14:00:00+00:00,short,breakout_short,20737.82,21539.85,19133.760000000002,20604.782,2022-06-27 15:00:00+00:00,staircase-lock,0.005056656517889847,0.1307482671094929,1.709006720749008
2022-06-28 18:00:00+00:00,2022-06-28 19:00:00+00:00,short,breakout_short,20349.07,21212.1,18623.010000000002,20216.715999999997,2022-06-28 21:00:00+00:00,staircase-lock,0.005146760611367386,0.12135359368035627,1.7110806618208756
2022-06-29 06:00:00+00:00,2022-06-29 07:00:00+00:00,short,breakout_short,19941.82,21129.19,17567.08,20081.37,2022-06-29 17:00:00+00:00,time-exit,-0.008349227069667052,-0.14022485271013074,1.7086813014830857
2022-06-30 06:00:00+00:00,2022-06-30 07:00:00+00:00,short,both_short,19420.33,20432.31,17396.370000000003,19162.651,2022-06-30 09:00:00+00:00,staircase-lock,0.01204693904825589,0.23118592443231628,1.7126315321455217
2022-06-30 09:00:00+00:00,2022-06-30 10:00:00+00:00,short,whale_short,19154.16,20432.31,16597.859999999997,19004.508,2022-06-30 11:00:00+00:00,staircase-lock,0.0064745527113881495,0.09702665458855557,1.714293241226591
2022-06-30 13:00:00+00:00,2022-06-30 14:00:00+00:00,short,whale_short,18868.3,20432.31,15740.279999999995,18650.23,2022-06-30 21:00:00+00:00,staircase-lock,0.010292617195605548,0.12417068243287696,1.7164218908431226
2022-07-01 03:00:00+00:00,2022-07-01 04:00:00+00:00,short,whale_short,19730.77,20918.35,17355.610000000004,19392.3616,2022-07-01 05:00:00+00:00,staircase-lock,0.016050602818792406,0.26666898447173676,1.7209990556686845
2022-07-03 04:00:00+00:00,2022-07-03 05:00:00+00:00,short,whale_short,19263.58,19467.39,18855.960000000006,19053.358,2022-07-03 06:00:00+00:00,staircase-lock,0.009633330712622913,0.9105168384724529,1.7366690418604998
2022-07-04 11:00:00+00:00,2022-07-04 12:00:00+00:00,long,breakout_long,19806.48,19011.66,21396.12,20119.4622,2022-07-04 16:00:00+00:00,staircase-lock,0.014402010251190657,0.3588902242017096,1.7429017772784745
2022-07-06 13:00:00+00:00,2022-07-06 14:00:00+00:00,long,whale_long,20228.35,19543.79,21597.469999999994,20379.882999999998,2022-07-06 18:00:00+00:00,staircase-lock,0.006091120135848961,0.1799890586654212,1.746038809780861
2022-07-07 14:00:00+00:00,2022-07-07 15:00:00+00:00,long,both_long,20918.97,20185.85,22385.210000000006,21171.897,2022-07-07 17:00:00+00:00,staircase-lock,0.01069079605735841,0.3050529817765142,1.7513651532330727
2022-07-08 01:00:00+00:00,2022-07-08 02:00:00+00:00,long,whale_long,22137.21,20251.68,25908.269999999997,21380.0,2022-07-08 12:00:00+00:00,time-exit,-0.03560530410110389,-0.41802681155961374,1.7440439773242464
2022-07-08 12:00:00+00:00,2022-07-08 13:00:00+00:00,long,whale_long,21380.01,20837.67,22464.69,21823.0248,2022-07-08 15:00:00+00:00,staircase-lock,0.019320981889157166,0.7616675627834918,1.7573277945802042
2022-07-08 15:00:00+00:00,2022-07-08 16:00:00+00:00,long,whale_long,21964.3,21189.26,23514.38,21586.37,2022-07-09 02:00:00+00:00,time-exit,-0.018606557914433927,-0.52730184248555,1.748061372740872
2022-07-10 14:00:00+00:00,2022-07-10 15:00:00+00:00,short,breakout_short,20863.92,21916.61,18758.539999999994,20675.892,2022-07-10 17:00:00+00:00,staircase-lock,0.007694069556950579,0.15249356573222123,1.750727053859352
2022-07-11 13:00:00+00:00,2022-07-11 14:00:00+00:00,short,whale_short,20377.32,21180.92,18770.120000000003,20176.341,2022-07-11 22:00:00+00:00,staircase-lock,0.00856112228674173,0.217089009950309,1.7545276898875073
2022-07-11 22:00:00+00:00,2022-07-11 23:00:00+00:00,short,both_short,20007.25,20762.02,18497.71,19808.539,2022-07-12 01:00:00+00:00,staircase-lock,0.00863158284414618,0.22880378904638973,1.7585421157218382
2022-07-12 07:00:00+00:00,2022-07-12 08:00:00+00:00,short,whale_short,19731.0,20762.02,17668.96,19575.408,2022-07-12 10:00:00+00:00,staircase-lock,0.006548340080574656,0.12531793576246678,1.7607458844007744
2022-07-13 12:00:00+00:00,2022-07-13 13:00:00+00:00,short,both_short,19165.01,20007.23,17480.569999999996,18942.035,2022-07-13 14:00:00+00:00,staircase-lock,0.010371438496444464,0.23600570219033368,1.7649013450890418
2022-07-13 15:00:00+00:00,2022-07-13 16:00:00+00:00,short,whale_short,19454.99,20128.39,18108.190000000006,19252.499,2022-07-13 17:00:00+00:00,staircase-lock,0.00911764760512408,0.2634151217422238,1.7695503621158382
2022-07-18 05:00:00+00:00,2022-07-18 06:00:00+00:00,long,whale_long,21862.0,20750.01,24085.980000000003,22323.4939,2022-07-18 07:00:00+00:00,staircase-lock,0.01970940902021774,0.38749188391981915,1.776407226150911
2022-07-19 15:00:00+00:00,2022-07-19 16:00:00+00:00,long,whale_long,23128.31,21388.0,26608.930000000004,23410.073,2022-07-19 17:00:00+00:00,staircase-lock,0.01078260218753553,0.14329824341640263,1.7789527865019075
2022-07-20 13:00:00+00:00,2022-07-20 14:00:00+00:00,long,whale_long,23781.35,22922.0,25500.049999999996,24170.452700000005,2022-07-20 15:00:00+00:00,staircase-lock,0.014961674169044438,0.41404411473788966,1.7863184358183843
2022-07-24 05:00:00+00:00,2022-07-24 06:00:00+00:00,long,breakout_long,22748.92,21934.57,24377.619999999995,22895.071000000004,2022-07-24 16:00:00+00:00,staircase-lock,0.0050245247686485205,0.14036042487874242,1.7888257199645865
2022-07-25 01:00:00+00:00,2022-07-25 02:00:00+00:00,short,breakout_short,22205.55,23014.64,20587.37,21886.9785,2022-07-25 03:00:00+00:00,staircase-lock,0.013155298256449411,0.36104837928846006,1.7952842462348138
2022-07-25 22:00:00+00:00,2022-07-25 23:00:00+00:00,short,whale_short,21661.66,22259.98,20465.02,21278.816199999997,2022-07-26 00:00:00+00:00,staircase-lock,0.016591780952551385,0.6006911314825586,1.8060683594868496
2022-07-27 18:00:00+00:00,2022-07-27 19:00:00+00:00,long,breakout_long,22554.45,20919.46,25824.430000000004,23073.5574,2022-07-27 20:00:00+00:00,staircase-lock,0.021615741904590882,0.29818602560260266,1.8114538029476697
2022-07-28 15:00:00+00:00,2022-07-28 16:00:00+00:00,long,whale_long,23747.85,22554.45,26134.649999999994,23925.141,2022-07-28 17:00:00+00:00,staircase-lock,0.00606556004017207,0.12070052790346952,1.8136402372505551
2022-07-29 13:00:00+00:00,2022-07-29 14:00:00+00:00,long,whale_long,23695.41,23434.38,24217.469999999998,24217.469999999998,2022-07-29 14:00:00+00:00,target,0.020632115080515392,1.8729127916331358,1.8476081372482263
2022-07-29 14:00:00+00:00,2022-07-29 15:00:00+00:00,long,whale_long,24034.81,23414.03,25276.370000000006,23917.35,2022-07-30 01:00:00+00:00,time-exit,-0.0062870783667522846,-0.24341752955958776,1.8431107351645948
2022-07-31 18:00:00+00:00,2022-07-31 19:00:00+00:00,long,whale_long,23748.65,23502.25,24241.450000000004,23959.465999999997,2022-07-31 20:00:00+00:00,staircase-lock,0.007476967743429498,0.7206489042207627,1.8563930924811338
2022-08-04 16:00:00+00:00,2022-08-04 17:00:00+00:00,short,breakout_short,22585.47,23486.48,20783.450000000004,22418.547000000002,2022-08-04 19:00:00+00:00,staircase-lock,0.006045754624507916,0.15154794031052382,1.8592064179768557
2022-08-05 12:00:00+00:00,2022-08-05 13:00:00+00:00,short,whale_short,23018.93,23441.1,22174.590000000004,22821.893,2022-08-05 18:00:00+00:00,staircase-lock,0.007233683454742247,0.394418488018738,1.8665394718197872
2022-08-08 05:00:00+00:00,2022-08-08 06:00:00+00:00,long,breakout_long,23430.31,22890.52,24509.890000000003,23767.4815,2022-08-08 07:00:00+00:00,staircase-lock,0.012990398590543585,0.5638656996239256,1.8770642476713204
2022-08-08 08:00:00+00:00,2022-08-08 09:00:00+00:00,long,whale_long,24133.46,22994.0,26412.379999999997,23926.83,2022-08-08 19:00:00+00:00,time-exit,-0.009961971636060317,-0.2109919119582929,1.8731037939264732
2022-08-09 09:00:00+00:00,2022-08-09 10:00:00+00:00,short,breakout_short,23472.62,24222.61,21972.639999999996,23211.556999999997,2022-08-09 12:00:00+00:00,staircase-lock,0.009847112806779924,0.308187491847462,1.878876465528675
2022-08-10 12:00:00+00:00,2022-08-10 13:00:00+00:00,long,breakout_long,23983.92,22664.69,26622.379999999997,24158.592,2022-08-10 14:00:00+00:00,staircase-lock,0.005882879529284747,0.10695217058435835,1.8808859646911567
2022-08-11 01:00:00+00:00,2022-08-11 02:00:00+00:00,long,whale_long,24438.33,22829.17,27656.65000000001,24637.833000000002,2022-08-11 06:00:00+00:00,staircase-lock,0.006763528358934524,0.10271777697680777,1.8828179689415563
2022-08-11 07:00:00+00:00,2022-08-11 08:00:00+00:00,long,whale_long,24431.88,23004.58,27286.48,24659.868,2022-08-11 12:00:00+00:00,staircase-lock,0.007931578249401895,0.13576919218103922,1.8853742556882276
2022-08-12 23:00:00+00:00,2022-08-13 00:00:00+00:00,long,breakout_long,24401.7,23583.0,26039.100000000002,24580.188000000002,2022-08-13 02:00:00+00:00,staircase-lock,0.005914572345369363,0.17628633198973917,1.8886979128078591
2022-08-14 07:00:00+00:00,2022-08-14 08:00:00+00:00,long,whale_long,24873.32,24291.22,26037.519999999997,24291.22,2022-08-14 17:00:00+00:00,stop,-0.024802585581659306,-1.0598224497509012,1.8686810683199446
2022-08-15 02:00:00+00:00,2022-08-15 03:00:00+00:00,long,whale_long,24918.29,24144.0,26466.870000000003,25182.017,2022-08-15 04:00:00+00:00,staircase-lock,0.009183671672494299,0.29554997998165766,1.8742039548432854
2022-08-16 14:00:00+00:00,2022-08-16 15:00:00+00:00,short,whale_short,23716.08,24247.49,22653.260000000002,23942.92,2022-08-17 01:00:00+00:00,time-exit,-0.010874199471075196,-0.48530020999224155,1.8651084391147479
2022-08-17 06:00:00+00:00,2022-08-17 07:00:00+00:00,long,breakout_long,24403.86,23671.22,25869.14,23671.22,2022-08-17 12:00:00+00:00,stop,-0.03142148020845885,-1.0466332769163589,1.8455875935403976
2022-08-17 12:00:00+00:00,2022-08-17 13:00:00+00:00,short,whale_short,23671.25,24446.71,22120.33,23356.565,2022-08-17 14:00:00+00:00,staircase-lock,0.012073085618540326,0.3685361307454582,1.8523892506471495
2022-08-18 23:00:00+00:00,2022-08-19 00:00:00+00:00,short,breakout_short,23191.45,23600.0,22374.350000000002,22908.445,2022-08-19 01:00:00+00:00,staircase-lock,0.010953741164011778,0.621792046305523,1.863907259674292
2022-08-19 01:00:00+00:00,2022-08-19 02:00:00+00:00,short,breakout_short,22760.42,23600.0,21081.259999999995,21487.139799999997,2022-08-19 07:00:00+00:00,staircase-lock,0.05785777985583736,1.5684834914914538,1.8931423373389942
2022-08-19 07:00:00+00:00,2022-08-19 08:00:00+00:00,short,whale_short,21907.37,23600.0,18522.109999999997,21700.73,2022-08-19 09:00:00+00:00,staircase-lock,0.008122260311058739,0.10512478324895504,1.895132499117716
2022-08-19 11:00:00+00:00,2022-08-19 12:00:00+00:00,short,whale_short,21467.91,23487.3,17429.13,21285.984,2022-08-19 13:00:00+00:00,staircase-lock,0.007146750763319233,0.07597631075689622,1.8965723508745005
2022-08-22 07:00:00+00:00,2022-08-22 08:00:00+00:00,short,breakout_short,21098.01,21800.0,19694.029999999995,20910.963,2022-08-22 09:00:00+00:00,staircase-lock,0.00754492520502288,0.22675950857537058,1.90087300901712
2022-08-26 11:00:00+00:00,2022-08-26 12:00:00+00:00,short,breakout_short,21191.27,21685.0,20203.81,21685.0,2022-08-26 12:00:00+00:00,stop,-0.024168272999769355,-1.0373207999753364,1.8811548579134683
2022-08-26 14:00:00+00:00,2022-08-26 15:00:00+00:00,short,whale_short,21159.93,21886.77,19706.25,20671.856699999997,2022-08-26 16:00:00+00:00,staircase-lock,0.02221052067471059,0.6465976868917902,1.8933183617115894
2022-08-26 16:00:00+00:00,2022-08-26 17:00:00+00:00,short,whale_short,20722.72,21886.77,18394.620000000003,20553.097,2022-08-26 19:00:00+00:00,staircase-lock,0.00685291682319218,0.12199740261183037,1.8956281609360504
2022-08-26 23:00:00+00:00,2022-08-27 00:00:00+00:00,short,whale_short,20239.14,21886.77,16943.879999999997,19942.3398,2022-08-27 06:00:00+00:00,staircase-lock,0.013482917600270717,0.165621320879289,1.8987677253351525
2022-08-28 23:00:00+00:00,2022-08-29 00:00:00+00:00,short,both_short,19555.61,20155.62,18355.590000000004,19827.53,2022-08-29 10:00:00+00:00,time-exit,-0.015114264963916256,-0.4926062416809906,1.8894142770051272
2022-08-30 14:00:00+00:00,2022-08-30 15:00:00+00:00,short,both_short,19832.33,20576.25,18344.490000000005,19668.233,2022-08-30 16:00:00+00:00,staircase-lock,0.00694325076380793,0.18510167816511353,1.8929116145393552
2022-08-30 16:00:00+00:00,2022-08-30 17:00:00+00:00,short,whale_short,19615.37,20576.25,17693.609999999997,20402.87,2022-08-31 03:00:00+00:00,time-exit,-0.03999751103643749,-0.8165077616963659,1.8774558442845894
2022-08-31 14:00:00+00:00,2022-08-31 15:00:00+00:00,short,whale_short,20106.97,20490.0,19340.910000000003,19893.697,2022-08-31 16:00:00+00:00,staircase-lock,0.009320631765930744,0.4892819447526749,1.886641896751378
2022-09-01 14:00:00+00:00,2022-09-01 15:00:00+00:00,short,both_short,19693.1,20328.46,18422.379999999997,20050.84,2022-09-02 01:00:00+00:00,time-exit,-0.01924164653450937,-0.5963983715826399,1.875389995201557
2022-09-02 13:00:00+00:00,2022-09-02 14:00:00+00:00,short,whale_short,20266.11,20355.0,20088.33,20355.0,2022-09-02 14:00:00+00:00,stop,-0.005766985998526141,-1.3148202566609448,1.8507319876532542
2022-09-02 17:00:00+00:00,2022-09-02 18:00:00+00:00,short,both_short,19802.19,20441.26,18524.05,19923.46,2022-09-03 04:00:00+00:00,time-exit,-0.007486794161255127,-0.23198541704674722,1.8464385593332793
2022-09-04 23:00:00+00:00,2022-09-05 00:00:00+00:00,long,breakout_long,20000.3,19583.1,20834.7,19691.07,2022-09-05 10:00:00+00:00,time-exit,-0.016861268080978806,-0.8083183604985613,1.8315134574428633
2022-09-06 01:00:00+00:00,2022-09-06 02:00:00+00:00,short,whale_short,19771.81,20174.58,18966.27,19854.93,2022-09-06 12:00:00+00:00,time-exit,-0.005586365804361936,-0.27423234916786565,1.8264908550631922
2022-09-06 13:00:00+00:00,2022-09-06 14:00:00+00:00,short,whale_short,19780.65,20180.0,18981.950000000004,18981.950000000004,2022-09-06 17:00:00+00:00,target,0.040676815079588716,2.014808669598271,1.8632911511604249
2022-09-06 17:00:00+00:00,2022-09-06 18:00:00+00:00,short,whale_short,19102.3,20180.0,16946.899999999998,18960.775,2022-09-06 19:00:00+00:00,staircase-lock,0.006064093635412894,0.10748643950241035,1.8652939364763705
2022-09-08 14:00:00+00:00,2022-09-08 15:00:00+00:00,short,whale_short,19314.44,19464.06,19015.199999999993,19115.261,2022-09-08 17:00:00+00:00,staircase-lock,0.00901989434515167,1.1643778113605678,1.8870130051893554
2022-09-09 03:00:00+00:00,2022-09-09 04:00:00+00:00,long,breakout_long,19949.59,19012.0,21824.77,20419.2307,2022-09-09 05:00:00+00:00,staircase-lock,0.022141371025670223,0.4711134653739911,1.8959029775501608
2022-09-09 12:00:00+00:00,2022-09-09 13:00:00+00:00,long,whale_long,21075.04,19093.13,25038.86,21311.452,2022-09-09 16:00:00+00:00,staircase-lock,0.009817629954676233,0.10439774964554385,1.897882257594186
2022-09-09 16:00:00+00:00,2022-09-09 17:00:00+00:00,long,whale_long,21297.42,19251.9,25388.459999999992,21567.239999999998,2022-09-10 00:00:00+00:00,staircase-lock,0.011269140205715079,0.1173313445969733,1.9001090683658888
2022-09-12 01:00:00+00:00,2022-09-12 02:00:00+00:00,long,whale_long,22044.75,21350.0,23434.25,22213.356,2022-09-12 08:00:00+00:00,staircase-lock,0.006248351648351648,0.19826318819719319,1.9038762851840552
2022-09-12 08:00:00+00:00,2022-09-12 09:00:00+00:00,long,whale_long,22227.66,21455.0,23772.98,22448.178,2022-09-12 12:00:00+00:00,staircase-lock,0.00852088236008648,0.245126285817824,1.9085431864084934
2022-09-14 18:00:00+00:00,2022-09-14 19:00:00+00:00,short,both_short,19777.83,20541.48,18250.530000000006,20145.89,2022-09-15 05:00:00+00:00,time-exit,-0.019669731443981806,-0.5094278853463338,1.898820535213051
2022-09-15 14:00:00+00:00,2022-09-15 15:00:00+00:00,short,whale_short,19706.02,20393.37,18331.320000000003,19517.902,2022-09-15 16:00:00+00:00,staircase-lock,0.008238228535013837,0.23618636251626351,1.9033052903658823
2022-09-19 02:00:00+00:00,2022-09-19 03:00:00+00:00,short,whale_short,18766.39,20102.16,16094.849999999999,18412.6273,2022-09-19 06:00:00+00:00,staircase-lock,0.017813048427912273,0.25025761462458995,1.9080684567845754
2022-09-21 17:00:00+00:00,2022-09-21 18:00:00+00:00,long,breakout_long,19867.91,18785.01,22033.710000000003,18785.01,2022-09-21 18:00:00+00:00,stop,-0.055904978128046776,-1.0256857272139628,1.8884976709578642
2022-09-21 18:00:00+00:00,2022-09-21 19:00:00+00:00,short,whale_short,19637.81,19897.0,19119.430000000004,19119.430000000004,2022-09-21 19:00:00+00:00,target,0.025712732963273435,1.9481529554130301,1.9252884941475363
2022-09-23 13:00:00+00:00,2022-09-23 14:00:00+00:00,short,whale_short,18640.69,19550.17,16821.73,19146.12,2022-09-24 00:00:00+00:00,time-exit,-0.027798560126020375,-0.5697589191136769,1.9143189912334615
2022-09-26 08:00:00+00:00,2022-09-26 09:00:00+00:00,long,breakout_long,19273.55,18629.2,20562.249999999996,19202.77,2022-09-26 19:00:00+00:00,time-exit,-0.0050723904003154175,-0.15172339567005422,1.9114145214560054
2022-09-27 01:00:00+00:00,2022-09-27 02:00:00+00:00,long,breakout_long,19765.26,18680.72,21934.339999999993,20074.1967,2022-09-27 03:00:00+00:00,staircase-lock,0.014230287686577482,0.2593406753093506,1.9163715967839103
2022-09-27 14:00:00+00:00,2022-09-27 15:00:00+00:00,long,whale_long,20204.36,19067.53,22478.020000000004,19067.53,2022-09-27 16:00:00+00:00,stop,-0.057666568206070454,-1.0248815601277235,1.8967310576649468
2022-09-27 17:00:00+00:00,2022-09-27 18:00:00+00:00,long,whale_long,18957.95,18918.77,19036.31,18918.77,2022-09-27 18:00:00+00:00,stop,-0.003466679150435569,-1.5,1.8682800917999725
2022-09-28 10:00:00+00:00,2022-09-28 11:00:00+00:00,long,whale_long,19005.13,18471.28,20072.830000000005,19180.513,2022-09-28 14:00:00+00:00,staircase-lock,0.007828192598524698,0.27868468296337756,1.873486702250673
2022-09-29 12:00:00+00:00,2022-09-29 13:00:00+00:00,short,breakout_short,19211.63,19790.0,18054.890000000003,18937.6241,2022-09-29 14:00:00+00:00,staircase-lock,0.013068863599420567,0.434106492370864,1.8816196296588477
2022-09-29 14:00:00+00:00,2022-09-29 15:00:00+00:00,long,whale_long,19197.36,18917.0,19758.08,19322.136,2022-09-29 16:00:00+00:00,staircase-lock,0.00509964370100875,0.34919280924524587,1.8881901101029632
2022-09-30 13:00:00+00:00,2022-09-30 14:00:00+00:00,long,whale_long,19472.09,19117.5,20181.27,20034.794,2022-09-30 15:00:00+00:00,staircase-lock,0.027497976539755234,1.5100343326094992,1.916702429030455
2022-10-02 10:00:00+00:00,2022-10-02 11:00:00+00:00,short,breakout_short,19100.64,19395.91,18510.1,19196.55,2022-10-02 21:00:00+00:00,time-exit,-0.006396210256530409,-0.413762689993209,1.9087718295009335
2022-10-03 14:00:00+00:00,2022-10-03 15:00:00+00:00,long,breakout_long,19416.25,18920.35,20408.050000000003,19579.824999999997,2022-10-03 18:00:00+00:00,staircase-lock,0.007024644305671691,0.27503982657793424,1.9140217122305612
2022-10-04 06:00:00+00:00,2022-10-04 07:00:00+00:00,long,breakout_long,19839.67,19131.0,21257.009999999995,20130.1369,2022-10-04 09:00:00+00:00,staircase-lock,0.013240712269911926,0.3706822103376807,1.9211166502198007
2022-10-07 12:00:00+00:00,2022-10-07 13:00:00+00:00,short,breakout_short,19617.91,20256.0,18341.73,19340.8537,2022-10-07 17:00:00+00:00,staircase-lock,0.012924926101891844,0.3973734692967527,1.9287506581020168
2022-10-10 08:00:00+00:00,2022-10-10 09:00:00+00:00,short,breakout_short,19235.9,19555.89,18595.920000000006,19111.979,2022-10-10 17:00:00+00:00,staircase-lock,0.005083943918105028,0.3056165405615086,1.9346452391393656
2022-10-13 10:00:00+00:00,2022-10-13 11:00:00+00:00,short,both_short,18689.44,19238.31,17591.699999999993,18224.9608,2022-10-13 13:00:00+00:00,staircase-lock,0.024085881977864057,0.8201425584790013,1.9505120881011353
2022-10-13 13:00:00+00:00,2022-10-13 14:00:00+00:00,short,whale_short,18430.95,19238.31,16816.23,19238.31,2022-10-13 18:00:00+00:00,stop,-0.04336626418848648,-0.9899938651218593,1.9312021380904738
2022-10-20 14:00:00+00:00,2022-10-20 15:00:00+00:00,long,breakout_long,19325.61,18900.0,20176.83,19065.24,2022-10-21 01:00:00+00:00,time-exit,-0.014872795942792937,-0.6753268344258787,1.9181602118249426
2022-10-21 12:00:00+00:00,2022-10-21 13:00:00+00:00,short,whale_short,18879.27,19256.55,18124.710000000003,19164.37,2022-10-21 23:00:00+00:00,time-exit,-0.016276565209291924,-0.8144870368395614,1.9025370455538142
2022-10-23 17:00:00+00:00,2022-10-23 18:00:00+00:00,long,breakout_long,19474.75,19070.11,20284.03,19672.975,2022-10-23 23:00:00+00:00,staircase-lock,0.008778564551534652,0.4224998764333721,1.9105752622203782
2022-10-25 13:00:00+00:00,2022-10-25 14:00:00+00:00,long,both_long,19478.39,19223.0,19989.17,19787.7173,2022-10-25 16:00:00+00:00,staircase-lock,0.014480537354473478,1.1044189435765037,1.9316760173476266
2022-10-25 16:00:00+00:00,2022-10-25 17:00:00+00:00,long,whale_long,19813.64,19237.0,20966.92,20166.4169,2022-10-25 18:00:00+00:00,staircase-lock,0.01640474965730683,0.5636754370144306,1.942564400580114
2022-10-25 18:00:00+00:00,2022-10-25 19:00:00+00:00,long,whale_long,20273.8,19237.0,22347.399999999998,20401.663,2022-10-25 20:00:00+00:00,staircase-lock,0.004906809774191402,0.09594876543210042,1.9444282671401942
2022-10-26 08:00:00+00:00,2022-10-26 09:00:00+00:00,long,whale_long,20671.04,19260.82,23491.480000000003,20995.572799999998,2022-10-26 15:00:00+00:00,staircase-lock,0.014299877703298837,0.20960796471472407,1.9485039436562845
2022-10-27 12:00:00+00:00,2022-10-27 13:00:00+00:00,long,whale_long,20723.78,20451.71,21267.92,20451.71,2022-10-27 13:00:00+00:00,stop,-0.014528396460491243,-1.1066390708273588,1.9269410377191722
2022-10-27 14:00:00+00:00,2022-10-27 15:00:00+00:00,long,whale_long,20567.12,20430.0,20841.359999999997,20430.0,2022-10-27 20:00:00+00:00,stop,-0.008066951911594721,-1.2099910151691893,1.9036252242951623
2022-10-28 13:00:00+00:00,2022-10-28 14:00:00+00:00,long,whale_long,20471.97,20000.09,21415.730000000003,20722.197,2022-10-28 17:00:00+00:00,staircase-lock,0.010822907712350128,0.46953937865559037,1.912563494345249
2022-10-31 13:00:00+00:00,2022-10-31 14:00:00+00:00,short,breakout_short,20333.74,20845.92,19309.38000000001,20456.57,2022-11-01 00:00:00+00:00,time-exit,-0.007404427917290056,-0.2939585929144412,1.9069413496086762
2022-11-04 06:00:00+00:00,2022-11-04 07:00:00+00:00,long,breakout_long,20606.08,20031.24,21755.760000000002,20757.406,2022-11-04 13:00:00+00:00,staircase-lock,0.005943754852936479,0.21306361422308348,1.9110043477692669
2022-11-04 13:00:00+00:00,2022-11-04 14:00:00+00:00,short,whale_short,20760.25,20774.22,20732.309999999998,20774.22,2022-11-04 14:00:00+00:00,stop,-0.0020724680878512636,-1.5,1.8823392825527279
2022-11-04 15:00:00+00:00,2022-11-04 16:00:00+00:00,short,whale_short,20837.54,21302.05,19908.520000000004,20686.367,2022-11-04 17:00:00+00:00,staircase-lock,0.005907856425442072,0.2650216240326508,1.8873278886891538
2022-11-06 23:00:00+00:00,2022-11-07 00:00:00+00:00,short,breakout_short,20905.58,21310.0,20096.740000000005,20641.961,2022-11-07 08:00:00+00:00,staircase-lock,0.011371025000967828,0.5877994976502994,1.898421592537883
2022-11-08 04:00:00+00:00,2022-11-08 05:00:00+00:00,short,whale_short,19636.07,20892.04,17124.129999999997,19373.207000000002,2022-11-08 06:00:00+00:00,staircase-lock,0.01216837822462742,0.19024270213879274,1.9020332010735133
2022-11-08 14:00:00+00:00,2022-11-08 15:00:00+00:00,short,whale_short,19416.85,20892.04,16466.469999999994,19247.785,2022-11-08 16:00:00+00:00,staircase-lock,0.007383608087891581,0.09718504782528176,1.9038816929496292
2022-11-08 17:00:00+00:00,2022-11-08 18:00:00+00:00,short,whale_short,19342.67,20835.99,16356.029999999992,18424.2668,2022-11-08 19:00:00+00:00,staircase-lock,0.04844747615574037,0.6275302973330247,1.915829127398265
2022-11-09 09:00:00+00:00,2022-11-09 10:00:00+00:00,short,whale_short,17763.68,20700.88,11889.279999999999,17286.2645,2022-11-09 11:00:00+00:00,staircase-lock,0.026218199409132018,0.1585631569113476,1.9188669265436946
2022-11-09 15:00:00+00:00,2022-11-09 16:00:00+00:00,short,whale_short,17119.61,18730.0,13898.830000000002,16875.3827,2022-11-09 17:00:00+00:00,staircase-lock,0.013072400676282193,0.13896907043740178,1.921533558074443
2022-11-11 14:00:00+00:00,2022-11-11 15:00:00+00:00,short,whale_short,16916.02,18199.0,14350.060000000001,16697.356,2022-11-11 16:00:00+00:00,staircase-lock,0.011695726053873546,0.1542074980450561,1.924496706898446
2022-11-13 06:00:00+00:00,2022-11-13 07:00:00+00:00,short,breakout_short,16684.45,16996.35,16060.650000000005,16574.983,2022-11-13 08:00:00+00:00,staircase-lock,0.005204350665095682,0.2783960514724471,1.9298544297411684
2022-11-15 13:00:00+00:00,2022-11-15 14:00:00+00:00,long,breakout_long,17014.31,16181.0,18680.930000000004,16786.29,2022-11-16 00:00:00+00:00,time-exit,-0.014801660131971305,-0.3022165028620805,1.9240220911732755
2022-11-16 13:00:00+00:00,2022-11-16 14:00:00+00:00,short,breakout_short,16512.86,17069.87,15398.840000000004,16403.213,2022-11-16 15:00:00+00:00,staircase-lock,0.005284483094866911,0.15666133376044286,1.9270362898431532
2022-11-20 11:00:00+00:00,2022-11-20 12:00:00+00:00,short,breakout_short,16526.04,16822.41,15933.300000000003,16234.531500000001,2022-11-20 22:00:00+00:00,staircase-lock,0.016556077143341133,0.9231919327662794,1.944826533412464
2022-11-21 02:00:00+00:00,2022-11-21 03:00:00+00:00,short,whale_short,16010.31,16738.76,14553.410000000002,15908.465999999999,2022-11-21 04:00:00+00:00,staircase-lock,0.0050018743227662876,0.10993418695659062,1.946964562649687
2022-11-21 16:00:00+00:00,2022-11-21 17:00:00+00:00,short,whale_short,16032.24,16595.85,14905.020000000002,15620.6592,2022-11-21 20:00:00+00:00,staircase-lock,0.024948491105932405,0.7096754795837097,1.960781692746996
2022-11-25 04:00:00+00:00,2022-11-25 05:00:00+00:00,short,breakout_short,16391.93,16676.0,15823.79,16513.0,2022-11-25 15:00:00+00:00,time-exit,-0.008731799188518118,-0.503858348548759,1.9509021304912748
2022-11-27 23:00:00+00:00,2022-11-28 00:00:00+00:00,short,breakout_short,16428.77,16600.0,16086.310000000001,16113.713899999999,2022-11-28 02:00:00+00:00,staircase-lock,0.018152047526424145,1.7416096118711206,1.9848792295141096
2022-11-28 02:00:00+00:00,2022-11-28 03:00:00+00:00,long,whale_long,16118.22,16090.0,16174.659999999998,16174.659999999998,2022-11-28 03:00:00+00:00,target,0.002101627350910974,1.200371793054609,2.0087051599113965
2022-11-29 14:00:00+00:00,2022-11-29 15:00:00+00:00,short,whale_short,16362.64,16548.71,15990.5,16548.71,2022-11-30 00:00:00+00:00,stop,-0.012643776705253783,-1.1118695462377282,1.9863709789646358
2022-11-30 18:00:00+00:00,2022-11-30 19:00:00+00:00,long,whale_long,16920.45,16426.24,17908.87,17124.488999999998,2022-11-30 20:00:00+00:00,staircase-lock,0.010658721842504116,0.3649265899111695,1.9936197748411564
2022-12-06 23:00:00+00:00,2022-12-07 00:00:00+00:00,long,breakout_long,17088.96,16906.37,17454.14,16906.37,2022-12-07 07:00:00+00:00,stop,-0.012084675954534373,-1.131028774850756,1.9710713615265882
2022-12-07 07:00:00+00:00,2022-12-07 08:00:00+00:00,short,breakout_short,16763.03,17142.21,16004.669999999998,16783.88,2022-12-07 18:00:00+00:00,time-exit,-0.002642263409891087,-0.11681085713356862,1.968768936174475
2022-12-08 18:00:00+00:00,2022-12-08 19:00:00+00:00,long,breakout_long,17248.03,16733.49,18277.109999999993,17218.24,2022-12-09 05:00:00+00:00,time-exit,-0.0031271537677054918,-0.10482613985306806,1.966705151696057
2022-12-12 12:00:00+00:00,2022-12-12 13:00:00+00:00,short,whale_short,16962.13,17270.99,16344.41,17209.83,2022-12-12 23:00:00+00:00,time-exit,-0.015792937059808262,-0.8673245207870396,1.9496474356638152
2022-12-13 09:00:00+00:00,2022-12-13 10:00:00+00:00,long,both_long,17427.82,16960.0,18363.46,17977.1128,2022-12-13 14:00:00+00:00,staircase-lock,0.030118158897670513,1.1219995981360362,1.9715224720570328
2022-12-13 14:00:00+00:00,2022-12-13 15:00:00+00:00,long,whale_long,17871.78,17005.0,19605.339999999997,17780.99,2022-12-14 01:00:00+00:00,time-exit,-0.006480075963334263,-0.1336100186898615,1.9688883205136425
2022-12-14 14:00:00+00:00,2022-12-14 15:00:00+00:00,long,whale_long,18062.82,17631.17,18926.120000000003,18365.1909,2022-12-14 19:00:00+00:00,staircase-lock,0.015339960869897485,0.641915792887758,1.981526925587342
2022-12-16 16:00:00+00:00,2022-12-16 17:00:00+00:00,short,whale_short,16810.64,17531.73,15368.46,16702.37,2022-12-16 23:00:00+00:00,staircase-lock,0.0050823135878322444,0.1184830521740091,1.9838746991684277
2022-12-16 23:00:00+00:00,2022-12-17 00:00:00+00:00,short,whale_short,16631.5,17531.73,14831.04,16730.38,2022-12-17 10:00:00+00:00,time-exit,-0.0073102064627343245,-0.13505404039519453,1.9811953962308226
2022-12-20 02:00:00+00:00,2022-12-20 03:00:00+00:00,short,whale_short,16721.93,16784.0,16597.79,16784.0,2022-12-20 03:00:00+00:00,stop,-0.005098164918970459,-1.3734679700899,1.9539843120386966
2022-12-20 15:00:00+00:00,2022-12-20 16:00:00+00:00,short,whale_short,16918.15,16984.15,16786.15,16786.15,2022-12-20 16:00:00+00:00,target,0.006463625667589025,1.6568574028503222,1.9863590457632438
2022-12-22 14:00:00+00:00,2022-12-22 15:00:00+00:00,short,breakout_short,16674.53,16868.52,16286.549999999996,16799.2,2022-12-23 01:00:00+00:00,time-exit,-0.008821186723177376,-0.7582305410135658,1.9712978648240813
2022-12-23 13:00:00+00:00,2022-12-23 14:00:00+00:00,short,whale_short,16842.48,16893.9,16739.639999999996,16805.92,2022-12-24 00:00:00+00:00,time-exit,0.0007754238982454322,0.2539879715620429,1.9763047242843939
2022-12-28 03:00:00+00:00,2022-12-28 04:00:00+00:00,short,whale_short,16650.65,16891.0,16169.950000000004,16739.01,2022-12-28 14:00:00+00:00,time-exit,-0.006678687329776211,-0.4626772839090449,1.9671608112643089
2022-12-28 14:00:00+00:00,2022-12-28 15:00:00+00:00,short,whale_short,16739.66,16755.2,16708.579999999998,16755.2,2022-12-28 15:00:00+00:00,stop,-0.0023274732620321304,-1.5,1.9376533990953442
2022-12-28 15:00:00+00:00,2022-12-28 16:00:00+00:00,short,whale_short,16578.02,16767.31,16199.439999999999,16540.93,2022-12-29 02:00:00+00:00,time-exit,0.000842316484018847,0.07377008568014191,1.939082807668041
2022-12-30 07:00:00+00:00,2022-12-30 08:00:00+00:00,short,breakout_short,16475.1,16664.41,16096.479999999996,16347.21,2022-12-30 15:00:00+00:00,staircase-lock,0.006423353342863992,0.5590058034917216,1.9499223930974159
2023-01-02 03:00:00+00:00,2023-01-02 04:00:00+00:00,long,breakout_long,16662.38,16499.01,16989.120000000006,16698.69,2023-01-02 14:00:00+00:00,time-exit,0.0007791604800753817,0.07946788272019484,1.9514719551378974
2023-01-03 15:00:00+00:00,2023-01-03 16:00:00+00:00,long,whale_long,16677.54,16631.95,16768.72,16631.95,2023-01-03 16:00:00+00:00,stop,-0.0041336165885376575,-1.5,1.922199875810829
2023-01-04 03:00:00+00:00,2023-01-04 04:00:00+00:00,long,whale_long,16862.61,16605.28,17377.270000000004,16830.12,2023-01-04 14:00:00+00:00,time-exit,-0.0033267479945276335,-0.21799888858664454,1.9180095014451475
2023-01-04 15:00:00+00:00,2023-01-04 16:00:00+00:00,long,whale_long,16853.55,16622.41,17315.829999999998,16972.674,2023-01-04 19:00:00+00:00,staircase-lock,0.005668184447786896,0.41329510253525603,1.9259365407807811
2023-01-05 14:00:00+00:00,2023-01-05 15:00:00+00:00,long,whale_long,16830.28,16777.0,16936.839999999997,16827.8,2023-01-06 01:00:00+00:00,time-exit,-0.001547353460548505,-0.48878363363364974,1.9165228781752746
2023-01-06 13:00:00+00:00,2023-01-06 14:00:00+00:00,long,whale_long,16774.19,16709.88,16902.809999999994,16902.809999999994,2023-01-06 19:00:00+00:00,target,0.0062677323912508475,1.6348333696159205,1.9478548337240074
2023-01-08 15:00:00+00:00,2023-01-08 16:00:00+00:00,long,breakout_long,17000.43,16911.0,17179.29,17159.334000000003,2023-01-09 00:00:00+00:00,staircase-lock,0.007947057692070226,1.5107167393492227,1.9772814027552987
2023-01-09 02:00:00+00:00,2023-01-09 03:00:00+00:00,long,whale_long,17191.47,16916.1,17742.210000000006,17226.9,2023-01-09 13:00:00+00:00,time-exit,0.0006609057864162672,0.04126063841377622,1.9780972416853126
2023-01-09 15:00:00+00:00,2023-01-09 16:00:00+00:00,long,whale_long,17268.49,16923.84,17957.790000000005,17385.769,2023-01-09 19:00:00+00:00,staircase-lock,0.005391502905002078,0.27013815174814726,1.9834408370137824
2023-01-10 18:00:00+00:00,2023-01-10 19:00:00+00:00,long,whale_long,17433.7,17128.0,18045.100000000002,17406.3,2023-01-11 05:00:00+00:00,time-exit,-0.0029716686647127,-0.16947065750736565,1.9800794867860256
2023-01-11 18:00:00+00:00,2023-01-11 19:00:00+00:00,long,whale_long,17486.44,17315.6,17828.12,17828.12,2023-01-11 23:00:00+00:00,target,0.018139711913917347,1.8567020838211226,2.0168436638784963
2023-01-11 23:00:00+00:00,2023-01-12 00:00:00+00:00,long,whale_long,17943.26,17315.6,19198.579999999998,18272.5823,2023-01-12 01:00:00+00:00,staircase-lock,0.016953537762926033,0.4846600643660584,2.0266184996780123
2023-01-12 01:00:00+00:00,2023-01-12 02:00:00+00:00,long,whale_long,18222.31,17315.6,20035.730000000007,18369.37,2023-01-12 03:00:00+00:00,staircase-lock,0.0066703269783028995,0.13405473194295678,2.0293352776752625
2023-01-12 17:00:00+00:00,2023-01-12 18:00:00+00:00,long,whale_long,18837.06,17514.06,21483.06,18972.906,2023-01-12 19:00:00+00:00,staircase-lock,0.005811634936661992,0.08274687528344532,2.0310144892065636
2023-01-13 14:00:00+00:00,2023-01-13 15:00:00+00:00,long,whale_long,18996.27,18615.21,19758.390000000003,19288.885199999997,2023-01-13 16:00:00+00:00,staircase-lock,0.01400382401387208,0.6981063926940557,2.045193131192257
2023-01-13 17:00:00+00:00,2023-01-13 18:00:00+00:00,long,whale_long,19255.84,18714.12,20339.280000000002,19473.046000000002,2023-01-13 21:00:00+00:00,staircase-lock,0.009880006481150684,0.3511921730783434,2.0523756893933403
2023-01-16 15:00:00+00:00,2023-01-16 16:00:00+00:00,long,whale_long,20995.37,20666.0,21654.109999999997,21158.387,2023-01-16 18:00:00+00:00,staircase-lock,0.006364426156814608,0.405694149436807,2.0607020574896726
2023-01-17 14:00:00+00:00,2023-01-17 15:00:00+00:00,long,whale_long,21281.66,20841.31,22162.359999999997,21243.96,2023-01-18 01:00:00+00:00,time-exit,-0.003171478352722511,-0.15327426819575513,2.0575435314913606
2023-01-18 14:00:00+00:00,2023-01-18 15:00:00+00:00,long,whale_long,21424.3,21103.15,22066.599999999995,21103.15,2023-01-18 15:00:00+00:00,stop,-0.01638998800427542,-1.0933956718044535,2.0350464395725414
2023-01-20 16:00:00+00:00,2023-01-20 17:00:00+00:00,long,breakout_long,21313.29,20861.28,22217.310000000005,21507.429,2023-01-20 20:00:00+00:00,staircase-lock,0.007708823649469411,0.3634884051237786,2.042443597419272
2023-01-25 15:00:00+00:00,2023-01-25 16:00:00+00:00,long,whale_long,22578.79,22300.0,23136.370000000003,22924.8616,2023-01-25 21:00:00+00:00,staircase-lock,0.013927287246127863,1.1279504071164617,2.0654813482914864
2023-01-26 14:00:00+00:00,2023-01-26 15:00:00+00:00,long,whale_long,23037.23,22555.44,24000.81,22555.44,2023-01-27 01:00:00+00:00,stop,-0.02231353865026313,-1.0669422819070555,2.0434438544616604
2023-01-27 01:00:00+00:00,2023-01-27 02:00:00+00:00,short,breakout_short,22647.44,23250.0,21442.319999999996,22932.41,2023-01-27 12:00:00+00:00,time-exit,-0.013826517753694522,-0.5196747730279653,2.0328245922490327
2023-01-29 01:00:00+00:00,2023-01-29 02:00:00+00:00,long,whale_long,23231.22,22878.46,23936.740000000005,23473.122,2023-01-29 11:00:00+00:00,staircase-lock,0.009012797950344332,0.5935431794988011,2.044890283967501
2023-01-30 09:00:00+00:00,2023-01-30 10:00:00+00:00,short,breakout_short,23191.2,23960.54,21652.52,23034.420000000002,2023-01-30 12:00:00+00:00,staircase-lock,0.0054063359094781,0.1629701007927425,2.0482228437243837
2023-02-02 15:00:00+00:00,2023-02-02 16:00:00+00:00,long,whale_long,23839.5,22760.23,25998.04,24114.108,2023-02-02 19:00:00+00:00,staircase-lock,0.01011903353677719,0.22351469048523512,2.052800922673982
2023-02-03 14:00:00+00:00,2023-02-03 15:00:00+00:00,long,whale_long,23518.42,23244.11,24067.039999999994,23691.562,2023-02-03 16:00:00+00:00,staircase-lock,0.005961974146222527,0.5111596806532901,2.06329401331477
2023-02-05 17:00:00+00:00,2023-02-05 18:00:00+00:00,short,breakout_short,22851.48,23449.96,21654.52,22873.12,2023-02-06 04:00:00+00:00,time-exit,-0.002346088684009805,-0.08957959938657335,2.0614457228034757
2023-02-07 17:00:00+00:00,2023-02-07 18:00:00+00:00,long,breakout_long,23282.92,22638.0,24572.759999999995,23435.091999999997,2023-02-08 02:00:00+00:00,staircase-lock,0.005135778158409666,0.1854120076908762,2.065267890705583
2023-02-08 15:00:00+00:00,2023-02-08 16:00:00+00:00,short,breakout_short,22871.28,23452.0,21709.839999999997,22686.392999999996,2023-02-08 17:00:00+00:00,staircase-lock,0.006749686907037212,0.2658320346521245,2.0707580343604626
2023-02-09 03:00:00+00:00,2023-02-09 04:00:00+00:00,short,both_short,22519.56,23239.44,21079.800000000007,22370.295,2023-02-09 05:00:00+00:00,staircase-lock,0.005272464533883149,0.16493524117721572,2.0741734441186317
2023-02-10 15:00:00+00:00,2023-02-10 16:00:00+00:00,short,whale_short,21652.75,22530.0,19898.25,21471.175,2023-02-10 22:00:00+00:00,staircase-lock,0.0070566866973978525,0.17417688559370914,2.0777861748254094
2023-02-13 09:00:00+00:00,2023-02-13 10:00:00+00:00,short,whale_short,21584.74,22090.0,20574.220000000005,21448.174,2023-02-13 11:00:00+00:00,staircase-lock,0.004967255319730258,0.21220146971855053,2.0821952676259974
2023-02-14 13:00:00+00:00,2023-02-14 14:00:00+00:00,short,whale_short,21719.05,21897.0,21363.149999999998,21897.0,2023-02-14 14:00:00+00:00,stop,-0.009526684020642094,-1.1627453024924181,2.0579846399629567
2023-02-14 14:00:00+00:00,2023-02-14 15:00:00+00:00,long,breakout_long,22247.39,21442.71,23856.75,22109.62,2023-02-15 01:00:00+00:00,time-exit,-0.00759263652949853,-0.2099174156186313,2.053664571792918
2023-02-15 11:00:00+00:00,2023-02-15 12:00:00+00:00,long,breakout_long,22444.28,21859.9,23613.039999999994,22883.890999999996,2023-02-15 13:00:00+00:00,staircase-lock,0.01818677221991523,0.6984992778671426,2.0680094039967045
2023-02-16 14:00:00+00:00,2023-02-16 15:00:00+00:00,long,whale_long,24423.8,22771.86,27727.679999999997,25044.296,2023-02-16 16:00:00+00:00,staircase-lock,0.02400538327369202,0.3549176604477157,2.075349134591208
2023-02-16 16:00:00+00:00,2023-02-16 17:00:00+00:00,long,whale_long,24897.39,23296.3,28099.57,23838.64,2023-02-17 03:00:00+00:00,time-exit,-0.04392453771258757,-0.6830386461722955,2.0611736979589477
2023-02-17 14:00:00+00:00,2023-02-17 15:00:00+00:00,long,whale_long,23863.31,23339.37,24911.190000000006,24250.831700000002,2023-02-17 16:00:00+00:00,staircase-lock,0.01483922666218558,0.6758656830934805,2.075104463652401
2023-02-17 17:00:00+00:00,2023-02-17 18:00:00+00:00,long,whale_long,24298.35,23339.37,26216.309999999998,24534.411,2023-02-17 20:00:00+00:00,staircase-lock,0.0083151041120076,0.2106856347369079,2.079476410663101
2023-02-19 17:00:00+00:00,2023-02-19 18:00:00+00:00,short,breakout_short,24364.38,25192.0,22709.140000000003,24209.751,2023-02-20 00:00:00+00:00,staircase-lock,0.004987054538479209,0.14681434940701313,2.0825293804264886
2023-02-23 02:00:00+00:00,2023-02-23 03:00:00+00:00,long,breakout_long,24531.61,23574.69,26445.450000000004,24010.23,2023-02-23 13:00:00+00:00,time-exit,-0.02265339510941193,-0.5807426472432384,2.0704352441729816
2023-02-24 15:00:00+00:00,2023-02-24 16:00:00+00:00,short,both_short,23349.25,24132.35,21783.050000000003,22968.6475,2023-02-24 17:00:00+00:00,staircase-lock,0.015170522926959485,0.45233090595365777,2.0798004626701334
2023-02-26 09:00:00+00:00,2023-02-26 10:00:00+00:00,long,breakout_long,23278.19,22722.0,24390.569999999996,23513.765,2023-02-26 19:00:00+00:00,staircase-lock,0.008719987851289203,0.3649571801003295,2.087390843790408
2023-03-01 04:00:00+00:00,2023-03-01 05:00:00+00:00,long,breakout_long,23794.48,23020.03,25343.38,23979.448,2023-03-01 09:00:00+00:00,staircase-lock,0.006373567650984692,0.195823782038869,2.091478451486651
2023-03-03 01:00:00+00:00,2023-03-03 02:00:00+00:00,short,both_short,22150.31,23567.52,19315.890000000003,22354.0,2023-03-03 12:00:00+00:00,time-exit,-0.01051201574662246,-0.1642977452265854,2.088042199548959
2023-03-05 01:00:00+00:00,2023-03-05 02:00:00+00:00,long,breakout_long,22591.14,22157.08,23459.259999999995,22420.34,2023-03-05 12:00:00+00:00,time-exit,-0.008960486102073605,-0.4663585587246007,2.0783044360415808
2023-03-07 14:00:00+00:00,2023-03-07 15:00:00+00:00,short,whale_short,22309.18,22557.91,21811.72,21953.7526,2023-03-07 16:00:00+00:00,staircase-lock,0.014789824422089938,1.3265342146134402,2.1058738554695013
2023-03-07 16:00:00+00:00,2023-03-07 17:00:00+00:00,short,whale_short,22238.77,22557.91,21600.49,22073.304999999997,2023-03-07 20:00:00+00:00,staircase-lock,0.006096158821708176,0.42480125938283947,2.11481963412855
2023-03-09 16:00:00+00:00,2023-03-09 17:00:00+00:00,short,whale_short,21479.31,22133.75,20170.430000000004,21002.861699999998,2023-03-09 19:00:00+00:00,staircase-lock,0.021284922978853052,0.6985903352315095,2.1295935597001505
2023-03-10 10:00:00+00:00,2023-03-10 11:00:00+00:00,short,whale_short,19622.77,21834.99,15198.329999999998,20076.64,2023-03-10 21:00:00+00:00,time-exit,-0.02400687047234988,-0.2129450496328181,2.12505869563747
2023-03-12 17:00:00+00:00,2023-03-12 18:00:00+00:00,long,breakout_long,20786.52,20270.6,21818.360000000004,21293.5839,2023-03-12 19:00:00+00:00,staircase-lock,0.02299388122687203,0.9264280741200152,2.1447458359853844
2023-03-13 13:00:00+00:00,2023-03-13 14:00:00+00:00,long,whale_long,22479.64,20373.13,26692.659999999996,23516.939199999997,2023-03-13 15:00:00+00:00,staircase-lock,0.04474394180689718,0.4774853686903926,2.154986683547811
2023-03-13 15:00:00+00:00,2023-03-13 16:00:00+00:00,long,whale_long,23981.72,20735.19,30474.780000000006,24181.7,2023-03-13 17:00:00+00:00,staircase-lock,0.006938851425168769,0.051256446729276574,2.1560912531492864
2023-03-14 12:00:00+00:00,2023-03-14 13:00:00+00:00,long,whale_long,25832.57,23755.0,29987.71,26348.069000000003,2023-03-14 14:00:00+00:00,staircase-lock,0.018555389649578105,0.23071829204310898,2.161065750063443
2023-03-15 12:00:00+00:00,2023-03-15 13:00:00+00:00,long,whale_long,24808.12,23976.42,26471.52,25096.012,2023-03-15 14:00:00+00:00,staircase-lock,0.010204748767742201,0.30438936154863583,2.1676438043027075
2023-03-17 10:00:00+00:00,2023-03-17 11:00:00+00:00,long,whale_long,26705.7,24620.0,30877.100000000002,26943.569999999996,2023-03-17 12:00:00+00:00,staircase-lock,0.007507087251036172,0.0961221748094149,2.1697273906695247
2023-03-19 18:00:00+00:00,2023-03-19 19:00:00+00:00,long,breakout_long,28309.09,26810.0,31307.27,27519.97,2023-03-20 05:00:00+00:00,time-exit,-0.029275145403826072,-0.5528372052378433,2.157732330401667
2023-03-21 16:00:00+00:00,2023-03-21 17:00:00+00:00,long,breakout_long,28343.92,27303.1,30425.559999999998,28154.14,2023-03-22 03:00:00+00:00,time-exit,-0.008095615849889425,-0.22046222017255424,2.1529753458006824
2023-03-22 14:00:00+00:00,2023-03-22 15:00:00+00:00,long,breakout_long,28563.61,27900.0,29890.83,27900.0,2023-03-22 18:00:00+00:00,stop,-0.02463270763044305,-1.0602598725154815,2.1301482121440065
2023-03-24 17:00:00+00:00,2023-03-24 18:00:00+00:00,short,breakout_short,27609.99,28438.0,25953.970000000005,27042.6993,2023-03-24 22:00:00+00:00,staircase-lock,0.01957759153798684,0.6528147082618596,2.1440541329806595
2023-03-26 11:00:00+00:00,2023-03-26 12:00:00+00:00,long,breakout_long,27865.96,27156.09,29285.699999999997,28161.556,2023-03-26 14:00:00+00:00,staircase-lock,0.00920778096286663,0.3614516122670396,2.151803851212196
2023-03-27 14:00:00+00:00,2023-03-27 15:00:00+00:00,short,breakout_short,26960.38,28143.0,24595.140000000003,26539.7968,2023-03-27 16:00:00+00:00,staircase-lock,0.014447265266175636,0.3293566500963087,2.1588909602931916
2023-03-28 18:00:00+00:00,2023-03-28 19:00:00+00:00,long,breakout_long,27344.13,26631.78,28768.830000000005,27586.068,2023-03-29 05:00:00+00:00,staircase-lock,0.007447895325248878,0.2858934765213687,2.1650630887138793
2023-03-29 06:00:00+00:00,2023-03-29 07:00:00+00:00,long,breakout_long,28052.3,26631.78,30893.34,28608.160999999996,2023-03-29 09:00:00+00:00,staircase-lock,0.018415166670825503,0.363661039619293,2.1729365796507096
2023-04-03 01:00:00+00:00,2023-04-03 02:00:00+00:00,short,breakout_short,27709.85,28490.4,26148.749999999993,28490.4,2023-04-03 10:00:00+00:00,stop,-0.028796947743801524,-1.0223036351784967,2.150722570006817
2023-04-10 15:00:00+00:00,2023-04-10 16:00:00+00:00,long,whale_long,28439.39,27998.88,29320.409999999996,29100.2573,2023-04-10 17:00:00+00:00,staircase-lock,0.021837745254029775,1.4098480261515156,2.181044489708053
2023-04-10 22:00:00+00:00,2023-04-10 23:00:00+00:00,long,whale_long,29594.0,28170.0,32442.0,29950.4,2023-04-11 01:00:00+00:00,staircase-lock,0.010642981685476794,0.22118567415730353,2.1858686476662847
2023-04-11 01:00:00+00:00,2023-04-11 02:00:00+00:00,long,whale_long,30189.9,28170.0,34229.700000000004,30405.99,2023-04-11 03:00:00+00:00,staircase-lock,0.005757691810837363,0.08605581464428873,2.187749714738088
2023-04-12 12:00:00+00:00,2023-04-12 13:00:00+00:00,long,whale_long,30157.09,29811.82,30847.63,29811.82,2023-04-12 15:00:00+00:00,stop,-0.012849048963278585,-1.1222808990065702,2.1631970175715116
2023-04-13 14:00:00+00:00,2023-04-13 15:00:00+00:00,long,both_long,30435.33,29760.13,31785.730000000003,30763.182,2023-04-14 01:00:00+00:00,staircase-lock,0.009372086256334301,0.42245636552132515,2.17233558107101
2023-04-14 01:00:00+00:00,2023-04-14 02:00:00+00:00,long,whale_long,30775.34,29982.93,32360.16,30977.534000000003,2023-04-14 07:00:00+00:00,staircase-lock,0.005170000526395558,0.20079065635214385,2.1766974279424134
2023-04-16 18:00:00+00:00,2023-04-16 19:00:00+00:00,long,breakout_long,30478.43,30120.0,31195.29,30120.0,2023-04-17 00:00:00+00:00,stop,-0.0131601201899179,-1.1190464023658708,2.1523391736846333
2023-04-18 09:00:00+00:00,2023-04-18 10:00:00+00:00,long,breakout_long,29897.69,29096.78,31499.51,30347.800699999996,2023-04-18 12:00:00+00:00,staircase-lock,0.013655032679782254,0.5097375909902475,2.1633104555385128
2023-04-19 23:00:00+00:00,2023-04-20 00:00:00+00:00,short,whale_short,28797.1,30325.51,25740.28,28573.81,2023-04-20 04:00:00+00:00,staircase-lock,0.006414498661536495,0.12085694244746673,2.1659249664107225
2023-04-20 12:00:00+00:00,2023-04-20 13:00:00+00:00,short,whale_short,28892.99,29370.0,27938.970000000005,28697.699,2023-04-20 15:00:00+00:00,staircase-lock,0.00540511005429385,0.3273931170156018,2.1730160556704736
2023-04-20 15:00:00+00:00,2023-04-20 16:00:00+00:00,short,whale_short,28506.7,29344.59,26830.920000000002,28284.67,2023-04-20 17:00:00+00:00,staircase-lock,0.006449835264120086,0.21943634477519983,2.177784442674415
2023-04-21 06:00:00+00:00,2023-04-21 07:00:00+00:00,short,whale_short,27916.87,28978.69,25793.23,27901.63,2023-04-21 17:00:00+00:00,time-exit,-0.0008537953517412809,-0.022447584186741275,2.1772955826782394
2023-04-26 12:00:00+00:00,2023-04-26 13:00:00+00:00,long,whale_long,29965.45,27316.2,35263.95,27316.2,2023-04-26 20:00:00+00:00,stop,-0.0898101523587999,-1.0158352854581487,2.1551778458806723
2023-04-27 15:00:00+00:00,2023-04-27 16:00:00+00:00,long,whale_long,29149.74,27235.0,32979.22,29414.061,2023-04-27 18:00:00+00:00,staircase-lock,0.007667696658700885,0.11673196569769231,2.1576936273444502
2023-04-27 18:00:00+00:00,2023-04-27 19:00:00+00:00,long,whale_long,29772.12,28168.74,32978.87999999999,29473.95,2023-04-28 05:00:00+00:00,time-exit,-0.011415074505947075,-0.21195909141937505,2.153120199536317
2023-04-30 14:00:00+00:00,2023-04-30 15:00:00+00:00,long,breakout_long,29395.01,29079.59,30025.849999999995,29929.1834,2023-04-30 16:00:00+00:00,staircase-lock,0.016772247602569415,1.563060002536322,2.1867747601817995
2023-05-01 01:00:00+00:00,2023-05-01 02:00:00+00:00,short,breakout_short,28504.36,29969.39,25574.300000000003,28275.571000000004,2023-05-01 06:00:00+00:00,staircase-lock,0.006691401584781277,0.1301912723133152,2.1896217500647066
2023-05-03 12:00:00+00:00,2023-05-03 13:00:00+00:00,short,breakout_short,28306.53,28879.88,27159.829999999994,28879.88,2023-05-03 21:00:00+00:00,stop,-0.021252921826545076,-1.0492656654238262,2.1666468008386253
2023-05-05 16:00:00+00:00,2023-05-05 17:00:00+00:00,long,both_long,29586.94,28748.0,31264.819999999996,29796.694000000003,2023-05-06 01:00:00+00:00,staircase-lock,0.005689411747210228,0.20064877583617952,2.170994151121202
2023-05-07 23:00:00+00:00,2023-05-08 00:00:00+00:00,short,breakout_short,28430.09,29095.88,27098.51,28073.915,2023-05-08 02:00:00+00:00,staircase-lock,0.01128704418318567,0.4819713152224345,2.181457720184763
2023-05-08 08:00:00+00:00,2023-05-08 09:00:00+00:00,short,whale_short,27704.95,29095.88,24923.09,27349.558,2023-05-08 19:00:00+00:00,staircase-lock,0.011594433036175534,0.23094130369291863,2.1864956070832675
2023-05-10 12:00:00+00:00,2023-05-10 13:00:00+00:00,long,breakout_long,28175.27,27353.0,29819.81,27353.0,2023-05-10 17:00:00+00:00,stop,-0.03058410364834123,-1.0479713208556785,2.1635817601892655
2023-05-10 17:00:00+00:00,2023-05-10 18:00:00+00:00,short,whale_short,27498.73,28331.42,25833.350000000002,27246.973,2023-05-10 22:00:00+00:00,staircase-lock,0.007839815373252469,0.25890183165273895,2.1691833129957
2023-05-11 17:00:00+00:00,2023-05-11 18:00:00+00:00,short,whale_short,26907.27,27868.4,24985.01,26722.571999999996,2023-05-11 20:00:00+00:00,staircase-lock,0.0055116849979862225,0.15430211979208283,2.1725304088298283
2023-05-15 06:00:00+00:00,2023-05-15 07:00:00+00:00,long,breakout_long,27475.64,26726.0,28974.92,27506.41,2023-05-15 17:00:00+00:00,time-exit,-0.00028009888031725757,-0.01026612240542135,2.1723073741987626
2023-05-17 11:00:00+00:00,2023-05-17 12:00:00+00:00,short,breakout_short,26637.61,27238.55,25435.730000000003,27238.55,2023-05-17 19:00:00+00:00,stop,-0.02346211417274406,-1.0399950862133163,2.1497154842496458
2023-05-18 17:00:00+00:00,2023-05-18 18:00:00+00:00,short,breakout_short,26489.0,27500.0,24467.0,26875.0,2023-05-19 04:00:00+00:00,time-exit,-0.01576279069767443,-0.4129975893083066,2.140837211122707
2023-05-21 11:00:00+00:00,2023-05-21 12:00:00+00:00,short,breakout_short,26829.93,27277.55,25934.690000000002,26754.81,2023-05-21 22:00:00+00:00,time-exit,0.0014077194343745227,0.08437740468233797,2.1426435939999267
2023-05-22 13:00:00+00:00,2023-05-22 14:00:00+00:00,long,breakout_long,27007.01,26538.21,27944.609999999997,26822.33,2023-05-23 00:00:00+00:00,time-exit,-0.008238224594281184,-0.4745943131399279,2.132474729351946
2023-05-23 04:00:00+00:00,2023-05-23 05:00:00+00:00,short,whale_short,27381.64,27442.03,27260.86,27442.03,2023-05-23 05:00:00+00:00,stop,-0.0036006389469000356,-1.5,2.100487608411667
2023-05-24 03:00:00+00:00,2023-05-24 04:00:00+00:00,short,breakout_short,26786.01,27386.26,25585.51,26310.482399999997,2023-05-24 14:00:00+00:00,staircase-lock,0.01667369370012002,0.7440595188477332,2.116116486404271
2023-05-24 15:00:00+00:00,2023-05-24 16:00:00+00:00,long,whale_long,26314.69,26144.36,26655.349999999995,26144.36,2023-05-25 01:00:00+00:00,stop,-0.007872810434019816,-1.2162893559560806,2.090378386820504
2023-05-25 01:00:00+00:00,2023-05-25 02:00:00+00:00,short,whale_short,26124.08,26839.02,24694.200000000004,26403.52,2023-05-25 12:00:00+00:00,time-exit,-0.01198343735986711,-0.4378776908050434,2.0812250862112065
2023-05-26 14:00:00+00:00,2023-05-26 15:00:00+00:00,long,breakout_long,26760.0,26327.24,27625.519999999997,26713.76,2023-05-27 01:00:00+00:00,time-exit,-0.00312795216741406,-0.1934189851187738,2.0771996017714196
2023-05-28 18:00:00+00:00,2023-05-28 19:00:00+00:00,long,whale_long,27589.76,26761.88,29245.519999999993,27919.375999999997,2023-05-28 22:00:00+00:00,staircase-lock,0.010547041221090693,0.3514885442334639,2.084500720412509
2023-05-28 22:00:00+00:00,2023-05-28 23:00:00+00:00,long,whale_long,28090.39,27072.16,30126.85,28411.465,2023-05-29 01:00:00+00:00,staircase-lock,0.01003006558470705,0.27670413757206047,2.09026862015361
2023-06-05 15:00:00+00:00,2023-06-05 16:00:00+00:00,short,whale_short,26007.53,27455.02,23112.549999999996,25508.5571,2023-06-05 17:00:00+00:00,staircase-lock,0.01816100057105914,0.3263046840958053,2.097089264571356
2023-06-05 18:00:00+00:00,2023-06-05 19:00:00+00:00,short,whale_short,25564.42,27455.02,21783.219999999994,25769.95,2023-06-06 05:00:00+00:00,time-exit,-0.009375568443089776,-0.1267750816766597,2.0944306779433632
2023-06-06 12:00:00+00:00,2023-06-06 13:00:00+00:00,short,whale_short,25533.41,26074.51,24451.210000000003,26074.51,2023-06-06 14:00:00+00:00,stop,-0.022152067824093333,-1.0453110887088977,2.0725373618215004
2023-06-07 09:00:00+00:00,2023-06-07 10:00:00+00:00,short,whale_short,26486.28,27391.77,24675.299999999996,26261.028000000002,2023-06-07 16:00:00+00:00,staircase-lock,0.007177425072620714,0.2099452121530356,2.076888554782727
2023-06-08 14:00:00+00:00,2023-06-08 15:00:00+00:00,long,breakout_long,26648.54,26125.01,27695.600000000006,26504.21,2023-06-09 01:00:00+00:00,time-exit,-0.006816056564449767,-0.34694851488931167,2.0696828207860025
2023-06-13 12:00:00+00:00,2023-06-13 13:00:00+00:00,short,whale_short,26082.29,26272.25,25702.370000000003,25749.542,2023-06-13 16:00:00+00:00,staircase-lock,0.011522482271723545,1.5820842500050205,2.102426946718717
2023-06-16 15:00:00+00:00,2023-06-16 16:00:00+00:00,long,breakout_long,25840.0,25175.56,27168.879999999997,26295.700000000004,2023-06-16 18:00:00+00:00,staircase-lock,0.016235448916408782,0.6313948588284928,2.1157015623709237
2023-06-19 17:00:00+00:00,2023-06-19 18:00:00+00:00,long,breakout_long,26665.06,26255.85,27483.480000000007,27039.8779,2023-06-19 19:00:00+00:00,staircase-lock,0.0126565181552188,0.824727685051676,2.1331503388888677
2023-06-20 17:00:00+00:00,2023-06-20 18:00:00+00:00,long,whale_long,27796.0,26652.0,30084.0,28105.6,2023-06-20 19:00:00+00:00,staircase-lock,0.009738293279608469,0.2366132867132841,2.1381976560162483
2023-06-21 01:00:00+00:00,2023-06-21 02:00:00+00:00,long,whale_long,28785.93,26652.0,33053.79,28969.593,2023-06-21 06:00:00+00:00,staircase-lock,0.004980304544616022,0.06718247458913773,2.1396341501131673
2023-06-21 13:00:00+00:00,2023-06-21 14:00:00+00:00,long,whale_long,29311.99,27339.85,33256.270000000004,29563.990000000005,2023-06-21 15:00:00+00:00,staircase-lock,0.0071971645050371135,0.10697172310282357,2.14192295363164
2023-06-21 15:00:00+00:00,2023-06-21 16:00:00+00:00,long,whale_long,29851.58,27788.13,33978.48,30762.0632,2023-06-21 17:00:00+00:00,staircase-lock,0.029100335325634344,0.42098959897259414,2.1509402264844355
2023-06-21 17:00:00+00:00,2023-06-21 18:00:00+00:00,long,whale_long,30080.23,28067.91,34104.869999999995,30270.805000000004,2023-06-21 19:00:00+00:00,staircase-lock,0.004935556609773363,0.07377687345949104,2.152527122933518
2023-06-23 15:00:00+00:00,2023-06-23 16:00:00+00:00,long,whale_long,31238.01,29800.0,34114.03,30756.6,2023-06-24 02:00:00+00:00,time-exit,-0.016811032905105036,-0.36518745627638244,2.1446663638876178
2023-06-27 14:00:00+00:00,2023-06-27 15:00:00+00:00,long,whale_long,30808.63,30040.0,32345.890000000003,30498.42,2023-06-28 01:00:00+00:00,time-exit,-0.011468931984317464,-0.4597037352172074,2.134807252504879
2023-06-28 12:00:00+00:00,2023-06-28 13:00:00+00:00,short,breakout_short,30102.0,30769.96,28766.08,29883.12,2023-06-28 20:00:00+00:00,staircase-lock,0.0059245363937901595,0.26699262609418467,2.140507030450391
2023-06-29 10:00:00+00:00,2023-06-29 11:00:00+00:00,long,breakout_long,30697.12,29858.8,32373.76,30417.34,2023-06-29 21:00:00+00:00,time-exit,-0.010514210062702966,-0.38500330184177944,2.1322660077070017
2023-06-30 04:00:00+00:00,2023-06-30 05:00:00+00:00,long,whale_long,30877.99,30250.0,32133.970000000005,31111.423000000003,2023-06-30 13:00:00+00:00,staircase-lock,0.006159850884076402,0.3028771381709929,2.1387241539693376
2023-06-30 16:00:00+00:00,2023-06-30 17:00:00+00:00,long,whale_long,30400.54,29500.0,32201.620000000003,30713.326000000005,2023-06-30 18:00:00+00:00,staircase-lock,0.008888830395775994,0.300070228973731,2.14514182843527
2023-07-03 15:00:00+00:00,2023-07-03 16:00:00+00:00,long,both_long,31068.64,30425.47,32354.979999999996,31348.863999999998,2023-07-03 20:00:00+00:00,staircase-lock,0.007619512923642558,0.36806428160517246,2.153037329295512
2023-07-05 10:00:00+00:00,2023-07-05 11:00:00+00:00,short,breakout_short,30430.21,31130.0,29030.629999999997,30223.021,2023-07-05 14:00:00+00:00,staircase-lock,0.005455337194782596,0.23722410502871585,2.1581448528308673
2023-07-06 07:00:00+00:00,2023-07-06 08:00:00+00:00,long,breakout_long,30803.2,30200.0,32009.600000000002,31320.8194,2023-07-06 09:00:00+00:00,staircase-lock,0.01540407879700807,0.7866295092838169,2.1751214570963247
2023-07-06 09:00:00+00:00,2023-07-06 10:00:00+00:00,short,whale_short,31069.6,31359.78,30489.239999999998,30737.86,2023-07-06 12:00:00+00:00,staircase-lock,0.009392553547969818,1.0056615952650174,2.1969958182407114
2023-07-06 15:00:00+00:00,2023-07-06 16:00:00+00:00,long,whale_long,30407.0,29888.0,31445.0,29888.0,2023-07-06 23:00:00+00:00,stop,-0.01846843818857495,-1.0820227360308259,2.1732238239777004
2023-07-10 18:00:00+00:00,2023-07-10 19:00:00+00:00,long,breakout_long,30528.99,29950.0,31686.970000000005,30808.899,2023-07-10 20:00:00+00:00,staircase-lock,0.007768629555055707,0.409624370023661,2.182125878375873
2023-07-11 15:00:00+00:00,2023-07-11 16:00:00+00:00,long,whale_long,30596.44,30190.0,31409.319999999996,30607.23,2023-07-12 02:00:00+00:00,time-exit,-0.001047344593030951,-0.07884316504280094,2.1804054212681434
2023-07-13 15:00:00+00:00,2023-07-13 16:00:00+00:00,long,both_long,30917.48,30210.0,32332.44,31171.748000000003,2023-07-13 18:00:00+00:00,staircase-lock,0.0068240855334911876,0.29821836377000516,2.1869077906390015
2023-07-13 18:00:00+00:00,2023-07-13 19:00:00+00:00,long,whale_long,31255.01,30251.0,33263.03,31765.756699999998,2023-07-13 20:00:00+00:00,staircase-lock,0.014941274566861408,0.4651245366082008,2.19707963536626
2023-07-16 14:00:00+00:00,2023-07-16 15:00:00+00:00,long,breakout_long,30402.0,30064.29,31077.42,30291.05,2023-07-17 01:00:00+00:00,time-exit,-0.005049430958489575,-0.4545698972491204,2.187092372725294
2023-07-17 18:00:00+00:00,2023-07-17 19:00:00+00:00,short,both_short,29802.38,30361.0,28685.140000000003,30052.22,2023-07-18 05:00:00+00:00,time-exit,-0.009713528917331281,-0.5182168199049371,2.1757584921829736
2023-07-20 14:00:00+00:00,2023-07-20 15:00:00+00:00,short,both_short,29782.2,30417.46,28511.680000000004,29592.084,2023-07-20 19:00:00+00:00,staircase-lock,0.005024555972468937,0.2355607639128306,2.1808837255080578
2023-07-23 17:00:00+00:00,2023-07-23 18:00:00+00:00,long,breakout_long,30118.5,29625.1,31105.300000000003,30326.850000000002,2023-07-23 20:00:00+00:00,staircase-lock,0.005517675183027105,0.3368141467369302,2.1882292504194525
2023-07-24 02:00:00+00:00,2023-07-24 03:00:00+00:00,short,breakout_short,29799.63,30350.0,28698.890000000003,29055.9741,2023-07-24 10:00:00+00:00,staircase-lock,0.024193907037520404,1.309972342192535,2.2168944483837145
2023-07-24 14:00:00+00:00,2023-07-24 15:00:00+00:00,short,whale_short,29043.38,30350.0,26430.140000000003,29081.99,2023-07-25 01:00:00+00:00,time-exit,-0.0027276257917701486,-0.060629312553138144,2.215550360519631
2023-07-28 14:00:00+00:00,2023-07-28 15:00:00+00:00,long,breakout_long,29487.41,29083.85,30294.530000000002,29382.08,2023-07-29 01:00:00+00:00,time-exit,-0.004972032945585835,-0.36329758648031696,2.207501319532607
2023-08-01 02:00:00+00:00,2023-08-01 03:00:00+00:00,short,whale_short,28933.22,29473.97,27851.72,28869.02,2023-08-01 13:00:00+00:00,time-exit,0.0008238371790936906,0.04408000434007795,2.2084743862100646
2023-08-01 15:00:00+00:00,2023-08-01 16:00:00+00:00,short,whale_short,28953.99,29347.16,28167.650000000005,29347.16,2023-08-01 23:00:00+00:00,stop,-0.014797207770700748,-1.0897021792628983,2.1844085926950707
2023-08-03 14:00:00+00:00,2023-08-03 15:00:00+00:00,long,breakout_long,29392.58,28968.0,30241.740000000005,29198.15,2023-08-04 01:00:00+00:00,time-exit,-0.008014934789664573,-0.5548532950209576,2.172288329641781
2023-08-04 18:00:00+00:00,2023-08-04 19:00:00+00:00,short,whale_short,29062.5,29333.08,28521.339999999997,28833.036000000004,2023-08-04 21:00:00+00:00,staircase-lock,0.006558371085167615,0.704422572483859,2.1875904189752102
2023-08-07 15:00:00+00:00,2023-08-07 16:00:00+00:00,short,both_short,28858.45,29229.62,28116.110000000004,29229.62,2023-08-07 21:00:00+00:00,stop,-0.014098420301050728,-1.0961515136914604,2.163611113484244
2023-08-08 12:00:00+00:00,2023-08-08 13:00:00+00:00,long,whale_long,29578.56,28701.03,31333.620000000006,29810.256,2023-08-08 17:00:00+00:00,staircase-lock,0.006433241374833655,0.21684274725650318,2.1683027472626706
2023-08-08 18:00:00+00:00,2023-08-08 19:00:00+00:00,long,whale_long,29847.49,29146.45,31249.570000000003,30204.349,2023-08-08 22:00:00+00:00,staircase-lock,0.010556080729066176,0.4494358581535933,2.1780478773221987
2023-08-09 13:00:00+00:00,2023-08-09 14:00:00+00:00,long,whale_long,29886.72,29613.0,30434.160000000003,29613.0,2023-08-09 16:00:00+00:00,stop,-0.010558582808685645,-1.1528620780359495,2.152937989303084
2023-08-14 02:00:00+00:00,2023-08-14 03:00:00+00:00,short,whale_short,29320.0,29474.65,29010.699999999997,29474.65,2023-08-14 08:00:00+00:00,stop,-0.006646881642360535,-1.2601782719302235,2.125807132553755
2023-08-14 18:00:00+00:00,2023-08-14 19:00:00+00:00,short,whale_short,29330.01,29695.32,28599.389999999996,29369.73,2023-08-15 05:00:00+00:00,time-exit,-0.002752412841384654,-0.22098572763390004,2.1211094021937877
2023-08-16 16:00:00+00:00,2023-08-16 17:00:00+00:00,short,whale_short,29086.53,29259.85,28739.89,28865.463000000003,2023-08-16 21:00:00+00:00,staircase-lock,0.006258529502887035,1.050305251220916,2.1433875256291697
2023-08-17 15:00:00+00:00,2023-08-17 16:00:00+00:00,short,whale_short,27934.02,29172.0,25458.06,27723.402000000002,2023-08-17 17:00:00+00:00,staircase-lock,0.006197119574285882,0.13983300386960482,2.146384688790823
2023-08-18 04:00:00+00:00,2023-08-18 05:00:00+00:00,short,whale_short,26267.93,28635.3,21533.190000000002,26010.485,2023-08-18 15:00:00+00:00,staircase-lock,0.008497739315510634,0.09428945264072847,2.1484085031654483
2023-08-18 15:00:00+00:00,2023-08-18 16:00:00+00:00,short,whale_short,26001.99,27975.59,22054.790000000005,25792.335000000003,2023-08-18 17:00:00+00:00,staircase-lock,0.006728577734431541,0.08864836388574773,2.150313032153087
2023-08-21 15:00:00+00:00,2023-08-21 16:00:00+00:00,short,whale_short,25939.59,26299.0,25220.77,26065.61,2023-08-22 02:00:00+00:00,time-exit,-0.006234722839787809,-0.44997677924301355,2.140637122827362
2023-08-25 14:00:00+00:00,2023-08-25 15:00:00+00:00,short,whale_short,25833.59,26237.92,25024.930000000004,26046.0,2023-08-26 01:00:00+00:00,time-exit,-0.009555186976886997,-0.6105032590563138,2.1275684634279317
2023-08-27 14:00:00+00:00,2023-08-27 15:00:00+00:00,long,breakout_long,26145.27,25966.11,26503.59,26028.01,2023-08-28 01:00:00+00:00,time-exit,-0.0058849412532362855,-0.8588042978343446,2.1092968140246446
2023-08-29 14:00:00+00:00,2023-08-29 15:00:00+00:00,long,breakout_long,27492.03,25918.0,30640.089999999997,28097.292599999997,2023-08-29 17:00:00+00:00,staircase-lock,0.020615929707627892,0.36007811668138323,2.116891930267805
2023-08-31 11:00:00+00:00,2023-08-31 12:00:00+00:00,long,whale_long,27303.95,27036.66,27838.530000000002,27036.66,2023-08-31 14:00:00+00:00,stop,-0.01118942607205191,-1.1430114482397424,2.092695613157981
2023-08-31 17:00:00+00:00,2023-08-31 18:00:00+00:00,long,whale_long,26329.08,26218.65,26549.940000000002,26218.65,2023-08-31 18:00:00+00:00,stop,-0.005594221750247307,-1.3337925563705604,2.0647833948421863
2023-09-01 17:00:00+00:00,2023-09-01 18:00:00+00:00,short,whale_short,25478.85,26156.0,24124.549999999996,25779.72,2023-09-02 04:00:00+00:00,time-exit,-0.013070801699940947,-0.4918097849701538,2.0546285880679136
2023-09-06 14:00:00+00:00,2023-09-06 15:00:00+00:00,short,breakout_short,25615.92,25870.51,25106.739999999998,25870.51,2023-09-06 17:00:00+00:00,stop,-0.011240934716787597,-1.131021974274141,2.031390287247147
2023-09-11 14:00:00+00:00,2023-09-11 15:00:00+00:00,short,whale_short,25147.76,26033.66,23375.959999999995,24970.676,2023-09-11 16:00:00+00:00,staircase-lock,0.005691678254925959,0.1615678504933927,2.0346723608693837
2023-09-12 04:00:00+00:00,2023-09-12 05:00:00+00:00,short,whale_short,25760.8,25950.0,25382.399999999998,25950.0,2023-09-12 10:00:00+00:00,stop,-0.008690944123314103,-1.1833280833608302,2.0105955114188356
2023-09-12 14:00:00+00:00,2023-09-12 15:00:00+00:00,short,whale_short,26114.39,26331.38,25680.409999999996,26331.38,2023-09-12 16:00:00+00:00,stop,-0.00964073785726387,-1.160246962036735,1.9872676380787515
2023-09-12 16:00:00+00:00,2023-09-12 17:00:00+00:00,short,whale_short,26109.32,26392.0,25543.96,25914.109999999997,2023-09-12 18:00:00+00:00,staircase-lock,0.006132961772563462,0.5664619409495771,1.9985247529132752
2023-09-14 12:00:00+00:00,2023-09-14 13:00:00+00:00,long,whale_long,26458.68,26055.0,27266.04,26735.268,2023-09-14 14:00:00+00:00,staircase-lock,0.009053582718412235,0.5934052913198555,2.0103841045453996
2023-09-15 22:00:00+00:00,2023-09-15 23:00:00+00:00,long,breakout_long,26776.32,26224.0,27880.96,26501.44,2023-09-16 09:00:00+00:00,time-exit,-0.011665787083512668,-0.5655541135573617,1.9990142945438396
2023-09-18 02:00:00+00:00,2023-09-18 03:00:00+00:00,long,breakout_long,26663.12,26377.35,27234.66,26917.306999999997,2023-09-18 10:00:00+00:00,staircase-lock,0.008133280426296642,0.7588572348391999,2.0141839591434554
2023-09-18 10:00:00+00:00,2023-09-18 11:00:00+00:00,long,whale_long,27129.12,26377.35,28632.66,27378.969,2023-09-18 13:00:00+00:00,staircase-lock,0.007809624197172639,0.28182586695398865,2.01986045054836
2023-09-19 09:00:00+00:00,2023-09-19 10:00:00+00:00,long,whale_long,27288.95,26631.0,28604.850000000002,27460.895,2023-09-19 16:00:00+00:00,staircase-lock,0.004900902013452347,0.20326843985105297,2.023966189373358
2023-09-21 09:00:00+00:00,2023-09-21 10:00:00+00:00,short,breakout_short,26747.3,27300.0,25641.899999999998,26577.839,2023-09-21 13:00:00+00:00,staircase-lock,0.004976026282648439,0.2408092415232177,2.028840087002674
2023-09-21 14:00:00+00:00,2023-09-21 15:00:00+00:00,long,whale_long,26582.5,26380.0,26987.5,26630.22,2023-09-22 01:00:00+00:00,time-exit,0.00039516599266449363,0.05187407407409334,2.029892529012251
2023-09-24 17:00:00+00:00,2023-09-24 18:00:00+00:00,long,breakout_long,26673.07,26549.31,26920.589999999997,26549.31,2023-09-24 18:00:00+00:00,stop,-0.006039885847410819,-1.301731561085974,2.0034687773059723
2023-09-24 18:00:00+00:00,2023-09-24 19:00:00+00:00,short,whale_short,26591.84,26719.63,26336.26,26336.26,2023-09-24 19:00:00+00:00,target,0.00830449107048621,1.72808277508253,2.0380903761507536
2023-09-24 23:00:00+00:00,2023-09-25 00:00:00+00:00,short,breakout_short,26248.39,26738.54,25268.089999999997,26024.839,2023-09-25 01:00:00+00:00,staircase-lock,0.007189909048044353,0.38503220801304977,2.045937680527348
2023-09-27 09:00:00+00:00,2023-09-27 10:00:00+00:00,long,breakout_long,26397.79,26088.34,27016.690000000002,26816.5504,2023-09-27 12:00:00+00:00,staircase-lock,0.01446346432788499,1.2338131976086548,2.0711807296445426
2023-09-27 12:00:00+00:00,2023-09-27 13:00:00+00:00,short,whale_short,26722.47,26848.07,26471.270000000004,26471.270000000004,2023-09-27 14:00:00+00:00,target,0.0080895333695737,1.7211171399875367,2.1068281761825736
2023-09-27 14:00:00+00:00,2023-09-27 15:00:00+00:00,short,whale_short,26192.91,26850.0,24878.73,26451.46,2023-09-28 01:00:00+00:00,time-exit,-0.0111745077209348,-0.4454380298418029,2.0974435622624337
2023-09-29 07:00:00+00:00,2023-09-29 08:00:00+00:00,long,whale_long,27179.99,26440.83,28658.31,26920.0,2023-09-29 18:00:00+00:00,time-exit,-0.010965492849703095,-0.40321714649061324,2.0889863101814283
2023-10-01 06:00:00+00:00,2023-10-01 07:00:00+00:00,long,breakout_long,27128.85,26903.01,27580.53,27072.35,2023-10-01 17:00:00+00:00,time-exit,-0.0034826537062942354,-0.4183510007084675,2.0802470150481214
2023-10-01 22:00:00+00:00,2023-10-01 23:00:00+00:00,long,both_long,27996.43,27010.23,29968.83,28188.643,2023-10-02 04:00:00+00:00,staircase-lock,0.00546562536723434,0.15515919488947516,2.083474709568382
2023-10-02 07:00:00+00:00,2023-10-02 08:00:00+00:00,long,whale_long,28311.91,27033.1,30869.530000000002,28520.791,2023-10-02 14:00:00+00:00,staircase-lock,0.005977849110144829,0.13234516933711835,2.086232087700856
2023-10-05 13:00:00+00:00,2023-10-05 14:00:00+00:00,long,both_long,27992.76,27506.14,28965.999999999996,27506.14,2023-10-05 15:00:00+00:00,stop,-0.018783780663285718,-1.0805348403271526,2.063689623143164
2023-10-06 12:00:00+00:00,2023-10-06 13:00:00+00:00,short,breakout_short,27252.99,27801.0,26156.970000000005,27801.0,2023-10-06 15:00:00+00:00,stop,-0.021111880867594676,-1.0499112756441502,2.0420227130954856
2023-10-06 15:00:00+00:00,2023-10-06 16:00:00+00:00,long,whale_long,27941.12,27175.94,29471.48,28259.611999999997,2023-10-06 22:00:00+00:00,staircase-lock,0.009998684089972022,0.36510942784704115,2.0494783305397752
2023-10-09 09:00:00+00:00,2023-10-09 10:00:00+00:00,short,breakout_short,27542.98,27999.72,26629.499999999996,27288.298,2023-10-09 17:00:00+00:00,staircase-lock,0.007933011534834456,0.47838765609255585,2.0592827818873696
2023-10-11 02:00:00+00:00,2023-10-11 03:00:00+00:00,short,both_short,27120.93,27735.0,25892.79,27143.59,2023-10-11 13:00:00+00:00,time-exit,-0.00223481956513487,-0.09870272931205447,2.057250213577394
2023-10-11 15:00:00+00:00,2023-10-11 16:00:00+00:00,short,whale_short,26779.45,27477.39,25383.570000000003,26562.739,2023-10-11 18:00:00+00:00,staircase-lock,0.006758458357776954,0.2593171299383477,2.062585015786893
2023-10-15 18:00:00+00:00,2023-10-15 19:00:00+00:00,long,breakout_long,27056.4,26808.25,27552.700000000004,27269.637000000002,2023-10-15 23:00:00+00:00,staircase-lock,0.0064812037078104245,0.7066614547652668,2.077160509065223
2023-10-16 13:00:00+00:00,2023-10-16 14:00:00+00:00,long,whale_long,27999.99,26920.55,30158.870000000006,28359.989999999998,2023-10-16 15:00:00+00:00,staircase-lock,0.011457147448981143,0.2971911491143527,2.0833336462510634
2023-10-16 18:00:00+00:00,2023-10-16 19:00:00+00:00,long,whale_long,28551.2,27034.65,31584.3,28782.779000000002,2023-10-16 20:00:00+00:00,staircase-lock,0.006711007593376129,0.12634421548910396,2.08596581780244
2023-10-17 07:00:00+00:00,2023-10-17 08:00:00+00:00,long,whale_long,28430.62,27674.12,29943.62,28348.22,2023-10-17 18:00:00+00:00,time-exit,-0.004298283611120656,-0.1615371685393247,2.0825962076836637
2023-10-18 04:00:00+00:00,2023-10-18 05:00:00+00:00,long,whale_long,28730.72,28135.35,29921.460000000006,28247.45,2023-10-18 15:00:00+00:00,time-exit,-0.018220671392850593,-0.8792734064531268,2.0642844930657
2023-10-19 10:00:00+00:00,2023-10-19 11:00:00+00:00,long,breakout_long,28477.0,28100.66,29229.68,28723.213000000003,2023-10-19 15:00:00+00:00,staircase-lock,0.007246030129578319,0.5482946271988142,2.0756028540312776
2023-10-19 16:00:00+00:00,2023-10-19 17:00:00+00:00,long,whale_long,28620.01,28100.66,29658.709999999995,28855.864,2023-10-19 21:00:00+00:00,staircase-lock,0.006840877623732601,0.3769827399634232,2.0834275185411637
2023-10-20 02:00:00+00:00,2023-10-20 03:00:00+00:00,long,whale_long,28980.0,28242.67,30454.660000000003,29357.999999999996,2023-10-20 04:00:00+00:00,staircase-lock,0.01164347826086949,0.4576349802666337,2.092962011654509
2023-10-20 08:00:00+00:00,2023-10-20 09:00:00+00:00,long,whale_long,29731.84,28420.0,32355.52,30174.2503,2023-10-20 11:00:00+00:00,staircase-lock,0.013480017516574861,0.3055141816075139,2.0993563074157713
2023-10-23 01:00:00+00:00,2023-10-23 02:00:00+00:00,long,whale_long,30346.83,29640.0,31760.490000000005,30753.783,2023-10-23 04:00:00+00:00,staircase-lock,0.012010066224379902,0.5156366283264687,2.110181357495889
2023-10-23 16:00:00+00:00,2023-10-23 17:00:00+00:00,long,whale_long,31212.2,29714.28,34208.04000000001,31417.273999999998,2023-10-23 20:00:00+00:00,staircase-lock,0.0051703154535725614,0.10773400448621909,2.1124547403742415
2023-10-23 22:00:00+00:00,2023-10-23 23:00:00+00:00,long,whale_long,33315.91,30180.23,39587.27000000001,33553.591,2023-10-24 00:00:00+00:00,staircase-lock,0.005734159024922315,0.060924177849780395,2.1137417360572632
2023-10-24 01:00:00+00:00,2023-10-24 02:00:00+00:00,long,whale_long,34190.93,30355.06,41862.67,35236.4372,2023-10-24 03:00:00+00:00,staircase-lock,0.02917849552498282,0.26008178014374866,2.1192391931920422
2023-10-24 11:00:00+00:00,2023-10-24 12:00:00+00:00,long,whale_long,34542.9,30757.01,42114.68000000001,34806.456,2023-10-24 13:00:00+00:00,staircase-lock,0.006229816836455472,0.05684157225909827,2.1204438020693837
2023-10-29 12:00:00+00:00,2023-10-29 13:00:00+00:00,long,breakout_long,34420.0,33930.0,35400.0,34711.942,2023-10-29 18:00:00+00:00,staircase-lock,0.007081754793724594,0.49745714285714393,2.1309921012230495
2023-11-01 12:00:00+00:00,2023-11-01 13:00:00+00:00,long,breakout_long,34790.6,34223.26,35925.27999999999,35159.06,2023-11-01 14:00:00+00:00,staircase-lock,0.009190791765591856,0.5636005922374625,2.143002385326076
2023-11-07 10:00:00+00:00,2023-11-07 11:00:00+00:00,short,breakout_short,34643.32,35210.0,33509.96,35210.0,2023-11-07 18:00:00+00:00,stop,-0.017494291394490255,-1.069493073608689,2.1200831232477446
2023-11-07 18:00:00+00:00,2023-11-07 19:00:00+00:00,long,both_long,35377.0,34523.06,37084.880000000005,35836.9,2023-11-07 21:00:00+00:00,staircase-lock,0.0115999717330469,0.48056327142422073,2.130271464061737
2023-11-08 18:00:00+00:00,2023-11-08 19:00:00+00:00,long,breakout_long,35589.56,35100.0,36568.67999999999,35868.956,2023-11-08 22:00:00+00:00,staircase-lock,0.006450504473783992,0.4689325435084666,2.1402610002217966
2023-11-08 23:00:00+00:00,2023-11-09 00:00:00+00:00,long,whale_long,35624.72,35100.0,36674.16,35854.112,2023-11-09 01:00:00+00:00,staircase-lock,0.005039124293468046,0.34212035371244964,2.1475832687261254
2023-11-09 02:00:00+00:00,2023-11-09 03:00:00+00:00,long,whale_long,36363.44,35100.0,38890.32000000001,36813.863000000005,2023-11-09 05:00:00+00:00,staircase-lock,0.010986699388176714,0.31621144177800287,2.1543741727435473
2023-11-09 13:00:00+00:00,2023-11-09 14:00:00+00:00,long,whale_long,37165.98,35224.38,41049.180000000015,37909.0686,2023-11-09 15:00:00+00:00,staircase-lock,0.0185937846385323,0.3559210074165619,2.1620420430026983
2023-11-09 17:00:00+00:00,2023-11-09 18:00:00+00:00,long,whale_long,36625.28,35390.0,39095.84,36889.682,2023-11-10 04:00:00+00:00,staircase-lock,0.005819112045013798,0.17253303542516932,2.165772279766659
2023-11-19 18:00:00+00:00,2023-11-19 19:00:00+00:00,long,breakout_long,36835.99,36384.02,37739.93,37453.5193,2023-11-20 00:00:00+00:00,staircase-lock,0.015364292204444642,1.2522046020753574,2.1928921799243697
2023-11-20 14:00:00+00:00,2023-11-20 15:00:00+00:00,long,whale_long,37411.11,36597.49,39038.350000000006,37716.111000000004,2023-11-20 18:00:00+00:00,staircase-lock,0.006752685124819925,0.31049561957670796,2.199701014085075
2023-11-21 14:00:00+00:00,2023-11-21 15:00:00+00:00,short,breakout_short,36635.97,37746.0,34415.91,36288.597,2023-11-21 16:00:00+00:00,staircase-lock,0.008172511166524355,0.26972953336527083,2.205634257365798
2023-11-23 15:00:00+00:00,2023-11-23 16:00:00+00:00,short,breakout_short,36951.34,37861.1,35131.81999999999,37383.51,2023-11-24 02:00:00+00:00,time-exit,-0.01296044469874562,-0.5264089414950601,2.1940236014183463
2023-11-24 09:00:00+00:00,2023-11-24 10:00:00+00:00,long,breakout_long,37622.42,36870.0,39127.259999999995,37951.441999999995,2023-11-24 11:00:00+00:00,staircase-lock,0.0073453704466644575,0.3672823848382532,2.20208186362555
2023-11-24 11:00:00+00:00,2023-11-24 12:00:00+00:00,long,whale_long,37741.99,36870.0,39485.969999999994,38366.959299999995,2023-11-24 16:00:00+00:00,staircase-lock,0.015158991722481986,0.6561204990882913,2.216530174139503
2023-11-26 16:00:00+00:00,2023-11-26 17:00:00+00:00,short,breakout_short,37226.52,37888.0,35903.55999999999,37309.25,2023-11-27 03:00:00+00:00,time-exit,-0.0036174125719494066,-0.20357936968302195,2.2120177759821558
2023-11-28 13:00:00+00:00,2023-11-28 14:00:00+00:00,long,breakout_long,37412.29,36787.92,38661.030000000006,37878.229,2023-11-28 17:00:00+00:00,staircase-lock,0.011054169472117193,0.6623665358681449,2.2266694414977164
2023-12-01 04:00:00+00:00,2023-12-01 05:00:00+00:00,long,breakout_long,38179.86,37500.0,39539.58,38664.186,2023-12-01 10:00:00+00:00,staircase-lock,0.011285379150159326,0.6337690053834638,2.240781382270274
2023-12-01 16:00:00+00:00,2023-12-01 17:00:00+00:00,long,whale_long,38801.92,37604.0,41197.759999999995,38782.27,2023-12-02 03:00:00+00:00,time-exit,-0.0019064182390974725,-0.06175094163216334,2.2393976786668035
2023-12-03 22:00:00+00:00,2023-12-03 23:00:00+00:00,long,both_long,40060.71,39274.86,41632.409999999996,40815.6003,2023-12-04 02:00:00+00:00,staircase-lock,0.017443657538770488,0.8892349761404842,2.259311186080387
2023-12-04 05:00:00+00:00,2023-12-04 06:00:00+00:00,long,whale_long,41500.01,39381.34,45737.35000000001,41770.001000000004,2023-12-04 10:00:00+00:00,staircase-lock,0.0051058056612516955,0.10001132125342853,2.2615707530488125
2023-12-04 10:00:00+00:00,2023-12-04 11:00:00+00:00,long,whale_long,41978.19,39430.01,47074.55,42039.99,2023-12-04 21:00:00+00:00,time-exit,7.219306025325737e-05,0.001189293534990733,2.2615976497635675
2023-12-04 22:00:00+00:00,2023-12-04 23:00:00+00:00,long,whale_long,41950.6,40466.4,44918.99999999999,41705.54,2023-12-05 09:00:00+00:00,time-exit,-0.007241632777600303,-0.20468322328527144,2.2569685387962872
2023-12-05 15:00:00+00:00,2023-12-05 16:00:00+00:00,long,whale_long,42268.28,41414.0,43976.84,42746.828,2023-12-05 17:00:00+00:00,staircase-lock,0.009921681412160611,0.49090744018354715,2.26804816527584
2023-12-05 17:00:00+00:00,2023-12-05 18:00:00+00:00,long,whale_long,43377.87,41414.0,47305.61000000001,44049.4509,2023-12-05 19:00:00+00:00,staircase-lock,0.014082108734246269,0.31104496835330164,2.27510281497376
2023-12-08 14:00:00+00:00,2023-12-08 15:00:00+00:00,long,breakout_long,43962.99,43058.42,45772.13,44356.299,2023-12-08 21:00:00+00:00,staircase-lock,0.00754636602287524,0.36676079684270324,2.2834470001869485
2023-12-11 01:00:00+00:00,2023-12-11 02:00:00+00:00,short,breakout_short,43222.45,44049.0,41569.34999999999,41569.34999999999,2023-12-11 02:00:00+00:00,target,0.03836728046024314,2.006324918430621,2.329260366350856
2023-12-11 16:00:00+00:00,2023-12-11 17:00:00+00:00,short,whale_short,41794.33,44046.0,37290.990000000005,41341.423,2023-12-11 18:00:00+00:00,staircase-lock,0.009555283276049776,0.17736020930363053,2.3333915474118423
2023-12-11 18:00:00+00:00,2023-12-11 19:00:00+00:00,short,whale_short,41050.38,43898.32,35354.49999999999,40279.9866,2023-12-11 20:00:00+00:00,staircase-lock,0.01772595968937092,0.2555030587418828,2.3393534341879043
2023-12-13 15:00:00+00:00,2023-12-13 16:00:00+00:00,long,breakout_long,41939.17,40555.0,44707.509999999995,42819.721900000004,2023-12-13 20:00:00+00:00,staircase-lock,0.019595930534629227,0.5937399755810392,2.3532431106968055
2023-12-14 13:00:00+00:00,2023-12-14 14:00:00+00:00,short,whale_short,42570.12,43475.2,40759.960000000014,42237.192,2023-12-14 16:00:00+00:00,staircase-lock,0.006482342178428869,0.3048946882228975,2.3604180239422914
2023-12-15 13:00:00+00:00,2023-12-15 14:00:00+00:00,short,breakout_short,42288.03,43420.0,40024.09,41728.203,2023-12-15 16:00:00+00:00,staircase-lock,0.012016034234687624,0.4488938895885021,2.371013796220514
2023-12-17 23:00:00+00:00,2023-12-18 00:00:00+00:00,short,breakout_short,41374.64,42424.07,39275.78,40947.464,2023-12-18 02:00:00+00:00,staircase-lock,0.00903229441510718,0.35610562857843786,2.3794571098032264
2023-12-18 10:00:00+00:00,2023-12-18 11:00:00+00:00,short,whale_short,40823.5,42424.07,37622.36,42424.07,2023-12-18 21:00:00+00:00,stop,-0.03912787476543382,-0.9979799668160018,2.355710604528411
2023-12-20 13:00:00+00:00,2023-12-20 14:00:00+00:00,long,both_long,43769.44,41811.1,47686.12000000001,44156.953,2023-12-20 15:00:00+00:00,staircase-lock,0.007453506007844736,0.16658791833900094,2.3596349337865865
2023-12-26 05:00:00+00:00,2023-12-26 06:00:00+00:00,short,breakout_short,42764.85,43802.32,40689.909999999996,42211.485,2023-12-26 10:00:00+00:00,staircase-lock,0.011709346899309537,0.4826630782065379,2.3710240203924378
2023-12-26 10:00:00+00:00,2023-12-26 11:00:00+00:00,long,whale_long,42644.87,42150.0,43634.61000000001,42150.0,2023-12-26 16:00:00+00:00,stop,-0.013004443863939662,-1.1206434376705028,2.3444532953023187
2023-12-26 17:00:00+00:00,2023-12-26 18:00:00+00:00,short,whale_short,42010.0,43720.96,38588.08,42300.0,2023-12-27 04:00:00+00:00,time-exit,-0.008255791962174895,-0.20270831599275702,2.3397008935081747
2023-12-29 14:00:00+00:00,2023-12-29 15:00:00+00:00,long,breakout_long,43021.88,42088.92,44887.799999999996,42088.92,2023-12-29 16:00:00+00:00,stop,-0.023085709690046016,-1.0645586434573806,2.314793405415284
2023-12-29 16:00:00+00:00,2023-12-29 17:00:00+00:00,short,whale_short,41971.23,43111.0,39691.69000000001,41682.123,2023-12-29 18:00:00+00:00,staircase-lock,0.005535995078753532,0.20385913186803764,2.3195123231561023
2023-12-31 09:00:00+00:00,2023-12-31 10:00:00+00:00,long,breakout_long,42746.53,41886.43,44466.729999999996,42558.01,2023-12-31 20:00:00+00:00,time-exit,-0.005810182534114404,-0.28876309963957425,2.3128144274752347
2024-01-01 18:00:00+00:00,2024-01-01 19:00:00+00:00,long,breakout_long,43111.1,42056.0,45221.299999999996,43779.6677,2024-01-01 21:00:00+00:00,staircase-lock,0.014108017656705508,0.5764497772722943,2.326146641091137
2024-01-02 01:00:00+00:00,2024-01-02 02:00:00+00:00,long,whale_long,44855.96,42180.77,50206.340000000004,45328.873999999996,2024-01-02 03:00:00+00:00,staircase-lock,0.009142946801272324,0.15330337508737657,2.329712702401411
2024-01-02 08:00:00+00:00,2024-01-02 09:00:00+00:00,long,whale_long,45759.3,42580.0,52117.90000000001,45039.49,2024-01-02 19:00:00+00:00,time-exit,-0.01713035426678304,-0.2465552228477981,2.323968674056292
2024-01-03 15:00:00+00:00,2024-01-03 16:00:00+00:00,long,whale_long,43000.01,40750.0,47500.030000000006,43511.129,2024-01-03 17:00:00+00:00,staircase-lock,0.01048648560779404,0.20040754752201073,2.328626082681148
2024-01-07 13:00:00+00:00,2024-01-07 14:00:00+00:00,long,breakout_long,44409.31,43611.19,46005.54999999999,43611.19,2024-01-07 23:00:00+00:00,stop,-0.019371907241972394,-1.0778993559865708,2.3035258371325926
2024-01-08 11:00:00+00:00,2024-01-08 12:00:00+00:00,long,whale_long,44636.0,43175.0,47558.0,45143.600000000006,2024-01-08 13:00:00+00:00,staircase-lock,0.009971986737162887,0.3046609171800155,2.3105437800754793
2024-01-08 15:00:00+00:00,2024-01-08 16:00:00+00:00,long,whale_long,44963.04,43175.0,48539.12,46913.721600000004,2024-01-08 19:00:00+00:00,staircase-lock,0.04198411281799459,1.055755656473011,2.3349374767289115
2024-01-09 13:00:00+00:00,2024-01-09 14:00:00+00:00,long,whale_long,46834.01,44903.86,50694.310000000005,44903.86,2024-01-09 21:00:00+00:00,stop,-0.04261257180412274,-1.0339702168225273,2.3107949186381074
2024-01-10 17:00:00+00:00,2024-01-10 18:00:00+00:00,long,whale_long,46401.88,44300.36,50604.91999999999,46894.270000000004,2024-01-10 23:00:00+00:00,staircase-lock,0.009211423502668637,0.20338962655602155,2.3154948357936007
2024-01-10 23:00:00+00:00,2024-01-11 00:00:00+00:00,long,whale_long,46654.0,44300.36,51361.28,46859.91,2024-01-11 10:00:00+00:00,time-exit,0.003013555107815048,0.05973487874101532,2.316877993826017
2024-01-11 14:00:00+00:00,2024-01-11 15:00:00+00:00,long,whale_long,48571.21,44800.0,56113.63,46135.48,2024-01-12 01:00:00+00:00,time-exit,-0.05154760801717721,-0.6639061982758845,2.301496097218516
2024-01-12 15:00:00+00:00,2024-01-12 16:00:00+00:00,short,breakout_short,44462.0,46975.0,39436.0,43299.5,2024-01-12 17:00:00+00:00,staircase-lock,0.02544788507950442,0.4502442763250798,2.3118584516660876
2024-01-14 23:00:00+00:00,2024-01-15 00:00:00+00:00,short,breakout_short,41732.35,43079.0,39039.049999999996,42565.26,2024-01-15 10:00:00+00:00,time-exit,-0.02096783536621187,-0.6497880252813508,2.2968362722857067
2024-01-16 15:00:00+00:00,2024-01-16 16:00:00+00:00,long,breakout_long,43252.45,42050.0,45657.34999999999,43545.454,2024-01-16 22:00:00+00:00,staircase-lock,0.005374275214467717,0.1933141253274604,2.3012763812356796
2024-01-18 16:00:00+00:00,2024-01-18 17:00:00+00:00,short,breakout_short,41948.99,42930.0,39986.969999999994,41544.899,2024-01-18 18:00:00+00:00,staircase-lock,0.00832660927638791,0.35605432082150323,2.309470175225114
2024-01-19 16:00:00+00:00,2024-01-19 17:00:00+00:00,short,breakout_short,40395.0,41576.0,38033.0,41576.0,2024-01-19 18:00:00+00:00,stop,-0.029805811044833527,-1.0194798790483068,2.2859255914760723
2024-01-19 18:00:00+00:00,2024-01-19 19:00:00+00:00,long,breakout_long,41808.08,40280.0,44864.240000000005,42157.982,2024-01-19 21:00:00+00:00,staircase-lock,0.006969243457245545,0.19067763991413933,2.2902843404440922
2024-01-22 01:00:00+00:00,2024-01-22 02:00:00+00:00,short,breakout_short,41363.38,41881.39,40327.35999999999,41088.736,2024-01-22 04:00:00+00:00,staircase-lock,0.00528416765120261,0.4219436585015736,2.2999480499802507
2024-01-22 04:00:00+00:00,2024-01-22 05:00:00+00:00,short,breakout_short,40786.41,41881.39,38596.45000000001,40406.808,2024-01-22 11:00:00+00:00,staircase-lock,0.007994505995128588,0.2977837031404901,2.3067969204537895
2024-01-23 09:00:00+00:00,2024-01-23 10:00:00+00:00,short,whale_short,38961.39,41244.06,34396.05,38687.439,2024-01-23 12:00:00+00:00,staircase-lock,0.005681135559270368,0.09696755911612327,2.3090337651213195
2024-01-23 14:00:00+00:00,2024-01-23 15:00:00+00:00,short,whale_short,38767.75,40800.01,34703.229999999996,39769.97,2024-01-24 01:00:00+00:00,time-exit,-0.02660042132292277,-0.5074343261894335,2.2973169351937894
2024-01-26 10:00:00+00:00,2024-01-26 11:00:00+00:00,long,breakout_long,40692.64,39550.0,42977.92,41302.24569999999,2024-01-26 12:00:00+00:00,staircase-lock,0.013580736074140077,0.4836483966953684,2.3084278717178655
2024-01-26 12:00:00+00:00,2024-01-26 13:00:00+00:00,short,whale_short,41140.01,41348.13,40723.77000000001,41348.13,2024-01-26 14:00:00+00:00,stop,-0.006433359428830209,-1.2717108938865798,2.2790713429957155
2024-01-28 04:00:00+00:00,2024-01-28 05:00:00+00:00,long,breakout_long,42720.33,41394.34,45372.31000000001,42258.01,2024-01-28 15:00:00+00:00,time-exit,-0.012222013781260576,-0.39376500727757946,2.270097157556107
2024-01-29 15:00:00+00:00,2024-01-29 16:00:00+00:00,long,breakout_long,42641.75,41620.81,44683.630000000005,43266.7565,2024-01-29 17:00:00+00:00,staircase-lock,0.013257149389975865,0.5537132936313613,2.282666987295843
2024-01-30 12:00:00+00:00,2024-01-30 13:00:00+00:00,long,whale_long,43394.54,42518.0,45147.62,43723.454000000005,2024-01-30 21:00:00+00:00,staircase-lock,0.006179617159209517,0.3059320099482094,2.2896503962905017
2024-02-04 06:00:00+00:00,2024-02-04 07:00:00+00:00,short,breakout_short,42746.13,43270.0,41698.38999999999,42899.45,2024-02-04 17:00:00+00:00,time-exit,-0.00497393859361832,-0.4058576092061481,2.280357675932938
2024-02-06 15:00:00+00:00,2024-02-06 16:00:00+00:00,long,breakout_long,43244.89,42330.52,45073.630000000005,43049.04,2024-02-07 02:00:00+00:00,time-exit,-0.005928858785396328,-0.2804038255848257,2.2739634657726047
2024-02-07 17:00:00+00:00,2024-02-07 18:00:00+00:00,long,whale_long,43499.91,42788.0,44923.73000000001,44207.8167,2024-02-07 21:00:00+00:00,staircase-lock,0.01487375091120875,0.9088323327386826,2.2946299809842112
2024-02-08 14:00:00+00:00,2024-02-08 15:00:00+00:00,long,whale_long,45077.99,43431.1,48371.77,45428.225000000006,2024-02-08 16:00:00+00:00,staircase-lock,0.006369534533372146,0.17434425735781042,2.298630536583668
2024-02-09 02:00:00+00:00,2024-02-09 03:00:00+00:00,long,whale_long,46285.22,44427.01,50001.64,46636.795999999995,2024-02-09 09:00:00+00:00,staircase-lock,0.006195858894048568,0.15432953864202367,2.3021780024858622
2024-02-09 11:00:00+00:00,2024-02-09 12:00:00+00:00,long,whale_long,47180.01,44890.0,51760.030000000006,47647.101,2024-02-09 13:00:00+00:00,staircase-lock,0.008500188660409315,0.17512543001995526,2.3062097016125405
2024-02-09 16:00:00+00:00,2024-02-09 17:00:00+00:00,long,whale_long,47275.88,45227.0,51373.63999999999,47623.379,2024-02-09 18:00:00+00:00,staircase-lock,0.005950450166131228,0.1373007535824452,2.309376144912046
2024-02-09 18:00:00+00:00,2024-02-09 19:00:00+00:00,long,whale_long,47602.0,45227.0,52352.0,47326.83,2024-02-10 05:00:00+00:00,time-exit,-0.007180639468929816,-0.1439211789473672,2.306052463537959
2024-02-11 03:00:00+00:00,2024-02-11 04:00:00+00:00,long,whale_long,48519.6,46800.0,51958.799999999996,48234.56,2024-02-11 14:00:00+00:00,time-exit,-0.007274739280620656,-0.20526136310770077,2.301319028817322
2024-02-12 14:00:00+00:00,2024-02-12 15:00:00+00:00,long,whale_long,48797.99,47710.01,50973.94999999999,49869.359300000004,2024-02-12 16:00:00+00:00,staircase-lock,0.020555193236442795,0.9219398463207108,2.32253580593495
2024-02-12 17:00:00+00:00,2024-02-12 18:00:00+00:00,long,whale_long,49854.49,47710.01,54143.44999999999,50201.449,2024-02-12 21:00:00+00:00,staircase-lock,0.0055594333429146,0.12924471853316563,2.325537560800163
2024-02-14 08:00:00+00:00,2024-02-14 09:00:00+00:00,long,whale_long,50758.0,48300.95,55672.100000000006,51621.04,2024-02-14 10:00:00+00:00,staircase-lock,0.01560303400449199,0.3223291345312483,2.3330334458930895
2024-02-14 14:00:00+00:00,2024-02-14 15:00:00+00:00,long,whale_long,51908.45,48825.0,58075.34999999999,52440.845,2024-02-15 01:00:00+00:00,staircase-lock,0.008856422605568138,0.1490937651007812,2.336511853298632
2024-02-15 14:00:00+00:00,2024-02-15 15:00:00+00:00,long,whale_long,52621.31,51202.44,55459.04999999999,51952.63,2024-02-16 01:00:00+00:00,time-exit,-0.014107399340685322,-0.523197920880701,2.3242872718610426
2024-02-18 22:00:00+00:00,2024-02-18 23:00:00+00:00,long,breakout_long,52239.79,51163.28,54392.810000000005,52262.99,2024-02-19 09:00:00+00:00,time-exit,-0.0009558940799724734,-0.04638666245553234,2.3232091125697476
2024-02-20 13:00:00+00:00,2024-02-20 14:00:00+00:00,long,both_long,52840.14,51311.0,55898.42,51311.0,2024-02-20 17:00:00+00:00,stop,-0.03033898464311406,-1.0483776475666045,2.298853107527336
2024-02-26 09:00:00+00:00,2024-02-26 10:00:00+00:00,short,breakout_short,50950.0,51958.55,48932.899999999994,51958.55,2024-02-26 15:00:00+00:00,stop,-0.02081066484726772,-1.0513146338488795,2.2746849283972117
2024-02-26 15:00:00+00:00,2024-02-26 16:00:00+00:00,long,both_long,52842.33,50901.44,56724.11,53591.333399999996,2024-02-26 17:00:00+00:00,staircase-lock,0.012774306848316442,0.34779103297971425,2.282596078606718
2024-02-26 17:00:00+00:00,2024-02-26 18:00:00+00:00,long,whale_long,53502.61,50901.44,58704.95,54441.361300000004,2024-02-26 20:00:00+00:00,staircase-lock,0.01614589729360867,0.3320996497729871,2.2901765721895027
2024-02-27 01:00:00+00:00,2024-02-27 02:00:00+00:00,long,whale_long,55768.41,50901.44,65502.350000000006,56982.4599,2024-02-27 03:00:00+00:00,staircase-lock,0.02036949100754344,0.233404793125907,2.2955219540800393
2024-02-27 12:00:00+00:00,2024-02-27 13:00:00+00:00,long,whale_long,56786.96,52753.28,64854.32,57158.695999999996,2024-02-27 14:00:00+00:00,staircase-lock,0.005146150736014056,0.07244854723230418,2.2971850263871687
2024-02-27 14:00:00+00:00,2024-02-27 15:00:00+00:00,long,whale_long,56976.34,53294.39,64340.23999999999,57526.969000000005,2024-02-27 20:00:00+00:00,staircase-lock,0.008264169372760822,0.12788389956409177,2.300122756179115
2024-02-28 07:00:00+00:00,2024-02-28 08:00:00+00:00,long,whale_long,58241.09,56209.0,62305.26999999999,59400.604699999996,2024-02-28 09:00:00+00:00,staircase-lock,0.01850887704883271,0.5304770822158477,2.3123243802634765
2024-02-28 11:00:00+00:00,2024-02-28 12:00:00+00:00,long,whale_long,58941.11,56209.0,64405.33,59384.25200000001,2024-02-28 13:00:00+00:00,staircase-lock,0.006118385724327281,0.1319948486700769,2.3153765293299666
2024-02-28 13:00:00+00:00,2024-02-28 14:00:00+00:00,long,whale_long,60454.76,56579.84,68204.6,61111.652,2024-02-28 15:00:00+00:00,staircase-lock,0.009465844145274916,0.14768184530261255,2.3187959201141846
2024-02-28 15:00:00+00:00,2024-02-28 16:00:00+00:00,long,whale_long,60966.22,56579.84,69738.98000000001,62372.1754,2024-02-28 17:00:00+00:00,staircase-lock,0.021661219803359957,0.30106892061335283,2.3257770939620985
2024-02-28 17:00:00+00:00,2024-02-28 18:00:00+00:00,long,whale_long,61358.59,56579.84,70916.09,62556.8485,2024-02-29 00:00:00+00:00,staircase-lock,0.018128781544686737,0.23277143060423755,2.3311908385763798
2024-02-29 06:00:00+00:00,2024-02-29 07:00:00+00:00,long,whale_long,63000.01,58500.0,72000.03,63478.693,2024-02-29 15:00:00+00:00,staircase-lock,0.00619814165108863,0.08677380405821321,2.3332137015468692
2024-03-03 16:00:00+00:00,2024-03-03 17:00:00+00:00,long,breakout_long,62845.14,61320.0,65895.42,64168.623,2024-03-04 01:00:00+00:00,staircase-lock,0.019659432758046227,0.8100894370352898,2.3521148192865606
2024-03-04 08:00:00+00:00,2024-03-04 09:00:00+00:00,long,whale_long,65241.08,61821.09,72081.06000000001,66302.3123,2024-03-04 15:00:00+00:00,staircase-lock,0.014866320238720766,0.28359579647893685,2.3587853180424156
2024-03-08 14:00:00+00:00,2024-03-08 15:00:00+00:00,long,breakout_long,68422.0,66757.0,71752.0,69880.23999999999,2024-03-08 16:00:00+00:00,staircase-lock,0.019912443366168667,0.8182878078078033,2.378086970712317
2024-03-10 01:00:00+00:00,2024-03-10 02:00:00+00:00,long,breakout_long,68939.56,67933.93,70950.82,69587.47899999999,2024-03-10 05:00:00+00:00,staircase-lock,0.007998362855811637,0.5483165935781501,2.3911264161824524
2024-03-10 22:00:00+00:00,2024-03-10 23:00:00+00:00,short,breakout_short,68418.59,69887.61,65480.54999999999,67122.5141,2024-03-11 01:00:00+00:00,staircase-lock,0.017909108387523867,0.834104330799821,2.411070905174729
2024-03-11 07:00:00+00:00,2024-03-11 08:00:00+00:00,long,whale_long,71019.99,67024.96,79010.05,71594.199,2024-03-11 09:00:00+00:00,staircase-lock,0.006685174329086619,0.11884291582290711,2.4139362921409964
2024-03-14 13:00:00+00:00,2024-03-14 14:00:00+00:00,short,breakout_short,71884.82,73777.0,68100.46000000002,71281.982,2024-03-14 15:00:00+00:00,staircase-lock,0.007057088075918051,0.2681021393638646,2.420408106983107
2024-03-14 15:00:00+00:00,2024-03-14 16:00:00+00:00,short,breakout_short,70844.0,73777.0,64978.0,69976.4,2024-03-14 17:00:00+00:00,staircase-lock,0.010998465768459266,0.2656581346405483,2.426838118010807
2024-03-19 07:00:00+00:00,2024-03-19 08:00:00+00:00,short,whale_short,64704.23,68627.81,56857.070000000014,63239.2661,2024-03-19 09:00:00+00:00,staircase-lock,0.02176541589340182,0.3589360930610129,2.4355489159365105
2024-03-19 14:00:00+00:00,2024-03-19 15:00:00+00:00,short,whale_short,62888.0,68124.11,52415.78,61648.310000000005,2024-03-20 00:00:00+00:00,staircase-lock,0.018709067061205634,0.22470418103231213,2.441021696181707
2024-03-21 17:00:00+00:00,2024-03-21 18:00:00+00:00,short,breakout_short,65724.99,68240.47,60694.03000000001,64956.408,2024-03-21 19:00:00+00:00,staircase-lock,0.010432273730407072,0.2725766400878833,2.4476753511049756
2024-03-22 13:00:00+00:00,2024-03-22 14:00:00+00:00,short,breakout_short,63058.61,67000.0,55175.83,62646.86,2024-03-22 15:00:00+00:00,staircase-lock,0.005172556070647328,0.08275613323271293,2.4497009525796405
2024-03-24 22:00:00+00:00,2024-03-24 23:00:00+00:00,long,breakout_long,66951.26,63772.29,73309.19999999998,67560.947,2024-03-25 00:00:00+00:00,staircase-lock,0.007706430558588618,0.16230264393813493,2.4536768819942547
2024-03-25 13:00:00+00:00,2024-03-25 14:00:00+00:00,long,breakout_long,67984.01,64600.01,74752.00999999998,69347.3807,2024-03-25 15:00:00+00:00,staircase-lock,0.018654284823740166,0.37476155023640734,2.462872319515009
2024-03-25 15:00:00+00:00,2024-03-25 16:00:00+00:00,long,whale_long,69792.06,65667.66,78040.85999999999,70770.7734,2024-03-25 18:00:00+00:00,staircase-lock,0.01262327714642615,0.21360792260692557,2.468133209913186
2024-03-26 14:00:00+00:00,2024-03-26 15:00:00+00:00,long,whale_long,70310.01,69562.09,71805.84999999999,69562.09,2024-03-26 16:00:00+00:00,stop,-0.01203746115240205,-1.1316103513744806,2.440203559024097
2024-03-27 13:00:00+00:00,2024-03-27 14:00:00+00:00,long,whale_long,69891.99,69401.72,70872.53000000001,69401.72,2024-03-27 14:00:00+00:00,stop,-0.008414680795324413,-1.1995814265608769,2.4109313303597664
2024-03-27 14:00:00+00:00,2024-03-27 15:00:00+00:00,long,whale_long,70050.74,69401.72,71348.78000000001,69401.72,2024-03-27 15:00:00+00:00,stop,-0.010664998485383647,-1.1511063387877092,2.3831789469921763
2024-03-28 14:00:00+00:00,2024-03-28 15:00:00+00:00,long,breakout_long,71537.97,68410.0,77793.91,70790.01,2024-03-29 01:00:00+00:00,time-exit,-0.011855426677609237,-0.27113852051011006,2.3767172308541933
2024-03-29 07:00:00+00:00,2024-03-29 08:00:00+00:00,short,breakout_short,69794.01,71552.06,66277.90999999999,69087.50099999999,2024-03-29 16:00:00+00:00,staircase-lock,0.008826292596688502,0.3504009293001918,2.385045270117944
2024-04-01 05:00:00+00:00,2024-04-01 06:00:00+00:00,short,breakout_short,69167.47,71366.0,64770.41,68667.052,2024-04-01 15:00:00+00:00,staircase-lock,0.005887599881235618,0.1852284881977359,2.3894630534146146
2024-04-02 02:00:00+00:00,2024-04-02 03:00:00+00:00,short,breakout_short,66996.01,70080.0,60828.029999999984,66558.313,2024-04-02 04:00:00+00:00,staircase-lock,0.00517614323848632,0.1124455475429756,2.3921498982283635
2024-04-02 13:00:00+00:00,2024-04-02 14:00:00+00:00,short,whale_short,65224.2,69900.0,55872.59999999999,64722.549,2024-04-02 16:00:00+00:00,staircase-lock,0.006350791768105447,0.08858918526054643,2.3942690843334153
2024-04-04 12:00:00+00:00,2024-04-04 13:00:00+00:00,long,breakout_long,66709.0,65064.52,69997.96,67420.90000000001,2024-04-04 14:00:00+00:00,staircase-lock,0.009271723455605741,0.37611123273010444,2.4032741993013778
2024-04-07 16:00:00+00:00,2024-04-07 17:00:00+00:00,long,breakout_long,70074.01,68166.66,73888.70999999998,69458.95,2024-04-08 03:00:00+00:00,time-exit,-0.010177291323844527,-0.3739028568432631,2.3942882884124126
2024-04-08 07:00:00+00:00,2024-04-08 08:00:00+00:00,long,both_long,70698.64,68849.77,74396.37999999999,72013.0555,2024-04-08 09:00:00+00:00,staircase-lock,0.017191807423735453,0.6573947351625605,2.4100282135650493
2024-04-08 09:00:00+00:00,2024-04-08 10:00:00+00:00,long,whale_long,72197.26,68849.77,78892.23999999998,72737.917,2024-04-08 13:00:00+00:00,staircase-lock,0.006088608293445109,0.13131654941464024,2.4131929794550224
2024-04-10 12:00:00+00:00,2024-04-10 13:00:00+00:00,short,breakout_short,67975.99,69594.15,64739.67000000003,69594.15,2024-04-10 17:00:00+00:00,stop,-0.024651379605900622,-1.0355601013354157,2.3882029157915587
2024-04-10 22:00:00+00:00,2024-04-10 23:00:00+00:00,long,whale_long,70528.0,67518.0,76548.0,71008.6,2024-04-11 03:00:00+00:00,staircase-lock,0.005414314882032768,0.12686405315614852,2.391232686808125
2024-04-12 14:00:00+00:00,2024-04-12 15:00:00+00:00,short,breakout_short,69270.02,71227.46,65355.14,68738.651,2024-04-12 17:00:00+00:00,staircase-lock,0.0063302797228302465,0.22401636985350518,2.396589439467863
2024-04-14 03:00:00+00:00,2024-04-14 04:00:00+00:00,short,whale_short,63437.55,67926.0,54460.65000000001,63918.01,2024-04-14 14:00:00+00:00,time-exit,-0.008916817247595786,-0.12602591985768372,2.3935691155815615
2024-04-14 17:00:00+00:00,2024-04-14 18:00:00+00:00,short,whale_short,63868.57,65608.09,60389.530000000006,63380.635,2024-04-14 22:00:00+00:00,staircase-lock,0.00629848708521148,0.2312565324318928,2.3991044005196165
2024-04-15 14:00:00+00:00,2024-04-15 15:00:00+00:00,short,whale_short,64235.25,66867.07,58971.609999999986,63403.416,2024-04-15 18:00:00+00:00,staircase-lock,0.01171970320337319,0.2860446630827624,2.405966910619086
2024-04-16 04:00:00+00:00,2024-04-16 05:00:00+00:00,short,whale_short,62487.0,66867.07,53726.859999999986,61688.7,2024-04-16 11:00:00+00:00,staircase-lock,0.011540781699079418,0.16464321940753787,2.40992817199861
2024-04-17 14:00:00+00:00,2024-04-17 15:00:00+00:00,short,both_short,61279.65,64499.0,54840.950000000004,59985.415499999996,2024-04-17 16:00:00+00:00,staircase-lock,0.020175819542335452,0.3840424806303997,2.419183319931764
2024-04-17 16:00:00+00:00,2024-04-17 17:00:00+00:00,short,whale_short,60194.96,64499.0,51586.88,61988.0,2024-04-18 03:00:00+00:00,time-exit,-0.030325598502936077,-0.4241243549921229,2.4089229742800264
2024-04-19 01:00:00+00:00,2024-04-19 02:00:00+00:00,short,whale_short,61021.99,64117.09,54831.79,59699.5486,2024-04-19 03:00:00+00:00,staircase-lock,0.020751614727619508,0.40913212057531284,2.4187786519277243
2024-04-22 05:00:00+00:00,2024-04-22 06:00:00+00:00,long,breakout_long,66377.99,64237.5,70658.97000000002,66154.73,2024-04-22 16:00:00+00:00,time-exit,-0.004763464304960262,-0.14771813276399726,2.4152056772674024
2024-04-22 22:00:00+00:00,2024-04-22 23:00:00+00:00,long,breakout_long,67027.98,64500.0,72083.93999999999,66058.99,2024-04-23 09:00:00+00:00,time-exit,-0.015856500106373336,-0.42042625811912737,2.4050515184125865
2024-04-24 14:00:00+00:00,2024-04-24 15:00:00+00:00,short,breakout_short,65234.86,67070.43,61563.720000000016,64590.613,2024-04-24 16:00:00+00:00,staircase-lock,0.008574313140517887,0.30472502673166757,2.4123803122949794
2024-04-24 18:00:00+00:00,2024-04-24 19:00:00+00:00,short,breakout_short,64127.04,67070.43,58240.26000000002,63658.157999999996,2024-04-24 21:00:00+00:00,staircase-lock,0.005965623114636843,0.12997181892214163,2.4155157268661887
2024-04-25 10:00:00+00:00,2024-04-25 11:00:00+00:00,short,breakout_short,63462.0,66200.0,57986.0,62860.799999999996,2024-04-25 14:00:00+00:00,staircase-lock,0.00816398900427624,0.18922683352424352,2.4200865307894177
2024-04-28 02:00:00+00:00,2024-04-28 03:00:00+00:00,long,breakout_long,63950.01,62673.37,66503.29000000001,63775.43,2024-04-28 13:00:00+00:00,time-exit,-0.004129944842854604,-0.20687900582779833,2.415079879834348
2024-04-28 22:00:00+00:00,2024-04-28 23:00:00+00:00,short,breakout_short,63151.06,64370.0,60713.17999999999,62628.106,2024-04-29 03:00:00+00:00,staircase-lock,0.00695014873354134,0.3600745399123766,2.423775967600178
2024-04-29 03:00:00+00:00,2024-04-29 04:00:00+00:00,short,breakout_short,62279.68,64060.0,58719.04,61816.945,2024-04-29 14:00:00+00:00,staircase-lock,0.006085568884065596,0.21288716787856254,2.4289358756133237
2024-04-30 08:00:00+00:00,2024-04-30 09:00:00+00:00,short,whale_short,61919.32,64734.0,56289.96,61497.841,2024-04-30 11:00:00+00:00,staircase-lock,0.005453557672048982,0.11997121613613482,2.4318498995224638
2024-04-30 12:00:00+00:00,2024-04-30 13:00:00+00:00,short,whale_short,61230.16,64734.0,54222.48000000001,60824.827000000005,2024-04-30 14:00:00+00:00,staircase-lock,0.005263940038826643,0.09198818747652915,2.4340869141671844
2024-04-30 16:00:00+00:00,2024-04-30 17:00:00+00:00,short,whale_short,60336.68,64734.0,51542.04,59271.7556,2024-04-30 20:00:00+00:00,staircase-lock,0.01656681048536386,0.22731717111241484,2.439620011682887
2024-05-01 07:00:00+00:00,2024-05-01 08:00:00+00:00,short,whale_short,57500.0,61782.19,48935.619999999995,56619.122599999995,2024-05-01 09:00:00+00:00,staircase-lock,0.014157948614343342,0.19010881005390742,2.444257944256934
2024-05-01 09:00:00+00:00,2024-05-01 10:00:00+00:00,short,whale_short,57115.61,61559.36,48228.11,56718.62,2024-05-01 16:00:00+00:00,staircase-lock,0.005599288769719669,0.07196777353556984,2.446017022278882
2024-05-01 18:00:00+00:00,2024-05-01 19:00:00+00:00,short,whale_short,58913.98,61070.71,54600.52000000001,56977.9384,2024-05-01 20:00:00+00:00,staircase-lock,0.03257879344823762,0.8899335501586225,2.467784948402733
2024-05-01 23:00:00+00:00,2024-05-02 00:00:00+00:00,short,whale_short,58364.97,60361.09,54372.73000000001,57714.054000000004,2024-05-02 01:00:00+00:00,staircase-lock,0.00987829280542314,0.2888334685488541,2.474912737265531
2024-05-02 12:00:00+00:00,2024-05-02 13:00:00+00:00,short,whale_short,58556.58,59468.0,56733.740000000005,59468.0,2024-05-02 18:00:00+00:00,stop,-0.01672622586937504,-1.0746204639114032,2.448316818526926
2024-05-03 12:00:00+00:00,2024-05-03 13:00:00+00:00,long,breakout_long,60641.0,58637.62,64647.759999999995,61752.908,2024-05-03 14:00:00+00:00,staircase-lock,0.016935911347108437,0.5126389401910791,2.4608678439179426
2024-05-06 08:00:00+00:00,2024-05-06 09:00:00+00:00,long,both_long,65143.04,63582.08,68264.95999999999,63582.08,2024-05-06 12:00:00+00:00,stop,-0.025362038001296813,-1.0584257482574821,2.4348213850273264
2024-05-07 23:00:00+00:00,2024-05-08 00:00:00+00:00,short,breakout_short,62312.07,64422.41,58091.38999999999,62450.05,2024-05-08 10:00:00+00:00,time-exit,-0.0036094457890746712,-0.10657620983823733,2.4322264446788333
2024-05-09 10:00:00+00:00,2024-05-09 11:00:00+00:00,short,breakout_short,60805.99,62828.0,56761.969999999994,62543.34,2024-05-09 21:00:00+00:00,time-exit,-0.029178337389720463,-0.8774524812122426,2.4108848133912986
2024-05-10 14:00:00+00:00,2024-05-10 15:00:00+00:00,short,both_short,61063.87,63469.13,56253.35000000001,60335.886999999995,2024-05-10 17:00:00+00:00,staircase-lock,0.010665505890383354,0.2707720018520263,2.4174128144628644
2024-05-13 07:00:00+00:00,2024-05-13 08:00:00+00:00,long,breakout_long,62334.36,60749.21,65504.66,63005.436,2024-05-13 09:00:00+00:00,staircase-lock,0.009365747815490556,0.36829820269375224,2.4263161024102193
2024-05-15 12:00:00+00:00,2024-05-15 13:00:00+00:00,long,both_long,63757.57,61159.34,68954.03,64572.961,2024-05-15 14:00:00+00:00,staircase-lock,0.011388928436262559,0.2794711792258575,2.4330969566333724
2024-05-15 14:00:00+00:00,2024-05-15 15:00:00+00:00,long,whale_long,64499.99,61224.07,71051.82999999999,65001.532999999996,2024-05-15 16:00:00+00:00,staircase-lock,0.006375861670676232,0.12553512112627915,2.436151347845002
2024-05-17 14:00:00+00:00,2024-05-17 15:00:00+00:00,long,breakout_long,66806.67,64831.63,70756.75,67386.747,2024-05-17 16:00:00+00:00,staircase-lock,0.007282920432944829,0.24634825725048712,2.4421527642344025
2024-05-20 15:00:00+00:00,2024-05-20 16:00:00+00:00,long,breakout_long,67420.0,65857.25,70545.5,68181.472,2024-05-20 17:00:00+00:00,staircase-lock,0.009894452684663225,0.4268654615261524,2.452577470902625
2024-05-20 23:00:00+00:00,2024-05-21 00:00:00+00:00,long,whale_long,71446.62,66279.64,81780.57999999999,71925.76199999999,2024-05-21 01:00:00+00:00,staircase-lock,0.005306293453770051,0.07337298228365442,2.4543770001358434
2024-05-23 13:00:00+00:00,2024-05-23 14:00:00+00:00,short,breakout_short,68036.14,70459.91,63188.59999999999,66853.7008,2024-05-23 19:00:00+00:00,staircase-lock,0.0162869670018327,0.45718131964339354,2.465597953294088
2024-05-27 14:00:00+00:00,2024-05-27 15:00:00+00:00,long,breakout_long,69500.0,68128.01,72243.98000000001,70418.27,2024-05-27 16:00:00+00:00,staircase-lock,0.011812517985611516,0.5983789969314625,2.480351573595372
2024-05-30 13:00:00+00:00,2024-05-30 14:00:00+00:00,long,breakout_long,68623.99,67128.0,71615.97000000002,69412.399,2024-05-30 18:00:00+00:00,staircase-lock,0.010088824826419996,0.46279414568278876,2.4918304954703223
2024-05-31 14:00:00+00:00,2024-05-31 15:00:00+00:00,short,both_short,67501.76,69420.0,63665.279999999984,66753.176,2024-05-31 17:00:00+00:00,staircase-lock,0.009814207995136949,0.3453563228156089,2.5004361896402765
2024-06-02 11:00:00+00:00,2024-06-02 12:00:00+00:00,long,breakout_long,68251.53,67367.2,70020.19,67367.2,2024-06-02 19:00:00+00:00,stop,-0.014356925654267426,-1.1080503228432834,2.4727300983684772
2024-06-03 06:00:00+00:00,2024-06-03 07:00:00+00:00,long,breakout_long,69038.94,67257.47,72601.88,69696.264,2024-06-03 13:00:00+00:00,staircase-lock,0.00812106159219701,0.3147229445345661,2.480512347344455
2024-06-03 13:00:00+00:00,2024-06-03 14:00:00+00:00,long,whale_long,69795.33,67257.47,74871.05,69001.41,2024-06-04 00:00:00+00:00,time-exit,-0.012774973082009854,-0.3513328008637177,2.4717974938387597
2024-06-04 13:00:00+00:00,2024-06-04 14:00:00+00:00,long,whale_long,69527.99,68567.32,71449.33,70033.79000000001,2024-06-04 15:00:00+00:00,staircase-lock,0.005874768046652946,0.42518327209135953,2.4823071633025355
2024-06-04 15:00:00+00:00,2024-06-04 16:00:00+00:00,long,both_long,70445.0,68567.32,74200.35999999999,70943.59999999999,2024-06-04 17:00:00+00:00,staircase-lock,0.005677862161970261,0.21301659494695396,2.487594889497927
2024-06-04 18:00:00+00:00,2024-06-04 19:00:00+00:00,long,whale_long,70693.67,68567.32,74946.36999999998,71216.867,2024-06-05 02:00:00+00:00,staircase-lock,0.006000903079441301,0.1995089529005144,2.492557864014371
2024-06-05 15:00:00+00:00,2024-06-05 16:00:00+00:00,long,whale_long,71580.01,70092.5,74555.02999999998,71160.0,2024-06-06 02:00:00+00:00,time-exit,-0.007267699655252801,-0.349726733937919,2.4838407228050405
2024-06-07 12:00:00+00:00,2024-06-07 13:00:00+00:00,long,whale_long,71234.09,70117.64,73466.98999999999,70117.64,2024-06-07 17:00:00+00:00,stop,-0.01707297343168128,-1.0893257432039019,2.456783606391343
2024-06-07 17:00:00+00:00,2024-06-07 18:00:00+00:00,short,breakout_short,69803.59,71997.02,65416.72999999998,68516.8513,2024-06-07 19:00:00+00:00,staircase-lock,0.017379886634983313,0.5530965113611332,2.4703719908099857
2024-06-09 12:00:00+00:00,2024-06-09 13:00:00+00:00,long,breakout_long,69712.96,69130.24,70878.40000000001,69648.14,2024-06-09 23:00:00+00:00,time-exit,-0.002329812763652671,-0.27872416254806387,2.4634864671667787
2024-06-10 15:00:00+00:00,2024-06-10 16:00:00+00:00,long,breakout_long,70066.12,69172.29,71853.78,69172.29,2024-06-11 01:00:00+00:00,stop,-0.01415695014937317,-1.1097440989897367,2.4361480714679846
2024-06-11 01:00:00+00:00,2024-06-11 02:00:00+00:00,short,both_short,68724.0,70195.94,65780.12,67982.4,2024-06-11 03:00:00+00:00,staircase-lock,0.009508705782673333,0.4439557972529051,2.4469634920609318
2024-06-11 04:00:00+00:00,2024-06-11 05:00:00+00:00,short,whale_short,68024.03,70195.94,63680.20999999999,67394.903,2024-06-11 07:00:00+00:00,staircase-lock,0.007934934423750107,0.24852144761486855,2.4530447211540087
2024-06-11 09:00:00+00:00,2024-06-11 10:00:00+00:00,short,whale_short,67084.33,70195.94,60861.11,66619.948,2024-06-11 14:00:00+00:00,staircase-lock,0.005570614867486846,0.12009890894854874,2.4559908011001346
2024-06-11 15:00:00+00:00,2024-06-11 16:00:00+00:00,short,whale_short,66244.48,69860.01,59013.42,67415.25,2024-06-12 02:00:00+00:00,time-exit,-0.018766545403302734,-0.3438444824515853,2.4475460122410335
2024-06-12 13:00:00+00:00,2024-06-12 14:00:00+00:00,short,whale_short,69320.01,69488.0,68984.02999999998,69488.0,2024-06-12 14:00:00+00:00,stop,-0.003817539719088313,-1.5,2.410832822057418
2024-06-12 18:00:00+00:00,2024-06-12 19:00:00+00:00,short,whale_short,68828.0,69999.0,66486.0,67360.45999999999,2024-06-12 20:00:00+00:00,staircase-lock,0.020386371411359308,1.1982520678915785,2.4397206762011296
2024-06-13 15:00:00+00:00,2024-06-13 16:00:00+00:00,short,whale_short,66470.01,69226.14,60957.749999999985,66952.0,2024-06-14 02:00:00+00:00,time-exit,-0.008599038116859957,-0.20738432135569135,2.4346610780338156
2024-06-14 15:00:00+00:00,2024-06-14 16:00:00+00:00,short,breakout_short,66392.0,67370.24,64435.51999999999,65284.2491,2024-06-14 17:00:00+00:00,staircase-lock,0.015568118884283845,1.0565899461945611,2.4603854622082326
2024-06-16 10:00:00+00:00,2024-06-16 11:00:00+00:00,long,breakout_long,66716.31,65857.1,68434.72999999998,66525.0,2024-06-16 21:00:00+00:00,time-exit,-0.004267514705174768,-0.3313658290755474,2.452232585522932
2024-06-17 09:00:00+00:00,2024-06-17 10:00:00+00:00,short,breakout_short,65722.07,66998.7,63168.81000000003,65242.307,2024-06-17 14:00:00+00:00,staircase-lock,0.005953556642318182,0.3064944944074662,2.459748543387626
2024-06-18 01:00:00+00:00,2024-06-18 02:00:00+00:00,short,whale_short,65133.99,67298.81,60804.35,64625.499,2024-06-18 03:00:00+00:00,staircase-lock,0.006468271933962001,0.19461403694716498,2.4645355593266616
2024-06-18 14:00:00+00:00,2024-06-18 15:00:00+00:00,short,whale_short,64634.0,67298.81,59304.380000000005,64117.399999999994,2024-06-18 20:00:00+00:00,staircase-lock,0.0066570952658718385,0.16146543108677947,2.468514932291815
2024-06-20 07:00:00+00:00,2024-06-20 08:00:00+00:00,long,breakout_long,65858.84,64666.0,68244.51999999999,66420.53,2024-06-20 12:00:00+00:00,staircase-lock,0.007128695616260462,0.393588095637303,2.478230713204345
2024-06-20 13:00:00+00:00,2024-06-20 14:00:00+00:00,short,whale_short,65142.65,66482.94,62462.07,64706.519,2024-06-20 15:00:00+00:00,staircase-lock,0.005340140046785692,0.2595489588214071,2.484662935217659
2024-06-21 08:00:00+00:00,2024-06-21 09:00:00+00:00,short,whale_short,63639.64,66300.5,58317.92,64232.01,2024-06-21 19:00:00+00:00,time-exit,-0.010622348794627466,-0.2540541228191358,2.4783505465925795
2024-06-23 23:00:00+00:00,2024-06-24 00:00:00+00:00,short,breakout_short,63210.01,64519.57,60590.89000000001,62746.519,2024-06-24 03:00:00+00:00,staircase-lock,0.005986720528671953,0.28896779413280804,2.4855121814979464
2024-06-24 09:00:00+00:00,2024-06-24 10:00:00+00:00,short,whale_short,61402.28,64429.1,55348.64,60892.708999999995,2024-06-24 12:00:00+00:00,staircase-lock,0.006968341766499476,0.14136026333984034,2.4890257080630556
2024-06-24 16:00:00+00:00,2024-06-24 17:00:00+00:00,short,whale_short,60168.01,64159.0,52186.030000000006,59756.881,2024-06-24 19:00:00+00:00,staircase-lock,0.005480027757807605,0.08261668531668727,2.4910820585997375
2024-06-25 03:00:00+00:00,2024-06-25 04:00:00+00:00,short,whale_short,61302.59,62975.6,57956.56999999999,60692.426,2024-06-25 08:00:00+00:00,staircase-lock,0.008653379642461335,0.3170779519166969,2.4989807305717098
2024-06-25 15:00:00+00:00,2024-06-25 16:00:00+00:00,short,whale_short,61810.0,62134.0,61162.0,61408.879,2024-06-25 17:00:00+00:00,staircase-lock,0.005131970726904257,0.9790342920677535,2.5234466088761724
2024-06-27 13:00:00+00:00,2024-06-27 14:00:00+00:00,long,breakout_long,61990.0,60606.63,64756.740000000005,61560.0,2024-06-28 00:00:00+00:00,time-exit,-0.008336602677851234,-0.37357033909944337,2.5140197608224004
2024-06-30 07:00:00+00:00,2024-06-30 08:00:00+00:00,long,breakout_long,61528.01,60712.21,63159.61000000001,62055.31,2024-06-30 18:00:00+00:00,time-exit,0.00717008052105046,0.5407707599901893,2.527614844589303
2024-06-30 18:00:00+00:00,2024-06-30 19:00:00+00:00,long,breakout_long,62055.3,60712.21,64741.48000000001,62862.509999999995,2024-06-30 23:00:00+00:00,staircase-lock,0.011607913909045543,0.5363248777073703,2.54117107181346
2024-07-04 01:00:00+00:00,2024-07-04 02:00:00+00:00,short,whale_short,58561.1,61181.84,53319.62,57876.119,2024-07-04 03:00:00+00:00,staircase-lock,0.010435296005248796,0.23317933594823437,2.547096557644023
2024-07-04 08:00:00+00:00,2024-07-04 09:00:00+00:00,short,whale_short,57688.46,60740.2,51584.98,57025.646,2024-07-04 10:00:00+00:00,staircase-lock,0.010223086216331568,0.19325175154744356,2.552018866355275
2024-07-04 13:00:00+00:00,2024-07-04 14:00:00+00:00,short,whale_short,57420.02,60515.99,51228.079999999994,56910.395,2024-07-04 15:00:00+00:00,staircase-lock,0.007554866681210038,0.14011782928530117,2.555594699793763
2024-07-04 23:00:00+00:00,2024-07-05 00:00:00+00:00,short,whale_short,57050.02,59155.8,52838.459999999985,55570.092399999994,2024-07-05 03:00:00+00:00,staircase-lock,0.025231728256762967,0.6835807167334138,2.5730642523594147
2024-07-05 03:00:00+00:00,2024-07-05 04:00:00+00:00,short,whale_short,55228.0,58857.99,47968.020000000004,53555.6128,2024-07-05 05:00:00+00:00,staircase-lock,0.02982711350994001,0.4538006509458614,2.5847408346858773
2024-07-05 06:00:00+00:00,2024-07-05 07:00:00+00:00,short,whale_short,54283.99,58813.13,45225.71,53938.399000000005,2024-07-05 10:00:00+00:00,staircase-lock,0.005007142340283167,0.06001308520569205,2.5862920174053436
2024-07-05 11:00:00+00:00,2024-07-05 12:00:00+00:00,short,whale_short,55486.51,58813.13,48833.27000000001,55037.842,2024-07-05 13:00:00+00:00,staircase-lock,0.006751991133664049,0.11262014403748012,2.589204703200575
2024-07-05 16:00:00+00:00,2024-07-05 17:00:00+00:00,short,whale_short,56448.15,58813.13,51718.19000000001,55846.21200000001,2024-07-05 19:00:00+00:00,staircase-lock,0.009378492908346093,0.22384907037871674,2.5950006138588915
2024-07-07 13:00:00+00:00,2024-07-07 14:00:00+00:00,short,breakout_short,56872.01,58475.0,53666.030000000006,56276.201,2024-07-07 22:00:00+00:00,staircase-lock,0.00918722851601157,0.3259509741388879,2.6034590436386744
2024-07-08 01:00:00+00:00,2024-07-08 02:00:00+00:00,short,whale_short,54958.19,57911.71,49051.15000000001,57911.71,2024-07-08 09:00:00+00:00,stop,-0.05240039353008223,-0.9750503750443651,2.5780740064695493
2024-07-08 14:00:00+00:00,2024-07-08 15:00:00+00:00,short,whale_short,56185.24,58236.73,52082.25999999999,55752.133,2024-07-08 16:00:00+00:00,staircase-lock,0.00636843820486639,0.17441578022100343,2.5825705743626077
2024-07-11 11:00:00+00:00,2024-07-11 12:00:00+00:00,long,breakout_long,58777.99,57050.0,62233.969999999994,59562.799,2024-07-11 13:00:00+00:00,staircase-lock,0.011952089787350696,0.4065531710252965,2.593070096926645
2024-07-12 15:00:00+00:00,2024-07-12 16:00:00+00:00,long,breakout_long,58213.99,56542.47,61557.02999999999,57946.43,2024-07-13 02:00:00+00:00,time-exit,-0.005996146046680461,-0.20882764549631264,2.587655049697164
2024-07-14 04:00:00+00:00,2024-07-14 05:00:00+00:00,long,breakout_long,59950.0,57900.57,64048.86,60355.0,2024-07-14 09:00:00+00:00,staircase-lock,0.005355629691409526,0.15666307217128717,2.591708949595215
2024-07-15 22:00:00+00:00,2024-07-15 23:00:00+00:00,long,whale_long,64343.6,61300.87,70429.06,64844.36000000001,2024-07-16 00:00:00+00:00,staircase-lock,0.006382592208082972,0.1349705560467107,2.595206993575596
2024-07-16 07:00:00+00:00,2024-07-16 08:00:00+00:00,long,whale_long,62895.01,62290.0,64105.030000000006,63583.501,2024-07-16 11:00:00+00:00,staircase-lock,0.009546671286004905,0.9924430769739168,2.6209629457164803
2024-07-16 15:00:00+00:00,2024-07-16 16:00:00+00:00,long,whale_long,64878.24,62373.24,69888.23999999999,65337.897000000004,2024-07-17 00:00:00+00:00,staircase-lock,0.005684917839941473,0.1472365125748521,2.624821960153632
2024-07-18 15:00:00+00:00,2024-07-18 16:00:00+00:00,short,breakout_short,63538.12,65133.3,60347.76,63828.0,2024-07-19 02:00:00+00:00,time-exit,-0.005941580497587239,-0.236660975341565,2.618610030901753
2024-07-19 13:00:00+00:00,2024-07-19 14:00:00+00:00,long,whale_long,65135.89,63238.48,68930.70999999999,65812.78899999999,2024-07-19 15:00:00+00:00,staircase-lock,0.00899210487490072,0.308688556505973,2.626693380406664
2024-07-19 16:00:00+00:00,2024-07-19 17:00:00+00:00,long,whale_long,66419.43,63300.67,72656.94999999998,67289.343,2024-07-19 20:00:00+00:00,staircase-lock,0.01169726686904722,0.24911368556734156,2.6332368330951486
2024-07-21 18:00:00+00:00,2024-07-21 19:00:00+00:00,long,whale_long,66864.43,66484.55,67624.18999999997,67624.18999999997,2024-07-21 19:00:00+00:00,target,0.009962693138937674,1.7535795461724641,2.6794127356025843
2024-07-25 01:00:00+00:00,2024-07-25 02:00:00+00:00,short,breakout_short,64477.99,67102.01,59229.950000000004,64002.799,2024-07-25 03:00:00+00:00,staircase-lock,0.006024534667616722,0.14803617581163436,2.68337923575058
2024-07-29 02:00:00+00:00,2024-07-29 03:00:00+00:00,long,both_long,69558.99,67220.0,74236.97000000002,69273.6,2024-07-29 13:00:00+00:00,time-exit,-0.005502848531872039,-0.1636486628844078,2.678987921511156
2024-07-29 13:00:00+00:00,2024-07-29 14:00:00+00:00,long,whale_long,69273.59,67680.0,72460.76999999999,67680.0,2024-07-29 15:00:00+00:00,stop,-0.024404293555451637,-1.0608582044315054,2.650567658350076
2024-08-01 15:00:00+00:00,2024-08-01 16:00:00+00:00,short,whale_short,62907.44,66649.12,55424.080000000016,62362.544,2024-08-01 18:00:00+00:00,staircase-lock,0.007337552464184173,0.12336347346312855,2.653837490679907
2024-08-02 14:00:00+00:00,2024-08-02 15:00:00+00:00,short,whale_short,63157.95,65659.78,58154.28999999999,62505.405000000006,2024-08-02 16:00:00+00:00,staircase-lock,0.009039817164611398,0.22820748032107216,2.6598937463492036
2024-08-04 14:00:00+00:00,2024-08-04 15:00:00+00:00,short,both_short,59586.69,61117.63,56524.81000000001,59022.669,2024-08-04 16:00:00+00:00,staircase-lock,0.00815600635410092,0.3174451136294325,2.668337449074724
2024-08-04 17:00:00+00:00,2024-08-04 18:00:00+00:00,short,whale_short,57864.43,61117.63,51358.030000000006,55787.5372,2024-08-05 01:00:00+00:00,staircase-lock,0.035828615999919114,0.637280967208964,2.685342255778586
2024-08-05 01:00:00+00:00,2024-08-05 02:00:00+00:00,short,whale_short,54432.65,61097.55,41102.85,53658.2855,2024-08-05 03:00:00+00:00,staircase-lock,0.013031405938231112,0.10642829726532366,2.6882002198171575
2024-08-05 03:00:00+00:00,2024-08-05 04:00:00+00:00,short,whale_short,53890.87,61097.55,39477.51,53443.696,2024-08-05 05:00:00+00:00,staircase-lock,0.0069671982566475565,0.05210004822098666,2.689600773427959
2024-08-05 05:00:00+00:00,2024-08-05 06:00:00+00:00,short,whale_short,52717.99,61097.55,35958.86999999999,49111.5397,2024-08-05 07:00:00+00:00,staircase-lock,0.07203386751932757,0.45318378381982266,2.701789607982627
2024-08-05 07:00:00+00:00,2024-08-05 08:00:00+00:00,short,whale_short,52674.2,61097.55,35827.499999999985,52326.619999999995,2024-08-05 09:00:00+00:00,staircase-lock,0.0052425081535936845,0.032783265919619185,2.7026753428544006
2024-08-05 10:00:00+00:00,2024-08-05 11:00:00+00:00,short,whale_short,51384.0,60876.0,32400.0,50708.523,2024-08-05 12:00:00+00:00,staircase-lock,0.011920778441919811,0.06453195105979852,2.7044194319839567
2024-08-05 12:00:00+00:00,2024-08-05 13:00:00+00:00,short,whale_short,49804.01,59583.0,30246.030000000006,54018.81,2024-08-05 23:00:00+00:00,time-exit,-0.07942467325733375,-0.4045067252502542,2.693479873502607
2024-08-13 16:00:00+00:00,2024-08-13 17:00:00+00:00,long,breakout_long,61157.6,58392.88,66687.04000000001,60952.83,2024-08-14 03:00:00+00:00,time-exit,-0.004748234724711241,-0.1050343759946758,2.6906507937249313
2024-08-14 13:00:00+00:00,2024-08-14 14:00:00+00:00,short,breakout_short,59611.93,61800.0,55235.79,58902.361,2024-08-14 15:00:00+00:00,staircase-lock,0.010646529000764527,0.2900547704308112,2.698455154707765
2024-08-15 18:00:00+00:00,2024-08-15 19:00:00+00:00,short,whale_short,57872.82,59849.38,53919.700000000004,56763.4974,2024-08-15 20:00:00+00:00,staircase-lock,0.018142886728469934,0.5312158588239825,2.712789776432826
2024-08-16 17:00:00+00:00,2024-08-16 18:00:00+00:00,long,breakout_long,59215.85,56606.12,64435.30999999999,59757.569,2024-08-16 20:00:00+00:00,staircase-lock,0.0077482094743216,0.17581006847451935,2.717559133996342
2024-08-18 02:00:00+00:00,2024-08-18 03:00:00+00:00,long,breakout_long,60125.99,59051.98,62274.00999999999,59828.0,2024-08-18 13:00:00+00:00,time-exit,-0.006356093030651143,-0.35583131069543317,2.7078892077109193
2024-08-18 23:00:00+00:00,2024-08-19 00:00:00+00:00,short,breakout_short,58427.35,60284.99,54712.07,58011.775,2024-08-19 10:00:00+00:00,staircase-lock,0.005763631866116793,0.18128040756699848,2.7127980803031204
2024-08-21 18:00:00+00:00,2024-08-21 19:00:00+00:00,long,breakout_long,60771.28,58783.47,64746.899999999994,61539.808000000005,2024-08-21 20:00:00+00:00,staircase-lock,0.011246236840823555,0.343819684979955,2.722125214116961
2024-08-23 14:00:00+00:00,2024-08-23 15:00:00+00:00,long,whale_long,60994.91,60131.0,62722.73000000001,61700.375,2024-08-23 16:00:00+00:00,staircase-lock,0.010165965094464392,0.7177508374714897,2.7416632906383085
2024-08-23 17:00:00+00:00,2024-08-23 18:00:00+00:00,long,both_long,62999.88,60297.5,68404.63999999998,63737.23200000001,2024-08-23 20:00:00+00:00,staircase-lock,0.01030402229337597,0.24021498382907347,2.748249176668563
2024-08-27 14:00:00+00:00,2024-08-27 15:00:00+00:00,short,breakout_short,61851.01,63703.0,58147.030000000006,60129.5707,2024-08-27 22:00:00+00:00,staircase-lock,0.02722883070608735,0.9093627288973039,2.7732407303784137
2024-08-28 14:00:00+00:00,2024-08-28 15:00:00+00:00,short,whale_short,59195.26,62196.75,53192.280000000006,58518.289,2024-08-28 16:00:00+00:00,staircase-lock,0.010168537145711932,0.20054346346650367,2.778802283389378
2024-08-28 16:00:00+00:00,2024-08-28 17:00:00+00:00,short,whale_short,59198.01,62102.01,53390.01,58692.624,2024-08-28 18:00:00+00:00,staircase-lock,0.0072107242368307355,0.1469905390768417,2.782886859845612
2024-08-29 18:00:00+00:00,2024-08-29 19:00:00+00:00,short,whale_short,59161.01,61166.99,55149.05000000001,58757.882,2024-08-29 23:00:00+00:00,staircase-lock,0.0054608327304922055,0.1610526424874512,2.7873687726708294
2024-08-30 14:00:00+00:00,2024-08-30 15:00:00+00:00,short,whale_short,58462.89,60548.99,54290.69,57997.698,2024-08-30 16:00:00+00:00,staircase-lock,0.00662087006970531,0.18554968534081498,2.7925407266578084
2024-09-01 05:00:00+00:00,2024-09-01 06:00:00+00:00,short,breakout_short,57986.0,59244.04,55469.92,57279.5,2024-09-01 15:00:00+00:00,staircase-lock,0.010934255711031083,0.5039853674444755,2.806614723300091
2024-09-03 13:00:00+00:00,2024-09-03 14:00:00+00:00,short,whale_short,58398.99,59809.65,55577.66999999999,57651.099,2024-09-03 15:00:00+00:00,staircase-lock,0.011572710199331994,0.4790910546862358,2.820060963378929
2024-09-04 01:00:00+00:00,2024-09-04 02:00:00+00:00,short,whale_short,56784.01,59350.0,51652.030000000006,56259.301,2024-09-04 06:00:00+00:00,staircase-lock,0.007926617833378403,0.17541188637396793,2.825007685511688
2024-09-04 15:00:00+00:00,2024-09-04 16:00:00+00:00,short,whale_short,58134.0,58251.09,57899.82000000001,58251.09,2024-09-04 16:00:00+00:00,stop,-0.003410091141642079,-1.5,2.782632570229013
2024-09-05 15:00:00+00:00,2024-09-05 16:00:00+00:00,short,whale_short,55976.01,58390.0,51148.030000000006,56738.0,2024-09-06 02:00:00+00:00,time-exit,-0.014829976382671183,-0.3438800103961353,2.773063653057223
2024-09-06 07:00:00+00:00,2024-09-06 08:00:00+00:00,short,whale_short,55804.28,57350.0,52712.84,54520.8428,2024-09-06 15:00:00+00:00,staircase-lock,0.02214030374600158,0.7993192230979221,2.795229283904851
2024-09-06 15:00:00+00:00,2024-09-06 16:00:00+00:00,short,whale_short,54045.0,57008.0,48119.0,53674.047,2024-09-06 17:00:00+00:00,staircase-lock,0.0055112172592464825,0.10052437960714686,2.798039170801094
2024-09-08 15:00:00+00:00,2024-09-08 16:00:00+00:00,short,breakout_short,53686.99,54722.85,51615.27,54722.85,2024-09-08 22:00:00+00:00,stop,-0.02032920416242938,-1.0536305877013339,2.7685581742416687
2024-09-09 13:00:00+00:00,2024-09-09 14:00:00+00:00,long,breakout_long,55686.93,53907.17,59246.450000000004,56466.465299999996,2024-09-09 17:00:00+00:00,staircase-lock,0.012598532510231642,0.39419562075785103,2.779471709322663
2024-09-12 14:00:00+00:00,2024-09-12 15:00:00+00:00,long,whale_long,57541.3,57211.1,58201.70000000001,58066.63,2024-09-12 17:00:00+00:00,staircase-lock,0.007729616466781121,1.3469781344639207,2.8169105855008496
2024-09-13 15:00:00+00:00,2024-09-13 16:00:00+00:00,long,both_long,59666.01,57632.62,63732.79,60288.80099999999,2024-09-13 22:00:00+00:00,staircase-lock,0.009037952864620792,0.26520174978729755,2.8243810816635415
2024-09-18 10:00:00+00:00,2024-09-18 11:00:00+00:00,long,whale_long,59907.5,58940.0,61842.5,61219.823,2024-09-18 19:00:00+00:00,staircase-lock,0.020505821474773603,1.2697183462532295,2.8602427664255288
2024-09-18 23:00:00+00:00,2024-09-19 00:00:00+00:00,long,whale_long,61759.98,59174.8,66930.34,62506.566,2024-09-19 01:00:00+00:00,staircase-lock,0.01068850780068249,0.25534857456733945,2.867546355558762
2024-09-19 12:00:00+00:00,2024-09-19 13:00:00+00:00,long,whale_long,62924.06,59174.8,70422.57999999999,63325.856,2024-09-19 14:00:00+00:00,staircase-lock,0.004985411240152017,0.08367046190448257,2.869945644839783
2024-09-19 14:00:00+00:00,2024-09-19 15:00:00+00:00,long,whale_long,62935.84,59473.68,69860.15999999999,63601.957,2024-09-19 17:00:00+00:00,staircase-lock,0.009184064660136505,0.16694977239642478,2.8747370125617437
2024-09-20 04:00:00+00:00,2024-09-20 05:00:00+00:00,long,whale_long,63843.81,61888.18,67755.06999999999,63153.99,2024-09-20 15:00:00+00:00,time-exit,-0.012204806292105673,-0.3984400597249992,2.863282908691956
2024-09-22 09:00:00+00:00,2024-09-22 10:00:00+00:00,short,breakout_short,62702.93,63559.9,60988.99,63208.0,2024-09-22 20:00:00+00:00,time-exit,-0.00939060245538541,-0.687093233622949,2.843609485566851
2024-09-22 22:00:00+00:00,2024-09-22 23:00:00+00:00,long,whale_long,63881.5,62429.16,66786.18,64659.442,2024-09-23 04:00:00+00:00,staircase-lock,0.01077789187793028,0.4740679868350419,2.857090127808528
2024-09-26 10:00:00+00:00,2024-09-26 11:00:00+00:00,long,breakout_long,64391.99,62670.0,67835.97,65119.19900000001,2024-09-26 15:00:00+00:00,staircase-lock,0.009893469886549667,0.3699558150744244,2.867660098878273
2024-09-26 15:00:00+00:00,2024-09-26 16:00:00+00:00,long,whale_long,65229.03,62670.0,70347.09,65778.00300000001,2024-09-26 18:00:00+00:00,staircase-lock,0.007016084065637763,0.17883821526125437,2.8727885710188663
2024-09-27 14:00:00+00:00,2024-09-27 15:00:00+00:00,long,both_long,66242.65,64633.52,69460.90999999999,65994.0,2024-09-28 01:00:00+00:00,time-exit,-0.005153623986962995,-0.21215794249065942,2.866693721894486
2024-09-30 01:00:00+00:00,2024-09-30 02:00:00+00:00,short,breakout_short,64769.99,66076.12,62157.73,64247.998999999996,2024-09-30 04:00:00+00:00,staircase-lock,0.00672462657397317,0.33346910028096544,2.8762532596566985
2024-09-30 10:00:00+00:00,2024-09-30 11:00:00+00:00,long,whale_long,63645.98,63541.0,63855.94000000001,63541.0,2024-09-30 11:00:00+00:00,stop,-0.0030494364608731218,-1.5,2.833109460761848
2024-09-30 17:00:00+00:00,2024-09-30 18:00:00+00:00,long,whale_long,63696.0,63249.68,64588.64,63249.68,2024-09-30 18:00:00+00:00,stop,-0.008407033408691244,-1.1997992471769086,2.7991178347799295
2024-10-01 13:00:00+00:00,2024-10-01 14:00:00+00:00,short,whale_short,62866.8,64130.63,60339.140000000014,61887.7053,2024-10-01 16:00:00+00:00,staircase-lock,0.014420504173710281,0.7173203293068003,2.8191964760500583
2024-10-01 16:00:00+00:00,2024-10-01 17:00:00+00:00,short,whale_short,62448.0,64130.63,59082.740000000005,61186.92,2024-10-01 18:00:00+00:00,staircase-lock,0.019210287296696674,0.7129577037757058,2.8392961545106306
2024-10-03 13:00:00+00:00,2024-10-03 14:00:00+00:00,short,whale_short,60382.06,61835.99,57474.2,59963.524,2024-10-03 18:00:00+00:00,staircase-lock,0.005579843279391051,0.23173222348172684,2.845875718620709
2024-10-06 14:00:00+00:00,2024-10-06 15:00:00+00:00,long,breakout_long,62716.0,61700.0,64748.0,63819.0,2024-10-07 01:00:00+00:00,time-exit,0.01618721857261314,0.9992102362204781,2.87431200011128
2024-10-07 14:00:00+00:00,2024-10-07 15:00:00+00:00,long,whale_long,63991.89,62302.0,67371.67,62302.0,2024-10-07 23:00:00+00:00,stop,-0.02780787762324259,-1.0530144837829694,2.8440450784409963
2024-10-09 18:00:00+00:00,2024-10-09 19:00:00+00:00,short,breakout_short,61196.0,62543.75,58500.5,60390.5,2024-10-09 21:00:00+00:00,staircase-lock,0.011938190609450073,0.5420660452872614,2.8594616811238884
2024-10-10 17:00:00+00:00,2024-10-10 18:00:00+00:00,short,both_short,59611.0,61321.68,56189.64,59012.5,2024-10-10 19:00:00+00:00,staircase-lock,0.008741919084939665,0.30462420708276144,2.8681722935968477
2024-10-13 14:00:00+00:00,2024-10-13 15:00:00+00:00,short,breakout_short,62249.6,63388.0,59972.799999999996,62631.83,2024-10-14 01:00:00+00:00,time-exit,-0.007502807470259153,-0.41026595564005935,2.856405159127119
2024-10-14 03:00:00+00:00,2024-10-14 04:00:00+00:00,long,both_long,64300.0,62050.0,68800.0,64803.99999999999,2024-10-14 09:00:00+00:00,staircase-lock,0.006438258164852174,0.18399111111110877,2.8616606907172324
2024-10-14 14:00:00+00:00,2024-10-14 15:00:00+00:00,long,whale_long,65922.0,62314.13,73137.74,66442.2,2024-10-14 23:00:00+00:00,staircase-lock,0.00649114407936653,0.11860438430431253,2.865054745760336
2024-10-15 13:00:00+00:00,2024-10-15 14:00:00+00:00,long,whale_long,67658.0,65201.0,72572.0,65201.0,2024-10-15 14:00:00+00:00,stop,-0.03771499600934107,-1.0385515669515661,2.835299674804222
2024-10-15 15:00:00+00:00,2024-10-15 16:00:00+00:00,long,whale_long,66022.01,65150.01,67766.00999999998,67134.2807,2024-10-15 17:00:00+00:00,staircase-lock,0.015446968155013853,1.1695411536697415,2.8684596713309216
2024-10-16 10:00:00+00:00,2024-10-16 11:00:00+00:00,long,whale_long,67733.55,64800.01,73600.63,68354.955,2024-10-16 12:00:00+00:00,staircase-lock,0.007774257070535985,0.1795025907265633,2.8736086307549074
2024-10-18 01:00:00+00:00,2024-10-18 02:00:00+00:00,long,both_long,68085.5,66666.0,70924.5,67662.0,2024-10-18 12:00:00+00:00,time-exit,-0.007620120289929576,-0.3654946812257839,2.863105744050253
2024-10-18 14:00:00+00:00,2024-10-18 15:00:00+00:00,long,whale_long,68426.99,66720.0,71840.97000000002,68859.944,2024-10-18 18:00:00+00:00,staircase-lock,0.004927240172335546,0.1975150492973021,2.8687608087720475
2024-10-20 14:00:00+00:00,2024-10-20 15:00:00+00:00,long,breakout_long,68638.0,68094.4,69725.20000000001,69323.8,2024-10-20 23:00:00+00:00,staircase-lock,0.008591549870334237,1.0848175128771065,2.8998816284281617
2024-10-21 15:00:00+00:00,2024-10-21 16:00:00+00:00,long,whale_long,67341.02,67020.0,67983.06000000001,67020.0,2024-10-21 16:00:00+00:00,stop,-0.006167079560125565,-1.2936808547754084,2.862366414990037
2024-10-27 13:00:00+00:00,2024-10-27 14:00:00+00:00,long,breakout_long,67616.0,66913.73,69020.54000000001,68137.199,2024-10-27 22:00:00+00:00,staircase-lock,0.0063082199479412415,0.6073683910746472,2.8797515238314233
2024-10-28 07:00:00+00:00,2024-10-28 08:00:00+00:00,long,breakout_long,68415.52,67036.85,71172.86,68998.81,2024-10-28 13:00:00+00:00,staircase-lock,0.007125697093290985,0.3536076595559429,2.88993454579587
2024-10-28 13:00:00+00:00,2024-10-28 14:00:00+00:00,long,whale_long,68820.0,67540.88,71378.23999999999,69824.40000000001,2024-10-28 20:00:00+00:00,staircase-lock,0.013194594594594667,0.709903683782607,2.910450297595381
2024-10-28 22:00:00+00:00,2024-10-28 23:00:00+00:00,long,whale_long,69961.64,67618.0,74648.92,71474.0432,2024-10-29 03:00:00+00:00,staircase-lock,0.020217606448333772,0.6035299380450949,2.9280157364732915
2024-10-29 13:00:00+00:00,2024-10-29 14:00:00+00:00,long,whale_long,71803.99,68513.1,78385.77,72367.39,2024-10-29 16:00:00+00:00,staircase-lock,0.006446360627034698,0.14065326218743054,2.9321340861240026
2024-10-29 16:00:00+00:00,2024-10-29 17:00:00+00:00,long,whale_long,72739.43,69427.79,79362.70999999999,73198.943,2024-10-29 19:00:00+00:00,staircase-lock,0.004917247743074183,0.10800624403618828,2.9353009740205303
2024-10-31 13:00:00+00:00,2024-10-31 14:00:00+00:00,short,breakout_short,71308.0,72961.0,68002.0,70692.409,2024-10-31 15:00:00+00:00,staircase-lock,0.007308021253031495,0.31525733787729576,2.9445547257299136
2024-11-01 13:00:00+00:00,2024-11-01 14:00:00+00:00,long,whale_long,71200.43,68830.0,75941.28999999998,68830.0,2024-11-01 19:00:00+00:00,stop,-0.03469235511639461,-1.042051696105771,2.9138709432676824
2024-11-03 02:00:00+00:00,2024-11-03 03:00:00+00:00,short,both_short,68214.91,69838.62,64967.49000000002,68048.13,2024-11-03 13:00:00+00:00,time-exit,0.001050912317502274,0.04415067293809203,2.9151574368976823
2024-11-04 16:00:00+00:00,2024-11-04 17:00:00+00:00,short,breakout_short,67756.0,69500.0,64268.0,67301.95,2024-11-04 18:00:00+00:00,staircase-lock,0.005346461283811289,0.2077149258864207,2.9212126540072068
2024-11-06 01:00:00+00:00,2024-11-06 02:00:00+00:00,short,whale_short,71128.81,71455.0,70476.43,71455.0,2024-11-06 02:00:00+00:00,stop,-0.005964970960744597,-1.3007182504746218,2.883215907881361
2024-11-06 06:00:00+00:00,2024-11-06 07:00:00+00:00,long,whale_long,74252.56,68615.11,85527.45999999999,74452.01,2024-11-06 17:00:00+00:00,time-exit,0.0012861026744398053,0.016939647535676974,2.883704314493849
2024-11-08 18:00:00+00:00,2024-11-08 19:00:00+00:00,long,breakout_long,76812.0,75494.0,79448.0,76552.0,2024-11-09 05:00:00+00:00,time-exit,-0.004784887777951318,-0.2788594840667653,2.8756628315204407
2024-11-10 04:00:00+00:00,2024-11-10 05:00:00+00:00,long,both_long,79122.02,75714.66,85936.74,79722.266,2024-11-10 06:00:00+00:00,staircase-lock,0.006186333109291132,0.1436523208583757,2.8797937879179814
2024-11-11 15:00:00+00:00,2024-11-11 16:00:00+00:00,long,whale_long,84059.53,78473.13,95232.32999999999,84803.353,2024-11-11 17:00:00+00:00,staircase-lock,0.0074487646790316175,0.11208285443219232,2.8830215429972403
2024-11-11 18:00:00+00:00,2024-11-11 19:00:00+00:00,long,whale_long,85831.99,79788.01,97919.95000000003,86568.19900000001,2024-11-11 20:00:00+00:00,staircase-lock,0.00717732647233278,0.10192691140606049,2.885960117811189
2024-11-11 23:00:00+00:00,2024-11-12 00:00:00+00:00,long,whale_long,88648.0,80432.0,105080.0,89387.8,2024-11-12 02:00:00+00:00,staircase-lock,0.0069453659417020985,0.07493826679649557,2.888122806303915
2024-11-12 13:00:00+00:00,2024-11-12 14:00:00+00:00,long,whale_long,86330.52,84196.41,90598.74,87000.129,2024-11-12 15:00:00+00:00,staircase-lock,0.006356341558002866,0.25713120317134425,2.89554907122483
2024-11-13 13:00:00+00:00,2024-11-13 14:00:00+00:00,long,whale_long,89152.0,86127.99,95200.01999999999,91720.0864,2024-11-13 15:00:00+00:00,staircase-lock,0.027405707106963398,0.8079581747414875,2.9189438966494423
2024-11-13 15:00:00+00:00,2024-11-13 16:00:00+00:00,long,whale_long,92540.0,86127.99,105364.01999999999,93193.07599999999,2024-11-13 17:00:00+00:00,staircase-lock,0.00565722930624586,0.08164678470557475,2.921327120488416
2024-11-18 06:00:00+00:00,2024-11-18 07:00:00+00:00,long,breakout_long,92061.84,88722.0,98741.51999999999,91564.69,2024-11-18 17:00:00+00:00,time-exit,-0.006800174491407062,-0.18744508000383217,2.915851236530243
2024-11-19 18:00:00+00:00,2024-11-19 19:00:00+00:00,long,breakout_long,93646.16,90224.02,100490.44,92505.47,2024-11-20 05:00:00+00:00,time-exit,-0.013580851836316675,-0.3716372281671718,2.9050148478173234
2024-11-20 13:00:00+00:00,2024-11-20 14:00:00+00:00,long,breakout_long,94382.87,91320.0,100508.60999999999,94709.61,2024-11-21 00:00:00+00:00,time-exit,0.0020618570085864773,0.06353648114350484,2.906860592028323
2024-11-21 03:00:00+00:00,2024-11-21 04:00:00+00:00,long,both_long,95798.12,92300.0,102794.35999999999,97531.86319999999,2024-11-21 05:00:00+00:00,staircase-lock,0.016697883340508105,0.4572815775330744,2.920153130000237
2024-11-24 15:00:00+00:00,2024-11-24 16:00:00+00:00,short,breakout_short,95901.52,98564.0,90576.56000000001,97368.63,2024-11-25 02:00:00+00:00,time-exit,-0.016467583881995693,-0.5931561269984713,2.902832062791903
2024-11-25 14:00:00+00:00,2024-11-25 15:00:00+00:00,short,breakout_short,95385.5,98871.8,88412.9,94611.05,2024-11-25 16:00:00+00:00,staircase-lock,0.006785618910264702,0.18565517957865166,2.9082213208709455
2024-11-25 22:00:00+00:00,2024-11-25 23:00:00+00:00,long,whale_long,94404.49,93564.0,96085.47000000002,93564.0,2024-11-25 23:00:00+00:00,stop,-0.010303072300904369,-1.1572490880319786,2.874565956157215
2024-11-26 11:00:00+00:00,2024-11-26 12:00:00+00:00,short,whale_short,92356.84,96500.0,84070.51999999999,91634.383,2024-11-26 20:00:00+00:00,staircase-lock,0.006484125765325489,0.14454024605567808,2.8787208608632775
2024-12-02 01:00:00+00:00,2024-12-02 02:00:00+00:00,long,breakout_long,97964.93,96284.51,101325.76999999999,96284.51,2024-12-02 04:00:00+00:00,stop,-0.018553281281372833,-1.0816170374073157,2.847584125572782
2024-12-02 08:00:00+00:00,2024-12-02 09:00:00+00:00,short,breakout_short,95053.66,98130.0,88900.98000000001,95816.0,2024-12-02 19:00:00+00:00,time-exit,-0.009356291224847534,-0.2890934438155867,2.8393519465586174
2024-12-03 13:00:00+00:00,2024-12-03 14:00:00+00:00,short,whale_short,93715.98,96573.0,88001.93999999999,95746.42,2024-12-04 00:00:00+00:00,time-exit,-0.02260643257471144,-0.7415362801250963,2.8182971217544472
2024-12-04 16:00:00+00:00,2024-12-04 17:00:00+00:00,short,breakout_short,94847.81,96950.0,90643.43,96950.0,2024-12-04 19:00:00+00:00,stop,-0.02308323878287781,-1.0414827614359423,2.7889450430653295
2024-12-05 02:00:00+00:00,2024-12-05 03:00:00+00:00,long,whale_long,101248.19,94587.83,114568.91,103889.2133,2024-12-05 04:00:00+00:00,staircase-lock,0.024684647044060773,0.375246358154815,2.799410457770372
2024-12-05 05:00:00+00:00,2024-12-05 06:00:00+00:00,long,whale_long,102450.01,94587.83,118174.36999999998,103211.392,2024-12-05 13:00:00+00:00,staircase-lock,0.006031741587921925,0.07859804608900045,2.8016107396921908
2024-12-05 23:00:00+00:00,2024-12-06 00:00:00+00:00,long,whale_long,96945.63,90500.0,109836.89000000001,97676.322,2024-12-06 01:00:00+00:00,staircase-lock,0.006137131895475779,0.09230565794189136,2.8041967849184344
2024-12-08 23:00:00+00:00,2024-12-09 00:00:00+00:00,long,breakout_long,101109.6,98657.7,106013.40000000002,98657.7,2024-12-09 03:00:00+00:00,stop,-0.025649922855990034,-1.0577321424201642,2.7745358941876392
2024-12-10 15:00:00+00:00,2024-12-10 16:00:00+00:00,short,whale_short,95658.79,98270.0,90436.36999999998,94623.7,2024-12-10 17:00:00+00:00,staircase-lock,0.00953901422159571,0.3494512345734871,2.7842315441235623
2024-12-10 17:00:00+00:00,2024-12-10 18:00:00+00:00,short,whale_short,94484.01,98270.0,86912.02999999998,97546.96,2024-12-11 04:00:00+00:00,time-exit,-0.03279974838785353,-0.8185578289101219,2.7614409988441535
2024-12-13 17:00:00+00:00,2024-12-13 18:00:00+00:00,long,breakout_long,101737.88,99205.0,106803.64000000001,102558.788,2024-12-14 02:00:00+00:00,staircase-lock,0.006668853017184851,0.2678670004105955,2.7688379880158656
2024-12-15 01:00:00+00:00,2024-12-15 02:00:00+00:00,long,breakout_long,102134.48,100609.41,105184.61999999998,102778.448,2024-12-15 05:00:00+00:00,staircase-lock,0.004905098924476837,0.3284962185342335,2.777933516103837
2024-12-15 23:00:00+00:00,2024-12-16 00:00:00+00:00,long,both_long,104463.99,101534.01,110323.95000000003,106495.11929999999,2024-12-16 01:00:00+00:00,staircase-lock,0.01804334406526105,0.6433080478364982,2.7958041859764804
2024-12-16 16:00:00+00:00,2024-12-16 17:00:00+00:00,long,whale_long,106824.94,102621.5,115231.82,107696.25700000001,2024-12-16 19:00:00+00:00,staircase-lock,0.006756494166998929,0.17170747863654773,2.800604790851836
2024-12-17 14:00:00+00:00,2024-12-17 15:00:00+00:00,long,breakout_long,108258.38,105480.02,113815.1,105480.02,2024-12-17 22:00:00+00:00,stop,-0.027064156437589457,-1.0545507896744861,2.771070990914246
2024-12-19 15:00:00+00:00,2024-12-19 16:00:00+00:00,short,whale_short,100679.86,104805.44,92428.7,99914.986,2024-12-19 17:00:00+00:00,staircase-lock,0.006255248032562456,0.15265186863026853,2.7753010825629483
2024-12-19 17:00:00+00:00,2024-12-19 18:00:00+00:00,short,whale_short,98855.86,102800.11,90967.36,97036.9102,2024-12-19 19:00:00+00:00,staircase-lock,0.01734492702056374,0.43472084103570163,2.787365894770339
2024-12-20 09:00:00+00:00,2024-12-20 10:00:00+00:00,short,whale_short,94811.85,102800.11,78835.33000000002,94081.185,2024-12-20 11:00:00+00:00,staircase-lock,0.00636632437187108,0.0755612600738065,2.7894720635632946
2024-12-20 11:00:00+00:00,2024-12-20 12:00:00+00:00,short,whale_short,92723.99,101200.0,75771.97000000002,97463.93,2024-12-20 22:00:00+00:00,time-exit,-0.05003276085829893,-0.547337393124513,2.774204239888651
2024-12-22 14:00:00+00:00,2024-12-22 15:00:00+00:00,short,breakout_short,95363.44,98057.51,89975.30000000002,94517.944,2024-12-22 21:00:00+00:00,staircase-lock,0.007545349043986805,0.2670867649449699,2.7816137722459358
2024-12-24 13:00:00+00:00,2024-12-24 14:00:00+00:00,long,breakout_long,96085.02,92520.0,103215.06000000001,97357.278,2024-12-24 15:00:00+00:00,staircase-lock,0.011840960973937454,0.31913957621556077,2.790491002650635
2024-12-26 08:00:00+00:00,2024-12-26 09:00:00+00:00,short,breakout_short,95878.56,99963.7,87708.28,95267.08200000001,2024-12-26 11:00:00+00:00,staircase-lock,0.00501856543900432,0.11778612913082588,2.7937778139864013
2024-12-27 07:00:00+00:00,2024-12-27 08:00:00+00:00,short,breakout_short,95104.76,96621.95,92070.37999999999,96621.95,2024-12-27 09:00:00+00:00,stop,-0.017102332648016347,-1.0720563949998065,2.763826940269474
2024-12-27 09:00:00+00:00,2024-12-27 10:00:00+00:00,long,breakout_long,96774.14,94646.03,101030.36,94646.03,2024-12-27 15:00:00+00:00,stop,-0.02339048216806676,-1.0636639064709978,2.734429110668506
2024-12-29 16:00:00+00:00,2024-12-29 17:00:00+00:00,short,breakout_short,93900.01,95733.99,90232.04999999997,93198.901,2024-12-29 22:00:00+00:00,staircase-lock,0.006122717462086881,0.3134839152646863,2.7430011061047668
2024-12-30 13:00:00+00:00,2024-12-30 14:00:00+00:00,short,breakout_short,92680.52,94277.23,89487.10000000002,91906.466,2024-12-30 15:00:00+00:00,staircase-lock,0.007022193058756022,0.4076009445834886,2.7541816045231857
2024-12-30 18:00:00+00:00,2024-12-30 19:00:00+00:00,long,breakout_long,94583.98,91530.45,100691.04,92596.08,2024-12-31 05:00:00+00:00,time-exit,-0.022417301238539508,-0.6943824268960832,2.735057051456572
2025-01-02 04:00:00+00:00,2025-01-02 05:00:00+00:00,long,breakout_long,95708.07,92888.0,101348.21000000002,96690.68100000001,2025-01-02 10:00:00+00:00,staircase-lock,0.008866751800553475,0.30092150265773404,2.743287426234361
2025-01-02 14:00:00+00:00,2025-01-02 15:00:00+00:00,long,whale_long,97256.48,93936.44,103896.55999999998,96985.47,2025-01-03 01:00:00+00:00,time-exit,-0.004186549544050887,-0.1226398091589243,2.7399230637701466
2025-01-03 16:00:00+00:00,2025-01-03 17:00:00+00:00,long,whale_long,97868.21,96100.01,101404.61000000003,98614.895,2025-01-03 19:00:00+00:00,staircase-lock,0.006229494807353643,0.34479668928853746,2.749370227783079
2025-01-06 02:00:00+00:00,2025-01-06 03:00:00+00:00,long,whale_long,98815.39,97276.79,101892.59000000001,99784.339,2025-01-06 06:00:00+00:00,staircase-lock,0.008405648695005997,0.5398462589366992,2.7642126001020855
2025-01-06 14:00:00+00:00,2025-01-06 15:00:00+00:00,long,whale_long,100737.03,97577.46,107056.16999999998,102347.68770000001,2025-01-06 16:00:00+00:00,staircase-lock,0.014588735224772954,0.4651347677057363,2.7770699139584627
2025-01-07 14:00:00+00:00,2025-01-07 15:00:00+00:00,short,breakout_short,99979.69,102724.38,94490.31,97351.3333,2025-01-07 16:00:00+00:00,staircase-lock,0.0255986718302091,0.9324722551530542,2.802965320412328
2025-01-08 15:00:00+00:00,2025-01-08 16:00:00+00:00,short,whale_short,95493.77,97268.65,91944.01000000002,94649.966,2025-01-08 17:00:00+00:00,staircase-lock,0.00751499527849815,0.4043288733187552,2.8142985185118667
2025-01-08 17:00:00+00:00,2025-01-08 18:00:00+00:00,short,whale_short,94030.81,97268.65,87555.13,94424.24,2025-01-09 04:00:00+00:00,time-exit,-0.005566620774496144,-0.1616614349037322,2.809748883144366
2025-01-09 13:00:00+00:00,2025-01-09 14:00:00+00:00,short,whale_short,91986.41,95382.32,85194.59,91281.944,2025-01-09 21:00:00+00:00,staircase-lock,0.006317473676940978,0.17112400617545806,2.8145570379966727
2025-01-10 13:00:00+00:00,2025-01-10 14:00:00+00:00,short,whale_short,93557.23,95293.4,90084.89,92341.141,2025-01-10 16:00:00+00:00,staircase-lock,0.011769525379808755,0.6342260221923003,2.8324076911410923
2025-01-13 10:00:00+00:00,2025-01-13 11:00:00+00:00,short,whale_short,91644.96,95940.0,83054.88000000002,90914.30399999999,2025-01-13 12:00:00+00:00,staircase-lock,0.006636755140313323,0.1416110581889365,2.8364186936447418
2025-01-13 12:00:00+00:00,2025-01-13 13:00:00+00:00,short,whale_short,90732.0,95940.0,80316.0,89359.9617,2025-01-13 15:00:00+00:00,staircase-lock,0.013954060967553096,0.2431028916490068,2.8433141095082655
2025-01-15 13:00:00+00:00,2025-01-15 14:00:00+00:00,long,both_long,98963.99,95584.83,105722.31000000001,99716.381,2025-01-15 16:00:00+00:00,staircase-lock,0.006202674467753312,0.18165503083606382,2.848479132630659
2025-01-17 01:00:00+00:00,2025-01-17 02:00:00+00:00,long,whale_long,101659.8,97335.13,110309.14,102489.285,2025-01-17 11:00:00+00:00,staircase-lock,0.0067594199477079685,0.15889334446327763,2.853005176390835
2025-01-17 14:00:00+00:00,2025-01-17 15:00:00+00:00,long,both_long,103379.23,99260.45,111616.79,104166.694,2025-01-17 16:00:00+00:00,staircase-lock,0.0062172360734356735,0.1560493830697448,2.8574572733675407
2025-01-17 16:00:00+00:00,2025-01-17 17:00:00+00:00,long,whale_long,104972.81,99377.0,116164.43,105775.979,2025-01-17 20:00:00+00:00,staircase-lock,0.006251209870441766,0.11726757448877077,2.860808144204072
2025-01-19 06:00:00+00:00,2025-01-19 07:00:00+00:00,long,breakout_long,105568.29,102828.95,111046.96999999999,105115.8,2025-01-19 17:00:00+00:00,time-exit,-0.005686230268577773,-0.21913512232873503,2.8545391087776797
2025-01-20 01:00:00+00:00,2025-01-20 02:00:00+00:00,long,whale_long,100692.82,99550.0,102978.46000000002,102207.418,2025-01-20 03:00:00+00:00,staircase-lock,0.013641767625536773,1.201963609317297,2.888849630078918
2025-01-20 06:00:00+00:00,2025-01-20 07:00:00+00:00,long,whale_long,107482.36,99550.0,123347.08,109358.75590000002,2025-01-20 08:00:00+00:00,staircase-lock,0.016057710269852768,0.21757971095613565,2.895135180754001
2025-01-20 16:00:00+00:00,2025-01-20 17:00:00+00:00,long,whale_long,106670.37,99550.0,120911.10999999999,102936.01,2025-01-21 03:00:00+00:00,time-exit,-0.03640840955178086,-0.5454349307690473,2.879344102185185
2025-01-21 16:00:00+00:00,2025-01-21 17:00:00+00:00,long,whale_long,104965.99,100119.04,114659.89000000003,106256.599,2025-01-21 18:00:00+00:00,staircase-lock,0.010895496855695864,0.23595387078472044,2.8861380260475022
2025-01-22 13:00:00+00:00,2025-01-22 14:00:00+00:00,short,breakout_short,104074.43,107240.81,97741.66999999998,103412.651,2025-01-22 17:00:00+00:00,staircase-lock,0.004999400785112696,0.1643232293824985,2.8908806212563394
2025-01-23 14:00:00+00:00,2025-01-23 15:00:00+00:00,long,both_long,105213.6,101262.28,113116.24000000002,106735.45199999999,2025-01-23 17:00:00+00:00,staircase-lock,0.01306440384132841,0.34787184029640433,2.900937180874276
2025-01-26 23:00:00+00:00,2025-01-27 00:00:00+00:00,short,breakout_short,102620.01,105500.0,96860.02999999998,101702.001,2025-01-27 01:00:00+00:00,staircase-lock,0.007626459567889722,0.27174655367603273,2.9088203776876083
2025-01-30 03:00:00+00:00,2025-01-30 04:00:00+00:00,long,breakout_long,105196.0,101400.01,112787.98000000001,105920.57,2025-01-30 14:00:00+00:00,time-exit,0.005487809422411628,0.15208037955843215,2.9132441227586683
2025-01-31 15:00:00+00:00,2025-01-31 16:00:00+00:00,long,whale_long,105464.0,103930.09,108531.82,103930.09,2025-01-31 18:00:00+00:00,stop,-0.01594439429568388,-1.0962570163829697,2.881307479658562
2025-01-31 18:00:00+00:00,2025-01-31 19:00:00+00:00,short,breakout_short,102627.29,106012.0,95857.86999999998,101705.636,2025-01-31 21:00:00+00:00,staircase-lock,0.007661975680482392,0.23231762843310425,2.88800126486317
2025-02-02 03:00:00+00:00,2025-02-02 04:00:00+00:00,short,both_short,99206.85,102494.69,92631.17000000001,98261.985,2025-02-02 13:00:00+00:00,staircase-lock,0.008215773587313692,0.24790166732888225,2.895160668151245
2025-02-02 17:00:00+00:00,2025-02-02 18:00:00+00:00,short,whale_short,97228.86,101578.04,88530.50000000001,96257.886,2025-02-02 23:00:00+00:00,staircase-lock,0.008687215088018908,0.19420856795600078,2.900783318224887
2025-02-03 01:00:00+00:00,2025-02-03 02:00:00+00:00,short,whale_short,93436.97,100515.99,79278.93,91385.4179,2025-02-03 03:00:00+00:00,staircase-lock,0.021049447046846595,0.27783458052566495,2.9088426973890353
2025-02-04 05:00:00+00:00,2025-02-04 06:00:00+00:00,short,whale_short,98866.0,102500.01,91597.98000000001,97960.59999999999,2025-02-04 09:00:00+00:00,staircase-lock,0.007842491368979033,0.21336092957517513,2.9150490312080644
2025-02-05 22:00:00+00:00,2025-02-05 23:00:00+00:00,short,whale_short,96445.64,99149.0,91038.92,98614.41,2025-02-06 09:00:00+00:00,time-exit,-0.02339242483933128,-0.8345530690626487,2.8907214000534363
2025-02-07 14:00:00+00:00,2025-02-07 15:00:00+00:00,long,breakout_long,99710.91,95676.64,107779.45000000001,95676.64,2025-02-07 20:00:00+00:00,stop,-0.04185966484510077,-1.0346023627570795,2.860813928147759
2025-02-09 01:00:00+00:00,2025-02-09 02:00:00+00:00,long,breakout_long,96992.36,95688.0,99601.08,96535.26,2025-02-09 12:00:00+00:00,time-exit,-0.00611274232320984,-0.4545442239872466,2.8478102636783404
2025-02-09 13:00:00+00:00,2025-02-09 14:00:00+00:00,short,breakout_short,95877.93,97323.09,92987.60999999999,94829.493,2025-02-09 22:00:00+00:00,staircase-lock,0.009656022412774036,0.640620720868539,2.866053926318485
2025-02-11 16:00:00+00:00,2025-02-11 17:00:00+00:00,short,breakout_short,96365.04,98478.42,92138.27999999998,95505.432,2025-02-11 19:00:00+00:00,staircase-lock,0.007600618938616922,0.3465699249754306,2.8759868072606825
2025-02-12 13:00:00+00:00,2025-02-12 14:00:00+00:00,short,whale_short,94975.37,96512.7,91900.70999999999,96512.7,2025-02-12 16:00:00+00:00,stop,-0.01732878450193602,-1.0705624164763827,2.8451975733993304
2025-02-16 13:00:00+00:00,2025-02-16 14:00:00+00:00,short,breakout_short,96842.37,97741.35,95044.40999999997,96125.799,2025-02-17 00:00:00+00:00,staircase-lock,0.0060545128098233435,0.6522207053534506,2.8637545410812546
2025-02-17 15:00:00+00:00,2025-02-17 16:00:00+00:00,short,both_short,95659.45,97282.38,92413.58999999998,96064.47,2025-02-18 02:00:00+00:00,time-exit,-0.005616126940584819,-0.3310282108695532,2.8542747056602176
2025-02-18 14:00:00+00:00,2025-02-18 15:00:00+00:00,short,whale_short,95536.83,96482.91,93644.67,94709.38799999999,2025-02-18 17:00:00+00:00,staircase-lock,0.007336641820555446,0.740867053929155,2.875421086583087
2025-02-18 18:00:00+00:00,2025-02-18 19:00:00+00:00,short,whale_short,93924.03,96753.91,88264.26999999999,95289.33,2025-02-19 05:00:00+00:00,time-exit,-0.01572794206864507,-0.5220121357420383,2.860411039557438
2025-02-19 05:00:00+00:00,2025-02-19 06:00:00+00:00,short,whale_short,95289.34,96753.91,92360.19999999998,96300.0,2025-02-19 16:00:00+00:00,time-exit,-0.011894911734164059,-0.7739188215699783,2.8382737801480373
2025-02-20 02:00:00+00:00,2025-02-20 03:00:00+00:00,long,breakout_long,97134.52,95249.65,100904.26000000002,97562.19,2025-02-20 13:00:00+00:00,time-exit,0.0030028631633739044,0.1547489598752191,2.8426659793012274
2025-02-20 14:00:00+00:00,2025-02-20 15:00:00+00:00,long,whale_long,96966.92,95407.41,100085.93999999999,97867.892,2025-02-20 17:00:00+00:00,staircase-lock,0.007891539836472129,0.4906786824066589,2.8566143352736852
2025-02-20 18:00:00+00:00,2025-02-20 19:00:00+00:00,long,breakout_long,98295.09,96305.35,102274.56999999998,98333.58,2025-02-21 05:00:00+00:00,time-exit,-0.0010084239812994543,-0.04981712485047726,2.855191252143785
2025-02-21 13:00:00+00:00,2025-02-21 14:00:00+00:00,long,both_long,99334.92,97541.4,102921.96,97541.4,2025-02-21 15:00:00+00:00,stop,-0.019455282069991184,-1.0775396360230187,2.824425434717674
2025-02-21 16:00:00+00:00,2025-02-21 17:00:00+00:00,long,whale_long,98215.81,97177.31,100292.81,97177.31,2025-02-21 17:00:00+00:00,stop,-0.011973654078706918,-1.1324045584978368,2.792441512343559
2025-02-23 12:00:00+00:00,2025-02-23 13:00:00+00:00,short,breakout_short,95732.94,96823.53,93551.76000000001,96258.0,2025-02-23 23:00:00+00:00,time-exit,-0.006854715452222092,-0.6017128922002334,2.7756390317566364
2025-02-24 14:00:00+00:00,2025-02-24 15:00:00+00:00,short,both_short,94674.45,96500.0,91023.34999999999,93902.799,2025-02-24 16:00:00+00:00,staircase-lock,0.006817550575888577,0.35356350202373704,2.7854526783208526
2025-02-24 22:00:00+00:00,2025-02-24 23:00:00+00:00,short,whale_short,92432.07,96200.0,84896.21000000002,91457.541,2025-02-25 00:00:00+00:00,staircase-lock,0.009255534681388579,0.22704992650010442,2.7917770465796754
2025-02-25 06:00:00+00:00,2025-02-25 07:00:00+00:00,short,whale_short,91276.0,96095.32,81637.35999999999,88323.04,2025-02-25 08:00:00+00:00,staircase-lock,0.03203363181339787,0.6067042191428873,2.808714875710337
2025-02-25 08:00:00+00:00,2025-02-25 09:00:00+00:00,short,whale_short,89400.54,96095.32,76010.97999999997,88400.721,2025-02-25 10:00:00+00:00,staircase-lock,0.009910077437038046,0.13233687653858908,2.8124318412477267
2025-02-25 10:00:00+00:00,2025-02-25 11:00:00+00:00,short,whale_short,88213.76,95800.0,73041.27999999998,87190.67599999999,2025-02-25 15:00:00+00:00,staircase-lock,0.010333869341717273,0.12016354214757309,2.815811358968656
2025-02-25 15:00:00+00:00,2025-02-25 16:00:00+00:00,short,whale_short,87231.63,94571.43,72552.03000000003,86265.084,2025-02-25 17:00:00+00:00,staircase-lock,0.00980437093644977,0.11652241994484062,2.8190924105052084
2025-02-26 14:00:00+00:00,2025-02-26 15:00:00+00:00,short,whale_short,87621.21,89460.17,83943.29000000002,86374.64730000001,2025-02-26 17:00:00+00:00,staircase-lock,0.013032043880542755,0.6209397994443907,2.8365972772651515
2025-02-26 18:00:00+00:00,2025-02-26 19:00:00+00:00,short,whale_short,84258.25,89460.17,73854.41,82396.16679999999,2025-02-26 21:00:00+00:00,staircase-lock,0.021199148386597047,0.3433738205402988,2.846337409709439
2025-02-27 14:00:00+00:00,2025-02-27 15:00:00+00:00,short,whale_short,84969.99,87078.46,80753.05,84416.53499999999,2025-02-27 17:00:00+00:00,staircase-lock,0.005156239248626028,0.2077931378645942,2.852251903527288
2025-02-28 01:00:00+00:00,2025-02-28 02:00:00+00:00,short,whale_short,81661.55,87078.46,70827.73,79681.06850000001,2025-02-28 03:00:00+00:00,staircase-lock,0.023455107207805595,0.35359280660110204,2.862337261084303
2025-02-28 04:00:00+00:00,2025-02-28 05:00:00+00:00,short,whale_short,80410.49,87078.46,67074.55,79240.0943,2025-02-28 06:00:00+00:00,staircase-lock,0.013370246178265944,0.16123468561121176,2.8669523415683456
2025-02-28 08:00:00+00:00,2025-02-28 09:00:00+00:00,short,whale_short,78975.98,86795.9,63336.14,84449.99,2025-02-28 19:00:00+00:00,time-exit,-0.06621954586377103,-0.6687732776992942,2.847778930423562
2025-03-02 15:00:00+00:00,2025-03-02 16:00:00+00:00,long,breakout_long,87428.0,85050.6,92182.79999999999,91824.0303,2025-03-02 17:00:00+00:00,staircase-lock,0.04888172095896055,1.797607091780943,2.8989708064350994
2025-03-03 15:00:00+00:00,2025-03-03 16:00:00+00:00,long,whale_long,90035.38,89136.45,91833.24000000002,90679.357,2025-03-03 17:00:00+00:00,staircase-lock,0.005752488277386126,0.5761599546127073,2.9156735153176916
2025-03-09 10:00:00+00:00,2025-03-09 11:00:00+00:00,short,breakout_short,84844.11,86627.51,81277.31000000001,84300.735,2025-03-09 13:00:00+00:00,staircase-lock,0.005045673338435265,0.2400446695919425,2.9226724341739154
2025-03-09 13:00:00+00:00,2025-03-09 14:00:00+00:00,short,breakout_short,83489.96,86500.0,77469.88000000002,82789.346,2025-03-09 16:00:00+00:00,staircase-lock,0.007062610635914469,0.19589675867698597,2.928397854739208
2025-03-09 22:00:00+00:00,2025-03-09 23:00:00+00:00,short,breakout_short,80358.18,86276.42,68521.69999999998,82514.26,2025-03-10 09:00:00+00:00,time-exit,-0.02752978653629083,-0.3738009174762823,2.9174514766908373
2025-03-10 14:00:00+00:00,2025-03-10 15:00:00+00:00,short,whale_short,79847.09,84123.46,71294.34999999998,79077.599,2025-03-10 17:00:00+00:00,staircase-lock,0.008330834139261013,0.15555082074110638,2.921989596407553
2025-03-11 14:00:00+00:00,2025-03-11 15:00:00+00:00,short,whale_short,79773.05,82225.21,74868.73,82225.21,2025-03-11 18:00:00+00:00,stop,-0.03122248388298436,-1.0157219626457907,2.8923103063306166
2025-03-12 12:00:00+00:00,2025-03-12 13:00:00+00:00,long,breakout_long,84069.01,80609.96,90987.10999999997,80609.96,2025-03-12 15:00:00+00:00,stop,-0.04254536379100919,-1.034025704745523,2.8624030743021542
2025-03-13 15:00:00+00:00,2025-03-13 16:00:00+00:00,short,breakout_short,81044.72,84336.33,74461.5,80050.382,2025-03-13 18:00:00+00:00,staircase-lock,0.011021402311359353,0.27136461012436813,2.870170623244922
2025-03-14 15:00:00+00:00,2025-03-14 16:00:00+00:00,long,breakout_long,84724.58,80137.47,93898.8,84557.95,2025-03-15 02:00:00+00:00,time-exit,-0.003366725594862884,-0.06218390489872882,2.868385839074132
2025-03-16 11:00:00+00:00,2025-03-16 12:00:00+00:00,short,breakout_short,82410.01,84498.72,78232.58999999998,84498.72,2025-03-16 16:00:00+00:00,stop,-0.0261188359776338,-1.0305181351672346,2.838826602815904
2025-03-17 17:00:00+00:00,2025-03-17 18:00:00+00:00,long,breakout_long,84197.46,81981.12,88630.14000000003,82989.11,2025-03-18 04:00:00+00:00,time-exit,-0.015751383046471987,-0.5983858270842907,2.821839466769155
2025-03-18 13:00:00+00:00,2025-03-18 14:00:00+00:00,short,breakout_short,81365.78,84756.83,74583.68,83118.0,2025-03-19 00:00:00+00:00,time-exit,-0.02248111359753606,-0.5394179806054543,2.8066179573015813
2025-03-23 23:00:00+00:00,2025-03-24 00:00:00+00:00,long,breakout_long,86082.5,84070.22,90107.06,86847.473,2025-03-24 05:00:00+00:00,staircase-lock,0.007486510033979,0.32026233923708314,2.815606497625083
2025-03-24 14:00:00+00:00,2025-03-24 15:00:00+00:00,long,whale_long,87961.9,84800.0,94285.69999999998,87088.31,2025-03-25 01:00:00+00:00,time-exit,-0.011331458961209283,-0.3152334545684546,2.806730763995566
2025-03-26 13:00:00+00:00,2025-03-26 14:00:00+00:00,short,breakout_short,86841.3,88539.63,83444.64,86247.381,2025-03-26 19:00:00+00:00,staircase-lock,0.005486226493068914,0.2805291320017576,2.814604461445429
2025-03-27 14:00:00+00:00,2025-03-27 15:00:00+00:00,long,whale_long,87297.34,85800.0,90292.01999999999,87230.29,2025-03-28 01:00:00+00:00,time-exit,-0.0021680646397703052,-0.12640166962747693,2.811046754412753
2025-04-02 13:00:00+00:00,2025-04-02 14:00:00+00:00,long,whale_long,85215.79,83904.72,87837.92999999998,85921.579,2025-04-02 15:00:00+00:00,staircase-lock,0.006882373489701955,0.4473345389643667,2.823621537451678
2025-04-02 15:00:00+00:00,2025-04-02 16:00:00+00:00,long,whale_long,86757.67,83904.72,92463.56999999999,88378.03689999999,2025-04-02 21:00:00+00:00,staircase-lock,0.0172769296593603,0.5253881638304193,2.8384565108008153
2025-04-03 13:00:00+00:00,2025-04-03 14:00:00+00:00,long,whale_long,82373.57,81889.3,83342.11000000002,81889.3,2025-04-03 14:00:00+00:00,stop,-0.007278948793891059,-1.2381378115513986,2.803312507476148
2025-04-04 10:00:00+00:00,2025-04-04 11:00:00+00:00,short,whale_short,82565.21,84720.0,78255.63000000002,81749.621,2025-04-04 12:00:00+00:00,staircase-lock,0.00857667010590808,0.3286327523308652,2.8125251105259017
2025-04-04 14:00:00+00:00,2025-04-04 15:00:00+00:00,short,whale_short,82573.98,84720.0,78281.93999999999,83979.87,2025-04-05 01:00:00+00:00,time-exit,-0.01814079752683588,-0.6980167249909099,2.7928932148598618
2025-04-06 13:00:00+00:00,2025-04-06 14:00:00+00:00,short,breakout_short,82306.01,83817.63,79282.76999999997,80684.0807,2025-04-06 18:00:00+00:00,staircase-lock,0.018702221974005687,1.0183149659403299,2.821333664449512
2025-04-06 18:00:00+00:00,2025-04-06 19:00:00+00:00,short,whale_short,79107.29,83817.63,69686.60999999997,78596.225,2025-04-06 21:00:00+00:00,staircase-lock,0.005102411534396124,0.08569189250687173,2.823751318660512
2025-04-06 22:00:00+00:00,2025-04-06 23:00:00+00:00,short,whale_short,78063.67,83533.01,67124.99,77244.814,2025-04-07 00:00:00+00:00,staircase-lock,0.009200789329365145,0.13132249630615073,2.8274595393816546
2025-04-07 04:00:00+00:00,2025-04-07 05:00:00+00:00,short,whale_short,76989.92,83172.0,64625.759999999995,74652.3968,2025-04-07 07:00:00+00:00,staircase-lock,0.029912098475048568,0.37251702802715436,2.8379923076264295
2025-04-07 15:00:00+00:00,2025-04-07 16:00:00+00:00,short,whale_short,78479.91,81243.58,72952.57,77429.871,2025-04-07 17:00:00+00:00,staircase-lock,0.012161161686553857,0.34534038964717045,2.8477930413197434
2025-04-08 17:00:00+00:00,2025-04-08 18:00:00+00:00,short,whale_short,77350.0,80867.99,70314.01999999999,76436.185,2025-04-08 20:00:00+00:00,staircase-lock,0.010555266998215697,0.23207851708276117,2.8544021571796243
2025-04-09 01:00:00+00:00,2025-04-09 02:00:00+00:00,short,whale_short,76070.53,80375.0,67461.59,75121.327,2025-04-09 04:00:00+00:00,staircase-lock,0.011235599474966508,0.19856056771877229,2.860069874307897
2025-04-09 11:00:00+00:00,2025-04-09 12:00:00+00:00,short,whale_short,76230.01,78859.85,70970.32999999997,78859.85,2025-04-09 17:00:00+00:00,stop,-0.03474827545322505,-1.00723290591142,2.8312623094018083
2025-04-10 15:00:00+00:00,2025-04-10 16:00:00+00:00,short,breakout_short,78757.24,83588.0,69095.72000000002,80302.05,2025-04-11 02:00:00+00:00,time-exit,-0.020637491446357778,-0.3364588319102478,2.82173627730728
2025-04-13 13:00:00+00:00,2025-04-13 14:00:00+00:00,short,breakout_short,83599.12,86100.0,78597.35999999999,84325.74,2025-04-14 00:00:00+00:00,time-exit,-0.010016823285511721,-0.33484118065012597,2.8122879422415115
2025-04-14 02:00:00+00:00,2025-04-14 03:00:00+00:00,long,whale_long,85140.69,83034.23,89353.61000000002,84376.66,2025-04-14 13:00:00+00:00,time-exit,-0.010373735120070048,-0.4192944399608794,2.8004961752640023
2025-04-20 10:00:00+00:00,2025-04-20 11:00:00+00:00,short,breakout_short,84184.02,85677.99,81196.08,85009.27,2025-04-20 21:00:00+00:00,time-exit,-0.011107764812002307,-0.6259137031459118,2.7829674859469478
2025-04-21 01:00:00+00:00,2025-04-21 02:00:00+00:00,long,whale_long,87293.08,83949.52,93980.2,87038.71,2025-04-21 12:00:00+00:00,time-exit,-0.004313976686353515,-0.11262854921101835,2.7798330700425113
2025-04-21 14:00:00+00:00,2025-04-21 15:00:00+00:00,long,whale_long,88208.37,84467.94,95689.22999999998,88400.01,2025-04-22 01:00:00+00:00,time-exit,0.0007725829419589893,0.018219371034882935,2.780339538143693
2025-04-22 01:00:00+00:00,2025-04-22 02:00:00+00:00,long,whale_long,88400.0,86389.78,92420.44,88992.7,2025-04-22 12:00:00+00:00,time-exit,0.005304751131221709,0.23327794967714915,2.7868254572123377
2025-04-22 13:00:00+00:00,2025-04-22 14:00:00+00:00,long,whale_long,90236.16,86389.78,97928.92000000001,90871.55099999999,2025-04-22 15:00:00+00:00,staircase-lock,0.00564142330524693,0.13234791570255416,2.7905137626192262
2025-04-24 23:00:00+00:00,2025-04-25 00:00:00+00:00,long,breakout_long,93980.47,91660.01,98621.39000000001,93634.02,2025-04-25 10:00:00+00:00,time-exit,-0.005086404207171923,-0.20600340363548322,2.784765209289314
2025-04-25 11:00:00+00:00,2025-04-25 12:00:00+00:00,long,breakout_long,94635.67,92666.62,98573.77,95645.803,2025-04-25 15:00:00+00:00,staircase-lock,0.009273913969225346,0.44571903303623506,2.7971774378524876
2025-04-28 01:00:00+00:00,2025-04-28 02:00:00+00:00,short,breakout_short,92950.0,94545.45,89759.1,94545.45,2025-04-28 06:00:00+00:00,stop,-0.01827495273437267,-1.0646882426023647,2.767396218546946
2025-04-28 12:00:00+00:00,2025-04-28 13:00:00+00:00,long,whale_long,95350.69,92800.01,100452.05000000002,95011.18,2025-04-28 23:00:00+00:00,time-exit,-0.0049606454447263405,-0.18544112393558268,2.762264327895522
2025-04-30 13:00:00+00:00,2025-04-30 14:00:00+00:00,short,breakout_short,93032.58,95448.84,88200.06000000001,94405.47,2025-05-01 00:00:00+00:00,time-exit,-0.0159424836082062,-0.6138289677762887,2.7453087492843484
2025-05-01 15:00:00+00:00,2025-05-01 16:00:00+00:00,long,whale_long,96854.31,93757.63,103047.66999999998,96952.58,2025-05-02 02:00:00+00:00,time-exit,-0.0003853833040573949,-0.01205356510843848,2.7449778417068256
2025-05-02 14:00:00+00:00,2025-05-02 15:00:00+00:00,long,both_long,97748.41,96184.19,100876.85,96493.94,2025-05-03 01:00:00+00:00,time-exit,-0.014233661437562039,-0.8894642531101781,2.7205622450490483
2025-05-04 22:00:00+00:00,2025-05-04 23:00:00+00:00,short,breakout_short,95015.82,96304.48,92438.50000000003,94237.82400000001,2025-05-05 00:00:00+00:00,staircase-lock,0.006855666005191342,0.5054837793749982,2.734314245905572
2025-05-06 13:00:00+00:00,2025-05-06 14:00:00+00:00,short,whale_short,93616.91,95199.0,90452.73000000001,95199.0,2025-05-06 22:00:00+00:00,stop,-0.018018767003855005,-1.0662233431163002,2.7051603491415723
2025-05-08 01:00:00+00:00,2025-05-08 02:00:00+00:00,long,whale_long,97816.22,95784.61,101879.44,98743.92199999999,2025-05-08 03:00:00+00:00,staircase-lock,0.00808413259068892,0.3892278990554276,2.7156895879346163
2025-05-08 15:00:00+00:00,2025-05-08 16:00:00+00:00,long,whale_long,100758.08,95784.61,110705.02,101612.126,2025-05-08 18:00:00+00:00,staircase-lock,0.007076203595781051,0.14335759298839537,2.719582735160916
2025-05-09 07:00:00+00:00,2025-05-09 08:00:00+00:00,long,whale_long,103628.76,99090.66,112704.95999999998,103176.46,2025-05-09 18:00:00+00:00,time-exit,-0.0057646184707796245,-0.1316366461735065,2.7160027676584364
2025-05-12 01:00:00+00:00,2025-05-12 02:00:00+00:00,long,whale_long,103984.14,103345.06,105262.3,105262.3,2025-05-12 07:00:00+00:00,target,0.010891874510862888,1.7722072416598782,2.7641359653905617
2025-05-12 07:00:00+00:00,2025-05-12 08:00:00+00:00,long,whale_long,104467.99,103569.77,106264.43000000001,103569.77,2025-05-12 14:00:00+00:00,stop,-0.009998040414101949,-1.1628277994255272,2.7319938239710813
2025-05-14 13:00:00+00:00,2025-05-14 14:00:00+00:00,long,whale_long,103970.87,102875.22,106162.16999999998,102875.22,2025-05-14 15:00:00+00:00,stop,-0.01193804782050971,-1.1328519308173275,2.7010443791864147
2025-05-18 07:00:00+00:00,2025-05-18 08:00:00+00:00,long,breakout_long,103919.39,102640.02,106478.12999999999,104711.939,2025-05-18 14:00:00+00:00,staircase-lock,0.006226574790325469,0.5057660051431587,2.7147053434401696
2025-05-18 14:00:00+00:00,2025-05-18 15:00:00+00:00,long,whale_long,105270.98,102900.72,110011.49999999999,106521.098,2025-05-19 00:00:00+00:00,staircase-lock,0.010475238551023237,0.4652395214027147,2.7273352255874848
2025-05-21 14:00:00+00:00,2025-05-21 15:00:00+00:00,long,whale_long,108999.99,105220.0,116559.97000000002,109760.499,2025-05-21 17:00:00+00:00,staircase-lock,0.005577147429096053,0.16082291593363862,2.73172140562456
2025-05-21 23:00:00+00:00,2025-05-22 00:00:00+00:00,long,whale_long,109643.99,106100.01,116731.95000000003,110483.42899999999,2025-05-22 02:00:00+00:00,staircase-lock,0.006256042068516333,0.19355002398432897,2.7370086530603315
2025-05-22 03:00:00+00:00,2025-05-22 04:00:00+00:00,long,whale_long,111780.84,106100.01,123142.5,110897.9,2025-05-22 14:00:00+00:00,time-exit,-0.009298849212441106,-0.18297206147693293,2.7320006919050246
2025-05-23 11:00:00+00:00,2025-05-23 12:00:00+00:00,short,breakout_short,109076.36,111980.0,103269.08,107439.2252,2025-05-23 13:00:00+00:00,staircase-lock,0.013837775560577926,0.5198213926811863,2.746202215949745
2025-05-25 22:00:00+00:00,2025-05-25 23:00:00+00:00,long,breakout_long,109165.99,106600.64,114296.69000000002,109872.679,2025-05-26 07:00:00+00:00,staircase-lock,0.005073527148885827,0.21589904457481338,2.752131240296073
2025-05-28 13:00:00+00:00,2025-05-28 14:00:00+00:00,short,breakout_short,108068.45,110454.95,103295.45,107147.75,2025-05-28 16:00:00+00:00,staircase-lock,0.007192807595119822,0.3257136257920916,2.7610953067453985
2025-05-30 16:00:00+00:00,2025-05-30 17:00:00+00:00,short,whale_short,103898.75,106470.69,98754.87,103182.206,2025-05-31 03:00:00+00:00,staircase-lock,0.00554445319379966,0.223979469299164,2.7672795933602914
2025-06-02 11:00:00+00:00,2025-06-02 12:00:00+00:00,short,breakout_short,104047.63,105935.63,100271.63,105695.49,2025-06-02 22:00:00+00:00,time-exit,-0.016990636837957804,-0.9363535461759552,2.7413680727552587
2025-06-04 11:00:00+00:00,2025-06-04 12:00:00+00:00,short,whale_short,105084.36,106794.67,101663.74,104269.53600000001,2025-06-04 15:00:00+00:00,staircase-lock,0.006414593132935643,0.39412352967294695,2.7521724493649287
2025-06-05 12:00:00+00:00,2025-06-05 13:00:00+00:00,long,breakout_long,105649.6,104380.0,108188.80000000002,104380.0,2025-06-05 13:00:00+00:00,stop,-0.013417082885311448,-1.1165008191556347,2.7214444214231936
2025-06-05 13:00:00+00:00,2025-06-05 14:00:00+00:00,short,whale_short,104527.0,105776.99,102027.01999999999,103384.9,2025-06-05 17:00:00+00:00,staircase-lock,0.009647067801971177,0.8067096985868982,2.7433985775124667
2025-06-08 09:00:00+00:00,2025-06-08 10:00:00+00:00,short,breakout_short,105140.0,105900.0,103620.0,105900.0,2025-06-08 13:00:00+00:00,stop,-0.008576581680831018,-1.1865023656875964,2.7108480884900414
2025-06-09 09:00:00+00:00,2025-06-09 10:00:00+00:00,long,both_long,106612.53,105318.37,109200.85,107379.54600000002,2025-06-09 11:00:00+00:00,staircase-lock,0.005794426396222031,0.4773431863139113,2.72378813713177
2025-06-09 11:00:00+00:00,2025-06-09 12:00:00+00:00,long,whale_long,107759.21,105318.37,112640.89000000003,108473.117,2025-06-09 19:00:00+00:00,staircase-lock,0.00522502072908655,0.23067636797167704,2.7300712726777485
2025-06-09 22:00:00+00:00,2025-06-09 23:00:00+00:00,long,whale_long,110177.28,105318.37,119895.1,109508.78,2025-06-10 09:00:00+00:00,time-exit,-0.007467494133091711,-0.16932772823534542,2.7254485050125177
2025-06-11 14:00:00+00:00,2025-06-11 15:00:00+00:00,long,whale_long,109866.69,108518.86,112562.35,108518.86,2025-06-11 18:00:00+00:00,stop,-0.013667867540198041,-1.1141192628150427,2.695083758220069
2025-06-16 04:00:00+00:00,2025-06-16 05:00:00+00:00,long,breakout_long,106386.0,104494.53,110168.94,107174.67899999999,2025-06-16 08:00:00+00:00,staircase-lock,0.006013372060233403,0.338222969436465,2.7041991505359206
2025-06-20 07:00:00+00:00,2025-06-20 08:00:00+00:00,long,breakout_long,105811.74,103929.27,109576.68000000001,103929.27,2025-06-20 14:00:00+00:00,stop,-0.019190747983163267,-1.0786925879296854,2.675029154736232
2025-06-20 14:00:00+00:00,2025-06-20 15:00:00+00:00,short,whale_short,103940.01,106524.65,98770.73,102456.6507,2025-06-20 18:00:00+00:00,staircase-lock,0.013077921051151421,0.5259220799940764,2.6890977237072686
2025-06-22 13:00:00+00:00,2025-06-22 14:00:00+00:00,short,whale_short,100865.66,103589.2,95418.58000000002,99192.311,2025-06-22 15:00:00+00:00,staircase-lock,0.015469745075301257,0.5729183515028289,2.7045040580562327
2025-06-23 16:00:00+00:00,2025-06-23 17:00:00+00:00,short,whale_short,100692.1,102613.09,96850.12000000002,102613.09,2025-06-23 17:00:00+00:00,stop,-0.02012071097361938,-1.0546627735838239,2.6759806605458496
2025-06-23 17:00:00+00:00,2025-06-23 18:00:00+00:00,short,whale_short,102484.02,102613.09,102225.88000000002,102613.09,2025-06-23 18:00:00+00:00,stop,-0.0026578317249777317,-1.5,2.635840950637662
2025-06-25 10:00:00+00:00,2025-06-25 11:00:00+00:00,long,breakout_long,107126.5,104950.8,111477.9,108029.86600000001,2025-06-25 14:00:00+00:00,staircase-lock,0.007032703392718066,0.3462742565611127,2.644968189293616
2025-06-25 14:00:00+00:00,2025-06-25 15:00:00+00:00,long,whale_long,107629.58,105270.48,112347.78000000001,107638.01,2025-06-26 01:00:00+00:00,time-exit,-0.001321675806966892,-0.060299017421901274,2.6433732994643497
2025-06-29 08:00:00+00:00,2025-06-29 09:00:00+00:00,long,breakout_long,107693.85,107084.15,108913.25000000003,108404.985,2025-06-29 12:00:00+00:00,staircase-lock,0.00520330185985547,0.9190808758405534,2.667668037936802
2025-06-30 14:00:00+00:00,2025-06-30 15:00:00+00:00,short,breakout_short,106803.32,108789.99,102829.98000000001,107220.0,2025-07-01 01:00:00+00:00,time-exit,-0.005286215258347203,-0.28418677476689114,2.6600868781783022
2025-07-03 09:00:00+00:00,2025-07-03 10:00:00+00:00,long,whale_long,109942.19,107280.0,115266.57,109947.11,2025-07-03 20:00:00+00:00,time-exit,-0.0013552492086978272,-0.055968607049085926,2.6585980646062906
2025-07-04 13:00:00+00:00,2025-07-04 14:00:00+00:00,short,breakout_short,107970.22,110000.0,103910.66,108196.01,2025-07-05 00:00:00+00:00,time-exit,-0.0034868606892250343,-0.18547680818856171,2.6536669817734957
2025-07-06 13:00:00+00:00,2025-07-06 14:00:00+00:00,long,both_long,108772.18,107800.01,110716.51999999999,109607.21800000001,2025-07-06 22:00:00+00:00,staircase-lock,0.006276944601092028,0.7023020130224256,2.672303738405402
2025-07-08 17:00:00+00:00,2025-07-08 18:00:00+00:00,long,whale_long,108991.01,107429.57,112113.88999999997,108553.61,2025-07-09 04:00:00+00:00,time-exit,-0.0054131750315920425,-0.37784827723127573,2.6622064847674505
2025-07-09 12:00:00+00:00,2025-07-09 13:00:00+00:00,long,whale_long,109330.76,108096.55,111799.17999999998,111799.17999999998,2025-07-09 19:00:00+00:00,target,0.021177543593403916,1.8759829656217308,2.7121490249313647
2025-07-10 16:00:00+00:00,2025-07-10 17:00:00+00:00,long,whale_long,112643.47,110500.0,116930.41,113673.754,2025-07-10 18:00:00+00:00,staircase-lock,0.0077464156777130155,0.4070890388015672,2.723189886327824
2025-07-10 22:00:00+00:00,2025-07-10 23:00:00+00:00,long,whale_long,116008.38,110500.0,127025.14000000001,116855.838,2025-07-11 04:00:00+00:00,staircase-lock,0.005905144680065378,0.12436438081613872,2.7265765645684032
2025-07-11 05:00:00+00:00,2025-07-11 06:00:00+00:00,long,whale_long,117860.38,110500.0,132581.14,118769.02,2025-07-11 10:00:00+00:00,staircase-lock,0.006309460974077986,0.10103221138039084,2.729331285166566
2025-07-13 12:00:00+00:00,2025-07-13 13:00:00+00:00,long,breakout_long,118432.11,117000.01,121296.31000000001,119281.611,2025-07-13 15:00:00+00:00,staircase-lock,0.0057728942429549745,0.477408034355148,2.7423613320061198
2025-07-14 02:00:00+00:00,2025-07-14 03:00:00+00:00,long,whale_long,119647.88,117689.63,123564.38,121363.358,2025-07-14 04:00:00+00:00,staircase-lock,0.01293772165457503,0.7904868979956566,2.7640393390313274
2025-07-14 05:00:00+00:00,2025-07-14 06:00:00+00:00,long,whale_long,122461.99,117689.63,132006.71000000002,120268.87,2025-07-14 16:00:00+00:00,time-exit,-0.019308577183826656,-0.4954711685623063,2.750344321018707
2025-07-15 13:00:00+00:00,2025-07-15 14:00:00+00:00,long,whale_long,118088.13,116250.0,121764.39000000001,116250.0,2025-07-15 14:00:00+00:00,stop,-0.016965747378673887,-1.089941071632581,2.7203671886526095
2025-07-20 13:00:00+00:00,2025-07-20 14:00:00+00:00,long,breakout_long,118417.35,117277.34,120697.37000000002,117277.34,2025-07-20 22:00:00+00:00,stop,-0.011027052116940704,-1.1454235401443826,2.6892074624954185
2025-07-21 06:00:00+00:00,2025-07-21 07:00:00+00:00,long,breakout_long,119169.26,116467.02,124573.73999999998,117847.82,2025-07-21 17:00:00+00:00,time-exit,-0.012488765676651735,-0.550756766238377,2.6743964704375376
2025-07-25 02:00:00+00:00,2025-07-25 03:00:00+00:00,short,breakout_short,116353.67,119450.0,110161.01,115433.141,2025-07-25 04:00:00+00:00,staircase-lock,0.006574564254471739,0.2470585110949415,2.681003794538176
2025-07-25 04:00:00+00:00,2025-07-25 05:00:00+00:00,long,whale_long,116102.71,115330.86,117646.41000000002,115330.86,2025-07-25 05:00:00+00:00,stop,-0.008047992971051231,-1.2105898736801095,2.6485478340885176
2025-07-25 08:00:00+00:00,2025-07-25 09:00:00+00:00,short,whale_short,115202.55,119450.0,106707.65000000001,116688.6,2025-07-25 19:00:00+00:00,time-exit,-0.014135177215254967,-0.3833849627186364,2.638393699962212
2025-07-27 16:00:00+00:00,2025-07-27 17:00:00+00:00,long,whale_long,119090.46,117825.5,121620.38000000002,119287.99,2025-07-28 03:00:00+00:00,time-exit,0.00025865510973750575,0.024351249051345406,2.6390361817830446
2025-07-28 17:00:00+00:00,2025-07-28 18:00:00+00:00,short,breakout_short,117667.86,119800.0,113403.58,118533.93,2025-07-29 04:00:00+00:00,time-exit,-0.008706515526819935,-0.4804923926654322,2.6263558136898886
2025-07-30 14:00:00+00:00,2025-07-30 15:00:00+00:00,long,breakout_long,118714.35,117094.96,121953.13,117094.96,2025-07-30 18:00:00+00:00,stop,-0.015041063611939064,-1.102631293264747,2.597396792615666
2025-07-30 18:00:00+00:00,2025-07-30 19:00:00+00:00,short,both_short,116523.15,118792.0,111985.44999999998,118362.0,2025-07-31 05:00:00+00:00,time-exit,-0.016935813859177792,-0.8697861818476531,2.5748049942257407
2025-08-01 14:00:00+00:00,2025-08-01 15:00:00+00:00,short,whale_short,115619.8,117998.38,110862.64,114770.407,2025-08-01 16:00:00+00:00,staircase-lock,0.006000801497549736,0.29169145834338156,2.582315480462896
2025-08-05 14:00:00+00:00,2025-08-05 15:00:00+00:00,short,both_short,113037.12,115340.0,108431.35999999999,113821.21,2025-08-06 01:00:00+00:00,time-exit,-0.0082887863694298,-0.4068559974881882,2.571809175056567
2025-08-07 10:00:00+00:00,2025-08-07 11:00:00+00:00,long,breakout_long,116347.23,113869.88,121301.92999999998,117402.723,2025-08-07 20:00:00+00:00,staircase-lock,0.007671922038883073,0.36030713383252305,2.5810755869828554
2025-08-10 03:00:00+00:00,2025-08-10 04:00:00+00:00,long,both_long,118500.0,116359.89,122780.22,118779.0,2025-08-10 14:00:00+00:00,time-exit,0.0009544303797469191,0.05284775081655142,2.5824396273774513
2025-08-10 15:00:00+00:00,2025-08-10 16:00:00+00:00,long,whale_long,118815.0,116359.89,123725.22,121876.0,2025-08-11 02:00:00+00:00,time-exit,0.024362740394731366,1.1790343406201784,2.6128874774100153
2025-08-11 02:00:00+00:00,2025-08-11 03:00:00+00:00,long,whale_long,121875.99,117466.34,130695.29000000002,120010.0,2025-08-11 13:00:00+00:00,time-exit,-0.01671056281060783,-0.461854429716646,2.6008197408520854
2025-08-11 13:00:00+00:00,2025-08-11 14:00:00+00:00,long,whale_long,120009.99,118074.99,123879.99,118074.99,2025-08-11 21:00:00+00:00,stop,-0.017523657705496062,-1.0868289333333363,2.57255327940466
2025-08-12 06:00:00+00:00,2025-08-12 07:00:00+00:00,long,whale_long,118839.97,118050.11,120419.69,119625.337,2025-08-12 14:00:00+00:00,staircase-lock,0.005208609881002092,0.783671843111427,2.592713655104394
2025-08-13 13:00:00+00:00,2025-08-13 14:00:00+00:00,long,whale_long,121767.97,118920.92,127462.07,122732.31999999999,2025-08-13 20:00:00+00:00,staircase-lock,0.006519570310648938,0.2788412012433887,2.599943209005089
2025-08-13 22:00:00+00:00,2025-08-13 23:00:00+00:00,long,whale_long,122954.03,118920.92,131020.25,124322.00299999998,2025-08-14 01:00:00+00:00,staircase-lock,0.009725889895597485,0.2965050192035401,2.6076521711162304
2025-08-14 14:00:00+00:00,2025-08-14 15:00:00+00:00,long,whale_long,118799.02,117632.0,121133.06000000001,117632.0,2025-08-14 16:00:00+00:00,stop,-0.01122348170885583,-1.142515662113754,2.577859336647778
2025-08-17 04:00:00+00:00,2025-08-17 05:00:00+00:00,long,breakout_long,118076.12,117143.98,119940.4,118246.16,2025-08-17 15:00:00+00:00,time-exit,4.0087970370429474e-05,0.005078026905845986,2.5779902410384876
2025-08-18 01:00:00+00:00,2025-08-18 02:00:00+00:00,short,both_short,116269.53,118575.0,111658.59,115390.356,2025-08-18 03:00:00+00:00,staircase-lock,0.006219128933097352,0.31364329098215554,2.5860759344716797
2025-08-19 14:00:00+00:00,2025-08-19 15:00:00+00:00,short,whale_short,113882.66,116980.0,107687.98000000001,112941.66500000001,2025-08-19 19:00:00+00:00,staircase-lock,0.0069316905235990555,0.25486364271415285,2.592666901801628
2025-08-21 15:00:00+00:00,2025-08-21 16:00:00+00:00,short,breakout_short,112792.08,114821.76,108732.72000000002,113153.96,2025-08-22 02:00:00+00:00,time-exit,-0.004598120507669433,-0.2555238146657075,2.5860420204325694
2025-08-22 12:00:00+00:00,2025-08-22 13:00:00+00:00,short,whale_short,112341.5,113525.0,109974.5,113525.0,2025-08-22 14:00:00+00:00,stop,-0.011825016516185881,-1.1224673366735076,2.557014543440562
2025-08-22 14:00:00+00:00,2025-08-22 15:00:00+00:00,long,breakout_long,115808.24,111684.79,124055.14000000003,117147.33200000001,2025-08-22 16:00:00+00:00,staircase-lock,0.010163011405751444,0.2854310017097327,2.564313055665768
2025-08-22 16:00:00+00:00,2025-08-22 17:00:00+00:00,short,whale_short,116146.48,117296.12,113847.2,117296.12,2025-08-22 18:00:00+00:00,stop,-0.011201176714114624,-1.131638814935441,2.535294293791397
2025-08-25 07:00:00+00:00,2025-08-25 08:00:00+00:00,short,whale_short,111511.56,114917.1,104700.47999999998,110680.356,2025-08-25 14:00:00+00:00,staircase-lock,0.006109950546237931,0.20006522223607479,2.5403665359546093
2025-08-29 01:00:00+00:00,2025-08-29 02:00:00+00:00,short,breakout_short,111486.0,113485.9,107486.20000000001,110058.591,2025-08-29 08:00:00+00:00,staircase-lock,0.011569537289460708,0.6449529647746489,2.5567507052443914
2025-08-29 13:00:00+00:00,2025-08-29 14:00:00+00:00,short,whale_short,109106.14,112718.2,101882.02,108203.314,2025-08-29 15:00:00+00:00,staircase-lock,0.006943792501586344,0.2097446877430138,2.5621133540274736
2025-09-01 07:00:00+00:00,2025-09-01 08:00:00+00:00,long,breakout_long,109432.99,107255.0,113788.97000000002,109240.0,2025-09-01 18:00:00+00:00,time-exit,-0.0031635449785298187,-0.1589521467040726,2.5580408198502553
2025-09-04 05:00:00+00:00,2025-09-04 06:00:00+00:00,short,breakout_short,110653.08,112575.27,106808.7,109800.23999999999,2025-09-04 15:00:00+00:00,staircase-lock,0.0063671961372762775,0.3665349749783955,2.567416934129231
2025-09-04 15:00:00+00:00,2025-09-04 16:00:00+00:00,short,breakout_short,109510.32,112252.33,104026.30000000002,111340.65,2025-09-05 02:00:00+00:00,time-exit,-0.017839009472281606,-0.7124538698956582,2.549125272825671
2025-09-05 07:00:00+00:00,2025-09-05 08:00:00+00:00,long,whale_long,112954.32,109329.12,120204.72000000003,111198.78,2025-09-05 18:00:00+00:00,time-exit,-0.01694203504567164,-0.5278815094339631,2.5356689118581164
2025-09-08 09:00:00+00:00,2025-09-08 10:00:00+00:00,long,breakout_long,112094.99,110621.78,115041.41000000002,112841.43199999999,2025-09-08 16:00:00+00:00,staircase-lock,0.005259013038851968,0.4001527372200694,2.545815460415755
2025-09-10 07:00:00+00:00,2025-09-10 08:00:00+00:00,long,whale_long,112553.65,110766.66,116127.62999999998,113450.491,2025-09-10 13:00:00+00:00,staircase-lock,0.0065681200920627136,0.4136933558665679,2.5563473298281187
2025-09-11 22:00:00+00:00,2025-09-11 23:00:00+00:00,long,breakout_long,115084.01,113430.0,118392.02999999998,116207.03,2025-09-12 01:00:00+00:00,staircase-lock,0.00835826268132307,0.5815577813918985,2.5712139666441383
2025-09-12 18:00:00+00:00,2025-09-12 19:00:00+00:00,long,breakout_long,116486.19,114435.63,120587.31,115704.04,2025-09-13 05:00:00+00:00,time-exit,-0.008114529851135187,-0.4609622083723501,2.5593616419615173
2025-09-15 05:00:00+00:00,2025-09-15 06:00:00+00:00,long,breakout_long,116519.13,114825.0,119907.39000000001,114825.0,2025-09-15 08:00:00+00:00,stop,-0.015939500938601234,-1.0962894122646987,2.5313036312591293
2025-09-16 17:00:00+00:00,2025-09-16 18:00:00+00:00,long,whale_long,116461.55,114737.11,119910.43000000001,116313.49,2025-09-17 04:00:00+00:00,time-exit,-0.0026713208780065213,-0.18040997077312054,2.5267369071177956
2025-09-17 14:00:00+00:00,2025-09-17 15:00:00+00:00,short,breakout_short,115606.62,117286.73,112246.4,114809.39099999999,2025-09-17 19:00:00+00:00,staircase-lock,0.005543935448625593,0.3814724266350347,2.5363757117120613
2025-09-22 05:00:00+00:00,2025-09-22 06:00:00+00:00,short,breakout_short,113691.18,115747.23,109579.07999999999,111932.3826,2025-09-22 07:00:00+00:00,staircase-lock,0.014313034594154962,0.7914524415215078,2.5564499192085646
2025-09-22 07:00:00+00:00,2025-09-22 08:00:00+00:00,short,whale_short,112520.0,115747.23,106065.54000000001,112429.13,2025-09-22 18:00:00+00:00,time-exit,-0.0005917575098197002,-0.02063210710265855,2.5559224697232077
2025-09-24 02:00:00+00:00,2025-09-24 03:00:00+00:00,short,whale_short,112111.62,113290.5,109753.85999999999,111149.556,2025-09-24 05:00:00+00:00,staircase-lock,0.007255581134305201,0.6900065782848046,2.573558502900157
2025-09-25 01:00:00+00:00,2025-09-25 02:00:00+00:00,short,whale_short,112661.24,113940.0,110103.72000000002,111691.931,2025-09-25 05:00:00+00:00,staircase-lock,0.007278415632370262,0.6412425555837071,2.5900612552135955
2025-09-25 13:00:00+00:00,2025-09-25 14:00:00+00:00,short,whale_short,111000.0,113940.0,105120.0,108818.22,2025-09-25 18:00:00+00:00,staircase-lock,0.01864976740108422,0.7041238712654246,2.608298494791951
2025-10-01 08:00:00+00:00,2025-10-01 09:00:00+00:00,long,whale_long,116111.27,112800.0,122733.81000000001,117308.26100000001,2025-10-01 15:00:00+00:00,staircase-lock,0.008908999290077558,0.3123983311539084,2.6164467757611933
2025-10-01 23:00:00+00:00,2025-10-02 00:00:00+00:00,long,whale_long,118594.99,114096.58,127591.81000000001,119370.727,2025-10-02 01:00:00+00:00,staircase-lock,0.005141060461322967,0.13553767086592647,2.619993046780507
2025-10-02 13:00:00+00:00,2025-10-02 14:00:00+00:00,long,whale_long,119621.19,116724.56,125414.45000000001,120559.683,2025-10-02 19:00:00+00:00,staircase-lock,0.006445541412855095,0.2661794340319635,2.626966929444104
2025-10-03 15:00:00+00:00,2025-10-03 16:00:00+00:00,long,both_long,122258.04,119248.3,128277.51999999997,123731.29500000001,2025-10-03 17:00:00+00:00,staircase-lock,0.010650373128834835,0.43262665346508944,2.6383318885585925
2025-10-05 02:00:00+00:00,2025-10-05 03:00:00+00:00,long,both_long,124031.44,121510.0,129074.32,125540.722,2025-10-05 05:00:00+00:00,staircase-lock,0.010768543717625102,0.5297123802271693,2.6523074592037683
2025-10-05 05:00:00+00:00,2025-10-05 06:00:00+00:00,long,whale_long,125127.99,121510.0,132363.97000000003,123265.54,2025-10-05 16:00:00+00:00,time-exit,-0.016284359606511797,-0.5631937031335105,2.637369830605792
2025-10-06 18:00:00+00:00,2025-10-06 19:00:00+00:00,long,whale_long,126011.18,122730.0,132573.53999999998,124414.17,2025-10-07 05:00:00+00:00,time-exit,-0.014073558012868291,-0.5404841099848201,2.6231152657498344
2025-10-08 08:00:00+00:00,2025-10-08 09:00:00+00:00,long,whale_long,122381.84,120574.94,125995.63999999998,123253.18400000001,2025-10-08 15:00:00+00:00,staircase-lock,0.005719879877602875,0.38740905639493983,2.6332774518490276
2025-10-10 15:00:00+00:00,2025-10-10 16:00:00+00:00,short,both_short,119018.99,122550.0,111956.97000000002,117723.70999999999,2025-10-10 18:00:00+00:00,staircase-lock,0.009602711348461647,0.32367651350617666,2.641800752496117
2025-10-10 23:00:00+00:00,2025-10-11 00:00:00+00:00,short,whale_short,112774.49,122550.0,93223.47000000002,111735.71900000001,2025-10-11 01:00:00+00:00,staircase-lock,0.007896677994258928,0.09109947547460685,2.6442074191247253
2025-10-16 09:00:00+00:00,2025-10-16 10:00:00+00:00,short,whale_short,111146.31,112238.41,108962.10999999999,109869.831,2025-10-16 15:00:00+00:00,staircase-lock,0.010218102880307512,1.0399271406890813,2.6717052497323177
2025-10-16 15:00:00+00:00,2025-10-16 16:00:00+00:00,short,whale_short,108549.21,111982.45,101682.73000000003,107674.734,2025-10-16 17:00:00+00:00,staircase-lock,0.006721459580294976,0.21251328992087745,2.6773829784555123
2025-10-17 06:00:00+00:00,2025-10-17 07:00:00+00:00,short,whale_short,106741.28,111982.45,96258.94,105662.009,2025-10-17 08:00:00+00:00,staircase-lock,0.008814371373536757,0.17951283450196653,2.682189224530611
2025-10-17 08:00:00+00:00,2025-10-17 09:00:00+00:00,short,whale_short,104884.38,111982.45,90688.24000000002,103663.845,2025-10-17 11:00:00+00:00,staircase-lock,0.010373969989247401,0.1532906001858,2.686300768491013
2025-10-19 17:00:00+00:00,2025-10-19 18:00:00+00:00,long,breakout_long,109113.53,106103.36,115133.87,110296.42700000001,2025-10-20 04:00:00+00:00,staircase-lock,0.00944097453358912,0.3422192294787381,2.6954938062824247
2025-10-21 04:00:00+00:00,2025-10-21 05:00:00+00:00,short,breakout_short,107779.71,111705.56,99928.01000000002,111705.56,2025-10-21 14:00:00+00:00,stop,-0.036544624851260685,-1.0032907697766544,2.6684501657240918
2025-10-21 16:00:00+00:00,2025-10-21 17:00:00+00:00,short,whale_short,112565.88,113557.62,110582.40000000002,111448.449,2025-10-21 19:00:00+00:00,staircase-lock,0.008626438322169984,0.9791302367564046,2.6945777681494727
2025-10-26 09:00:00+00:00,2025-10-26 10:00:00+00:00,long,breakout_long,112528.82,111164.39,115257.68000000002,113372.489,2025-10-26 12:00:00+00:00,staircase-lock,0.006097359343144216,0.502868342091562,2.708127946698534
2025-10-26 22:00:00+00:00,2025-10-26 23:00:00+00:00,long,both_long,114681.34,111260.45,121523.12,115555.73500000002,2025-10-27 06:00:00+00:00,staircase-lock,0.006224562112720445,0.208671171537235,2.7137790290116373
2025-10-29 16:00:00+00:00,2025-10-29 17:00:00+00:00,short,breakout_short,111106.35,113703.32,105912.41,109333.4445,2025-10-29 19:00:00+00:00,staircase-lock,0.014815582597875588,0.6338561113811378,2.730980483236407
2025-10-30 04:00:00+00:00,2025-10-30 05:00:00+00:00,short,whale_short,108575.26,113643.73,98438.31999999999,107517.526,2025-10-30 14:00:00+00:00,staircase-lock,0.008437782167718467,0.18075166523297878,2.7359167759370444
2025-11-02 04:00:00+00:00,2025-11-02 05:00:00+00:00,long,breakout_long,110670.27,109702.66,112605.49,110117.48,2025-11-02 15:00:00+00:00,time-exit,-0.0063949277253955595,-0.7314190407292318,2.7159057596993357
2025-11-03 02:00:00+00:00,2025-11-03 03:00:00+00:00,short,breakout_short,109033.84,111250.01,104601.5,107635.501,2025-11-03 05:00:00+00:00,staircase-lock,0.01159142928688557,0.570289303725615,2.731394279746169
2025-11-03 15:00:00+00:00,2025-11-03 16:00:00+00:00,short,whale_short,105745.71,110750.0,95737.13000000002,106482.6,2025-11-04 02:00:00+00:00,time-exit,-0.008320285567782902,-0.1758160507820205,2.7265920501922336
2025-11-04 05:00:00+00:00,2025-11-04 06:00:00+00:00,short,whale_short,104215.76,108333.0,95981.27999999998,103045.121,2025-11-04 15:00:00+00:00,staircase-lock,0.009960450535062183,0.2521193621100326,2.733466316676521
2025-11-04 15:00:00+00:00,2025-11-04 16:00:00+00:00,short,whale_short,103197.02,107395.25,94800.56000000001,100967.7914,2025-11-04 18:00:00+00:00,staircase-lock,0.020678611100529556,0.5083025568664825,2.747360595855272
2025-11-04 18:00:00+00:00,2025-11-04 19:00:00+00:00,short,whale_short,101363.97,107299.0,89493.91,100508.997,2025-11-04 20:00:00+00:00,staircase-lock,0.007106432513698314,0.12137027312844934,2.7506950749142844
2025-11-05 01:00:00+00:00,2025-11-05 02:00:00+00:00,short,whale_short,100761.62,106750.15,88784.56,102673.35,2025-11-05 12:00:00+00:00,time-exit,-0.020019534669902292,-0.3368440577212639,2.741429522008404
2025-11-06 14:00:00+00:00,2025-11-06 15:00:00+00:00,short,breakout_short,102124.99,104534.74,97305.49,100428.6328,2025-11-06 17:00:00+00:00,staircase-lock,0.015491170901213392,0.6565144406576238,2.7594274027008403
2025-11-07 11:00:00+00:00,2025-11-07 12:00:00+00:00,short,whale_short,100411.89,102932.94,95369.79,99375.963,2025-11-07 13:00:00+00:00,staircase-lock,0.009024321623932364,0.35943324814141603,2.769345702244472
2025-11-09 13:00:00+00:00,2025-11-09 14:00:00+00:00,long,breakout_long,102911.4,101400.0,105934.19999999998,103928.265,2025-11-09 15:00:00+00:00,staircase-lock,0.008480975285536886,0.5774705835649093,2.7853378590321523
2025-11-09 18:00:00+00:00,2025-11-09 19:00:00+00:00,long,breakout_long,104512.66,101400.0,110737.98000000001,105397.324,2025-11-10 00:00:00+00:00,staircase-lock,0.007064658731296204,0.2372074932694193,2.791944889146646
2025-11-10 15:00:00+00:00,2025-11-10 16:00:00+00:00,long,whale_long,105079.99,104058.59,107122.79000000002,105891.61,2025-11-10 18:00:00+00:00,staircase-lock,0.006323830198308912,0.6505854846289336,2.8101088773342733
2025-11-11 12:00:00+00:00,2025-11-11 13:00:00+00:00,short,breakout_short,104530.83,107500.0,98592.49,103306.38,2025-11-11 16:00:00+00:00,staircase-lock,0.0104526077479435,0.36798828075083795,2.8204497486792026
2025-11-12 15:00:00+00:00,2025-11-12 16:00:00+00:00,short,breakout_short,102173.51,105333.33,95853.86999999998,101387.351,2025-11-12 17:00:00+00:00,staircase-lock,0.00635401460089431,0.20545853066460093,2.8262446032909723
2025-11-13 17:00:00+00:00,2025-11-13 18:00:00+00:00,short,whale_short,99659.99,104085.01,90809.95000000003,98253.2813,2025-11-13 19:00:00+00:00,staircase-lock,0.012917167644557926,0.29091954347889265,2.834466701188463
2025-11-14 04:00:00+00:00,2025-11-14 05:00:00+00:00,short,whale_short,97823.97,103811.49,85848.93,97100.838,2025-11-14 06:00:00+00:00,staircase-lock,0.006047227180469751,0.09879946460061212,2.8372671391135196
2025-11-14 06:00:00+00:00,2025-11-14 07:00:00+00:00,short,whale_short,97569.13,103483.83,85739.73000000001,96862.03600000001,2025-11-14 08:00:00+00:00,staircase-lock,0.0059000117404098395,0.09732683187677722,2.8400285613318994
2025-11-14 12:00:00+00:00,2025-11-14 13:00:00+00:00,short,whale_short,95350.76,101540.93,82970.42,94649.066,2025-11-14 14:00:00+00:00,staircase-lock,0.006013638925924504,0.09263155001437524,2.8426593238091122
2025-11-16 15:00:00+00:00,2025-11-16 16:00:00+00:00,short,breakout_short,94573.46,96635.11,90450.16000000002,93850.778,2025-11-16 18:00:00+00:00,staircase-lock,0.006300330411752221,0.289013191464426,2.8508749842433136
2025-11-16 18:00:00+00:00,2025-11-16 19:00:00+00:00,short,whale_short,94049.63,96635.11,88878.67000000001,93437.06300000001,2025-11-16 22:00:00+00:00,staircase-lock,0.005155931664932624,0.18755258806573558,2.8562218740587806
2025-11-17 13:00:00+00:00,2025-11-17 14:00:00+00:00,short,whale_short,93959.78,96026.71,89825.91999999998,96026.71,2025-11-17 14:00:00+00:00,stop,-0.0229245320807097,-1.042117532236901,2.826456685149629
2025-11-18 03:00:00+00:00,2025-11-18 04:00:00+00:00,short,whale_short,90842.72,96043.0,80442.16,89365.0058,2025-11-18 05:00:00+00:00,staircase-lock,0.01513571425158451,0.2644029651781638,2.833929920434641
2025-11-19 15:00:00+00:00,2025-11-19 16:00:00+00:00,short,whale_short,89951.7,93612.0,82631.09999999999,88995.27,2025-11-19 18:00:00+00:00,staircase-lock,0.009346975653874502,0.22970148619638348,2.8404394995796434
2025-11-20 16:00:00+00:00,2025-11-20 17:00:00+00:00,short,whale_short,87878.1,93160.0,77314.30000000002,86499.25409999999,2025-11-20 18:00:00+00:00,staircase-lock,0.01454055248622106,0.2419197874703013,2.847311084780249
2025-11-21 02:00:00+00:00,2025-11-21 03:00:00+00:00,short,whale_short,85444.93,92851.06,70632.66999999998,82137.7972,2025-11-21 08:00:00+00:00,staircase-lock,0.03886322731722831,0.4483671955116449,2.8600774936385704
2025-11-21 08:00:00+00:00,2025-11-21 09:00:00+00:00,short,whale_short,83643.45,92541.92,65846.51,82211.7708,2025-11-21 10:00:00+00:00,staircase-lock,0.016014528188218982,0.15053266323141898,2.864382844460227
2025-11-21 10:00:00+00:00,2025-11-21 11:00:00+00:00,short,whale_short,82703.61,91682.6,64745.62999999999,80747.2527,2025-11-21 13:00:00+00:00,staircase-lock,0.02282815928200617,0.21026542877059862,2.870405651329763
2025-11-21 14:00:00+00:00,2025-11-21 15:00:00+00:00,short,whale_short,84850.01,88250.0,78050.02999999998,82877.9729,2025-11-21 16:00:00+00:00,staircase-lock,0.022394465899635854,0.558875365965417,2.886447641418324
2025-11-24 17:00:00+00:00,2025-11-24 18:00:00+00:00,long,breakout_long,88369.91,85272.0,94565.73000000001,89142.19099999999,2025-11-24 21:00:00+00:00,staircase-lock,0.007339185091395818,0.20935505744194938,2.8924905655360473
2025-11-26 17:00:00+00:00,2025-11-26 18:00:00+00:00,long,breakout_long,89830.8,86306.77,96878.86,90425.23199999999,2025-11-26 22:00:00+00:00,staircase-lock,0.005217240411974423,0.13299230710294527,2.8963373554718888
2025-11-27 02:00:00+00:00,2025-11-27 03:00:00+00:00,long,whale_long,91389.73,86306.77,101555.64999999998,90852.78,2025-11-27 13:00:00+00:00,time-exit,-0.007275386654496051,-0.13080874569148654,2.892548692906202
2025-11-28 13:00:00+00:00,2025-11-28 14:00:00+00:00,long,breakout_long,92377.0,90652.55,95825.9,93020.5,2025-11-28 15:00:00+00:00,staircase-lock,0.005566019680223478,0.2981659079706603,2.9011732869798994
2025-11-30 23:00:00+00:00,2025-12-01 00:00:00+00:00,short,breakout_short,90360.01,92000.01,87080.01,87080.01,2025-12-01 00:00:00+00:00,target,0.0362665092252515,1.9981964245480595,2.959144427870275
2025-12-01 15:00:00+00:00,2025-12-01 16:00:00+00:00,short,whale_short,84677.87,91626.75,70780.10999999999,84095.642,2025-12-01 17:00:00+00:00,staircase-lock,0.005523402760870667,0.06730724677108355,2.9611361465126547
2025-12-02 16:00:00+00:00,2025-12-02 17:00:00+00:00,short,whale_short,90759.15,91200.0,89877.44999999998,91200.0,2025-12-02 17:00:00+00:00,stop,-0.006233881578947486,-1.2833884389382424,2.92313326754709
2025-12-05 13:00:00+00:00,2025-12-05 14:00:00+00:00,short,breakout_short,90465.14,92718.53,85958.36,88224.6398,2025-12-05 17:00:00+00:00,staircase-lock,0.023995402067711183,0.9633252155249566,2.9512925473967697
2025-12-07 14:00:00+00:00,2025-12-07 15:00:00+00:00,short,breakout_short,88220.53,89799.96,85061.66999999998,89799.96,2025-12-07 16:00:00+00:00,stop,-0.018988315184104862,-1.060609985468663,2.9199908439386872
2025-12-07 17:00:00+00:00,2025-12-07 18:00:00+00:00,long,breakout_long,90945.18,87719.28,97396.97999999998,91678.518,2025-12-07 19:00:00+00:00,staircase-lock,0.0066635169450431474,0.18785912396540505,2.92547631315798
2025-12-09 15:00:00+00:00,2025-12-09 16:00:00+00:00,long,both_long,92707.5,89500.0,99122.5,94363.9602,2025-12-09 17:00:00+00:00,staircase-lock,0.01646759647277725,0.47596872954013936,2.939400665598716
2025-12-12 15:00:00+00:00,2025-12-12 16:00:00+00:00,short,breakout_short,89935.13,93555.0,82695.39000000001,90232.77,2025-12-13 02:00:00+00:00,time-exit,-0.004698579884004394,-0.11673551610508683,2.9359693410613334
2025-12-15 14:00:00+00:00,2025-12-15 15:00:00+00:00,short,whale_short,88050.0,90052.64,84044.72,86721.8763,2025-12-15 16:00:00+00:00,staircase-lock,0.01391474821192269,0.6117892282486085,2.9539312852346282
2025-12-16 13:00:00+00:00,2025-12-16 14:00:00+00:00,short,whale_short,86443.02,87480.0,84369.06000000001,87480.0,2025-12-16 14:00:00+00:00,stop,-0.013253909465020518,-1.104850586282245,2.9212947581113387
2025-12-17 14:00:00+00:00,2025-12-17 15:00:00+00:00,long,breakout_long,89675.85,86209.11,96609.33000000002,90296.85000000002,2025-12-17 16:00:00+00:00,staircase-lock,0.005524941330358258,0.14291634503885695,2.925469765807443
2025-12-17 16:00:00+00:00,2025-12-17 17:00:00+00:00,short,whale_short,86986.5,90365.85,80227.79999999999,86337.28499999999,2025-12-17 18:00:00+00:00,staircase-lock,0.006119520679854619,0.15752014015067184,2.9300779698826083
2025-12-18 13:00:00+00:00,2025-12-18 14:00:00+00:00,long,breakout_long,88851.7,85314.0,95927.09999999999,89415.019,2025-12-18 15:00:00+00:00,staircase-lock,0.004939991243836662,0.12407118184130998,2.9337133522487133
2025-12-18 17:00:00+00:00,2025-12-18 18:00:00+00:00,short,whale_short,86483.56,89477.61,80495.45999999999,85796.356,2025-12-18 19:00:00+00:00,staircase-lock,0.006609710808696724,0.1909224366014499,2.9393144692637287
2025-12-19 15:00:00+00:00,2025-12-19 16:00:00+00:00,short,whale_short,87951.86,88552.17,86751.24,88552.17,2025-12-19 16:00:00+00:00,stop,-0.008179167579970103,-1.1983358629875764,2.9040916098525584
2025-12-21 08:00:00+00:00,2025-12-21 09:00:00+00:00,long,breakout_long,88537.88,87795.76,90022.12000000002,87795.76,2025-12-21 13:00:00+00:00,stop,-0.009781949059543925,-1.1670255915485386,2.870200117563565
2025-12-21 13:00:00+00:00,2025-12-21 14:00:00+00:00,short,breakout_short,87670.1,89081.77,84846.76000000001,89081.77,2025-12-22 00:00:00+00:00,stop,-0.017246901111192578,-1.071098447305933,2.839457448669769
2025-12-23 14:00:00+00:00,2025-12-23 15:00:00+00:00,short,breakout_short,86873.99,89523.23,81575.51000000002,87632.51,2025-12-24 01:00:00+00:00,time-exit,-0.010055691820307232,-0.32974667098505817,2.830094432258743
2025-12-25 15:00:00+00:00,2025-12-25 16:00:00+00:00,long,breakout_long,88371.27,87251.6,90610.61,87251.6,2025-12-25 23:00:00+00:00,stop,-0.014070067998343804,-1.1104966445470557,2.7986663285509965
2025-12-26 02:00:00+00:00,2025-12-26 03:00:00+00:00,long,breakout_long,89200.0,86891.7,93816.6,88992.88,2025-12-26 13:00:00+00:00,time-exit,-0.003721973094170371,-0.143828791751504,2.7946410405854856
2025-12-29 02:00:00+00:00,2025-12-29 03:00:00+00:00,long,breakout_long,89163.25,87435.0,92619.75,90068.47899999999,2025-12-29 04:00:00+00:00,staircase-lock,0.008752489955222554,0.4515553016056689,2.8072603903650974
2025-12-30 14:00:00+00:00,2025-12-30 15:00:00+00:00,long,breakout_long,88875.82,86845.66,92936.14000000001,88649.33,2025-12-31 01:00:00+00:00,time-exit,-0.003948387176624756,-0.1728514737754706,2.8024079994076363
2026-01-01 17:00:00+00:00,2026-01-01 18:00:00+00:00,long,breakout_long,88316.38,87550.43,89848.28000000003,89039.647,2026-01-02 04:00:00+00:00,staircase-lock,0.006789500067824262,0.7828501442652709,2.8243466544739
2026-01-02 09:00:00+00:00,2026-01-02 10:00:00+00:00,long,breakout_long,89467.32,87810.66,92780.64000000001,90068.23199999999,2026-01-02 15:00:00+00:00,staircase-lock,0.005316553038584205,0.2871185107384644,2.8324558765263173
2026-01-02 15:00:00+00:00,2026-01-02 16:00:00+00:00,long,whale_long,89418.1,88062.32,92129.66,90703.267,2026-01-02 17:00:00+00:00,staircase-lock,0.012972559917958494,0.8555825133871318,2.8566898737052826
2026-01-02 17:00:00+00:00,2026-01-02 18:00:00+00:00,long,whale_long,90370.52,88254.08,94603.40000000001,90170.0,2026-01-03 04:00:00+00:00,time-exit,-0.0036188651786003712,-0.15452303301771278,2.8522756298685232
2026-01-05 01:00:00+00:00,2026-01-05 02:00:00+00:00,long,whale_long,92967.29,90863.47,97174.92999999998,92874.28,2026-01-05 12:00:00+00:00,time-exit,-0.0024004594088952603,-0.10607571275108851,2.8492500581645146
2026-01-05 15:00:00+00:00,2026-01-05 16:00:00+00:00,long,whale_long,93957.74,90863.47,100146.28000000001,94705.946,2026-01-05 21:00:00+00:00,staircase-lock,0.0065632183575295554,0.19929261635215678,2.8549284031518463
2026-01-06 14:00:00+00:00,2026-01-06 15:00:00+00:00,long,whale_long,93836.81,93137.98,95234.47,93137.98,2026-01-06 16:00:00+00:00,stop,-0.008847290674096885,-1.1879878282271785,2.8210122012178016
2026-01-11 14:00:00+00:00,2026-01-11 15:00:00+00:00,long,breakout_long,91127.17,90404.0,92573.51,90404.0,2026-01-11 20:00:00+00:00,stop,-0.009335832968367196,-1.1764150033878675,2.787825390435273
2026-01-12 02:00:00+00:00,2026-01-12 03:00:00+00:00,long,breakout_long,92203.56,90236.0,96138.68,90636.01,2026-01-12 13:00:00+00:00,time-exit,-0.01840097046144422,-0.8623040639167302,2.7637858587986472
2026-01-13 15:00:00+00:00,2026-01-13 16:00:00+00:00,long,whale_long,93449.99,90938.2,98473.57000000002,94153.637,2026-01-13 20:00:00+00:00,staircase-lock,0.0061296637270907405,0.22805131559564717,2.770088708809884
2026-01-13 22:00:00+00:00,2026-01-13 23:00:00+00:00,long,whale_long,95757.19,91097.8,105075.97,95088.24,2026-01-14 09:00:00+00:00,time-exit,-0.008385898395723611,-0.17234231648348844,2.7653146737604737
2026-01-14 14:00:00+00:00,2026-01-14 15:00:00+00:00,long,whale_long,96493.14,93198.09,103083.24,97573.60800000001,2026-01-14 17:00:00+00:00,staircase-lock,0.00979735558403434,0.28690842445486614,2.773248594522179
2026-01-14 17:00:00+00:00,2026-01-14 18:00:00+00:00,long,whale_long,96956.07,94062.0,102744.21000000002,97572.219,2026-01-14 20:00:00+00:00,staircase-lock,0.004954929608842319,0.16599823155624685,2.777852138145745
2026-01-15 15:00:00+00:00,2026-01-15 16:00:00+00:00,long,whale_long,96737.04,95592.69,99025.73999999998,95592.69,2026-01-15 19:00:00+00:00,stop,-0.013229491578406737,-1.1183482815572205,2.7467860764945913
2026-01-18 23:00:00+00:00,2026-01-19 00:00:00+00:00,short,breakout_short,93673.14,95531.12,89957.18000000001,92033.6058,2026-01-19 01:00:00+00:00,staircase-lock,0.01641451661866762,0.8275650508900968,2.769517518086376
2026-01-20 05:00:00+00:00,2026-01-20 06:00:00+00:00,short,both_short,91624.19,93420.0,88032.57,90857.021,2026-01-20 07:00:00+00:00,staircase-lock,0.0070436952869058055,0.35937703613943733,2.7794705280582375
2026-01-20 14:00:00+00:00,2026-01-20 15:00:00+00:00,short,whale_short,90531.15,93342.36,84908.72999999998,89926.269,2026-01-20 16:00:00+00:00,staircase-lock,0.005326410499694912,0.17152972133332406,2.7842381461095576
2026-01-20 22:00:00+00:00,2026-01-20 23:00:00+00:00,short,whale_short,88509.18,92729.94,80067.65999999997,89112.3,2026-01-21 09:00:00+00:00,time-exit,-0.008168089253672116,-0.17128452743328912,2.7794691769583766
2026-01-21 16:00:00+00:00,2026-01-21 17:00:00+00:00,short,whale_short,87602.39,90574.0,81659.17,89899.51,2026-01-22 03:00:00+00:00,time-exit,-0.026952085878999707,-0.7945413895112833,2.7573851439387336
