entry_threshold,exit_threshold,min_hold_bars,stop_atr_mult,trail_atr_mult,allow_short,start,end,bars,initial_equity,final_equity,total_return_pct,cagr_pct,max_drawdown_pct,sharpe,sortino,calmar,trades,win_rate_pct,profit_factor,expectancy_pct,avg_win_pct,avg_loss_pct,avg_bars_held,long_trades,short_trades,exposure_pct,buy_hold_return_pct
80.0,95.0,4,1.5,3.0,True,2020-01-01 00:00:00,2021-12-31 00:00:00,17490,10000.0,14540.648149067214,45.40648149067215,20.623331752035213,-23.166010419753068,0.8757863588122767,0.1859076851856936,0.8902409771192291,46,41.30434782608695,3.3925302837291795,-0.02551525986426444,2.8447497423958117,-2.0453313725658,12.108695652173912,46,0,3.184676958261864,555.8986877561996
80.0,95.0,4,1.5,3.0,False,2020-01-01 00:00:00,2021-12-31 00:00:00,17490,10000.0,14540.648149067214,45.40648149067215,20.623331752035213,-23.166010419753068,0.8757863588122767,0.1859076851856936,0.8902409771192291,46,41.30434782608695,3.3925302837291795,-0.02551525986426444,2.8447497423958117,-2.0453313725658,12.108695652173912,46,0,3.184676958261864,555.8986877561996
80.0,80.0,4,1.5,3.0,False,2020-01-01 00:00:00,2021-12-31 00:00:00,17490,10000.0,14540.648149067214,45.40648149067215,20.623331752035213,-23.166010419753068,0.8757863588122767,0.1859076851856936,0.8902409771192291,46,41.30434782608695,3.3925302837291795,-0.02551525986426444,2.8447497423958117,-2.0453313725658,12.108695652173912,46,0,3.184676958261864,555.8986877561996
80.0,80.0,4,1.5,3.0,True,2020-01-01 00:00:00,2021-12-31 00:00:00,17490,10000.0,14540.648149067214,45.40648149067215,20.623331752035213,-23.166010419753068,0.8757863588122767,0.1859076851856936,0.8902409771192291,46,41.30434782608695,3.3925302837291795,-0.02551525986426444,2.8447497423958117,-2.0453313725658,12.108695652173912,46,0,3.184676958261864,555.8986877561996
80.0,95.0,12,1.5,3.0,False,2020-01-01 00:00:00,2021-12-31 00:00:00,17490,10000.0,14430.593059758692,44.305930597586915,20.165195476722843,-23.166010419752958,0.8569485702972742,0.20016741486757722,0.8704647503537593,43,39.53488372093023,3.171387601569487,-0.12050810937245296,3.1100244021448655,-2.2327793669030074,15.953488372093023,43,0,3.9222412807318467,555.8986877561996
80.0,95.0,12,1.5,3.0,True,2020-01-01 00:00:00,2021-12-31 00:00:00,17490,10000.0,14430.593059758692,44.305930597586915,20.165195476722843,-23.166010419752958,0.8569485702972742,0.20016741486757722,0.8704647503537593,43,39.53488372093023,3.171387601569487,-0.12050810937245296,3.1100244021448655,-2.2327793669030074,15.953488372093023,43,0,3.9222412807318467,555.8986877561996
80.0,80.0,12,1.5,3.0,False,2020-01-01 00:00:00,2021-12-31 00:00:00,17490,10000.0,14430.593059758692,44.305930597586915,20.165195476722843,-23.166010419752958,0.8569485702972742,0.20016741486757722,0.8704647503537593,43,39.53488372093023,3.171387601569487,-0.12050810937245296,3.1100244021448655,-2.2327793669030074,15.953488372093023,43,0,3.9222412807318467,555.8986877561996
80.0,80.0,12,1.5,3.0,True,2020-01-01 00:00:00,2021-12-31 00:00:00,17490,10000.0,14430.593059758692,44.305930597586915,20.165195476722843,-23.166010419752958,0.8569485702972742,0.20016741486757722,0.8704647503537593,43,39.53488372093023,3.171387601569487,-0.12050810937245296,3.1100244021448655,-2.2327793669030074,15.953488372093023,43,0,3.9222412807318467,555.8986877561996
80.0,95.0,4,2.5,3.0,False,2020-01-01 00:00:00,2021-12-31 00:00:00,17490,10000.0,14301.403562428019,43.01403562428019,19.6251757422117,-23.166010419752936,0.83907962788165,0.19346991706245623,0.8471538856547316,45,44.44444444444444,2.9003968295494227,-0.2755356282351218,2.7414909311577604,-2.689156875749428,14.622222222222222,45,0,3.762149799885649,555.8986877561996
80.0,95.0,4,2.5,3.0,True,2020-01-01 00:00:00,2021-12-31 00:00:00,17490,10000.0,14301.403562428019,43.01403562428019,19.6251757422117,-23.166010419752936,0.83907962788165,0.19346991706245623,0.8471538856547316,45,44.44444444444444,2.9003968295494227,-0.2755356282351218,2.7414909311577604,-2.689156875749428,14.622222222222222,45,0,3.762149799885649,555.8986877561996
80.0,80.0,4,2.5,3.0,False,2020-01-01 00:00:00,2021-12-31 00:00:00,17490,10000.0,14301.403562428019,43.01403562428019,19.6251757422117,-23.166010419752936,0.83907962788165,0.19346991706245623,0.8471538856547316,45,44.44444444444444,2.9003968295494227,-0.2755356282351218,2.7414909311577604,-2.689156875749428,14.622222222222222,45,0,3.762149799885649,555.8986877561996
80.0,80.0,4,2.5,3.0,True,2020-01-01 00:00:00,2021-12-31 00:00:00,17490,10000.0,14301.403562428019,43.01403562428019,19.6251757422117,-23.166010419752936,0.83907962788165,0.19346991706245623,0.8471538856547316,45,44.44444444444444,2.9003968295494227,-0.2755356282351218,2.7414909311577604,-2.689156875749428,14.622222222222222,45,0,3.762149799885649,555.8986877561996
80.0,80.0,12,2.5,3.0,True,2020-01-01 00:00:00,2021-12-31 00:00:00,17490,10000.0,14266.014199274323,42.66014199274324,19.476821684698663,-23.166010419752936,0.8291587267597104,0.20479665765392258,0.8407499319818739,41,46.34146341463415,2.8179219296915043,-0.3728539256110715,2.8589716815508734,-3.163976040887296,19.0,41,0,4.453973699256718,555.8986877561996
80.0,80.0,12,2.5,3.0,False,2020-01-01 00:00:00,2021-12-31 00:00:00,17490,10000.0,14266.014199274323,42.66014199274324,19.476821684698663,-23.166010419752936,0.8291587267597104,0.20479665765392258,0.8407499319818739,41,46.34146341463415,2.8179219296915043,-0.3728539256110715,2.8589716815508734,-3.163976040887296,19.0,41,0,4.453973699256718,555.8986877561996
80.0,95.0,12,2.5,3.0,False,2020-01-01 00:00:00,2021-12-31 00:00:00,17490,10000.0,14266.014199274323,42.66014199274324,19.476821684698663,-23.166010419752936,0.8291587267597104,0.20479665765392258,0.8407499319818739,41,46.34146341463415,2.8179219296915043,-0.3728539256110715,2.8589716815508734,-3.163976040887296,19.0,41,0,4.453973699256718,555.8986877561996
80.0,95.0,12,2.5,3.0,True,2020-01-01 00:00:00,2021-12-31 00:00:00,17490,10000.0,14266.014199274323,42.66014199274324,19.476821684698663,-23.166010419752936,0.8291587267597104,0.20479665765392258,0.8407499319818739,41,46.34146341463415,2.8179219296915043,-0.3728539256110715,2.8589716815508734,-3.163976040887296,19.0,41,0,4.453973699256718,555.8986877561996
80.0,95.0,4,4.0,3.0,True,2020-01-01 00:00:00,2021-12-31 00:00:00,17490,10000.0,13892.681491324212,38.926814913242126,17.900459462677574,-23.298674202699786,0.7803588892901177,0.18231202090719764,0.7683037801611612,44,45.45454545454545,2.5448722159877057,-0.4396284756223915,2.6460373893681703,-3.0110166964478595,15.363636363636363,44,0,3.8650657518582046,555.8986877561996
80.0,95.0,4,4.0,3.0,False,2020-01-01 00:00:00,2021-12-31 00:00:00,17490,10000.0,13892.681491324212,38.926814913242126,17.900459462677574,-23.298674202699786,0.7803588892901177,0.18231202090719764,0.7683037801611612,44,45.45454545454545,2.5448722159877057,-0.4396284756223915,2.6460373893681703,-3.0110166964478595,15.363636363636363,44,0,3.8650657518582046,555.8986877561996
80.0,80.0,4,4.0,3.0,True,2020-01-01 00:00:00,2021-12-31 00:00:00,17490,10000.0,13892.681491324212,38.926814913242126,17.900459462677574,-23.298674202699786,0.7803588892901177,0.18231202090719764,0.7683037801611612,44,45.45454545454545,2.5448722159877057,-0.4396284756223915,2.6460373893681703,-3.0110166964478595,15.363636363636363,44,0,3.8650657518582046,555.8986877561996
80.0,80.0,4,4.0,3.0,False,2020-01-01 00:00:00,2021-12-31 00:00:00,17490,10000.0,13892.681491324212,38.926814913242126,17.900459462677574,-23.298674202699786,0.7803588892901177,0.18231202090719764,0.7683037801611612,44,45.45454545454545,2.5448722159877057,-0.4396284756223915,2.6460373893681703,-3.0110166964478595,15.363636363636363,44,0,3.8650657518582046,555.8986877561996
80.0,80.0,12,4.0,3.0,True,2020-01-01 00:00:00,2021-12-31 00:00:00,17490,10000.0,13749.55146652418,37.495514665241814,17.290507734285598,-24.009515103435362,0.7556222086730958,0.18874411553650683,0.7201523087740999,40,47.5,2.423298972221886,-0.6345857487265274,2.687299565526857,-3.640101033051018,19.925,40,0,4.556889651229274,555.8986877561996
80.0,80.0,12,4.0,3.0,False,2020-01-01 00:00:00,2021-12-31 00:00:00,17490,10000.0,13749.55146652418,37.495514665241814,17.290507734285598,-24.009515103435362,0.7556222086730958,0.18874411553650683,0.7201523087740999,40,47.5,2.423298972221886,-0.6345857487265274,2.687299565526857,-3.640101033051018,19.925,40,0,4.556889651229274,555.8986877561996
80.0,95.0,12,4.0,3.0,True,2020-01-01 00:00:00,2021-12-31 00:00:00,17490,10000.0,13749.55146652418,37.495514665241814,17.290507734285598,-24.009515103435362,0.7556222086730958,0.18874411553650683,0.7201523087740999,40,47.5,2.423298972221886,-0.6345857487265274,2.687299565526857,-3.640101033051018,19.925,40,0,4.556889651229274,555.8986877561996
80.0,95.0,12,4.0,3.0,False,2020-01-01 00:00:00,2021-12-31 00:00:00,17490,10000.0,13749.55146652418,37.495514665241814,17.290507734285598,-24.009515103435362,0.7556222086730958,0.18874411553650683,0.7201523087740999,40,47.5,2.423298972221886,-0.6345857487265274,2.687299565526857,-3.640101033051018,19.925,40,0,4.556889651229274,555.8986877561996
80.0,95.0,12,2.5,0.0,True,2020-01-01 00:00:00,2021-12-31 00:00:00,17490,10000.0,13079.114256770137,30.791142567701367,14.3902866455353,-32.20772473168017,0.6399242761113948,0.15999240647434365,0.4467961262529272,38,50.0,2.4293160972756147,-0.3470350407528149,2.8096168679995053,-3.5036869495051346,23.42105263157895,38,0,5.0886220697541455,555.8986877561996
80.0,95.0,12,2.5,0.0,False,2020-01-01 00:00:00,2021-12-31 00:00:00,17490,10000.0,13079.114256770137,30.791142567701367,14.3902866455353,-32.20772473168017,0.6399242761113948,0.15999240647434365,0.4467961262529272,38,50.0,2.4293160972756147,-0.3470350407528149,2.8096168679995053,-3.5036869495051346,23.42105263157895,38,0,5.0886220697541455,555.8986877561996
80.0,80.0,12,2.5,0.0,False,2020-01-01 00:00:00,2021-12-31 00:00:00,17490,10000.0,13079.114256770137,30.791142567701367,14.3902866455353,-32.20772473168017,0.6399242761113948,0.15999240647434365,0.4467961262529272,38,50.0,2.4293160972756147,-0.3470350407528149,2.8096168679995053,-3.5036869495051346,23.42105263157895,38,0,5.0886220697541455,555.8986877561996
80.0,80.0,12,2.5,0.0,True,2020-01-01 00:00:00,2021-12-31 00:00:00,17490,10000.0,13079.114256770137,30.791142567701367,14.3902866455353,-32.20772473168017,0.6399242761113948,0.15999240647434365,0.4467961262529272,38,50.0,2.4293160972756147,-0.3470350407528149,2.8096168679995053,-3.5036869495051346,23.42105263157895,38,0,5.0886220697541455,555.8986877561996
80.0,80.0,4,1.5,0.0,False,2020-01-01 00:00:00,2021-12-31 00:00:00,17490,10000.0,12886.563063264624,28.865630632646244,13.543691274317249,-31.997663343995264,0.6171852989237189,0.12928442363138776,0.423271259801503,45,42.22222222222222,2.5089287439381116,-0.08908438121415316,2.7391327137544215,-2.1558584121527273,13.377777777777778,45,0,3.4419668381932533,555.8986877561996
80.0,80.0,4,1.5,0.0,True,2020-01-01 00:00:00,2021-12-31 00:00:00,17490,10000.0,12886.563063264624,28.865630632646244,13.543691274317249,-31.997663343995264,0.6171852989237189,0.12928442363138776,0.423271259801503,45,42.22222222222222,2.5089287439381116,-0.08908438121415316,2.7391327137544215,-2.1558584121527273,13.377777777777778,45,0,3.4419668381932533,555.8986877561996
80.0,95.0,4,1.5,0.0,False,2020-01-01 00:00:00,2021-12-31 00:00:00,17490,10000.0,12886.563063264624,28.865630632646244,13.543691274317249,-31.997663343995264,0.6171852989237189,0.12928442363138776,0.423271259801503,45,42.22222222222222,2.5089287439381116,-0.08908438121415316,2.7391327137544215,-2.1558584121527273,13.377777777777778,45,0,3.4419668381932533,555.8986877561996
80.0,95.0,4,1.5,0.0,True,2020-01-01 00:00:00,2021-12-31 00:00:00,17490,10000.0,12886.563063264624,28.865630632646244,13.543691274317249,-31.997663343995264,0.6171852989237189,0.12928442363138776,0.423271259801503,45,42.22222222222222,2.5089287439381116,-0.08908438121415316,2.7391327137544215,-2.1558584121527273,13.377777777777778,45,0,3.4419668381932533,555.8986877561996
80.0,95.0,12,1.5,0.0,True,2020-01-01 00:00:00,2021-12-31 00:00:00,17490,10000.0,12807.132117680714,28.071321176807153,13.19261654590942,-32.09245622653041,0.6036090941508249,0.14265891354188978,0.4110815467905276,41,39.02439024390244,2.438824870494913,-0.2651772308367397,2.8875876653860573,-2.28294676441933,19.097560975609756,41,0,4.476843910806175,555.8986877561996
80.0,95.0,12,1.5,0.0,False,2020-01-01 00:00:00,2021-12-31 00:00:00,17490,10000.0,12807.132117680714,28.071321176807153,13.19261654590942,-32.09245622653041,0.6036090941508249,0.14265891354188978,0.4110815467905276,41,39.02439024390244,2.438824870494913,-0.2651772308367397,2.8875876653860573,-2.28294676441933,19.097560975609756,41,0,4.476843910806175,555.8986877561996
80.0,80.0,12,1.5,0.0,True,2020-01-01 00:00:00,2021-12-31 00:00:00,17490,10000.0,12807.132117680714,28.071321176807153,13.19261654590942,-32.09245622653041,0.6036090941508249,0.14265891354188978,0.4110815467905276,41,39.02439024390244,2.438824870494913,-0.2651772308367397,2.8875876653860573,-2.28294676441933,19.097560975609756,41,0,4.476843910806175,555.8986877561996
80.0,80.0,12,1.5,0.0,False,2020-01-01 00:00:00,2021-12-31 00:00:00,17490,10000.0,12807.132117680714,28.071321176807153,13.19261654590942,-32.09245622653041,0.6036090941508249,0.14265891354188978,0.4110815467905276,41,39.02439024390244,2.438824870494913,-0.2651772308367397,2.8875876653860573,-2.28294676441933,19.097560975609756,41,0,4.476843910806175,555.8986877561996
80.0,95.0,4,2.5,0.0,False,2020-01-01 00:00:00,2021-12-31 00:00:00,17490,10000.0,12705.75800187935,27.0575800187935,12.74297329730787,-32.20772473168003,0.5880876439502235,0.13406234286224797,0.39564959659425053,43,46.51162790697674,2.2046408155541823,-0.4450818350010302,2.567381754401956,-3.064615391003627,16.674418604651162,43,0,4.099485420240137,555.8986877561996
80.0,95.0,4,2.5,0.0,True,2020-01-01 00:00:00,2021-12-31 00:00:00,17490,10000.0,12705.75800187935,27.0575800187935,12.74297329730787,-32.20772473168003,0.5880876439502235,0.13406234286224797,0.39564959659425053,43,46.51162790697674,2.2046408155541823,-0.4450818350010302,2.567381754401956,-3.064615391003627,16.674418604651162,43,0,4.099485420240137,555.8986877561996
80.0,80.0,4,2.5,0.0,True,2020-01-01 00:00:00,2021-12-31 00:00:00,17490,10000.0,12705.75800187935,27.0575800187935,12.74297329730787,-32.20772473168003,0.5880876439502235,0.13406234286224797,0.39564959659425053,43,46.51162790697674,2.2046408155541823,-0.4450818350010302,2.567381754401956,-3.064615391003627,16.674418604651162,43,0,4.099485420240137,555.8986877561996
80.0,80.0,4,2.5,0.0,False,2020-01-01 00:00:00,2021-12-31 00:00:00,17490,10000.0,12705.75800187935,27.0575800187935,12.74297329730787,-32.20772473168003,0.5880876439502235,0.13406234286224797,0.39564959659425053,43,46.51162790697674,2.2046408155541823,-0.4450818350010302,2.567381754401956,-3.064615391003627,16.674418604651162,43,0,4.099485420240137,555.8986877561996
80.0,95.0,1,1.5,3.0,False,2020-01-01 00:00:00,2021-12-31 00:00:00,17490,10000.0,11147.224633040567,11.472246330405667,5.590252448823496,-7.491646986497214,0.5589865983137491,0.20246349695676966,0.746198060172783,47,40.42553191489362,1.7284873129201908,0.07893152188743484,2.6709474916128735,-1.6799364575691131,9.191489361702128,47,0,2.469982847341338,555.8986877561996
80.0,95.0,1,1.5,3.0,True,2020-01-01 00:00:00,2021-12-31 00:00:00,17490,10000.0,11147.224633040567,11.472246330405667,5.590252448823496,-7.491646986497214,0.5589865983137491,0.20246349695676966,0.746198060172783,47,40.42553191489362,1.7284873129201908,0.07893152188743484,2.6709474916128735,-1.6799364575691131,9.191489361702128,47,0,2.469982847341338,555.8986877561996
80.0,80.0,1,1.5,3.0,False,2020-01-01 00:00:00,2021-12-31 00:00:00,17490,10000.0,11147.224633040567,11.472246330405667,5.590252448823496,-7.491646986497214,0.5589865983137491,0.20246349695676966,0.746198060172783,47,40.42553191489362,1.7284873129201908,0.07893152188743484,2.6709474916128735,-1.6799364575691131,9.191489361702128,47,0,2.469982847341338,555.8986877561996
80.0,80.0,1,1.5,3.0,True,2020-01-01 00:00:00,2021-12-31 00:00:00,17490,10000.0,11147.224633040567,11.472246330405667,5.590252448823496,-7.491646986497214,0.5589865983137491,0.20246349695676966,0.746198060172783,47,40.42553191489362,1.7284873129201908,0.07893152188743484,2.6709474916128735,-1.6799364575691131,9.191489361702128,47,0,2.469982847341338,555.8986877561996
80.0,80.0,1,2.5,3.0,False,2020-01-01 00:00:00,2021-12-31 00:00:00,17490,10000.0,11157.566959976044,11.575669599760442,5.639308107128049,-6.192174478406853,0.5515878696215925,0.20347468372118252,0.9107153112034001,46,43.47826086956522,1.6617944134377236,-0.013039615401291851,2.576378792913969,-2.0048999294899543,11.434782608695652,46,0,3.0074328187535735,555.8986877561996
80.0,80.0,1,2.5,3.0,True,2020-01-01 00:00:00,2021-12-31 00:00:00,17490,10000.0,11157.566959976044,11.575669599760442,5.639308107128049,-6.192174478406853,0.5515878696215925,0.20347468372118252,0.9107153112034001,46,43.47826086956522,1.6617944134377236,-0.013039615401291851,2.576378792913969,-2.0048999294899543,11.434782608695652,46,0,3.0074328187535735,555.8986877561996
80.0,95.0,1,2.5,3.0,True,2020-01-01 00:00:00,2021-12-31 00:00:00,17490,10000.0,11157.566959976044,11.575669599760442,5.639308107128049,-6.192174478406853,0.5515878696215925,0.20347468372118252,0.9107153112034001,46,43.47826086956522,1.6617944134377236,-0.013039615401291851,2.576378792913969,-2.0048999294899543,11.434782608695652,46,0,3.0074328187535735,555.8986877561996
80.0,95.0,1,2.5,3.0,False,2020-01-01 00:00:00,2021-12-31 00:00:00,17490,10000.0,11157.566959976044,11.575669599760442,5.639308107128049,-6.192174478406853,0.5515878696215925,0.20347468372118252,0.9107153112034001,46,43.47826086956522,1.6617944134377236,-0.013039615401291851,2.576378792913969,-2.0048999294899543,11.434782608695652,46,0,3.0074328187535735,555.8986877561996
80.0,80.0,1,2.5,0.0,False,2020-01-01 00:00:00,2021-12-31 00:00:00,17490,10000.0,11122.277135946293,11.222771359462925,5.471828066677742,-6.137433454735142,0.5335375221215615,0.19764945058862393,0.8915498810754725,44,45.45454545454545,1.626337977616722,-0.12092369885167434,2.5026057933674815,-2.3071982757009706,12.318181818181818,44,0,3.0989136649514006,555.8986877561996
80.0,80.0,1,2.5,0.0,True,2020-01-01 00:00:00,2021-12-31 00:00:00,17490,10000.0,11122.277135946293,11.222771359462925,5.471828066677742,-6.137433454735142,0.5335375221215615,0.19764945058862393,0.8915498810754725,44,45.45454545454545,1.626337977616722,-0.12092369885167434,2.5026057933674815,-2.3071982757009706,12.318181818181818,44,0,3.0989136649514006,555.8986877561996
80.0,95.0,1,2.5,0.0,True,2020-01-01 00:00:00,2021-12-31 00:00:00,17490,10000.0,11122.277135946293,11.222771359462925,5.471828066677742,-6.137433454735142,0.5335375221215615,0.19764945058862393,0.8915498810754725,44,45.45454545454545,1.626337977616722,-0.12092369885167434,2.5026057933674815,-2.3071982757009706,12.318181818181818,44,0,3.0989136649514006,555.8986877561996
80.0,95.0,1,2.5,0.0,False,2020-01-01 00:00:00,2021-12-31 00:00:00,17490,10000.0,11122.277135946293,11.222771359462925,5.471828066677742,-6.137433454735142,0.5335375221215615,0.19764945058862393,0.8915498810754725,44,45.45454545454545,1.626337977616722,-0.12092369885167434,2.5026057933674815,-2.3071982757009706,12.318181818181818,44,0,3.0989136649514006,555.8986877561996
80.0,80.0,1,1.5,0.0,True,2020-01-01 00:00:00,2021-12-31 00:00:00,17490,10000.0,11084.53413392618,10.845341339261804,5.292411816665754,-7.441229477506905,0.5320448506083438,0.1918504328290639,0.7112281421589639,46,41.30434782608695,1.6653138100502556,0.06284771297638803,2.6709474916128704,-1.7724817608789147,9.434782608695652,46,0,2.4814179531160665,555.8986877561996
80.0,80.0,1,1.5,0.0,False,2020-01-01 00:00:00,2021-12-31 00:00:00,17490,10000.0,11084.53413392618,10.845341339261804,5.292411816665754,-7.441229477506905,0.5320448506083438,0.1918504328290639,0.7112281421589639,46,41.30434782608695,1.6653138100502556,0.06284771297638803,2.6709474916128704,-1.7724817608789147,9.434782608695652,46,0,2.4814179531160665,555.8986877561996
80.0,95.0,1,1.5,0.0,False,2020-01-01 00:00:00,2021-12-31 00:00:00,17490,10000.0,11084.53413392618,10.845341339261804,5.292411816665754,-7.441229477506905,0.5320448506083438,0.1918504328290639,0.7112281421589639,46,41.30434782608695,1.6653138100502556,0.06284771297638803,2.6709474916128704,-1.7724817608789147,9.434782608695652,46,0,2.4814179531160665,555.8986877561996
80.0,95.0,1,1.5,0.0,True,2020-01-01 00:00:00,2021-12-31 00:00:00,17490,10000.0,11084.53413392618,10.845341339261804,5.292411816665754,-7.441229477506905,0.5320448506083438,0.1918504328290639,0.7112281421589639,46,41.30434782608695,1.6653138100502556,0.06284771297638803,2.6709474916128704,-1.7724817608789147,9.434782608695652,46,0,2.4814179531160665,555.8986877561996
80.0,60.0,12,2.5,3.0,True,2020-01-01 00:00:00,2021-12-31 00:00:00,17490,10000.0,11133.445307020933,11.334453070209328,5.524859128386295,-11.340568228372927,0.5166610383817118,0.11214967704603315,0.48717656973868995,41,53.65853658536585,1.6148801757043136,-0.4058788506463595,2.117311020098946,-3.3274671220356606,19.0,41,0,4.453973699256718,555.8986877561996
80.0,60.0,12,2.5,3.0,False,2020-01-01 00:00:00,2021-12-31 00:00:00,17490,10000.0,11133.445307020933,11.334453070209328,5.524859128386295,-11.340568228372927,0.5166610383817118,0.11214967704603315,0.48717656973868995,41,53.65853658536585,1.6148801757043136,-0.4058788506463595,2.117311020098946,-3.3274671220356606,19.0,41,0,4.453973699256718,555.8986877561996
80.0,60.0,12,1.5,3.0,False,2020-01-01 00:00:00,2021-12-31 00:00:00,17490,10000.0,11078.688224095835,10.78688224095834,5.264595270065131,-11.340568228372927,0.5079722151134265,0.10397197778027646,0.4642267621911272,43,46.51162790697674,1.6522825628668556,-0.3042805435479988,2.156438115762806,-2.4440358994704385,15.953488372093023,43,0,3.9222412807318467,555.8986877561996
80.0,60.0,12,1.5,3.0,True,2020-01-01 00:00:00,2021-12-31 00:00:00,17490,10000.0,11078.688224095835,10.78688224095834,5.264595270065131,-11.340568228372927,0.5079722151134265,0.10397197778027646,0.4642267621911272,43,46.51162790697674,1.6522825628668556,-0.3042805435479988,2.156438115762806,-2.4440358994704385,15.953488372093023,43,0,3.9222412807318467,555.8986877561996
80.0,80.0,12,4.0,0.0,True,2020-01-01 00:00:00,2021-12-31 00:00:00,17490,10000.0,11984.108333695065,19.84108333695065,9.488946750030337,-32.75625770702935,0.4763166571062724,0.12503877018555962,0.2896834807840106,35,57.142857142857146,1.9142109313683717,-0.431547156497231,2.220723488852694,-3.9679080169637975,28.8,35,0,5.763293310463122,555.8986877561996
80.0,80.0,12,4.0,0.0,False,2020-01-01 00:00:00,2021-12-31 00:00:00,17490,10000.0,11984.108333695065,19.84108333695065,9.488946750030337,-32.75625770702935,0.4763166571062724,0.12503877018555962,0.2896834807840106,35,57.142857142857146,1.9142109313683717,-0.431547156497231,2.220723488852694,-3.9679080169637975,28.8,35,0,5.763293310463122,555.8986877561996
80.0,95.0,12,4.0,0.0,False,2020-01-01 00:00:00,2021-12-31 00:00:00,17490,10000.0,11984.108333695065,19.84108333695065,9.488946750030337,-32.75625770702935,0.4763166571062724,0.12503877018555962,0.2896834807840106,35,57.142857142857146,1.9142109313683717,-0.431547156497231,2.220723488852694,-3.9679080169637975,28.8,35,0,5.763293310463122,555.8986877561996
80.0,95.0,12,4.0,0.0,True,2020-01-01 00:00:00,2021-12-31 00:00:00,17490,10000.0,11984.108333695065,19.84108333695065,9.488946750030337,-32.75625770702935,0.4763166571062724,0.12503877018555962,0.2896834807840106,35,57.142857142857146,1.9142109313683717,-0.431547156497231,2.220723488852694,-3.9679080169637975,28.8,35,0,5.763293310463122,555.8986877561996
80.0,0.0,12,2.5,3.0,True,2020-01-01 00:00:00,2021-12-31 00:00:00,17490,10000.0,11001.427900131948,10.014279001319482,4.896277510969638,-11.340568228372982,0.4721943237155421,0.1007087495771792,0.43174886940141455,41,53.65853658536585,1.553180599000833,-0.4844004939129556,1.9709752303748351,-3.3274671220356606,19.0,41,0,4.453973699256718,555.8986877561996
80.0,0.0,12,2.5,3.0,False,2020-01-01 00:00:00,2021-12-31 00:00:00,17490,10000.0,11001.427900131948,10.014279001319482,4.896277510969638,-11.340568228372982,0.4721943237155421,0.1007087495771792,0.43174886940141455,41,53.65853658536585,1.553180599000833,-0.4844004939129556,1.9709752303748351,-3.3274671220356606,19.0,41,0,4.453973699256718,555.8986877561996
80.0,95.0,4,4.0,0.0,False,2020-01-01 00:00:00,2021-12-31 00:00:00,17490,10000.0,11909.469567463988,19.094695674639883,9.14687285360245,-32.12723681835591,0.46662252077457705,0.10954361552026302,0.28470773584787035,39,53.84615384615385,1.8799815997242064,-0.44286951456772083,2.2038954121564163,-3.5307619290792136,20.153846153846153,39,0,4.493996569468267,555.8986877561996
80.0,95.0,4,4.0,0.0,True,2020-01-01 00:00:00,2021-12-31 00:00:00,17490,10000.0,11909.469567463988,19.094695674639883,9.14687285360245,-32.12723681835591,0.46662252077457705,0.10954361552026302,0.28470773584787035,39,53.84615384615385,1.8799815997242064,-0.44286951456772083,2.2038954121564163,-3.5307619290792136,20.153846153846153,39,0,4.493996569468267,555.8986877561996
80.0,80.0,4,4.0,0.0,True,2020-01-01 00:00:00,2021-12-31 00:00:00,17490,10000.0,11909.469567463988,19.094695674639883,9.14687285360245,-32.12723681835591,0.46662252077457705,0.10954361552026302,0.28470773584787035,39,53.84615384615385,1.8799815997242064,-0.44286951456772083,2.2038954121564163,-3.5307619290792136,20.153846153846153,39,0,4.493996569468267,555.8986877561996
80.0,80.0,4,4.0,0.0,False,2020-01-01 00:00:00,2021-12-31 00:00:00,17490,10000.0,11909.469567463988,19.094695674639883,9.14687285360245,-32.12723681835591,0.46662252077457705,0.10954361552026302,0.28470773584787035,39,53.84615384615385,1.8799815997242064,-0.44286951456772083,2.2038954121564163,-3.5307619290792136,20.153846153846153,39,0,4.493996569468267,555.8986877561996
80.0,95.0,1,4.0,3.0,False,2020-01-01 00:00:00,2021-12-31 00:00:00,17490,10000.0,10951.351905284504,9.513519052845032,4.656863754337226,-6.993622945333334,0.4641036243403151,0.16807200570777003,0.6658728660006803,45,44.44444444444444,1.5139166094821495,-0.07783561864347283,2.480925251124375,-2.1248443144577513,11.933333333333334,45,0,3.0703259005145798,555.8986877561996
80.0,95.0,1,4.0,3.0,True,2020-01-01 00:00:00,2021-12-31 00:00:00,17490,10000.0,10951.351905284504,9.513519052845032,4.656863754337226,-6.993622945333334,0.4641036243403151,0.16807200570777003,0.6658728660006803,45,44.44444444444444,1.5139166094821495,-0.07783561864347283,2.480925251124375,-2.1248443144577513,11.933333333333334,45,0,3.0703259005145798,555.8986877561996
80.0,80.0,1,4.0,3.0,True,2020-01-01 00:00:00,2021-12-31 00:00:00,17490,10000.0,10951.351905284504,9.513519052845032,4.656863754337226,-6.993622945333334,0.4641036243403151,0.16807200570777003,0.6658728660006803,45,44.44444444444444,1.5139166094821495,-0.07783561864347283,2.480925251124375,-2.1248443144577513,11.933333333333334,45,0,3.0703259005145798,555.8986877561996
80.0,80.0,1,4.0,3.0,False,2020-01-01 00:00:00,2021-12-31 00:00:00,17490,10000.0,10951.351905284504,9.513519052845032,4.656863754337226,-6.993622945333334,0.4641036243403151,0.16807200570777003,0.6658728660006803,45,44.44444444444444,1.5139166094821495,-0.07783561864347283,2.480925251124375,-2.1248443144577513,11.933333333333334,45,0,3.0703259005145798,555.8986877561996
80.0,0.0,12,1.5,3.0,False,2020-01-01 00:00:00,2021-12-31 00:00:00,17490,10000.0,10947.320112002602,9.473201120026031,4.637563970539205,-11.848028695272916,0.46216012959198755,0.09283668594957575,0.39142072405593376,43,46.51162790697674,1.5837484916188813,-0.37915001736033516,1.9954687470662833,-2.444035899470439,15.953488372093023,43,0,3.9222412807318467,555.8986877561996
80.0,0.0,12,1.5,3.0,True,2020-01-01 00:00:00,2021-12-31 00:00:00,17490,10000.0,10947.320112002602,9.473201120026031,4.637563970539205,-11.848028695272916,0.46216012959198755,0.09283668594957575,0.39142072405593376,43,46.51162790697674,1.5837484916188813,-0.37915001736033516,1.9954687470662833,-2.444035899470439,15.953488372093023,43,0,3.9222412807318467,555.8986877561996
80.0,60.0,4,1.5,3.0,False,2020-01-01 00:00:00,2021-12-31 00:00:00,17490,10000.0,10745.230674139653,7.452306741396542,3.6655946484782653,-12.363207224151228,0.39221180298728886,0.07020242737930213,0.2964922112862117,46,45.65217391304348,1.500606055034728,-0.3492075039447201,1.8029713873690334,-2.157037772648273,12.108695652173912,46,0,3.184676958261864,555.8986877561996
80.0,60.0,4,1.5,3.0,True,2020-01-01 00:00:00,2021-12-31 00:00:00,17490,10000.0,10745.230674139653,7.452306741396542,3.6655946484782653,-12.363207224151228,0.39221180298728886,0.07020242737930213,0.2964922112862117,46,45.65217391304348,1.500606055034728,-0.3492075039447201,1.8029713873690334,-2.157037772648273,12.108695652173912,46,0,3.184676958261864,555.8986877561996
80.0,0.0,4,1.5,3.0,True,2020-01-01 00:00:00,2021-12-31 00:00:00,17490,10000.0,10739.955521633152,7.39955521633151,3.640101619661862,-12.394421280904488,0.39157265780849637,0.06969190566803259,0.2936887118134348,46,45.65217391304348,1.4957276590701294,-0.3620379798668387,1.7790581807961305,-2.160558754823733,12.108695652173912,46,0,3.184676958261864,555.8986877561996
80.0,0.0,4,1.5,3.0,False,2020-01-01 00:00:00,2021-12-31 00:00:00,17490,10000.0,10739.955521633152,7.39955521633151,3.640101619661862,-12.394421280904488,0.39157265780849637,0.06969190566803259,0.2936887118134348,46,45.65217391304348,1.4957276590701294,-0.3620379798668387,1.7790581807961305,-2.160558754823733,12.108695652173912,46,0,3.184676958261864,555.8986877561996
80.0,60.0,1,2.5,3.0,False,2020-01-01 00:00:00,2021-12-31 00:00:00,17490,10000.0,10384.378356022047,3.8437835602204817,1.9070664908569235,-8.422765526025655,0.3879520546206288,0.08688400557607041,0.22641809094224982,46,50.0,1.3108849613473388,-0.10422329764680643,1.7149707853951721,-1.9234173806887847,11.434782608695652,46,0,3.0074328187535735,555.8986877561996
80.0,60.0,1,2.5,3.0,True,2020-01-01 00:00:00,2021-12-31 00:00:00,17490,10000.0,10384.378356022047,3.8437835602204817,1.9070664908569235,-8.422765526025655,0.3879520546206288,0.08688400557607041,0.22641809094224982,46,50.0,1.3108849613473388,-0.10422329764680643,1.7149707853951721,-1.9234173806887847,11.434782608695652,46,0,3.0074328187535735,555.8986877561996
80.0,60.0,12,2.5,0.0,True,2020-01-01 00:00:00,2021-12-31 00:00:00,17490,10000.0,10813.037532416522,8.130375324165207,3.992727728402712,-15.405418809318139,0.3834269709439712,0.08613658100840786,0.25917683756754906,38,57.89473684210526,1.5052939017518985,-0.4303662128019436,2.0021392703499354,-3.7750612521357776,23.42105263157895,38,0,5.0886220697541455,555.8986877561996
80.0,60.0,12,2.5,0.0,False,2020-01-01 00:00:00,2021-12-31 00:00:00,17490,10000.0,10813.037532416522,8.130375324165207,3.992727728402712,-15.405418809318139,0.3834269709439712,0.08613658100840786,0.25917683756754906,38,57.89473684210526,1.5052939017518985,-0.4303662128019436,2.0021392703499354,-3.7750612521357776,23.42105263157895,38,0,5.0886220697541455,555.8986877561996
80.0,60.0,4,2.5,3.0,False,2020-01-01 00:00:00,2021-12-31 00:00:00,17490,10000.0,10714.603988971487,7.1460398897148725,3.51749894684088,-12.90207762304858,0.37100002375874175,0.0723593533867131,0.2726304281844604,45,51.111111111111114,1.4176466308312317,-0.484385616205764,1.803401092187242,-2.8761626295257248,14.622222222222222,45,0,3.762149799885649,555.8986877561996
80.0,60.0,4,2.5,3.0,True,2020-01-01 00:00:00,2021-12-31 00:00:00,17490,10000.0,10714.603988971487,7.1460398897148725,3.51749894684088,-12.90207762304858,0.37100002375874175,0.0723593533867131,0.2726304281844604,45,51.111111111111114,1.4176466308312317,-0.484385616205764,1.803401092187242,-2.8761626295257248,14.622222222222222,45,0,3.762149799885649,555.8986877561996
80.0,0.0,1,2.5,3.0,False,2020-01-01 00:00:00,2021-12-31 00:00:00,17490,10000.0,10342.266612390393,3.422666123903917,1.699870413005744,-8.421607409302812,0.35773197040631266,0.07862527571785394,0.2018463139385963,46,50.0,1.2821211778485762,-0.15114804060976195,1.6038638801641578,-1.906159961383682,11.434782608695652,46,0,3.0074328187535735,555.8986877561996
80.0,0.0,1,2.5,3.0,True,2020-01-01 00:00:00,2021-12-31 00:00:00,17490,10000.0,10342.266612390393,3.422666123903917,1.699870413005744,-8.421607409302812,0.35773197040631266,0.07862527571785394,0.2018463139385963,46,50.0,1.2821211778485762,-0.15114804060976195,1.6038638801641578,-1.906159961383682,11.434782608695652,46,0,3.0074328187535735,555.8986877561996
80.0,0.0,4,2.5,3.0,False,2020-01-01 00:00:00,2021-12-31 00:00:00,17490,10000.0,10642.464529777208,6.424645297772069,3.1678305142779806,-12.936858002402518,0.34194914917780955,0.06617701647824975,0.24486861598772122,45,51.111111111111114,1.3797178629412405,-0.5533999561597639,1.6722001902940467,-2.880163745634202,14.622222222222222,45,0,3.762149799885649,555.8986877561996
80.0,0.0,4,2.5,3.0,True,2020-01-01 00:00:00,2021-12-31 00:00:00,17490,10000.0,10642.464529777208,6.424645297772069,3.1678305142779806,-12.936858002402518,0.34194914917780955,0.06617701647824975,0.24486861598772122,45,51.111111111111114,1.3797178629412405,-0.5533999561597639,1.6722001902940467,-2.880163745634202,14.622222222222222,45,0,3.762149799885649,555.8986877561996
80.0,60.0,12,1.5,0.0,False,2020-01-01 00:00:00,2021-12-31 00:00:00,17490,10000.0,10680.547671642862,6.805476716428616,3.3525708881723126,-15.405418809318084,0.3390087006114163,0.0718319020975985,0.2176228332166137,41,48.78048780487805,1.470494827370666,-0.33440673652412095,1.9517229954307822,-2.511673147909743,19.097560975609756,41,0,4.476843910806175,555.8986877561996
80.0,60.0,12,1.5,0.0,True,2020-01-01 00:00:00,2021-12-31 00:00:00,17490,10000.0,10680.547671642862,6.805476716428616,3.3525708881723126,-15.405418809318084,0.3390087006114163,0.0718319020975985,0.2176228332166137,41,48.78048780487805,1.470494827370666,-0.33440673652412095,1.9517229954307822,-2.511673147909743,19.097560975609756,41,0,4.476843910806175,555.8986877561996
80.0,60.0,1,2.5,0.0,False,2020-01-01 00:00:00,2021-12-31 00:00:00,17490,10000.0,10328.191832416935,3.281918324169353,1.6305265293473203,-8.407082851724068,0.3382445802163818,0.07587137644867048,0.19394676585266946,44,50.0,1.284736629895759,-0.16552393265849497,1.659250795933623,-1.9902986612506126,12.318181818181818,44,0,3.0989136649514006,555.8986877561996
80.0,60.0,1,2.5,0.0,True,2020-01-01 00:00:00,2021-12-31 00:00:00,17490,10000.0,10328.191832416935,3.281918324169353,1.6305265293473203,-8.407082851724068,0.3382445802163818,0.07587137644867048,0.19394676585266946,44,50.0,1.284736629895759,-0.16552393265849497,1.659250795933623,-1.9902986612506126,12.318181818181818,44,0,3.0989136649514006,555.8986877561996
80.0,60.0,12,4.0,3.0,False,2020-01-01 00:00:00,2021-12-31 00:00:00,17490,10000.0,10668.431268714154,6.684312687141536,3.2938302343415993,-12.247543957198115,0.33366039722935825,0.07303454078626388,0.2689380210312087,40,52.5,1.3325959820409687,-0.7262756555360119,2.028218866486291,-3.7707169693501363,19.925,40,0,4.556889651229274,555.8986877561996
80.0,60.0,12,4.0,3.0,True,2020-01-01 00:00:00,2021-12-31 00:00:00,17490,10000.0,10668.431268714154,6.684312687141536,3.2938302343415993,-12.247543957198115,0.33366039722935825,0.07303454078626388,0.2689380210312087,40,52.5,1.3325959820409687,-0.7262756555360119,2.028218866486291,-3.7707169693501363,19.925,40,0,4.556889651229274,555.8986877561996
80.0,0.0,12,2.5,0.0,False,2020-01-01 00:00:00,2021-12-31 00:00:00,17490,10000.0,10664.189425238,6.641894252379998,3.273257791900952,-15.40541880931815,0.33002435771364164,0.07289223849653755,0.21247444372762417,38,57.89473684210526,1.426289456174826,-0.5357308861219654,1.820145743706261,-3.775061252135777,23.42105263157895,38,0,5.0886220697541455,555.8986877561996
80.0,0.0,12,2.5,0.0,True,2020-01-01 00:00:00,2021-12-31 00:00:00,17490,10000.0,10664.189425238,6.641894252379998,3.273257791900952,-15.40541880931815,0.33002435771364164,0.07289223849653755,0.21247444372762417,38,57.89473684210526,1.426289456174826,-0.5357308861219654,1.820145743706261,-3.775061252135777,23.42105263157895,38,0,5.0886220697541455,555.8986877561996
80.0,0.0,1,2.5,0.0,False,2020-01-01 00:00:00,2021-12-31 00:00:00,17490,10000.0,10284.203193850475,2.842031938504741,1.4134978801524811,-8.510653733476115,0.3051085637038017,0.06700341599433174,0.1660856996910328,44,47.72727272727273,1.251263114790986,-0.21189478442742402,1.6297268690915656,-1.8933754245969365,12.318181818181818,44,0,3.0989136649514006,555.8986877561996
80.0,0.0,1,2.5,0.0,True,2020-01-01 00:00:00,2021-12-31 00:00:00,17490,10000.0,10284.203193850475,2.842031938504741,1.4134978801524811,-8.510653733476115,0.3051085637038017,0.06700341599433174,0.1660856996910328,44,47.72727272727273,1.251263114790986,-0.21189478442742402,1.6297268690915656,-1.8933754245969365,12.318181818181818,44,0,3.0989136649514006,555.8986877561996
80.0,0.0,1,1.5,0.0,True,2020-01-01 00:00:00,2021-12-31 00:00:00,17490,10000.0,10254.162026804082,2.541620268040834,1.2650160992064396,-9.158518674873195,0.29908121459073295,0.06421840609804995,0.1381245312822332,46,45.65217391304348,1.2389758819045358,-0.12385348384354491,1.6925549169850558,-1.6496365405395692,9.434782608695652,46,0,2.4814179531160665,555.8986877561996
80.0,0.0,1,1.5,0.0,False,2020-01-01 00:00:00,2021-12-31 00:00:00,17490,10000.0,10254.162026804082,2.541620268040834,1.2650160992064396,-9.158518674873195,0.29908121459073295,0.06421840609804995,0.1381245312822332,46,45.65217391304348,1.2389758819045358,-0.12385348384354491,1.6925549169850558,-1.6496365405395692,9.434782608695652,46,0,2.4814179531160665,555.8986877561996
80.0,0.0,12,1.5,0.0,False,2020-01-01 00:00:00,2021-12-31 00:00:00,17490,10000.0,10557.096672888772,5.570966728887727,2.752510546946363,-15.405418809318194,0.29290659992149787,0.06100482730596604,0.1786715817996111,41,48.78048780487805,1.3986335802186838,-0.40992949980214305,1.7969013307108372,-2.5116731479097436,19.097560975609756,41,0,4.476843910806175,555.8986877561996
80.0,0.0,12,1.5,0.0,True,2020-01-01 00:00:00,2021-12-31 00:00:00,17490,10000.0,10557.096672888772,5.570966728887727,2.752510546946363,-15.405418809318194,0.29290659992149787,0.06100482730596604,0.1786715817996111,41,48.78048780487805,1.3986335802186838,-0.40992949980214305,1.7969013307108372,-2.5116731479097436,19.097560975609756,41,0,4.476843910806175,555.8986877561996
70.0,80.0,4,1.5,3.0,True,2020-01-01 00:00:00,2021-12-31 00:00:00,17490,10000.0,9940.8949258564,-0.5910507414359945,-0.29647024476787687,-44.16946399112891,0.2912359976724531,0.19826222884988987,-0.006712108728043895,195,26.666666666666668,1.0318743694119457,-0.8069628321568909,2.0339262352322254,-1.8400134021165693,13.584615384615384,195,0,15.145797598627787,555.8986877561996
70.0,80.0,4,1.5,3.0,False,2020-01-01 00:00:00,2021-12-31 00:00:00,17490,10000.0,9940.8949258564,-0.5910507414359945,-0.29647024476787687,-44.16946399112891,0.2912359976724531,0.19826222884988987,-0.006712108728043895,195,26.666666666666668,1.0318743694119457,-0.8069628321568909,2.0339262352322254,-1.8400134021165693,13.584615384615384,195,0,15.145797598627787,555.8986877561996
70.0,95.0,4,1.5,3.0,False,2020-01-01 00:00:00,2021-12-31 00:00:00,17490,10000.0,9940.8949258564,-0.5910507414359945,-0.29647024476787687,-44.16946399112891,0.2912359976724531,0.19826222884988987,-0.006712108728043895,195,26.666666666666668,1.0318743694119457,-0.8069628321568909,2.0339262352322254,-1.8400134021165693,13.584615384615384,195,0,15.145797598627787,555.8986877561996
70.0,95.0,4,1.5,3.0,True,2020-01-01 00:00:00,2021-12-31 00:00:00,17490,10000.0,9940.8949258564,-0.5910507414359945,-0.29647024476787687,-44.16946399112891,0.2912359976724531,0.19826222884988987,-0.006712108728043895,195,26.666666666666668,1.0318743694119457,-0.8069628321568909,2.0339262352322254,-1.8400134021165693,13.584615384615384,195,0,15.145797598627787,555.8986877561996
80.0,0.0,12,4.0,3.0,True,2020-01-01 00:00:00,2021-12-31 00:00:00,17490,10000.0,10541.927873508988,5.419278735089894,2.6785382224482346,-13.145375408342886,0.28623641465365,0.061571110221578344,0.2037627788665712,40,52.5,1.2796586376822239,-0.8067603398842718,1.8749147058229383,-3.7707169693501363,19.925,40,0,4.556889651229274,555.8986877561996
80.0,0.0,12,4.0,3.0,False,2020-01-01 00:00:00,2021-12-31 00:00:00,17490,10000.0,10541.927873508988,5.419278735089894,2.6785382224482346,-13.145375408342886,0.28623641465365,0.061571110221578344,0.2037627788665712,40,52.5,1.2796586376822239,-0.8067603398842718,1.8749147058229383,-3.7707169693501363,19.925,40,0,4.556889651229274,555.8986877561996
80.0,80.0,1,4.0,0.0,False,2020-01-01 00:00:00,2021-12-31 00:00:00,17490,10000.0,10502.06314384815,5.020631438481504,2.483879795091437,-6.517305230704739,0.27977306029307475,0.10296225672977312,0.38112067904833213,41,51.21951219512195,1.321967240108288,-0.011796897516091804,2.1422040206950124,-2.2734978616377512,14.804878048780488,41,0,3.470554602630074,555.8986877561996
80.0,80.0,1,4.0,0.0,True,2020-01-01 00:00:00,2021-12-31 00:00:00,17490,10000.0,10502.06314384815,5.020631438481504,2.483879795091437,-6.517305230704739,0.27977306029307475,0.10296225672977312,0.38112067904833213,41,51.21951219512195,1.321967240108288,-0.011796897516091804,2.1422040206950124,-2.2734978616377512,14.804878048780488,41,0,3.470554602630074,555.8986877561996
80.0,95.0,1,4.0,0.0,False,2020-01-01 00:00:00,2021-12-31 00:00:00,17490,10000.0,10502.06314384815,5.020631438481504,2.483879795091437,-6.517305230704739,0.27977306029307475,0.10296225672977312,0.38112067904833213,41,51.21951219512195,1.321967240108288,-0.011796897516091804,2.1422040206950124,-2.2734978616377512,14.804878048780488,41,0,3.470554602630074,555.8986877561996
80.0,95.0,1,4.0,0.0,True,2020-01-01 00:00:00,2021-12-31 00:00:00,17490,10000.0,10502.06314384815,5.020631438481504,2.483879795091437,-6.517305230704739,0.27977306029307475,0.10296225672977312,0.38112067904833213,41,51.21951219512195,1.321967240108288,-0.011796897516091804,2.1422040206950124,-2.2734978616377512,14.804878048780488,41,0,3.470554602630074,555.8986877561996
80.0,60.0,1,1.5,0.0,False,2020-01-01 00:00:00,2021-12-31 00:00:00,17490,10000.0,10228.17114585638,2.2817114585637954,1.136378020622919,-9.151398419349476,0.2656599234251023,0.05770570077707213,0.12417534113914122,46,45.65217391304348,1.2206548842424276,-0.12884923868368264,1.6898583144428017,-1.6565635833099295,9.434782608695652,46,0,2.4814179531160665,555.8986877561996
80.0,60.0,1,1.5,0.0,True,2020-01-01 00:00:00,2021-12-31 00:00:00,17490,10000.0,10228.17114585638,2.2817114585637954,1.136378020622919,-9.151398419349476,0.2656599234251023,0.05770570077707213,0.12417534113914122,46,45.65217391304348,1.2206548842424276,-0.12884923868368264,1.6898583144428017,-1.6565635833099295,9.434782608695652,46,0,2.4814179531160665,555.8986877561996
50.0,95.0,4,1.5,3.0,True,2020-01-01 00:00:00,2021-12-31 00:00:00,17490,10000.0,9298.945648212984,-7.01054351787016,-3.574970066741001,-48.70087888553808,0.25507040917245205,0.17838655928353367,-0.0734066848186307,224,27.232142857142858,0.9798865080585755,-0.6865189607729195,2.0849425400473787,-1.7236916696688596,13.767857142857142,224,0,17.632933104631217,555.8986877561996
50.0,95.0,4,1.5,3.0,False,2020-01-01 00:00:00,2021-12-31 00:00:00,17490,10000.0,9298.945648212984,-7.01054351787016,-3.574970066741001,-48.70087888553808,0.25507040917245205,0.17838655928353367,-0.0734066848186307,224,27.232142857142858,0.9798865080585755,-0.6865189607729195,2.0849425400473787,-1.7236916696688596,13.767857142857142,224,0,17.632933104631217,555.8986877561996
50.0,80.0,4,1.5,3.0,True,2020-01-01 00:00:00,2021-12-31 00:00:00,17490,10000.0,9298.945648212984,-7.01054351787016,-3.574970066741001,-48.70087888553808,0.25507040917245205,0.17838655928353367,-0.0734066848186307,224,27.232142857142858,0.9798865080585755,-0.6865189607729195,2.0849425400473787,-1.7236916696688596,13.767857142857142,224,0,17.632933104631217,555.8986877561996
50.0,80.0,4,1.5,3.0,False,2020-01-01 00:00:00,2021-12-31 00:00:00,17490,10000.0,9298.945648212984,-7.01054351787016,-3.574970066741001,-48.70087888553808,0.25507040917245205,0.17838655928353367,-0.0734066848186307,224,27.232142857142858,0.9798865080585755,-0.6865189607729195,2.0849425400473787,-1.7236916696688596,13.767857142857142,224,0,17.632933104631217,555.8986877561996
60.0,80.0,4,1.5,3.0,True,2020-01-01 00:00:00,2021-12-31 00:00:00,17490,10000.0,9276.39072924557,-7.236092707544306,-3.692182795800125,-48.70087888553821,0.2534367353041047,0.17674535199428304,-0.07581347360235266,224,27.232142857142858,0.977872462648576,-0.6908455224271755,2.0849425400473764,-1.7296373740280815,13.6875,224,0,17.53001715265866,555.8986877561996
60.0,80.0,4,1.5,3.0,False,2020-01-01 00:00:00,2021-12-31 00:00:00,17490,10000.0,9276.39072924557,-7.236092707544306,-3.692182795800125,-48.70087888553821,0.2534367353041047,0.17674535199428304,-0.07581347360235266,224,27.232142857142858,0.977872462648576,-0.6908455224271755,2.0849425400473764,-1.7296373740280815,13.6875,224,0,17.53001715265866,555.8986877561996
60.0,95.0,4,1.5,3.0,False,2020-01-01 00:00:00,2021-12-31 00:00:00,17490,10000.0,9276.39072924557,-7.236092707544306,-3.692182795800125,-48.70087888553821,0.2534367353041047,0.17674535199428304,-0.07581347360235266,224,27.232142857142858,0.977872462648576,-0.6908455224271755,2.0849425400473764,-1.7296373740280815,13.6875,224,0,17.53001715265866,555.8986877561996
60.0,95.0,4,1.5,3.0,True,2020-01-01 00:00:00,2021-12-31 00:00:00,17490,10000.0,9276.39072924557,-7.236092707544306,-3.692182795800125,-48.70087888553821,0.2534367353041047,0.17674535199428304,-0.07581347360235266,224,27.232142857142858,0.977872462648576,-0.6908455224271755,2.0849425400473764,-1.7296373740280815,13.6875,224,0,17.53001715265866,555.8986877561996
80.0,0.0,1,1.5,3.0,False,2020-01-01 00:00:00,2021-12-31 00:00:00,17490,10000.0,10207.079220202266,2.0707922020226643,1.031866631211531,-9.675485228244952,0.2473033974437658,0.052672725009959696,0.10664753310761889,47,44.680851063829785,1.1989749709394033,-0.14311283027030738,1.7042136506538683,-1.635184218709065,9.191489361702128,47,0,2.469982847341338,555.8986877561996
80.0,0.0,1,1.5,3.0,True,2020-01-01 00:00:00,2021-12-31 00:00:00,17490,10000.0,10207.079220202266,2.0707922020226643,1.031866631211531,-9.675485228244952,0.2473033974437658,0.052672725009959696,0.10664753310761889,47,44.680851063829785,1.1989749709394033,-0.14311283027030738,1.7042136506538683,-1.635184218709065,9.191489361702128,47,0,2.469982847341338,555.8986877561996
80.0,60.0,1,1.5,3.0,True,2020-01-01 00:00:00,2021-12-31 00:00:00,17490,10000.0,10193.020491849802,1.9302049184980241,0.9621451520549051,-9.6022886940057,0.2278450952590576,0.04911795770869645,0.10019956519902712,47,44.680851063829785,1.1904568225625884,-0.14373966397521018,1.706119146596767,-1.6378563955910377,9.191489361702128,47,0,2.469982847341338,555.8986877561996
80.0,60.0,1,1.5,3.0,False,2020-01-01 00:00:00,2021-12-31 00:00:00,17490,10000.0,10193.020491849802,1.9302049184980241,0.9621451520549051,-9.6022886940057,0.2278450952590576,0.04911795770869645,0.10019956519902712,47,44.680851063829785,1.1904568225625884,-0.14373966397521018,1.706119146596767,-1.6378563955910377,9.191489361702128,47,0,2.469982847341338,555.8986877561996
50.0,60.0,4,1.5,0.0,False,2020-01-01 00:00:00,2021-12-31 00:00:00,17490,10000.0,10442.000299613272,4.420002996132721,2.1898967115394186,-26.247059182480747,0.2157491169322835,0.10369420786407764,0.08343398383469641,214,35.981308411214954,1.104057084721771,-0.5042621614778373,1.6412286369909677,-1.7101219533179688,16.523364485981308,214,0,20.21726700971984,555.8986877561996
50.0,60.0,4,1.5,0.0,True,2020-01-01 00:00:00,2021-12-31 00:00:00,17490,10000.0,10442.000299613272,4.420002996132721,2.1898967115394186,-26.247059182480747,0.2157491169322835,0.10369420786407764,0.08343398383469641,214,35.981308411214954,1.104057084721771,-0.5042621614778373,1.6412286369909677,-1.7101219533179688,16.523364485981308,214,0,20.21726700971984,555.8986877561996
80.0,60.0,4,4.0,3.0,True,2020-01-01 00:00:00,2021-12-31 00:00:00,17490,10000.0,10348.291311424993,3.4829131142499303,1.7295386130171009,-14.582328107520215,0.21132331318566638,0.041678411538177015,0.1186051088869112,44,50.0,1.20218008151416,-0.7058062893635638,1.765576283773011,-3.177188862500138,15.363636363636363,44,0,3.8650657518582046,555.8986877561996
80.0,60.0,4,4.0,3.0,False,2020-01-01 00:00:00,2021-12-31 00:00:00,17490,10000.0,10348.291311424993,3.4829131142499303,1.7295386130171009,-14.582328107520215,0.21132331318566638,0.041678411538177015,0.1186051088869112,44,50.0,1.20218008151416,-0.7058062893635638,1.765576283773011,-3.177188862500138,15.363636363636363,44,0,3.8650657518582046,555.8986877561996
80.0,0.0,4,1.5,0.0,True,2020-01-01 00:00:00,2021-12-31 00:00:00,17490,10000.0,10344.533180438759,3.445331804387597,1.7110329774062905,-15.405418809318128,0.2098749923677479,0.03773367273453517,0.11106695628237996,45,46.666666666666664,1.2681673860001141,-0.351299442432305,1.7636082271004947,-2.201843653273505,13.377777777777778,45,0,3.4419668381932533,555.8986877561996
80.0,0.0,4,1.5,0.0,False,2020-01-01 00:00:00,2021-12-31 00:00:00,17490,10000.0,10344.533180438759,3.445331804387597,1.7110329774062905,-15.405418809318128,0.2098749923677479,0.03773367273453517,0.11106695628237996,45,46.666666666666664,1.2681673860001141,-0.351299442432305,1.7636082271004947,-2.201843653273505,13.377777777777778,45,0,3.4419668381932533,555.8986877561996
80.0,60.0,4,1.5,0.0,True,2020-01-01 00:00:00,2021-12-31 00:00:00,17490,10000.0,10329.539560535884,3.295395605358853,1.637168582141646,-15.405418809318173,0.2028086158381898,0.036656607477244516,0.10627225409486321,45,46.666666666666664,1.2580382799974095,-0.34517901816383156,1.7824068039413934,-2.206816612505903,13.377777777777778,45,0,3.4419668381932533,555.8986877561996
80.0,60.0,4,1.5,0.0,False,2020-01-01 00:00:00,2021-12-31 00:00:00,17490,10000.0,10329.539560535884,3.295395605358853,1.637168582141646,-15.405418809318173,0.2028086158381898,0.036656607477244516,0.10627225409486321,45,46.666666666666664,1.2580382799974095,-0.34517901816383156,1.7824068039413934,-2.206816612505903,13.377777777777778,45,0,3.4419668381932533,555.8986877561996
70.0,80.0,12,1.5,3.0,True,2020-01-01 00:00:00,2021-12-31 00:00:00,17490,10000.0,8612.48862660861,-13.87511373391389,-7.208393247806955,-48.52778101068471,0.1976959862927015,0.13965706821873988,-0.14854157964115092,180,23.88888888888889,0.9105287411242182,-0.9513703325245138,2.2569748255930464,-1.9583691777730907,16.794444444444444,180,0,17.284162378502,555.8986877561996
70.0,80.0,12,1.5,3.0,False,2020-01-01 00:00:00,2021-12-31 00:00:00,17490,10000.0,8612.48862660861,-13.87511373391389,-7.208393247806955,-48.52778101068471,0.1976959862927015,0.13965706821873988,-0.14854157964115092,180,23.88888888888889,0.9105287411242182,-0.9513703325245138,2.2569748255930464,-1.9583691777730907,16.794444444444444,180,0,17.284162378502,555.8986877561996
70.0,95.0,12,1.5,3.0,False,2020-01-01 00:00:00,2021-12-31 00:00:00,17490,10000.0,8612.48862660861,-13.87511373391389,-7.208393247806955,-48.52778101068471,0.1976959862927015,0.13965706821873988,-0.14854157964115092,180,23.88888888888889,0.9105287411242182,-0.9513703325245138,2.2569748255930464,-1.9583691777730907,16.794444444444444,180,0,17.284162378502,555.8986877561996
70.0,95.0,12,1.5,3.0,True,2020-01-01 00:00:00,2021-12-31 00:00:00,17490,10000.0,8612.48862660861,-13.87511373391389,-7.208393247806955,-48.52778101068471,0.1976959862927015,0.13965706821873988,-0.14854157964115092,180,23.88888888888889,0.9105287411242182,-0.9513703325245138,2.2569748255930464,-1.9583691777730907,16.794444444444444,180,0,17.284162378502,555.8986877561996
80.0,60.0,4,2.5,0.0,False,2020-01-01 00:00:00,2021-12-31 00:00:00,17490,10000.0,10293.824921367655,2.938249213676558,1.4610085434990427,-15.405418809318139,0.18519630545733987,0.0365305374298739,0.0948373141673588,43,53.48837209302326,1.2095292799181694,-0.5494774099627178,1.702514090781224,-3.1392676358182507,16.674418604651162,43,0,4.099485420240137,555.8986877561996
80.0,60.0,4,2.5,0.0,True,2020-01-01 00:00:00,2021-12-31 00:00:00,17490,10000.0,10293.824921367655,2.938249213676558,1.4610085434990427,-15.405418809318139,0.18519630545733987,0.0365305374298739,0.0948373141673588,43,53.48837209302326,1.2095292799181694,-0.5494774099627178,1.702514090781224,-3.1392676358182507,16.674418604651162,43,0,4.099485420240137,555.8986877561996
80.0,0.0,4,4.0,3.0,False,2020-01-01 00:00:00,2021-12-31 00:00:00,17490,10000.0,10278.618168156298,2.7861816815629714,1.3859096741995147,-14.616437520820602,0.18133617087068252,0.035487724929488394,0.09481856794621364,44,50.0,1.1702830060608649,-0.77638913704379,1.6284117045210351,-3.181189978608615,15.363636363636363,44,0,3.8650657518582046,555.8986877561996
80.0,0.0,4,4.0,3.0,True,2020-01-01 00:00:00,2021-12-31 00:00:00,17490,10000.0,10278.618168156298,2.7861816815629714,1.3859096741995147,-14.616437520820602,0.18133617087068252,0.035487724929488394,0.09481856794621364,44,50.0,1.1702830060608649,-0.77638913704379,1.6284117045210351,-3.181189978608615,15.363636363636363,44,0,3.8650657518582046,555.8986877561996
70.0,80.0,12,4.0,3.0,False,2020-01-01 00:00:00,2021-12-31 00:00:00,17490,10000.0,8974.3369831502,-10.256630168497994,-5.275814451356742,-37.899489344401715,0.17625883079780624,0.10663505380707604,-0.13920542315001017,158,33.54430379746835,0.9443192759547993,-0.9422239529203693,2.0473175234093484,-2.451230602877274,24.740506329113924,158,0,22.349914236706688,555.8986877561996
70.0,80.0,12,4.0,3.0,True,2020-01-01 00:00:00,2021-12-31 00:00:00,17490,10000.0,8974.3369831502,-10.256630168497994,-5.275814451356742,-37.899489344401715,0.17625883079780624,0.10663505380707604,-0.13920542315001017,158,33.54430379746835,0.9443192759547993,-0.9422239529203693,2.0473175234093484,-2.451230602877274,24.740506329113924,158,0,22.349914236706688,555.8986877561996
70.0,95.0,12,4.0,3.0,True,2020-01-01 00:00:00,2021-12-31 00:00:00,17490,10000.0,8974.3369831502,-10.256630168497994,-5.275814451356742,-37.899489344401715,0.17625883079780624,0.10663505380707604,-0.13920542315001017,158,33.54430379746835,0.9443192759547993,-0.9422239529203693,2.0473175234093484,-2.451230602877274,24.740506329113924,158,0,22.349914236706688,555.8986877561996
70.0,95.0,12,4.0,3.0,False,2020-01-01 00:00:00,2021-12-31 00:00:00,17490,10000.0,8974.3369831502,-10.256630168497994,-5.275814451356742,-37.899489344401715,0.17625883079780624,0.10663505380707604,-0.13920542315001017,158,33.54430379746835,0.9443192759547993,-0.9422239529203693,2.0473175234093484,-2.451230602877274,24.740506329113924,158,0,22.349914236706688,555.8986877561996
60.0,60.0,4,1.5,0.0,False,2020-01-01 00:00:00,2021-12-31 00:00:00,17490,10000.0,10177.762858880948,1.7776285888094767,0.8864236072673171,-26.247059182480736,0.16750635386763985,0.07968249761272772,0.03377230192169425,217,35.02304147465438,1.0714140430582872,-0.5286910949097423,1.6568866508678106,-1.706733000435232,15.903225806451612,217,0,19.73127501429388,555.8986877561996
60.0,60.0,4,1.5,0.0,True,2020-01-01 00:00:00,2021-12-31 00:00:00,17490,10000.0,10177.762858880948,1.7776285888094767,0.8864236072673171,-26.247059182480736,0.16750635386763985,0.07968249761272772,0.03377230192169425,217,35.02304147465438,1.0714140430582872,-0.5286910949097423,1.6568866508678106,-1.706733000435232,15.903225806451612,217,0,19.73127501429388,555.8986877561996
80.0,60.0,1,4.0,3.0,False,2020-01-01 00:00:00,2021-12-31 00:00:00,17490,10000.0,10147.21233347332,1.4721233347332108,0.73463502944211,-9.24821953767676,0.1631273148133195,0.03556016110086106,0.07943529307984586,45,48.888888888888886,1.1354403560538484,-0.2166695173132072,1.673126417581301,-2.024300411560128,11.933333333333334,45,0,3.0703259005145798,555.8986877561996
80.0,60.0,1,4.0,3.0,True,2020-01-01 00:00:00,2021-12-31 00:00:00,17490,10000.0,10147.21233347332,1.4721233347332108,0.73463502944211,-9.24821953767676,0.1631273148133195,0.03556016110086106,0.07943529307984586,45,48.888888888888886,1.1354403560538484,-0.2166695173132072,1.673126417581301,-2.024300411560128,11.933333333333334,45,0,3.0703259005145798,555.8986877561996
80.0,0.0,4,2.5,0.0,True,2020-01-01 00:00:00,2021-12-31 00:00:00,17490,10000.0,10209.924772349428,2.0992477234942797,1.0459727495754967,-15.40541880931815,0.14975464096023172,0.029289929004672612,0.0678964176516141,43,53.48837209302326,1.1622204380695245,-0.6233141695983702,1.5837836517974364,-3.1614766642035472,16.674418604651162,43,0,4.099485420240137,555.8986877561996
80.0,0.0,4,2.5,0.0,False,2020-01-01 00:00:00,2021-12-31 00:00:00,17490,10000.0,10209.924772349428,2.0992477234942797,1.0459727495754967,-15.40541880931815,0.14975464096023172,0.029289929004672612,0.0678964176516141,43,53.48837209302326,1.1622204380695245,-0.6233141695983702,1.5837836517974364,-3.1614766642035472,16.674418604651162,43,0,4.099485420240137,555.8986877561996
50.0,95.0,12,1.5,3.0,False,2020-01-01 00:00:00,2021-12-31 00:00:00,17490,10000.0,7832.610816965098,-21.673891830349024,-11.516501670442835,-53.404260419947256,0.14484409380016447,0.10431461689958899,-0.21564762024381967,206,24.271844660194176,0.8563194950117051,-0.845816688179495,2.31702893998786,-1.8595492613100573,16.699029126213592,206,0,19.668381932532878,555.8986877561996
50.0,95.0,12,1.5,3.0,True,2020-01-01 00:00:00,2021-12-31 00:00:00,17490,10000.0,7832.610816965098,-21.673891830349024,-11.516501670442835,-53.404260419947256,0.14484409380016447,0.10431461689958899,-0.21564762024381967,206,24.271844660194176,0.8563194950117051,-0.845816688179495,2.31702893998786,-1.8595492613100573,16.699029126213592,206,0,19.668381932532878,555.8986877561996
50.0,80.0,12,1.5,3.0,True,2020-01-01 00:00:00,2021-12-31 00:00:00,17490,10000.0,7832.610816965098,-21.673891830349024,-11.516501670442835,-53.404260419947256,0.14484409380016447,0.10431461689958899,-0.21564762024381967,206,24.271844660194176,0.8563194950117051,-0.845816688179495,2.31702893998786,-1.8595492613100573,16.699029126213592,206,0,19.668381932532878,555.8986877561996
50.0,80.0,12,1.5,3.0,False,2020-01-01 00:00:00,2021-12-31 00:00:00,17490,10000.0,7832.610816965098,-21.673891830349024,-11.516501670442835,-53.404260419947256,0.14484409380016447,0.10431461689958899,-0.21564762024381967,206,24.271844660194176,0.8563194950117051,-0.845816688179495,2.31702893998786,-1.8595492613100573,16.699029126213592,206,0,19.668381932532878,555.8986877561996
60.0,80.0,12,1.5,3.0,True,2020-01-01 00:00:00,2021-12-31 00:00:00,17490,10000.0,7813.612544584165,-21.863874554158347,-11.624060800298441,-53.40426041994739,0.14322021015904127,0.10288077649987683,-0.2176616754710577,206,24.271844660194176,0.8546277240916588,-0.8505212989103369,2.3170289399878574,-1.8657617600956558,16.611650485436893,206,0,19.56546598056032,555.8986877561996
60.0,80.0,12,1.5,3.0,False,2020-01-01 00:00:00,2021-12-31 00:00:00,17490,10000.0,7813.612544584165,-21.863874554158347,-11.624060800298441,-53.40426041994739,0.14322021015904127,0.10288077649987683,-0.2176616754710577,206,24.271844660194176,0.8546277240916588,-0.8505212989103369,2.3170289399878574,-1.8657617600956558,16.611650485436893,206,0,19.56546598056032,555.8986877561996
60.0,95.0,12,1.5,3.0,True,2020-01-01 00:00:00,2021-12-31 00:00:00,17490,10000.0,7813.612544584165,-21.863874554158347,-11.624060800298441,-53.40426041994739,0.14322021015904127,0.10288077649987683,-0.2176616754710577,206,24.271844660194176,0.8546277240916588,-0.8505212989103369,2.3170289399878574,-1.8657617600956558,16.611650485436893,206,0,19.56546598056032,555.8986877561996
60.0,95.0,12,1.5,3.0,False,2020-01-01 00:00:00,2021-12-31 00:00:00,17490,10000.0,7813.612544584165,-21.863874554158347,-11.624060800298441,-53.40426041994739,0.14322021015904127,0.10288077649987683,-0.2176616754710577,206,24.271844660194176,0.8546277240916588,-0.8505212989103369,2.3170289399878574,-1.8657617600956558,16.611650485436893,206,0,19.56546598056032,555.8986877561996
50.0,80.0,1,1.5,3.0,True,2020-01-01 00:00:00,2021-12-31 00:00:00,17490,10000.0,8260.402912940024,-17.395970870599754,-9.128136723635183,-45.42502161881489,0.13686653504208235,0.10036477201573496,-0.2009495295397799,238,28.991596638655462,0.874595931294799,-0.5508227683752437,1.8179450879256172,-1.5179528398826956,10.680672268907562,238,0,14.534019439679817,555.8986877561996
50.0,80.0,1,1.5,3.0,False,2020-01-01 00:00:00,2021-12-31 00:00:00,17490,10000.0,8260.402912940024,-17.395970870599754,-9.128136723635183,-45.42502161881489,0.13686653504208235,0.10036477201573496,-0.2009495295397799,238,28.991596638655462,0.874595931294799,-0.5508227683752437,1.8179450879256172,-1.5179528398826956,10.680672268907562,238,0,14.534019439679817,555.8986877561996
50.0,95.0,1,1.5,3.0,True,2020-01-01 00:00:00,2021-12-31 00:00:00,17490,10000.0,8260.402912940024,-17.395970870599754,-9.128136723635183,-45.42502161881489,0.13686653504208235,0.10036477201573496,-0.2009495295397799,238,28.991596638655462,0.874595931294799,-0.5508227683752437,1.8179450879256172,-1.5179528398826956,10.680672268907562,238,0,14.534019439679817,555.8986877561996
50.0,95.0,1,1.5,3.0,False,2020-01-01 00:00:00,2021-12-31 00:00:00,17490,10000.0,8260.402912940024,-17.395970870599754,-9.128136723635183,-45.42502161881489,0.13686653504208235,0.10036477201573496,-0.2009495295397799,238,28.991596638655462,0.874595931294799,-0.5508227683752437,1.8179450879256172,-1.5179528398826956,10.680672268907562,238,0,14.534019439679817,555.8986877561996
60.0,80.0,1,1.5,3.0,True,2020-01-01 00:00:00,2021-12-31 00:00:00,17490,10000.0,8240.367015819249,-17.596329841807513,-9.238599111841516,-45.425021618814945,0.13511922896536152,0.09876138511844476,-0.20338128156255866,238,28.991596638655462,0.8725792433057953,-0.5548948264027789,1.817945087925616,-1.5236874541463246,10.605042016806722,238,0,14.431103487707261,555.8986877561996
60.0,80.0,1,1.5,3.0,False,2020-01-01 00:00:00,2021-12-31 00:00:00,17490,10000.0,8240.367015819249,-17.596329841807513,-9.238599111841516,-45.425021618814945,0.13511922896536152,0.09876138511844476,-0.20338128156255866,238,28.991596638655462,0.8725792433057953,-0.5548948264027789,1.817945087925616,-1.5236874541463246,10.605042016806722,238,0,14.431103487707261,555.8986877561996
60.0,95.0,1,1.5,3.0,True,2020-01-01 00:00:00,2021-12-31 00:00:00,17490,10000.0,8240.367015819249,-17.596329841807513,-9.238599111841516,-45.425021618814945,0.13511922896536152,0.09876138511844476,-0.20338128156255866,238,28.991596638655462,0.8725792433057953,-0.5548948264027789,1.817945087925616,-1.5236874541463246,10.605042016806722,238,0,14.431103487707261,555.8986877561996
60.0,95.0,1,1.5,3.0,False,2020-01-01 00:00:00,2021-12-31 00:00:00,17490,10000.0,8240.367015819249,-17.596329841807513,-9.238599111841516,-45.425021618814945,0.13511922896536152,0.09876138511844476,-0.20338128156255866,238,28.991596638655462,0.8725792433057953,-0.5548948264027789,1.817945087925616,-1.5236874541463246,10.605042016806722,238,0,14.431103487707261,555.8986877561996
70.0,60.0,4,1.5,0.0,True,2020-01-01 00:00:00,2021-12-31 00:00:00,17490,10000.0,10005.22878815801,0.052287881580115325,0.026185367973829976,-25.657658585626052,0.13487125821982718,0.06036594921735037,0.001020567324428409,189,35.44973544973545,1.049662925476207,-0.6158927319047218,1.5422364389937075,-1.801094817562056,16.22222222222222,189,0,17.53001715265866,555.8986877561996
70.0,60.0,4,1.5,0.0,False,2020-01-01 00:00:00,2021-12-31 00:00:00,17490,10000.0,10005.22878815801,0.052287881580115325,0.026185367973829976,-25.657658585626052,0.13487125821982718,0.06036594921735037,0.001020567324428409,189,35.44973544973545,1.049662925476207,-0.6158927319047218,1.5422364389937075,-1.801094817562056,16.22222222222222,189,0,17.53001715265866,555.8986877561996
80.0,0.0,1,4.0,3.0,False,2020-01-01 00:00:00,2021-12-31 00:00:00,17490,10000.0,10106.06236862101,1.0606236862100937,0.5298227234794783,-9.247071859925027,0.1272383186583892,0.027204887745001023,0.05729626972789352,45,48.888888888888886,1.1102238178799912,-0.2646370323420073,1.5569691984761478,-2.007042992255025,11.933333333333334,45,0,3.0703259005145798,555.8986877561996
80.0,0.0,1,4.0,3.0,True,2020-01-01 00:00:00,2021-12-31 00:00:00,17490,10000.0,10106.06236862101,1.0606236862100937,0.5298227234794783,-9.247071859925027,0.1272383186583892,0.027204887745001023,0.05729626972789352,45,48.888888888888886,1.1102238178799912,-0.2646370323420073,1.5569691984761478,-2.007042992255025,11.933333333333334,45,0,3.0703259005145798,555.8986877561996
70.0,95.0,1,1.5,3.0,True,2020-01-01 00:00:00,2021-12-31 00:00:00,17490,10000.0,8105.542660467794,-18.944573395322063,-9.98542891027645,-46.41287457423373,0.1219583692232955,0.08387888412471159,-0.21514351355905664,208,28.846153846153847,0.846739272280461,-0.634775686915859,1.7302751519163033,-1.593580081037006,10.552884615384615,208,0,12.550028587764437,555.8986877561996
70.0,95.0,1,1.5,3.0,False,2020-01-01 00:00:00,2021-12-31 00:00:00,17490,10000.0,8105.542660467794,-18.944573395322063,-9.98542891027645,-46.41287457423373,0.1219583692232955,0.08387888412471159,-0.21514351355905664,208,28.846153846153847,0.846739272280461,-0.634775686915859,1.7302751519163033,-1.593580081037006,10.552884615384615,208,0,12.550028587764437,555.8986877561996
70.0,80.0,1,1.5,3.0,False,2020-01-01 00:00:00,2021-12-31 00:00:00,17490,10000.0,8105.542660467794,-18.944573395322063,-9.98542891027645,-46.41287457423373,0.1219583692232955,0.08387888412471159,-0.21514351355905664,208,28.846153846153847,0.846739272280461,-0.634775686915859,1.7302751519163033,-1.593580081037006,10.552884615384615,208,0,12.550028587764437,555.8986877561996
70.0,80.0,1,1.5,3.0,True,2020-01-01 00:00:00,2021-12-31 00:00:00,17490,10000.0,8105.542660467794,-18.944573395322063,-9.98542891027645,-46.41287457423373,0.1219583692232955,0.08387888412471159,-0.21514351355905664,208,28.846153846153847,0.846739272280461,-0.634775686915859,1.7302751519163033,-1.593580081037006,10.552884615384615,208,0,12.550028587764437,555.8986877561996
50.0,60.0,12,1.5,0.0,False,2020-01-01 00:00:00,2021-12-31 00:00:00,17490,10000.0,9874.780593513158,-1.2521940648684171,-0.6291432981769485,-28.574263637379225,0.11815326338685131,0.06092826484818096,-0.02201783066612219,191,30.89005235602094,1.0329814647027904,-0.69721715520669,1.905017700342605,-1.8603372800355413,21.282722513089006,191,0,23.241852487135507,555.8986877561996
50.0,60.0,12,1.5,0.0,True,2020-01-01 00:00:00,2021-12-31 00:00:00,17490,10000.0,9874.780593513158,-1.2521940648684171,-0.6291432981769485,-28.574263637379225,0.11815326338685131,0.06092826484818096,-0.02201783066612219,191,30.89005235602094,1.0329814647027904,-0.69721715520669,1.905017700342605,-1.8603372800355413,21.282722513089006,191,0,23.241852487135507,555.8986877561996
50.0,95.0,12,4.0,3.0,False,2020-01-01 00:00:00,2021-12-31 00:00:00,17490,10000.0,8223.088461513657,-17.769115384863433,-9.333967354940832,-43.34701916798556,0.11512156082590495,0.07148796498511102,-0.21533123924319442,180,33.888888888888886,0.8878806798693873,-0.8058848348189049,2.100918654202088,-2.2959269594431113,24.67222222222222,180,0,25.39165237278445,555.8986877561996
50.0,95.0,12,4.0,3.0,True,2020-01-01 00:00:00,2021-12-31 00:00:00,17490,10000.0,8223.088461513657,-17.769115384863433,-9.333967354940832,-43.34701916798556,0.11512156082590495,0.07148796498511102,-0.21533123924319442,180,33.888888888888886,0.8878806798693873,-0.8058848348189049,2.100918654202088,-2.2959269594431113,24.67222222222222,180,0,25.39165237278445,555.8986877561996
50.0,80.0,12,4.0,3.0,True,2020-01-01 00:00:00,2021-12-31 00:00:00,17490,10000.0,8223.088461513657,-17.769115384863433,-9.333967354940832,-43.34701916798556,0.11512156082590495,0.07148796498511102,-0.21533123924319442,180,33.888888888888886,0.8878806798693873,-0.8058848348189049,2.100918654202088,-2.2959269594431113,24.67222222222222,180,0,25.39165237278445,555.8986877561996
50.0,80.0,12,4.0,3.0,False,2020-01-01 00:00:00,2021-12-31 00:00:00,17490,10000.0,8223.088461513657,-17.769115384863433,-9.333967354940832,-43.34701916798556,0.11512156082590495,0.07148796498511102,-0.21533123924319442,180,33.888888888888886,0.8878806798693873,-0.8058848348189049,2.100918654202088,-2.2959269594431113,24.67222222222222,180,0,25.39165237278445,555.8986877561996
60.0,95.0,12,4.0,3.0,False,2020-01-01 00:00:00,2021-12-31 00:00:00,17490,10000.0,8169.811465464547,-18.301885345354528,-9.62865886566695,-43.34701916798528,0.10982826883435358,0.06817672734380334,-0.22212966544140983,179,34.07821229050279,0.8833688794142207,-0.8058605859025738,2.1009186542020912,-2.3085176507024427,24.798882681564248,179,0,25.38021726700972,555.8986877561996
60.0,95.0,12,4.0,3.0,True,2020-01-01 00:00:00,2021-12-31 00:00:00,17490,10000.0,8169.811465464547,-18.301885345354528,-9.62865886566695,-43.34701916798528,0.10982826883435358,0.06817672734380334,-0.22212966544140983,179,34.07821229050279,0.8833688794142207,-0.8058605859025738,2.1009186542020912,-2.3085176507024427,24.798882681564248,179,0,25.38021726700972,555.8986877561996
60.0,80.0,12,4.0,3.0,True,2020-01-01 00:00:00,2021-12-31 00:00:00,17490,10000.0,8169.811465464547,-18.301885345354528,-9.62865886566695,-43.34701916798528,0.10982826883435358,0.06817672734380334,-0.22212966544140983,179,34.07821229050279,0.8833688794142207,-0.8058605859025738,2.1009186542020912,-2.3085176507024427,24.798882681564248,179,0,25.38021726700972,555.8986877561996
60.0,80.0,12,4.0,3.0,False,2020-01-01 00:00:00,2021-12-31 00:00:00,17490,10000.0,8169.811465464547,-18.301885345354528,-9.62865886566695,-43.34701916798528,0.10982826883435358,0.06817672734380334,-0.22212966544140983,179,34.07821229050279,0.8833688794142207,-0.8058605859025738,2.1009186542020912,-2.3085176507024427,24.798882681564248,179,0,25.38021726700972,555.8986877561996
70.0,95.0,12,1.5,0.0,False,2020-01-01 00:00:00,2021-12-31 00:00:00,17490,10000.0,3806.2575074475226,-61.93742492552477,-38.35621391405698,-81.61604493107481,0.10641016937803124,0.05152033877012909,-0.46995923346259927,169,24.85207100591716,0.5621935761557894,-1.0025310014333735,2.4664113865792547,-2.1497402951068416,21.37869822485207,169,0,20.657518582046883,555.8986877561996
70.0,95.0,12,1.5,0.0,True,2020-01-01 00:00:00,2021-12-31 00:00:00,17490,10000.0,3806.2575074475226,-61.93742492552477,-38.35621391405698,-81.61604493107481,0.10641016937803124,0.05152033877012909,-0.46995923346259927,169,24.85207100591716,0.5621935761557894,-1.0025310014333735,2.4664113865792547,-2.1497402951068416,21.37869822485207,169,0,20.657518582046883,555.8986877561996
70.0,80.0,12,1.5,0.0,True,2020-01-01 00:00:00,2021-12-31 00:00:00,17490,10000.0,3806.2575074475226,-61.93742492552477,-38.35621391405698,-81.61604493107481,0.10641016937803124,0.05152033877012909,-0.46995923346259927,169,24.85207100591716,0.5621935761557894,-1.0025310014333735,2.4664113865792547,-2.1497402951068416,21.37869822485207,169,0,20.657518582046883,555.8986877561996
70.0,80.0,12,1.5,0.0,False,2020-01-01 00:00:00,2021-12-31 00:00:00,17490,10000.0,3806.2575074475226,-61.93742492552477,-38.35621391405698,-81.61604493107481,0.10641016937803124,0.05152033877012909,-0.46995923346259927,169,24.85207100591716,0.5621935761557894,-1.0025310014333735,2.4664113865792547,-2.1497402951068416,21.37869822485207,169,0,20.657518582046883,555.8986877561996
70.0,60.0,4,4.0,0.0,False,2020-01-01 00:00:00,2021-12-31 00:00:00,17490,10000.0,9877.193806824522,-1.228061931754787,-0.6169810152339084,-26.460219448933298,0.10630394767863513,0.05055496519396773,-0.02331730530144114,158,44.30379746835443,1.0330190350731794,-0.5485256244726336,1.325324980447415,-2.039088605659036,23.924050632911392,158,0,21.612349914236706,555.8986877561996
70.0,60.0,4,4.0,0.0,True,2020-01-01 00:00:00,2021-12-31 00:00:00,17490,10000.0,9877.193806824522,-1.228061931754787,-0.6169810152339084,-26.460219448933298,0.10630394767863513,0.05055496519396773,-0.02331730530144114,158,44.30379746835443,1.0330190350731794,-0.5485256244726336,1.325324980447415,-2.039088605659036,23.924050632911392,158,0,21.612349914236706,555.8986877561996
70.0,60.0,12,1.5,0.0,False,2020-01-01 00:00:00,2021-12-31 00:00:00,17490,10000.0,9792.222708712883,-2.0777729128711675,-1.0461216010072327,-28.04217020420624,0.10202433288292741,0.04957457043094584,-0.03730530103017197,169,30.17751479289941,1.020641662785746,-0.7826920419938163,1.838671398154114,-1.915654206803515,21.37869822485207,169,0,20.657518582046883,555.8986877561996
70.0,60.0,12,1.5,0.0,True,2020-01-01 00:00:00,2021-12-31 00:00:00,17490,10000.0,9792.222708712883,-2.0777729128711675,-1.0461216010072327,-28.04217020420624,0.10202433288292741,0.04957457043094584,-0.03730530103017197,169,30.17751479289941,1.020641662785746,-0.7826920419938163,1.838671398154114,-1.915654206803515,21.37869822485207,169,0,20.657518582046883,555.8986877561996
70.0,95.0,4,1.5,0.0,False,2020-01-01 00:00:00,2021-12-31 00:00:00,17490,10000.0,3831.7527273303335,-61.682472726696666,-38.14975197176903,-81.02048954850139,0.10163905625632087,0.04579281991978133,-0.4708654833408702,189,27.513227513227513,0.5584337183486976,-0.8479357398543704,2.2308375412160384,-2.0165212188008024,16.22222222222222,189,0,17.53001715265866,555.8986877561996
70.0,95.0,4,1.5,0.0,True,2020-01-01 00:00:00,2021-12-31 00:00:00,17490,10000.0,3831.7527273303335,-61.682472726696666,-38.14975197176903,-81.02048954850139,0.10163905625632087,0.04579281991978133,-0.4708654833408702,189,27.513227513227513,0.5584337183486976,-0.8479357398543704,2.2308375412160384,-2.0165212188008024,16.22222222222222,189,0,17.53001715265866,555.8986877561996
70.0,80.0,4,1.5,0.0,True,2020-01-01 00:00:00,2021-12-31 00:00:00,17490,10000.0,3831.7527273303335,-61.682472726696666,-38.14975197176903,-81.02048954850139,0.10163905625632087,0.04579281991978133,-0.4708654833408702,189,27.513227513227513,0.5584337183486976,-0.8479357398543704,2.2308375412160384,-2.0165212188008024,16.22222222222222,189,0,17.53001715265866,555.8986877561996
70.0,80.0,4,1.5,0.0,False,2020-01-01 00:00:00,2021-12-31 00:00:00,17490,10000.0,3831.7527273303335,-61.682472726696666,-38.14975197176903,-81.02048954850139,0.10163905625632087,0.04579281991978133,-0.4708654833408702,189,27.513227513227513,0.5584337183486976,-0.8479357398543704,2.2308375412160384,-2.0165212188008024,16.22222222222222,189,0,17.53001715265866,555.8986877561996
70.0,80.0,4,4.0,3.0,True,2020-01-01 00:00:00,2021-12-31 00:00:00,17490,10000.0,8731.684669727323,-12.683153302726769,-6.567384698350698,-42.22529607682838,0.09313346561311328,0.05595603847019573,-0.15553199879052185,172,31.976744186046513,0.9015748494771023,-0.7580939598600503,1.9532731992742072,-2.0326682654359836,17.877906976744185,172,0,17.58147512864494,555.8986877561996
70.0,80.0,4,4.0,3.0,False,2020-01-01 00:00:00,2021-12-31 00:00:00,17490,10000.0,8731.684669727323,-12.683153302726769,-6.567384698350698,-42.22529607682838,0.09313346561311328,0.05595603847019573,-0.15553199879052185,172,31.976744186046513,0.9015748494771023,-0.7580939598600503,1.9532731992742072,-2.0326682654359836,17.877906976744185,172,0,17.58147512864494,555.8986877561996
70.0,95.0,4,4.0,3.0,False,2020-01-01 00:00:00,2021-12-31 00:00:00,17490,10000.0,8731.684669727323,-12.683153302726769,-6.567384698350698,-42.22529607682838,0.09313346561311328,0.05595603847019573,-0.15553199879052185,172,31.976744186046513,0.9015748494771023,-0.7580939598600503,1.9532731992742072,-2.0326682654359836,17.877906976744185,172,0,17.58147512864494,555.8986877561996
70.0,95.0,4,4.0,3.0,True,2020-01-01 00:00:00,2021-12-31 00:00:00,17490,10000.0,8731.684669727323,-12.683153302726769,-6.567384698350698,-42.22529607682838,0.09313346561311328,0.05595603847019573,-0.15553199879052185,172,31.976744186046513,0.9015748494771023,-0.7580939598600503,1.9532731992742072,-2.0326682654359836,17.877906976744185,172,0,17.58147512864494,555.8986877561996
50.0,60.0,4,4.0,0.0,False,2020-01-01 00:00:00,2021-12-31 00:00:00,17490,10000.0,9775.707080906705,-2.242929190932952,-1.1297480863759035,-28.285979239412985,0.0867143496307099,0.04349519208360102,-0.039940214790292305,183,42.622950819672134,1.0190298773182476,-0.5050351523095297,1.4890965022516407,-1.986390095697827,22.87431693989071,183,0,23.933676386506576,555.8986877561996
50.0,60.0,4,4.0,0.0,True,2020-01-01 00:00:00,2021-12-31 00:00:00,17490,10000.0,9775.707080906705,-2.242929190932952,-1.1297480863759035,-28.285979239412985,0.0867143496307099,0.04349519208360102,-0.039940214790292305,183,42.622950819672134,1.0190298773182476,-0.5050351523095297,1.4890965022516407,-1.986390095697827,22.87431693989071,183,0,23.933676386506576,555.8986877561996
70.0,60.0,12,4.0,0.0,True,2020-01-01 00:00:00,2021-12-31 00:00:00,17490,10000.0,9668.941620733762,-3.3105837926623805,-1.6720625212576778,-29.960467848221086,0.07999099399649809,0.04252145204196417,-0.05580895898316078,140,47.857142857142854,1.0021316940750726,-0.8124112734678717,1.4871457107870556,-2.9229635740854083,32.95,140,0,26.375071469411093,555.8986877561996
70.0,60.0,12,4.0,0.0,False,2020-01-01 00:00:00,2021-12-31 00:00:00,17490,10000.0,9668.941620733762,-3.3105837926623805,-1.6720625212576778,-29.960467848221086,0.07999099399649809,0.04252145204196417,-0.05580895898316078,140,47.857142857142854,1.0021316940750726,-0.8124112734678717,1.4871457107870556,-2.9229635740854083,32.95,140,0,26.375071469411093,555.8986877561996
60.0,60.0,4,4.0,0.0,False,2020-01-01 00:00:00,2021-12-31 00:00:00,17490,10000.0,9741.265962854322,-2.587340371456781,-1.3043670343855451,-28.285979239412995,0.07980412673572103,0.03994506763675889,-0.046113554116170456,183,42.622950819672134,1.0138583591264503,-0.5067404685481594,1.485095567999471,-1.9863900956978275,22.78688524590164,183,0,23.842195540308747,555.8986877561996
60.0,60.0,4,4.0,0.0,True,2020-01-01 00:00:00,2021-12-31 00:00:00,17490,10000.0,9741.265962854322,-2.587340371456781,-1.3043670343855451,-28.285979239412995,0.07980412673572103,0.03994506763675889,-0.046113554116170456,183,42.622950819672134,1.0138583591264503,-0.5067404685481594,1.485095567999471,-1.9863900956978275,22.78688524590164,183,0,23.842195540308747,555.8986877561996
50.0,60.0,12,4.0,0.0,False,2020-01-01 00:00:00,2021-12-31 00:00:00,17490,10000.0,9658.474696941275,-3.415253030587251,-1.7253897150482644,-29.513156184836543,0.07910404179739654,0.04427839743592901,-0.05846171464151117,160,48.125,1.0043831209819785,-0.6918573369519189,1.5308338784439868,-2.753872078945711,31.93125,160,0,29.21097770154374,555.8986877561996
50.0,60.0,12,4.0,0.0,True,2020-01-01 00:00:00,2021-12-31 00:00:00,17490,10000.0,9658.474696941275,-3.415253030587251,-1.7253897150482644,-29.513156184836543,0.07910404179739654,0.04427839743592901,-0.05846171464151117,160,48.125,1.0043831209819785,-0.6918573369519189,1.5308338784439868,-2.753872078945711,31.93125,160,0,29.21097770154374,555.8986877561996
60.0,60.0,12,4.0,0.0,True,2020-01-01 00:00:00,2021-12-31 00:00:00,17490,10000.0,9624.446604191531,-3.755533958084689,-1.8989566750982179,-29.51315618483662,0.07272291163160603,0.04063491783793275,-0.06434271764108614,160,48.125,0.999906362366838,-0.6938077923998515,1.5267809840067244,-2.753872078945711,31.83125,160,0,29.11949685534591,555.8986877561996
60.0,60.0,12,4.0,0.0,False,2020-01-01 00:00:00,2021-12-31 00:00:00,17490,10000.0,9624.446604191531,-3.755533958084689,-1.8989566750982179,-29.51315618483662,0.07272291163160603,0.04063491783793275,-0.06434271764108614,160,48.125,0.999906362366838,-0.6938077923998515,1.5267809840067244,-2.753872078945711,31.83125,160,0,29.11949685534591,555.8986877561996
60.0,60.0,12,1.5,0.0,False,2020-01-01 00:00:00,2021-12-31 00:00:00,17490,10000.0,9624.896789935783,-3.751032100642171,-1.8966584168676803,-28.57426363737925,0.07207432210357553,0.03683094796740059,-0.06637645823308559,194,29.896907216494846,1.0034808674155813,-0.7215584622867767,1.9300831851355646,-1.852405635452187,20.515463917525775,194,0,22.755860491709548,555.8986877561996
60.0,60.0,12,1.5,0.0,True,2020-01-01 00:00:00,2021-12-31 00:00:00,17490,10000.0,9624.896789935783,-3.751032100642171,-1.8966584168676803,-28.57426363737925,0.07207432210357553,0.03683094796740059,-0.06637645823308559,194,29.896907216494846,1.0034808674155813,-0.7215584622867767,1.9300831851355646,-1.852405635452187,20.515463917525775,194,0,22.755860491709548,555.8986877561996
60.0,80.0,4,1.5,0.0,True,2020-01-01 00:00:00,2021-12-31 00:00:00,17490,10000.0,3547.7291281956727,-64.52270871804326,-40.49009601746444,-81.41554059175891,0.06635841075512575,0.03169405596083376,-0.49732637925348305,217,27.1889400921659,0.5509057045991431,-0.7847285998925845,2.2963435247123796,-1.9352555324982357,15.903225806451612,217,0,19.73127501429388,555.8986877561996
60.0,80.0,4,1.5,0.0,False,2020-01-01 00:00:00,2021-12-31 00:00:00,17490,10000.0,3547.7291281956727,-64.52270871804326,-40.49009601746444,-81.41554059175891,0.06635841075512575,0.03169405596083376,-0.49732637925348305,217,27.1889400921659,0.5509057045991431,-0.7847285998925845,2.2963435247123796,-1.9352555324982357,15.903225806451612,217,0,19.73127501429388,555.8986877561996
60.0,95.0,4,1.5,0.0,True,2020-01-01 00:00:00,2021-12-31 00:00:00,17490,10000.0,3547.7291281956727,-64.52270871804326,-40.49009601746444,-81.41554059175891,0.06635841075512575,0.03169405596083376,-0.49732637925348305,217,27.1889400921659,0.5509057045991431,-0.7847285998925845,2.2963435247123796,-1.9352555324982357,15.903225806451612,217,0,19.73127501429388,555.8986877561996
60.0,95.0,4,1.5,0.0,False,2020-01-01 00:00:00,2021-12-31 00:00:00,17490,10000.0,3547.7291281956727,-64.52270871804326,-40.49009601746444,-81.41554059175891,0.06635841075512575,0.03169405596083376,-0.49732637925348305,217,27.1889400921659,0.5509057045991431,-0.7847285998925845,2.2963435247123796,-1.9352555324982357,15.903225806451612,217,0,19.73127501429388,555.8986877561996
50.0,95.0,4,1.5,0.0,True,2020-01-01 00:00:00,2021-12-31 00:00:00,17490,10000.0,3523.803050578772,-64.76196949421228,-40.6914487025717,-81.41554059175907,0.06390264866532006,0.030860516276987774,-0.4997995272992207,214,27.570093457943926,0.5483456845929636,-0.7721090219909574,2.2963435247123822,-1.940100636542551,16.523364485981308,214,0,20.21726700971984,555.8986877561996
50.0,95.0,4,1.5,0.0,False,2020-01-01 00:00:00,2021-12-31 00:00:00,17490,10000.0,3523.803050578772,-64.76196949421228,-40.6914487025717,-81.41554059175907,0.06390264866532006,0.030860516276987774,-0.4997995272992207,214,27.570093457943926,0.5483456845929636,-0.7721090219909574,2.2963435247123822,-1.940100636542551,16.523364485981308,214,0,20.21726700971984,555.8986877561996
50.0,80.0,4,1.5,0.0,False,2020-01-01 00:00:00,2021-12-31 00:00:00,17490,10000.0,3523.803050578772,-64.76196949421228,-40.6914487025717,-81.41554059175907,0.06390264866532006,0.030860516276987774,-0.4997995272992207,214,27.570093457943926,0.5483456845929636,-0.7721090219909574,2.2963435247123822,-1.940100636542551,16.523364485981308,214,0,20.21726700971984,555.8986877561996
50.0,80.0,4,1.5,0.0,True,2020-01-01 00:00:00,2021-12-31 00:00:00,17490,10000.0,3523.803050578772,-64.76196949421228,-40.6914487025717,-81.41554059175907,0.06390264866532006,0.030860516276987774,-0.4997995272992207,214,27.570093457943926,0.5483456845929636,-0.7721090219909574,2.2963435247123822,-1.940100636542551,16.523364485981308,214,0,20.21726700971984,555.8986877561996
60.0,95.0,12,1.5,0.0,True,2020-01-01 00:00:00,2021-12-31 00:00:00,17490,10000.0,3439.978907159012,-65.60021092840988,-41.402319592459904,-81.96010015973681,0.05989374727261173,0.030430980953493815,-0.5051521351458638,194,24.742268041237114,0.5493264813515321,-0.9483922114843015,2.5341975733506685,-2.093353236635524,20.515463917525775,194,0,22.755860491709548,555.8986877561996
60.0,95.0,12,1.5,0.0,False,2020-01-01 00:00:00,2021-12-31 00:00:00,17490,10000.0,3439.978907159012,-65.60021092840988,-41.402319592459904,-81.96010015973681,0.05989374727261173,0.030430980953493815,-0.5051521351458638,194,24.742268041237114,0.5493264813515321,-0.9483922114843015,2.5341975733506685,-2.093353236635524,20.515463917525775,194,0,22.755860491709548,555.8986877561996
60.0,80.0,12,1.5,0.0,True,2020-01-01 00:00:00,2021-12-31 00:00:00,17490,10000.0,3439.978907159012,-65.60021092840988,-41.402319592459904,-81.96010015973681,0.05989374727261173,0.030430980953493815,-0.5051521351458638,194,24.742268041237114,0.5493264813515321,-0.9483922114843015,2.5341975733506685,-2.093353236635524,20.515463917525775,194,0,22.755860491709548,555.8986877561996
60.0,80.0,12,1.5,0.0,False,2020-01-01 00:00:00,2021-12-31 00:00:00,17490,10000.0,3439.978907159012,-65.60021092840988,-41.402319592459904,-81.96010015973681,0.05989374727261173,0.030430980953493815,-0.5051521351458638,194,24.742268041237114,0.5493264813515321,-0.9483922114843015,2.5341975733506685,-2.093353236635524,20.515463917525775,194,0,22.755860491709548,555.8986877561996
50.0,80.0,12,1.5,0.0,False,2020-01-01 00:00:00,2021-12-31 00:00:00,17490,10000.0,3416.7795028755477,-65.83220497124452,-41.60058575492228,-81.96010015973695,0.05746535331377637,0.02948626490639891,-0.5075711922489651,191,25.130890052356023,0.546794920311242,-0.9368236311902032,2.5341975733506668,-2.1019216578892364,21.282722513089006,191,0,23.241852487135507,555.8986877561996
50.0,80.0,12,1.5,0.0,True,2020-01-01 00:00:00,2021-12-31 00:00:00,17490,10000.0,3416.7795028755477,-65.83220497124452,-41.60058575492228,-81.96010015973695,0.05746535331377637,0.02948626490639891,-0.5075711922489651,191,25.130890052356023,0.546794920311242,-0.9368236311902032,2.5341975733506668,-2.1019216578892364,21.282722513089006,191,0,23.241852487135507,555.8986877561996
50.0,95.0,12,1.5,0.0,False,2020-01-01 00:00:00,2021-12-31 00:00:00,17490,10000.0,3416.7795028755477,-65.83220497124452,-41.60058575492228,-81.96010015973695,0.05746535331377637,0.02948626490639891,-0.5075711922489651,191,25.130890052356023,0.546794920311242,-0.9368236311902032,2.5341975733506668,-2.1019216578892364,21.282722513089006,191,0,23.241852487135507,555.8986877561996
50.0,95.0,12,1.5,0.0,True,2020-01-01 00:00:00,2021-12-31 00:00:00,17490,10000.0,3416.7795028755477,-65.83220497124452,-41.60058575492228,-81.96010015973695,0.05746535331377637,0.02948626490639891,-0.5075711922489651,191,25.130890052356023,0.546794920311242,-0.9368236311902032,2.5341975733506668,-2.1019216578892364,21.282722513089006,191,0,23.241852487135507,555.8986877561996
70.0,95.0,1,1.5,0.0,False,2020-01-01 00:00:00,2021-12-31 00:00:00,17490,10000.0,6555.8281953123105,-34.44171804687689,-19.06124577415307,-54.73991686525237,0.03950405640187679,0.022064550652285658,-0.34821473735654696,205,29.75609756097561,0.7265034379627999,-0.6419535685822622,1.9045308670415073,-1.7206726697839978,11.858536585365854,205,0,13.89937106918239,555.8986877561996
70.0,95.0,1,1.5,0.0,True,2020-01-01 00:00:00,2021-12-31 00:00:00,17490,10000.0,6555.8281953123105,-34.44171804687689,-19.06124577415307,-54.73991686525237,0.03950405640187679,0.022064550652285658,-0.34821473735654696,205,29.75609756097561,0.7265034379627999,-0.6419535685822622,1.9045308670415073,-1.7206726697839978,11.858536585365854,205,0,13.89937106918239,555.8986877561996
70.0,80.0,1,1.5,0.0,True,2020-01-01 00:00:00,2021-12-31 00:00:00,17490,10000.0,6555.8281953123105,-34.44171804687689,-19.06124577415307,-54.73991686525237,0.03950405640187679,0.022064550652285658,-0.34821473735654696,205,29.75609756097561,0.7265034379627999,-0.6419535685822622,1.9045308670415073,-1.7206726697839978,11.858536585365854,205,0,13.89937106918239,555.8986877561996
70.0,80.0,1,1.5,0.0,False,2020-01-01 00:00:00,2021-12-31 00:00:00,17490,10000.0,6555.8281953123105,-34.44171804687689,-19.06124577415307,-54.73991686525237,0.03950405640187679,0.022064550652285658,-0.34821473735654696,205,29.75609756097561,0.7265034379627999,-0.6419535685822622,1.9045308670415073,-1.7206726697839978,11.858536585365854,205,0,13.89937106918239,555.8986877561996
50.0,95.0,4,4.0,3.0,False,2020-01-01 00:00:00,2021-12-31 00:00:00,17490,10000.0,8057.210356327374,-19.427896436726254,-10.25466313539589,-48.104977675004825,0.031520875689583776,0.019086115348164366,-0.2131725994069877,199,32.1608040201005,0.8483425539241195,-0.6884359319933863,2.041382298330931,-1.9825719819249146,17.57286432160804,199,0,19.994282447112635,555.8986877561996
50.0,95.0,4,4.0,3.0,True,2020-01-01 00:00:00,2021-12-31 00:00:00,17490,10000.0,8057.210356327374,-19.427896436726254,-10.25466313539589,-48.104977675004825,0.031520875689583776,0.019086115348164366,-0.2131725994069877,199,32.1608040201005,0.8483425539241195,-0.6884359319933863,2.041382298330931,-1.9825719819249146,17.57286432160804,199,0,19.994282447112635,555.8986877561996
50.0,80.0,4,4.0,3.0,True,2020-01-01 00:00:00,2021-12-31 00:00:00,17490,10000.0,8057.210356327374,-19.427896436726254,-10.25466313539589,-48.104977675004825,0.031520875689583776,0.019086115348164366,-0.2131725994069877,199,32.1608040201005,0.8483425539241195,-0.6884359319933863,2.041382298330931,-1.9825719819249146,17.57286432160804,199,0,19.994282447112635,555.8986877561996
50.0,80.0,4,4.0,3.0,False,2020-01-01 00:00:00,2021-12-31 00:00:00,17490,10000.0,8057.210356327374,-19.427896436726254,-10.25466313539589,-48.104977675004825,0.031520875689583776,0.019086115348164366,-0.2131725994069877,199,32.1608040201005,0.8483425539241195,-0.6884359319933863,2.041382298330931,-1.9825719819249146,17.57286432160804,199,0,19.994282447112635,555.8986877561996
60.0,95.0,4,4.0,3.0,True,2020-01-01 00:00:00,2021-12-31 00:00:00,17490,10000.0,8005.008076571965,-19.949919234280355,-10.54636211162464,-48.104977675004754,0.02552341160070323,0.01544644395595654,-0.2192363996689787,198,32.323232323232325,0.8432800027210319,-0.6878208337163724,2.0413822983309315,-1.9913208370822493,17.651515151515152,198,0,19.98284734133791,555.8986877561996
60.0,95.0,4,4.0,3.0,False,2020-01-01 00:00:00,2021-12-31 00:00:00,17490,10000.0,8005.008076571965,-19.949919234280355,-10.54636211162464,-48.104977675004754,0.02552341160070323,0.01544644395595654,-0.2192363996689787,198,32.323232323232325,0.8432800027210319,-0.6878208337163724,2.0413822983309315,-1.9913208370822493,17.651515151515152,198,0,19.98284734133791,555.8986877561996
60.0,80.0,4,4.0,3.0,False,2020-01-01 00:00:00,2021-12-31 00:00:00,17490,10000.0,8005.008076571965,-19.949919234280355,-10.54636211162464,-48.104977675004754,0.02552341160070323,0.01544644395595654,-0.2192363996689787,198,32.323232323232325,0.8432800027210319,-0.6878208337163724,2.0413822983309315,-1.9913208370822493,17.651515151515152,198,0,19.98284734133791,555.8986877561996
60.0,80.0,4,4.0,3.0,True,2020-01-01 00:00:00,2021-12-31 00:00:00,17490,10000.0,8005.008076571965,-19.949919234280355,-10.54636211162464,-48.104977675004754,0.02552341160070323,0.01544644395595654,-0.2192363996689787,198,32.323232323232325,0.8432800027210319,-0.6878208337163724,2.0413822983309315,-1.9913208370822493,17.651515151515152,198,0,19.98284734133791,555.8986877561996
50.0,0.0,4,1.5,0.0,False,2020-01-01 00:00:00,2021-12-31 00:00:00,17490,10000.0,9589.788754972109,-4.102112450278906,-2.0760509807266403,-23.575386408885645,0.02397871028705361,0.01093069214461956,-0.08806010407295677,214,35.981308411214954,0.9978970255261764,-0.4985225923517198,1.5860418990382412,-1.6701391313081213,16.523364485981308,214,0,20.21726700971984,555.8986877561996
50.0,0.0,4,1.5,0.0,True,2020-01-01 00:00:00,2021-12-31 00:00:00,17490,10000.0,9589.788754972109,-4.102112450278906,-2.0760509807266403,-23.575386408885645,0.02397871028705361,0.01093069214461956,-0.08806010407295677,214,35.981308411214954,0.9978970255261764,-0.4985225923517198,1.5860418990382412,-1.6701391313081213,16.523364485981308,214,0,20.21726700971984,555.8986877561996
50.0,0.0,12,1.5,0.0,True,2020-01-01 00:00:00,2021-12-31 00:00:00,17490,10000.0,9417.709464002273,-5.822905359977271,-2.9601092780586646,-26.1543764241283,0.009468036534825228,0.0047454103127905715,-0.11317835417126838,191,31.93717277486911,0.9774107842625874,-0.6941358896611585,1.8091956214718359,-1.868776060269717,21.282722513089006,191,0,23.241852487135507,555.8986877561996
50.0,0.0,12,1.5,0.0,False,2020-01-01 00:00:00,2021-12-31 00:00:00,17490,10000.0,9417.709464002273,-5.822905359977271,-2.9601092780586646,-26.1543764241283,0.009468036534825228,0.0047454103127905715,-0.11317835417126838,191,31.93717277486911,0.9774107842625874,-0.6941358896611585,1.8091956214718359,-1.868776060269717,21.282722513089006,191,0,23.241852487135507,555.8986877561996
50.0,0.0,12,4.0,0.0,False,2020-01-01 00:00:00,2021-12-31 00:00:00,17490,10000.0,9366.727104947384,-6.332728950526157,-3.22357685618494,-27.355478333480733,0.0071502214253692945,0.003929565678770663,-0.11784026646829134,160,48.75,0.9658385202599434,-0.683988985441052,1.4996018463529683,-2.7610631912939008,31.93125,160,0,29.21097770154374,555.8986877561996
50.0,0.0,12,4.0,0.0,True,2020-01-01 00:00:00,2021-12-31 00:00:00,17490,10000.0,9366.727104947384,-6.332728950526157,-3.22357685618494,-27.355478333480733,0.0071502214253692945,0.003929565678770663,-0.11784026646829134,160,48.75,0.9658385202599434,-0.683988985441052,1.4996018463529683,-2.7610631912939008,31.93125,160,0,29.21097770154374,555.8986877561996
60.0,0.0,12,4.0,0.0,True,2020-01-01 00:00:00,2021-12-31 00:00:00,17490,10000.0,9330.333551713606,-6.6966644828639454,-3.4120902443780965,-27.355478333480676,-0.0003736494747166674,-0.00020499515101257197,-0.12473151457205561,160,48.75,0.9608076365588681,-0.6859882519361592,1.4955007868758265,-2.7610631912939017,31.83125,160,0,29.11949685534591,555.8986877561996
60.0,0.0,12,4.0,0.0,False,2020-01-01 00:00:00,2021-12-31 00:00:00,17490,10000.0,9330.333551713606,-6.6966644828639454,-3.4120902443780965,-27.355478333480676,-0.0003736494747166674,-0.00020499515101257197,-0.12473151457205561,160,48.75,0.9608076365588681,-0.6859882519361592,1.4955007868758265,-2.7610631912939017,31.83125,160,0,29.11949685534591,555.8986877561996
80.0,60.0,12,4.0,0.0,False,2020-01-01 00:00:00,2021-12-31 00:00:00,17490,10000.0,9843.777768303162,-1.5622223169683869,-0.7855256865036409,-16.203908954526735,-0.004636562482299124,-0.001064687824211004,-0.04847754259222716,35,60.0,0.9634870658564306,-0.6248803306540222,1.584943721697171,-3.939616409180812,28.8,35,0,5.763293310463122,555.8986877561996
80.0,60.0,12,4.0,0.0,True,2020-01-01 00:00:00,2021-12-31 00:00:00,17490,10000.0,9843.777768303162,-1.5622223169683869,-0.7855256865036409,-16.203908954526735,-0.004636562482299124,-0.001064687824211004,-0.04847754259222716,35,60.0,0.9634870658564306,-0.6248803306540222,1.584943721697171,-3.939616409180812,28.8,35,0,5.763293310463122,555.8986877561996
70.0,0.0,12,4.0,0.0,True,2020-01-01 00:00:00,2021-12-31 00:00:00,17490,10000.0,9308.435134499694,-6.915648655003059,-3.5256978040747122,-27.81648268640142,-0.006252095830626736,-0.003262387885702082,-0.12674851252125818,140,48.57142857142857,0.9514386360956764,-0.8116183126848483,1.4416519235291028,-2.9397068691091355,32.95,140,0,26.375071469411093,555.8986877561996
70.0,0.0,12,4.0,0.0,False,2020-01-01 00:00:00,2021-12-31 00:00:00,17490,10000.0,9308.435134499694,-6.915648655003059,-3.5256978040747122,-27.81648268640142,-0.006252095830626736,-0.003262387885702082,-0.12674851252125818,140,48.57142857142857,0.9514386360956764,-0.8116183126848483,1.4416519235291028,-2.9397068691091355,32.95,140,0,26.375071469411093,555.8986877561996
60.0,80.0,1,1.5,0.0,False,2020-01-01 00:00:00,2021-12-31 00:00:00,17490,10000.0,6038.32205866811,-39.6167794133189,-22.326970754988697,-57.77918123059216,-0.01181738897536178,-0.006993803637859441,-0.38641895366920337,235,29.361702127659573,0.7025320094832455,-0.6111421051568923,1.986213922130905,-1.6907659960174826,11.808510638297872,235,0,15.866209262435678,555.8986877561996
60.0,80.0,1,1.5,0.0,True,2020-01-01 00:00:00,2021-12-31 00:00:00,17490,10000.0,6038.32205866811,-39.6167794133189,-22.326970754988697,-57.77918123059216,-0.01181738897536178,-0.006993803637859441,-0.38641895366920337,235,29.361702127659573,0.7025320094832455,-0.6111421051568923,1.986213922130905,-1.6907659960174826,11.808510638297872,235,0,15.866209262435678,555.8986877561996
60.0,95.0,1,1.5,0.0,False,2020-01-01 00:00:00,2021-12-31 00:00:00,17490,10000.0,6038.32205866811,-39.6167794133189,-22.326970754988697,-57.77918123059216,-0.01181738897536178,-0.006993803637859441,-0.38641895366920337,235,29.361702127659573,0.7025320094832455,-0.6111421051568923,1.986213922130905,-1.6907659960174826,11.808510638297872,235,0,15.866209262435678,555.8986877561996
60.0,95.0,1,1.5,0.0,True,2020-01-01 00:00:00,2021-12-31 00:00:00,17490,10000.0,6038.32205866811,-39.6167794133189,-22.326970754988697,-57.77918123059216,-0.01181738897536178,-0.006993803637859441,-0.38641895366920337,235,29.361702127659573,0.7025320094832455,-0.6111421051568923,1.986213922130905,-1.6907659960174826,11.808510638297872,235,0,15.866209262435678,555.8986877561996
50.0,80.0,1,1.5,0.0,False,2020-01-01 00:00:00,2021-12-31 00:00:00,17490,10000.0,5997.599287275224,-40.02400712724776,-22.589778656736815,-57.77918123059222,-0.015058802916301321,-0.009027120982534541,-0.39096744148351226,232,29.74137931034483,0.6988593290697698,-0.5972569794881202,1.9862139221309052,-1.6908734961243945,12.327586206896552,232,0,16.352201257861637,555.8986877561996
50.0,80.0,1,1.5,0.0,True,2020-01-01 00:00:00,2021-12-31 00:00:00,17490,10000.0,5997.599287275224,-40.02400712724776,-22.589778656736815,-57.77918123059222,-0.015058802916301321,-0.009027120982534541,-0.39096744148351226,232,29.74137931034483,0.6988593290697698,-0.5972569794881202,1.9862139221309052,-1.6908734961243945,12.327586206896552,232,0,16.352201257861637,555.8986877561996
50.0,95.0,1,1.5,0.0,True,2020-01-01 00:00:00,2021-12-31 00:00:00,17490,10000.0,5997.599287275224,-40.02400712724776,-22.589778656736815,-57.77918123059222,-0.015058802916301321,-0.009027120982534541,-0.39096744148351226,232,29.74137931034483,0.6988593290697698,-0.5972569794881202,1.9862139221309052,-1.6908734961243945,12.327586206896552,232,0,16.352201257861637,555.8986877561996
50.0,95.0,1,1.5,0.0,False,2020-01-01 00:00:00,2021-12-31 00:00:00,17490,10000.0,5997.599287275224,-40.02400712724776,-22.589778656736815,-57.77918123059222,-0.015058802916301321,-0.009027120982534541,-0.39096744148351226,232,29.74137931034483,0.6988593290697698,-0.5972569794881202,1.9862139221309052,-1.6908734961243945,12.327586206896552,232,0,16.352201257861637,555.8986877561996
70.0,0.0,12,1.5,0.0,False,2020-01-01 00:00:00,2021-12-31 00:00:00,17490,10000.0,9295.527341787247,-7.044726582127536,-3.592725088546578,-25.604255790106535,-0.01817933015898549,-0.008580312783745169,-0.14031749713790956,169,31.36094674556213,0.9544918402385714,-0.7778281649275501,1.7264148150855396,-1.92200814717491,21.37869822485207,169,0,20.657518582046883,555.8986877561996
70.0,0.0,12,1.5,0.0,True,2020-01-01 00:00:00,2021-12-31 00:00:00,17490,10000.0,9295.527341787247,-7.044726582127536,-3.592725088546578,-25.604255790106535,-0.01817933015898549,-0.008580312783745169,-0.14031749713790956,169,31.36094674556213,0.9544918402385714,-0.7778281649275501,1.7264148150855396,-1.92200814717491,21.37869822485207,169,0,20.657518582046883,555.8986877561996
60.0,0.0,4,1.5,0.0,False,2020-01-01 00:00:00,2021-12-31 00:00:00,17490,10000.0,9354.563303077444,-6.454366969225555,-3.2865428635328486,-23.575386408885578,-0.03072735961674372,-0.01386431185084081,-0.1394056838149702,217,35.02304147465438,0.9664186782670323,-0.5194447565723634,1.5991423886171274,-1.661378253270245,15.903225806451612,217,0,19.73127501429388,555.8986877561996
60.0,0.0,4,1.5,0.0,True,2020-01-01 00:00:00,2021-12-31 00:00:00,17490,10000.0,9354.563303077444,-6.454366969225555,-3.2865428635328486,-23.575386408885578,-0.03072735961674372,-0.01386431185084081,-0.1394056838149702,217,35.02304147465438,0.9664186782670323,-0.5194447565723634,1.5991423886171274,-1.661378253270245,15.903225806451612,217,0,19.73127501429388,555.8986877561996
60.0,0.0,12,1.5,0.0,True,2020-01-01 00:00:00,2021-12-31 00:00:00,17490,10000.0,9186.704900597833,-8.13295099402167,-4.159672829199968,-26.15437642412849,-0.039805356197131964,-0.019773516669294045,-0.15904308945261253,194,30.927835051546392,0.948788624825415,-0.7145135687536923,1.8295088036456495,-1.853628063857875,20.515463917525775,194,0,22.755860491709548,555.8986877561996
60.0,0.0,12,1.5,0.0,False,2020-01-01 00:00:00,2021-12-31 00:00:00,17490,10000.0,9186.704900597833,-8.13295099402167,-4.159672829199968,-26.15437642412849,-0.039805356197131964,-0.019773516669294045,-0.15904308945261253,194,30.927835051546392,0.948788624825415,-0.7145135687536923,1.8295088036456495,-1.853628063857875,20.515463917525775,194,0,22.755860491709548,555.8986877561996
70.0,0.0,4,4.0,0.0,False,2020-01-01 00:00:00,2021-12-31 00:00:00,17490,10000.0,9291.330563306608,-7.086694366933921,-3.614528028610642,-24.132256695524035,-0.043708176041735276,-0.020040044195078387,-0.1497799428464165,158,44.30379746835443,0.9302169950931239,-0.5485934317028991,1.2764922577129196,-2.0003661391927547,23.924050632911392,158,0,21.612349914236706,555.8986877561996
70.0,0.0,4,4.0,0.0,True,2020-01-01 00:00:00,2021-12-31 00:00:00,17490,10000.0,9291.330563306608,-7.086694366933921,-3.614528028610642,-24.132256695524035,-0.043708176041735276,-0.020040044195078387,-0.1497799428464165,158,44.30379746835443,0.9302169950931239,-0.5485934317028991,1.2764922577129196,-2.0003661391927547,23.924050632911392,158,0,21.612349914236706,555.8986877561996
50.0,0.0,4,4.0,0.0,True,2020-01-01 00:00:00,2021-12-31 00:00:00,17490,10000.0,9198.25640907562,-8.017435909243797,-4.099332830614443,-25.70233886192881,-0.06517855427132832,-0.031502724398449665,-0.15949259920024308,183,42.076502732240435,0.927621562625649,-0.5108244491422573,1.4547696754737098,-1.938661690608573,22.87431693989071,183,0,23.933676386506576,555.8986877561996
50.0,0.0,4,4.0,0.0,False,2020-01-01 00:00:00,2021-12-31 00:00:00,17490,10000.0,9198.25640907562,-8.017435909243797,-4.099332830614443,-25.70233886192881,-0.06517855427132832,-0.031502724398449665,-0.15949259920024308,183,42.076502732240435,0.927621562625649,-0.5108244491422573,1.4547696754737098,-1.938661690608573,22.87431693989071,183,0,23.933676386506576,555.8986877561996
80.0,0.0,12,4.0,0.0,False,2020-01-01 00:00:00,2021-12-31 00:00:00,17490,10000.0,9707.002315284044,-2.9299768471595544,-1.478392245455129,-15.808777616115599,-0.06635258903117273,-0.014975198933399984,-0.09351717642912781,35,60.0,0.8906862077513304,-0.7403726435538134,1.4330591574232336,-4.0005203450193845,28.8,35,0,5.763293310463122,555.8986877561996
80.0,0.0,12,4.0,0.0,True,2020-01-01 00:00:00,2021-12-31 00:00:00,17490,10000.0,9707.002315284044,-2.9299768471595544,-1.478392245455129,-15.808777616115599,-0.06635258903117273,-0.014975198933399984,-0.09351717642912781,35,60.0,0.8906862077513304,-0.7403726435538134,1.4330591574232336,-4.0005203450193845,28.8,35,0,5.763293310463122,555.8986877561996
70.0,0.0,4,1.5,0.0,False,2020-01-01 00:00:00,2021-12-31 00:00:00,17490,10000.0,9189.08701079239,-8.109129892076105,-4.1472266352616804,-22.964634995237798,-0.07086227188525186,-0.03008439564486382,-0.1805918812174326,189,35.44973544973545,0.9364300091188604,-0.6013409113991223,1.519818177748952,-1.766239755439458,16.22222222222222,189,0,17.53001715265866,555.8986877561996
70.0,0.0,4,1.5,0.0,True,2020-01-01 00:00:00,2021-12-31 00:00:00,17490,10000.0,9189.08701079239,-8.109129892076105,-4.1472266352616804,-22.964634995237798,-0.07086227188525186,-0.03008439564486382,-0.1805918812174326,189,35.44973544973545,0.9364300091188604,-0.6013409113991223,1.519818177748952,-1.766239755439458,16.22222222222222,189,0,17.53001715265866,555.8986877561996
60.0,0.0,4,4.0,0.0,False,2020-01-01 00:00:00,2021-12-31 00:00:00,17490,10000.0,9162.517433173922,-8.374825668260788,-4.286140310275199,-25.702338861928908,-0.0737635783089731,-0.03557793610713006,-0.16676071128390427,183,42.076502732240435,0.9215384195442413,-0.5125724417062846,1.4506153554838788,-1.9386616906085732,22.78688524590164,183,0,23.842195540308747,555.8986877561996
60.0,0.0,4,4.0,0.0,True,2020-01-01 00:00:00,2021-12-31 00:00:00,17490,10000.0,9162.517433173922,-8.374825668260788,-4.286140310275199,-25.702338861928908,-0.0737635783089731,-0.03557793610713006,-0.16676071128390427,183,42.076502732240435,0.9215384195442413,-0.5125724417062846,1.4506153554838788,-1.9386616906085732,22.78688524590164,183,0,23.842195540308747,555.8986877561996
70.0,80.0,12,4.0,0.0,True,2020-01-01 00:00:00,2021-12-31 00:00:00,17490,10000.0,3105.521377136112,-68.94478622863889,-44.32865685164814,-83.80478063519499,-0.07778942269732828,-0.037461491519254375,-0.5289514096410832,140,40.714285714285715,0.44720978924004606,-1.149158007300536,1.9943664508825987,-3.307963960510641,32.95,140,0,26.375071469411093,555.8986877561996
70.0,80.0,12,4.0,0.0,False,2020-01-01 00:00:00,2021-12-31 00:00:00,17490,10000.0,3105.521377136112,-68.94478622863889,-44.32865685164814,-83.80478063519499,-0.07778942269732828,-0.037461491519254375,-0.5289514096410832,140,40.714285714285715,0.44720978924004606,-1.149158007300536,1.9943664508825987,-3.307963960510641,32.95,140,0,26.375071469411093,555.8986877561996
70.0,95.0,12,4.0,0.0,True,2020-01-01 00:00:00,2021-12-31 00:00:00,17490,10000.0,3105.521377136112,-68.94478622863889,-44.32865685164814,-83.80478063519499,-0.07778942269732828,-0.037461491519254375,-0.5289514096410832,140,40.714285714285715,0.44720978924004606,-1.149158007300536,1.9943664508825987,-3.307963960510641,32.95,140,0,26.375071469411093,555.8986877561996
70.0,95.0,12,4.0,0.0,False,2020-01-01 00:00:00,2021-12-31 00:00:00,17490,10000.0,3105.521377136112,-68.94478622863889,-44.32865685164814,-83.80478063519499,-0.07778942269732828,-0.037461491519254375,-0.5289514096410832,140,40.714285714285715,0.44720978924004606,-1.149158007300536,1.9943664508825987,-3.307963960510641,32.95,140,0,26.375071469411093,555.8986877561996
70.0,95.0,4,4.0,0.0,False,2020-01-01 00:00:00,2021-12-31 00:00:00,17490,10000.0,3217.3922531506005,-67.82607746849399,-43.33307779383509,-82.63642882713218,-0.09399499823404259,-0.04101310208028496,-0.5243822658949107,158,37.9746835443038,0.4182944855732273,-0.8382074173649968,1.9391189651236194,-2.538611325011088,23.924050632911392,158,0,21.612349914236706,555.8986877561996
70.0,95.0,4,4.0,0.0,True,2020-01-01 00:00:00,2021-12-31 00:00:00,17490,10000.0,3217.3922531506005,-67.82607746849399,-43.33307779383509,-82.63642882713218,-0.09399499823404259,-0.04101310208028496,-0.5243822658949107,158,37.9746835443038,0.4182944855732273,-0.8382074173649968,1.9391189651236194,-2.538611325011088,23.924050632911392,158,0,21.612349914236706,555.8986877561996
70.0,80.0,4,4.0,0.0,True,2020-01-01 00:00:00,2021-12-31 00:00:00,17490,10000.0,3217.3922531506005,-67.82607746849399,-43.33307779383509,-82.63642882713218,-0.09399499823404259,-0.04101310208028496,-0.5243822658949107,158,37.9746835443038,0.4182944855732273,-0.8382074173649968,1.9391189651236194,-2.538611325011088,23.924050632911392,158,0,21.612349914236706,555.8986877561996
70.0,80.0,4,4.0,0.0,False,2020-01-01 00:00:00,2021-12-31 00:00:00,17490,10000.0,3217.3922531506005,-67.82607746849399,-43.33307779383509,-82.63642882713218,-0.09399499823404259,-0.04101310208028496,-0.5243822658949107,158,37.9746835443038,0.4182944855732273,-0.8382074173649968,1.9391189651236194,-2.538611325011088,23.924050632911392,158,0,21.612349914236706,555.8986877561996
50.0,60.0,12,2.5,0.0,False,2020-01-01 00:00:00,2021-12-31 00:00:00,17490,10000.0,8890.473757905955,-11.095262420940454,-5.720200880516558,-26.411193744341343,-0.09697667164830849,-0.05094245383238689,-0.21658244363688117,173,43.93063583815029,0.916089045238122,-0.7172127596929473,1.726531136289557,-2.63189869881326,27.127167630057805,173,0,26.832475700400227,555.8986877561996
50.0,60.0,12,2.5,0.0,True,2020-01-01 00:00:00,2021-12-31 00:00:00,17490,10000.0,8890.473757905955,-11.095262420940454,-5.720200880516558,-26.411193744341343,-0.09697667164830849,-0.05094245383238689,-0.21658244363688117,173,43.93063583815029,0.916089045238122,-0.7172127596929473,1.726531136289557,-2.63189869881326,27.127167630057805,173,0,26.832475700400227,555.8986877561996
70.0,60.0,12,2.5,0.0,False,2020-01-01 00:00:00,2021-12-31 00:00:00,17490,10000.0,8858.777375469786,-11.412226245302136,-5.888702733130035,-25.471511339656395,-0.10637894276156523,-0.0527766436143609,-0.23118780250632245,153,42.48366013071895,0.9011074370020908,-0.8311114206072506,1.7234086383776246,-2.717972827811988,27.405228758169933,153,0,23.973699256718124,555.8986877561996
70.0,60.0,12,2.5,0.0,True,2020-01-01 00:00:00,2021-12-31 00:00:00,17490,10000.0,8858.777375469786,-11.412226245302136,-5.888702733130035,-25.471511339656395,-0.10637894276156523,-0.0527766436143609,-0.23118780250632245,153,42.48366013071895,0.9011074370020908,-0.8311114206072506,1.7234086383776246,-2.717972827811988,27.405228758169933,153,0,23.973699256718124,555.8986877561996
60.0,95.0,12,4.0,0.0,True,2020-01-01 00:00:00,2021-12-31 00:00:00,17490,10000.0,2854.758072826509,-71.45241927173491,-46.62747698305516,-83.92475146895069,-0.12170548249848814,-0.061516518559784586,-0.5555867150861418,160,40.625,0.4499051403535172,-1.0391004131386736,2.042205869650873,-3.147362606626258,31.83125,160,0,29.11949685534591,555.8986877561996
60.0,95.0,12,4.0,0.0,False,2020-01-01 00:00:00,2021-12-31 00:00:00,17490,10000.0,2854.758072826509,-71.45241927173491,-46.62747698305516,-83.92475146895069,-0.12170548249848814,-0.061516518559784586,-0.5555867150861418,160,40.625,0.4499051403535172,-1.0391004131386736,2.042205869650873,-3.147362606626258,31.83125,160,0,29.11949685534591,555.8986877561996
60.0,80.0,12,4.0,0.0,False,2020-01-01 00:00:00,2021-12-31 00:00:00,17490,10000.0,2854.758072826509,-71.45241927173491,-46.62747698305516,-83.92475146895069,-0.12170548249848814,-0.061516518559784586,-0.5555867150861418,160,40.625,0.4499051403535172,-1.0391004131386736,2.042205869650873,-3.147362606626258,31.83125,160,0,29.11949685534591,555.8986877561996
60.0,80.0,12,4.0,0.0,True,2020-01-01 00:00:00,2021-12-31 00:00:00,17490,10000.0,2854.758072826509,-71.45241927173491,-46.62747698305516,-83.92475146895069,-0.12170548249848814,-0.061516518559784586,-0.5555867150861418,160,40.625,0.4499051403535172,-1.0391004131386736,2.042205869650873,-3.147362606626258,31.83125,160,0,29.11949685534591,555.8986877561996
50.0,95.0,12,4.0,0.0,False,2020-01-01 00:00:00,2021-12-31 00:00:00,17490,10000.0,2838.6114346650616,-71.61388565334939,-46.77888859435386,-83.92475146895111,-0.12420706268682273,-0.06290097988536315,-0.5573908504413054,160,40.625,0.44800353687661604,-1.0380006651916018,2.0422058696508705,-3.1455103995575038,31.93125,160,0,29.21097770154374,555.8986877561996
50.0,95.0,12,4.0,0.0,True,2020-01-01 00:00:00,2021-12-31 00:00:00,17490,10000.0,2838.6114346650616,-71.61388565334939,-46.77888859435386,-83.92475146895111,-0.12420706268682273,-0.06290097988536315,-0.5573908504413054,160,40.625,0.44800353687661604,-1.0380006651916018,2.0422058696508705,-3.1455103995575038,31.93125,160,0,29.21097770154374,555.8986877561996
50.0,80.0,12,4.0,0.0,True,2020-01-01 00:00:00,2021-12-31 00:00:00,17490,10000.0,2838.6114346650616,-71.61388565334939,-46.77888859435386,-83.92475146895111,-0.12420706268682273,-0.06290097988536315,-0.5573908504413054,160,40.625,0.44800353687661604,-1.0380006651916018,2.0422058696508705,-3.1455103995575038,31.93125,160,0,29.21097770154374,555.8986877561996
50.0,80.0,12,4.0,0.0,False,2020-01-01 00:00:00,2021-12-31 00:00:00,17490,10000.0,2838.6114346650616,-71.61388565334939,-46.77888859435386,-83.92475146895111,-0.12420706268682273,-0.06290097988536315,-0.5573908504413054,160,40.625,0.44800353687661604,-1.0380006651916018,2.0422058696508705,-3.1455103995575038,31.93125,160,0,29.21097770154374,555.8986877561996
60.0,60.0,12,2.5,0.0,False,2020-01-01 00:00:00,2021-12-31 00:00:00,17490,10000.0,8747.353743675198,-12.52646256324802,-6.483445712536229,-26.411193744341244,-0.1286927999753936,-0.06739783529234787,-0.24548097959128962,174,43.10344827586207,0.8986741752453677,-0.7360956065324639,1.7435352903420718,-2.614603861740446,26.798850574712645,174,0,26.660949113779303,555.8986877561996
60.0,60.0,12,2.5,0.0,True,2020-01-01 00:00:00,2021-12-31 00:00:00,17490,10000.0,8747.353743675198,-12.52646256324802,-6.483445712536229,-26.411193744341244,-0.1286927999753936,-0.06739783529234787,-0.24548097959128962,174,43.10344827586207,0.8986741752453677,-0.7360956065324639,1.7435352903420718,-2.614603861740446,26.798850574712645,174,0,26.660949113779303,555.8986877561996
60.0,95.0,4,4.0,0.0,False,2020-01-01 00:00:00,2021-12-31 00:00:00,17490,10000.0,2907.6090215877766,-70.92390978412224,-46.134844904493576,-83.35731889589916,-0.14874304094312504,-0.06819697609146953,-0.5534588385947142,183,36.612021857923494,0.41401426702961486,-0.8238789564230491,2.0539597652182318,-2.486078907715858,22.78688524590164,183,0,23.842195540308747,555.8986877561996
60.0,95.0,4,4.0,0.0,True,2020-01-01 00:00:00,2021-12-31 00:00:00,17490,10000.0,2907.6090215877766,-70.92390978412224,-46.134844904493576,-83.35731889589916,-0.14874304094312504,-0.06819697609146953,-0.5534588385947142,183,36.612021857923494,0.41401426702961486,-0.8238789564230491,2.0539597652182318,-2.486078907715858,22.78688524590164,183,0,23.842195540308747,555.8986877561996
60.0,80.0,4,4.0,0.0,True,2020-01-01 00:00:00,2021-12-31 00:00:00,17490,10000.0,2907.6090215877766,-70.92390978412224,-46.134844904493576,-83.35731889589916,-0.14874304094312504,-0.06819697609146953,-0.5534588385947142,183,36.612021857923494,0.41401426702961486,-0.8238789564230491,2.0539597652182318,-2.486078907715858,22.78688524590164,183,0,23.842195540308747,555.8986877561996
60.0,80.0,4,4.0,0.0,False,2020-01-01 00:00:00,2021-12-31 00:00:00,17490,10000.0,2907.6090215877766,-70.92390978412224,-46.134844904493576,-83.35731889589916,-0.14874304094312504,-0.06819697609146953,-0.5534588385947142,183,36.612021857923494,0.41401426702961486,-0.8238789564230491,2.0539597652182318,-2.486078907715858,22.78688524590164,183,0,23.842195540308747,555.8986877561996
50.0,95.0,1,4.0,3.0,True,2020-01-01 00:00:00,2021-12-31 00:00:00,17490,10000.0,7330.980633805325,-26.690193661946747,-14.401649723232502,-42.949812461006985,-0.14941101356094094,-0.09625789661888041,-0.3353134483720362,215,34.883720930232556,0.7429133051702644,-0.48553756695949835,1.7407401937776334,-1.6781863673543906,13.4,215,0,16.472269868496284,555.8986877561996
50.0,95.0,1,4.0,3.0,False,2020-01-01 00:00:00,2021-12-31 00:00:00,17490,10000.0,7330.980633805325,-26.690193661946747,-14.401649723232502,-42.949812461006985,-0.14941101356094094,-0.09625789661888041,-0.3353134483720362,215,34.883720930232556,0.7429133051702644,-0.48553756695949835,1.7407401937776334,-1.6781863673543906,13.4,215,0,16.472269868496284,555.8986877561996
50.0,80.0,1,4.0,3.0,True,2020-01-01 00:00:00,2021-12-31 00:00:00,17490,10000.0,7330.980633805325,-26.690193661946747,-14.401649723232502,-42.949812461006985,-0.14941101356094094,-0.09625789661888041,-0.3353134483720362,215,34.883720930232556,0.7429133051702644,-0.48553756695949835,1.7407401937776334,-1.6781863673543906,13.4,215,0,16.472269868496284,555.8986877561996
50.0,80.0,1,4.0,3.0,False,2020-01-01 00:00:00,2021-12-31 00:00:00,17490,10000.0,7330.980633805325,-26.690193661946747,-14.401649723232502,-42.949812461006985,-0.14941101356094094,-0.09625789661888041,-0.3353134483720362,215,34.883720930232556,0.7429133051702644,-0.48553756695949835,1.7407401937776334,-1.6781863673543906,13.4,215,0,16.472269868496284,555.8986877561996
50.0,95.0,4,4.0,0.0,False,2020-01-01 00:00:00,2021-12-31 00:00:00,17490,10000.0,2891.163456118359,-71.0883654388164,-46.287654055434125,-83.35731889589867,-0.15131599259272713,-0.06953241279103688,-0.5552920207671358,183,36.612021857923494,0.4121629763856123,-0.8229174281633128,2.05395976521823,-2.484562013995756,22.87431693989071,183,0,23.933676386506576,555.8986877561996
50.0,95.0,4,4.0,0.0,True,2020-01-01 00:00:00,2021-12-31 00:00:00,17490,10000.0,2891.163456118359,-71.0883654388164,-46.287654055434125,-83.35731889589867,-0.15131599259272713,-0.06953241279103688,-0.5552920207671358,183,36.612021857923494,0.4121629763856123,-0.8229174281633128,2.05395976521823,-2.484562013995756,22.87431693989071,183,0,23.933676386506576,555.8986877561996
50.0,80.0,4,4.0,0.0,True,2020-01-01 00:00:00,2021-12-31 00:00:00,17490,10000.0,2891.163456118359,-71.0883654388164,-46.287654055434125,-83.35731889589867,-0.15131599259272713,-0.06953241279103688,-0.5552920207671358,183,36.612021857923494,0.4121629763856123,-0.8229174281633128,2.05395976521823,-2.484562013995756,22.87431693989071,183,0,23.933676386506576,555.8986877561996
50.0,80.0,4,4.0,0.0,False,2020-01-01 00:00:00,2021-12-31 00:00:00,17490,10000.0,2891.163456118359,-71.0883654388164,-46.287654055434125,-83.35731889589867,-0.15131599259272713,-0.06953241279103688,-0.5552920207671358,183,36.612021857923494,0.4121629763856123,-0.8229174281633128,2.05395976521823,-2.484562013995756,22.87431693989071,183,0,23.933676386506576,555.8986877561996
60.0,80.0,1,4.0,3.0,False,2020-01-01 00:00:00,2021-12-31 00:00:00,17490,10000.0,7283.48356161746,-27.165164383825402,-14.679869762456011,-42.9498124610069,-0.15624561177670954,-0.10058986793717102,-0.3417912424130725,214,35.046728971962615,0.7378841997727409,-0.4840203341376171,1.7407401937776341,-1.6844306909264217,13.453271028037383,214,0,16.460834762721554,555.8986877561996
60.0,80.0,1,4.0,3.0,True,2020-01-01 00:00:00,2021-12-31 00:00:00,17490,10000.0,7283.48356161746,-27.165164383825402,-14.679869762456011,-42.9498124610069,-0.15624561177670954,-0.10058986793717102,-0.3417912424130725,214,35.046728971962615,0.7378841997727409,-0.4840203341376171,1.7407401937776341,-1.6844306909264217,13.453271028037383,214,0,16.460834762721554,555.8986877561996
60.0,95.0,1,4.0,3.0,True,2020-01-01 00:00:00,2021-12-31 00:00:00,17490,10000.0,7283.48356161746,-27.165164383825402,-14.679869762456011,-42.9498124610069,-0.15624561177670954,-0.10058986793717102,-0.3417912424130725,214,35.046728971962615,0.7378841997727409,-0.4840203341376171,1.7407401937776341,-1.6844306909264217,13.453271028037383,214,0,16.460834762721554,555.8986877561996
60.0,95.0,1,4.0,3.0,False,2020-01-01 00:00:00,2021-12-31 00:00:00,17490,10000.0,7283.48356161746,-27.165164383825402,-14.679869762456011,-42.9498124610069,-0.15624561177670954,-0.10058986793717102,-0.3417912424130725,214,35.046728971962615,0.7378841997727409,-0.4840203341376171,1.7407401937776341,-1.6844306909264217,13.453271028037383,214,0,16.460834762721554,555.8986877561996
50.0,0.0,12,2.5,0.0,False,2020-01-01 00:00:00,2021-12-31 00:00:00,17490,10000.0,8598.147905195463,-14.018520948045365,-7.285811955713372,-25.733426593622177,-0.18572876679357642,-0.09606498511448719,-0.28312638152585173,173,44.50867052023121,0.8782568298830863,-0.7200184375940596,1.6706641622289993,-2.637545106202138,27.127167630057805,173,0,26.832475700400227,555.8986877561996
50.0,0.0,12,2.5,0.0,True,2020-01-01 00:00:00,2021-12-31 00:00:00,17490,10000.0,8598.147905195463,-14.018520948045365,-7.285811955713372,-25.733426593622177,-0.18572876679357642,-0.09606498511448719,-0.28312638152585173,173,44.50867052023121,0.8782568298830863,-0.7200184375940596,1.6706641622289993,-2.637545106202138,27.127167630057805,173,0,26.832475700400227,555.8986877561996
80.0,60.0,4,4.0,0.0,True,2020-01-01 00:00:00,2021-12-31 00:00:00,17490,10000.0,9469.957444335594,-5.300425556644061,-2.6908387977248482,-15.405418809318117,-0.18822095425174748,-0.03704985471055409,-0.1746683313859191,39,56.41025641025641,0.7711612214429013,-0.7393519187524529,1.446862297513591,-3.568570316273216,20.153846153846153,39,0,4.493996569468267,555.8986877561996
80.0,60.0,4,4.0,0.0,False,2020-01-01 00:00:00,2021-12-31 00:00:00,17490,10000.0,9469.957444335594,-5.300425556644061,-2.6908387977248482,-15.405418809318117,-0.18822095425174748,-0.03704985471055409,-0.1746683313859191,39,56.41025641025641,0.7711612214429013,-0.7393519187524529,1.446862297513591,-3.568570316273216,20.153846153846153,39,0,4.493996569468267,555.8986877561996
70.0,80.0,1,4.0,3.0,False,2020-01-01 00:00:00,2021-12-31 00:00:00,17490,10000.0,7016.028251325861,-29.839717486741392,-16.26371921921681,-45.09887001244039,-0.20171772762770976,-0.12272700347404926,-0.36062365231613364,189,34.39153439153439,0.6879871063148371,-0.5838134494957316,1.6462092949548204,-1.752776984893198,13.285714285714286,189,0,14.356775300171526,555.8986877561996
70.0,80.0,1,4.0,3.0,True,2020-01-01 00:00:00,2021-12-31 00:00:00,17490,10000.0,7016.028251325861,-29.839717486741392,-16.26371921921681,-45.09887001244039,-0.20171772762770976,-0.12272700347404926,-0.36062365231613364,189,34.39153439153439,0.6879871063148371,-0.5838134494957316,1.6462092949548204,-1.752776984893198,13.285714285714286,189,0,14.356775300171526,555.8986877561996
70.0,95.0,1,4.0,3.0,False,2020-01-01 00:00:00,2021-12-31 00:00:00,17490,10000.0,7016.028251325861,-29.839717486741392,-16.26371921921681,-45.09887001244039,-0.20171772762770976,-0.12272700347404926,-0.36062365231613364,189,34.39153439153439,0.6879871063148371,-0.5838134494957316,1.6462092949548204,-1.752776984893198,13.285714285714286,189,0,14.356775300171526,555.8986877561996
70.0,95.0,1,4.0,3.0,True,2020-01-01 00:00:00,2021-12-31 00:00:00,17490,10000.0,7016.028251325861,-29.839717486741392,-16.26371921921681,-45.09887001244039,-0.20171772762770976,-0.12272700347404926,-0.36062365231613364,189,34.39153439153439,0.6879871063148371,-0.5838134494957316,1.6462092949548204,-1.752776984893198,13.285714285714286,189,0,14.356775300171526,555.8986877561996
70.0,0.0,12,2.5,0.0,True,2020-01-01 00:00:00,2021-12-31 00:00:00,17490,10000.0,8503.0286411237,-14.969713588763012,-7.800955348560146,-25.1710272650132,-0.21165087229265506,-0.10337727161547927,-0.3099180365754554,153,43.13725490196079,0.8524946398828244,-0.8413026017073836,1.6456635316504473,-2.7279665649443587,27.405228758169933,153,0,23.973699256718124,555.8986877561996
70.0,0.0,12,2.5,0.0,False,2020-01-01 00:00:00,2021-12-31 00:00:00,17490,10000.0,8503.0286411237,-14.969713588763012,-7.800955348560146,-25.1710272650132,-0.21165087229265506,-0.10337727161547927,-0.3099180365754554,153,43.13725490196079,0.8524946398828244,-0.8413026017073836,1.6456635316504473,-2.7279665649443587,27.405228758169933,153,0,23.973699256718124,555.8986877561996
50.0,60.0,4,2.5,0.0,True,2020-01-01 00:00:00,2021-12-31 00:00:00,17490,10000.0,8544.375020408477,-14.556249795915232,-7.576681580654288,-26.39195123161837,-0.21868170118886845,-0.1020503556669151,-0.2870830396040286,195,40.0,0.8555961632097197,-0.5881169089397231,1.5864620364776838,-2.037836205884661,19.861538461538462,195,0,22.144082332761577,555.8986877561996
50.0,60.0,4,2.5,0.0,False,2020-01-01 00:00:00,2021-12-31 00:00:00,17490,10000.0,8544.375020408477,-14.556249795915232,-7.576681580654288,-26.39195123161837,-0.21868170118886845,-0.1020503556669151,-0.2870830396040286,195,40.0,0.8555961632097197,-0.5881169089397231,1.5864620364776838,-2.037836205884661,19.861538461538462,195,0,22.144082332761577,555.8986877561996
50.0,60.0,4,1.5,3.0,True,2020-01-01 00:00:00,2021-12-31 00:00:00,17490,10000.0,8750.952812007337,-12.490471879926623,-6.464176161021696,-27.93422127582327,-0.21963798918452976,-0.10483034777838571,-0.23140706509031495,224,32.589285714285715,0.880558654182644,-0.528286325754037,1.6673035917599661,-1.5897304580621314,13.767857142857142,224,0,17.632933104631217,555.8986877561996
50.0,60.0,4,1.5,3.0,False,2020-01-01 00:00:00,2021-12-31 00:00:00,17490,10000.0,8750.952812007337,-12.490471879926623,-6.464176161021696,-27.93422127582327,-0.21963798918452976,-0.10483034777838571,-0.23140706509031495,224,32.589285714285715,0.880558654182644,-0.528286325754037,1.6673035917599661,-1.5897304580621314,13.767857142857142,224,0,17.632933104631217,555.8986877561996
60.0,0.0,12,2.5,0.0,True,2020-01-01 00:00:00,2021-12-31 00:00:00,17490,10000.0,8454.739041442544,-15.45260958557455,-8.063581239748096,-25.733426593622156,-0.2205013874211086,-0.11371363605775427,-0.31335046696605096,174,43.67816091954023,0.8601145201572994,-0.7385044498873655,1.6848781026393416,-2.61786234776522,26.798850574712645,174,0,26.660949113779303,555.8986877561996
60.0,0.0,12,2.5,0.0,False,2020-01-01 00:00:00,2021-12-31 00:00:00,17490,10000.0,8454.739041442544,-15.45260958557455,-8.063581239748096,-25.733426593622156,-0.2205013874211086,-0.11371363605775427,-0.31335046696605096,174,43.67816091954023,0.8601145201572994,-0.7385044498873655,1.6848781026393416,-2.61786234776522,26.798850574712645,174,0,26.660949113779303,555.8986877561996
60.0,60.0,4,1.5,3.0,True,2020-01-01 00:00:00,2021-12-31 00:00:00,17490,10000.0,8729.727068893093,-12.702729311069072,-6.577876817215811,-27.934221275823255,-0.22562587572886084,-0.10736225877907145,-0.23547736492332033,224,32.589285714285715,0.8776879664785392,-0.5326128874082924,1.6673035917599668,-1.5961486687280468,13.6875,224,0,17.53001715265866,555.8986877561996
60.0,60.0,4,1.5,3.0,False,2020-01-01 00:00:00,2021-12-31 00:00:00,17490,10000.0,8729.727068893093,-12.702729311069072,-6.577876817215811,-27.934221275823255,-0.22562587572886084,-0.10736225877907145,-0.23547736492332033,224,32.589285714285715,0.8776879664785392,-0.5326128874082924,1.6673035917599668,-1.5961486687280468,13.6875,224,0,17.53001715265866,555.8986877561996
80.0,0.0,4,4.0,0.0,True,2020-01-01 00:00:00,2021-12-31 00:00:00,17490,10000.0,9388.704022875094,-6.11295977124906,-3.1099165821226626,-15.405418809318117,-0.23008888603435745,-0.04490188987078288,-0.2018716024936368,39,56.41025641025641,0.7325788105974229,-0.8243133447022873,1.3164388864073355,-3.5946985849617996,20.153846153846153,39,0,4.493996569468267,555.8986877561996
80.0,0.0,4,4.0,0.0,False,2020-01-01 00:00:00,2021-12-31 00:00:00,17490,10000.0,9388.704022875094,-6.11295977124906,-3.1099165821226626,-15.405418809318117,-0.23008888603435745,-0.04490188987078288,-0.2018716024936368,39,56.41025641025641,0.7325788105974229,-0.8243133447022873,1.3164388864073355,-3.5946985849617996,20.153846153846153,39,0,4.493996569468267,555.8986877561996
70.0,60.0,4,2.5,0.0,False,2020-01-01 00:00:00,2021-12-31 00:00:00,17490,10000.0,8446.716437884417,-15.532835621155828,-8.107285108938811,-24.348787036761177,-0.24562541521639913,-0.1079862602460987,-0.332964639951002,168,39.88095238095238,0.8208863131169039,-0.6862088967850314,1.441690545231194,-2.0977857543601512,20.583333333333332,168,0,19.771297884505433,555.8986877561996
70.0,60.0,4,2.5,0.0,True,2020-01-01 00:00:00,2021-12-31 00:00:00,17490,10000.0,8446.716437884417,-15.532835621155828,-8.107285108938811,-24.348787036761177,-0.24562541521639913,-0.1079862602460987,-0.332964639951002,168,39.88095238095238,0.8208863131169039,-0.6862088967850314,1.441690545231194,-2.0977857543601512,20.583333333333332,168,0,19.771297884505433,555.8986877561996
70.0,80.0,12,2.5,0.0,False,2020-01-01 00:00:00,2021-12-31 00:00:00,17490,10000.0,2715.625301805917,-72.84374698194082,-47.946565299674724,-82.24620565738554,-0.2533040885430305,-0.1074280603542445,-0.582963857316489,153,33.98692810457516,0.3473803448779532,-1.1010760304543339,2.422447484380636,-2.9151673450228333,27.405228758169933,153,0,23.973699256718124,555.8986877561996
70.0,80.0,12,2.5,0.0,True,2020-01-01 00:00:00,2021-12-31 00:00:00,17490,10000.0,2715.625301805917,-72.84374698194082,-47.946565299674724,-82.24620565738554,-0.2533040885430305,-0.1074280603542445,-0.582963857316489,153,33.98692810457516,0.3473803448779532,-1.1010760304543339,2.422447484380636,-2.9151673450228333,27.405228758169933,153,0,23.973699256718124,555.8986877561996
70.0,95.0,12,2.5,0.0,False,2020-01-01 00:00:00,2021-12-31 00:00:00,17490,10000.0,2715.625301805917,-72.84374698194082,-47.946565299674724,-82.24620565738554,-0.2533040885430305,-0.1074280603542445,-0.582963857316489,153,33.98692810457516,0.3473803448779532,-1.1010760304543339,2.422447484380636,-2.9151673450228333,27.405228758169933,153,0,23.973699256718124,555.8986877561996
70.0,95.0,12,2.5,0.0,True,2020-01-01 00:00:00,2021-12-31 00:00:00,17490,10000.0,2715.625301805917,-72.84374698194082,-47.946565299674724,-82.24620565738554,-0.2533040885430305,-0.1074280603542445,-0.582963857316489,153,33.98692810457516,0.3473803448779532,-1.1010760304543339,2.422447484380636,-2.9151673450228333,27.405228758169933,153,0,23.973699256718124,555.8986877561996
60.0,60.0,4,2.5,0.0,True,2020-01-01 00:00:00,2021-12-31 00:00:00,17490,10000.0,8406.82654911054,-15.931734508894602,-8.324897219640848,-26.39195123161835,-0.25389114043701244,-0.11805222127656695,-0.3154331844046215,196,39.285714285714285,0.8367609429166306,-0.6055389048623218,1.6012054449728355,-2.0334323076968346,19.607142857142858,196,0,21.972555746140653,555.8986877561996
60.0,60.0,4,2.5,0.0,False,2020-01-01 00:00:00,2021-12-31 00:00:00,17490,10000.0,8406.82654911054,-15.931734508894602,-8.324897219640848,-26.39195123161835,-0.25389114043701244,-0.11805222127656695,-0.3154331844046215,196,39.285714285714285,0.8367609429166306,-0.6055389048623218,1.6012054449728355,-2.0334323076968346,19.607142857142858,196,0,21.972555746140653,555.8986877561996
70.0,60.0,4,1.5,3.0,False,2020-01-01 00:00:00,2021-12-31 00:00:00,17490,10000.0,8532.53794248853,-14.674620575114695,-7.640833594355301,-28.054853532788915,-0.29623640539665946,-0.13215803042286334,-0.2723533589446521,195,32.30769230769231,0.8334573651399134,-0.6430949168739372,1.5462032445779519,-1.687987221203248,13.584615384615384,195,0,15.145797598627787,555.8986877561996
70.0,60.0,4,1.5,3.0,True,2020-01-01 00:00:00,2021-12-31 00:00:00,17490,10000.0,8532.53794248853,-14.674620575114695,-7.640833594355301,-28.054853532788915,-0.29623640539665946,-0.13215803042286334,-0.2723533589446521,195,32.30769230769231,0.8334573651399134,-0.6430949168739372,1.5462032445779519,-1.687987221203248,13.584615384615384,195,0,15.145797598627787,555.8986877561996
70.0,95.0,4,2.5,0.0,False,2020-01-01 00:00:00,2021-12-31 00:00:00,17490,10000.0,2670.1098214051012,-73.29890178594898,-48.38537996388163,-81.33107898235417,-0.31421381518775693,-0.12046876358055937,-0.5949187022882048,168,32.142857142857146,0.2999221109549969,-0.9310748036175641,2.222230691069806,-2.424745827416845,20.583333333333332,168,0,19.771297884505433,555.8986877561996
70.0,95.0,4,2.5,0.0,True,2020-01-01 00:00:00,2021-12-31 00:00:00,17490,10000.0,2670.1098214051012,-73.29890178594898,-48.38537996388163,-81.33107898235417,-0.31421381518775693,-0.12046876358055937,-0.5949187022882048,168,32.142857142857146,0.2999221109549969,-0.9310748036175641,2.222230691069806,-2.424745827416845,20.583333333333332,168,0,19.771297884505433,555.8986877561996
70.0,80.0,4,2.5,0.0,True,2020-01-01 00:00:00,2021-12-31 00:00:00,17490,10000.0,2670.1098214051012,-73.29890178594898,-48.38537996388163,-81.33107898235417,-0.31421381518775693,-0.12046876358055937,-0.5949187022882048,168,32.142857142857146,0.2999221109549969,-0.9310748036175641,2.222230691069806,-2.424745827416845,20.583333333333332,168,0,19.771297884505433,555.8986877561996
70.0,80.0,4,2.5,0.0,False,2020-01-01 00:00:00,2021-12-31 00:00:00,17490,10000.0,2670.1098214051012,-73.29890178594898,-48.38537996388163,-81.33107898235417,-0.31421381518775693,-0.12046876358055937,-0.5949187022882048,168,32.142857142857146,0.2999221109549969,-0.9310748036175641,2.222230691069806,-2.424745827416845,20.583333333333332,168,0,19.771297884505433,555.8986877561996
60.0,80.0,12,2.5,0.0,False,2020-01-01 00:00:00,2021-12-31 00:00:00,17490,10000.0,2426.058519816623,-75.73941480183377,-50.80475731968252,-82.72599306505022,-0.31867105600251133,-0.14253630721413707,-0.6141329398092935,174,33.9080459770115,0.3498971928628872,-1.0324280937911763,2.458865716433057,-2.8236136138192616,26.798850574712645,174,0,26.660949113779303,555.8986877561996
60.0,80.0,12,2.5,0.0,True,2020-01-01 00:00:00,2021-12-31 00:00:00,17490,10000.0,2426.058519816623,-75.73941480183377,-50.80475731968252,-82.72599306505022,-0.31867105600251133,-0.14253630721413707,-0.6141329398092935,174,33.9080459770115,0.3498971928628872,-1.0324280937911763,2.458865716433057,-2.8236136138192616,26.798850574712645,174,0,26.660949113779303,555.8986877561996
60.0,95.0,12,2.5,0.0,False,2020-01-01 00:00:00,2021-12-31 00:00:00,17490,10000.0,2426.058519816623,-75.73941480183377,-50.80475731968252,-82.72599306505022,-0.31867105600251133,-0.14253630721413707,-0.6141329398092935,174,33.9080459770115,0.3498971928628872,-1.0324280937911763,2.458865716433057,-2.8236136138192616,26.798850574712645,174,0,26.660949113779303,555.8986877561996
60.0,95.0,12,2.5,0.0,True,2020-01-01 00:00:00,2021-12-31 00:00:00,17490,10000.0,2426.058519816623,-75.73941480183377,-50.80475731968252,-82.72599306505022,-0.31867105600251133,-0.14253630721413707,-0.6141329398092935,174,33.9080459770115,0.3498971928628872,-1.0324280937911763,2.458865716433057,-2.8236136138192616,26.798850574712645,174,0,26.660949113779303,555.8986877561996
70.0,80.0,1,4.0,0.0,False,2020-01-01 00:00:00,2021-12-31 00:00:00,17490,10000.0,5332.985041870594,-46.67014958129406,-27.0120739138766,-56.47025248000057,-0.3251359935649032,-0.1577138594163159,-0.4783416529515812,179,39.10614525139665,0.5425972263740075,-0.6283814584359508,1.6655075502045693,-2.1015211887555507,16.88826815642458,179,0,17.284162378502,555.8986877561996
70.0,80.0,1,4.0,0.0,True,2020-01-01 00:00:00,2021-12-31 00:00:00,17490,10000.0,5332.985041870594,-46.67014958129406,-27.0120739138766,-56.47025248000057,-0.3251359935649032,-0.1577138594163159,-0.4783416529515812,179,39.10614525139665,0.5425972263740075,-0.6283814584359508,1.6655075502045693,-2.1015211887555507,16.88826815642458,179,0,17.284162378502,555.8986877561996
70.0,95.0,1,4.0,0.0,False,2020-01-01 00:00:00,2021-12-31 00:00:00,17490,10000.0,5332.985041870594,-46.67014958129406,-27.0120739138766,-56.47025248000057,-0.3251359935649032,-0.1577138594163159,-0.4783416529515812,179,39.10614525139665,0.5425972263740075,-0.6283814584359508,1.6655075502045693,-2.1015211887555507,16.88826815642458,179,0,17.284162378502,555.8986877561996
70.0,95.0,1,4.0,0.0,True,2020-01-01 00:00:00,2021-12-31 00:00:00,17490,10000.0,5332.985041870594,-46.67014958129406,-27.0120739138766,-56.47025248000057,-0.3251359935649032,-0.1577138594163159,-0.4783416529515812,179,39.10614525139665,0.5425972263740075,-0.6283814584359508,1.6655075502045693,-2.1015211887555507,16.88826815642458,179,0,17.284162378502,555.8986877561996
50.0,95.0,12,2.5,0.0,False,2020-01-01 00:00:00,2021-12-31 00:00:00,17490,10000.0,2393.387259227568,-76.06612740772431,-51.13769970035731,-82.72599306504911,-0.32542277601677233,-0.1460902768848668,-0.6181575802921666,173,34.104046242774565,0.3460619873406251,-1.0220672963932975,2.4588657164330585,-2.8236028030315,27.127167630057805,173,0,26.832475700400227,555.8986877561996
50.0,95.0,12,2.5,0.0,True,2020-01-01 00:00:00,2021-12-31 00:00:00,17490,10000.0,2393.387259227568,-76.06612740772431,-51.13769970035731,-82.72599306504911,-0.32542277601677233,-0.1460902768848668,-0.6181575802921666,173,34.104046242774565,0.3460619873406251,-1.0220672963932975,2.4588657164330585,-2.8236028030315,27.127167630057805,173,0,26.832475700400227,555.8986877561996
50.0,80.0,12,2.5,0.0,False,2020-01-01 00:00:00,2021-12-31 00:00:00,17490,10000.0,2393.387259227568,-76.06612740772431,-51.13769970035731,-82.72599306504911,-0.32542277601677233,-0.1460902768848668,-0.6181575802921666,173,34.104046242774565,0.3460619873406251,-1.0220672963932975,2.4588657164330585,-2.8236028030315,27.127167630057805,173,0,26.832475700400227,555.8986877561996
50.0,80.0,12,2.5,0.0,True,2020-01-01 00:00:00,2021-12-31 00:00:00,17490,10000.0,2393.387259227568,-76.06612740772431,-51.13769970035731,-82.72599306504911,-0.32542277601677233,-0.1460902768848668,-0.6181575802921666,173,34.104046242774565,0.3460619873406251,-1.0220672963932975,2.4588657164330585,-2.8236028030315,27.127167630057805,173,0,26.832475700400227,555.8986877561996
50.0,0.0,4,2.5,0.0,True,2020-01-01 00:00:00,2021-12-31 00:00:00,17490,10000.0,8199.16938347603,-18.008306165239695,-9.466152910572045,-24.390880060922893,-0.3472538569737491,-0.1587661432687466,-0.38810214666005244,195,39.48717948717949,0.8019363796287788,-0.5971996810824433,1.561538599089522,-2.005867880855674,19.861538461538462,195,0,22.144082332761577,555.8986877561996
50.0,0.0,4,2.5,0.0,False,2020-01-01 00:00:00,2021-12-31 00:00:00,17490,10000.0,8199.16938347603,-18.008306165239695,-9.466152910572045,-24.390880060922893,-0.3472538569737491,-0.1587661432687466,-0.38810214666005244,195,39.48717948717949,0.8019363796287788,-0.5971996810824433,1.561538599089522,-2.005867880855674,19.861538461538462,195,0,22.144082332761577,555.8986877561996
60.0,60.0,12,4.0,3.0,True,2020-01-01 00:00:00,2021-12-31 00:00:00,17490,10000.0,7968.987098287741,-20.31012901712259,-10.748196229053287,-29.316138105368427,-0.3519624424034269,-0.18064631727036823,-0.36663069980165824,179,40.22346368715084,0.7731902928914322,-0.5924385312078441,1.6519941729460583,-2.1027110050310305,24.798882681564248,179,0,25.38021726700972,555.8986877561996
60.0,60.0,12,4.0,3.0,False,2020-01-01 00:00:00,2021-12-31 00:00:00,17490,10000.0,7968.987098287741,-20.31012901712259,-10.748196229053287,-29.316138105368427,-0.3519624424034269,-0.18064631727036823,-0.36663069980165824,179,40.22346368715084,0.7731902928914322,-0.5924385312078441,1.6519941729460583,-2.1027110050310305,24.798882681564248,179,0,25.38021726700972,555.8986877561996
70.0,60.0,12,4.0,3.0,False,2020-01-01 00:00:00,2021-12-31 00:00:00,17490,10000.0,7974.557976602881,-20.25442023397118,-10.716951547933062,-28.907433511489,-0.3654144839480515,-0.17688732567307874,-0.37073341511530955,158,39.87341772151899,0.7531238081409383,-0.7008173654787325,1.6050494077518673,-2.2299711203579724,24.740506329113924,158,0,22.349914236706688,555.8986877561996
70.0,60.0,12,4.0,3.0,True,2020-01-01 00:00:00,2021-12-31 00:00:00,17490,10000.0,7974.557976602881,-20.25442023397118,-10.716951547933062,-28.907433511489,-0.3654144839480515,-0.17688732567307874,-0.37073341511530955,158,39.87341772151899,0.7531238081409383,-0.7008173654787325,1.6050494077518673,-2.2299711203579724,24.740506329113924,158,0,22.349914236706688,555.8986877561996
50.0,60.0,12,4.0,3.0,True,2020-01-01 00:00:00,2021-12-31 00:00:00,17490,10000.0,7905.257229288193,-20.94742770711807,-11.106408625197496,-29.316138105368385,-0.36880310094422686,-0.18941485200093286,-0.37884964879339567,180,39.44444444444444,0.7647273829489897,-0.5996885879021717,1.6742333569970453,-2.0808671024695515,24.67222222222222,180,0,25.39165237278445,555.8986877561996
50.0,60.0,12,4.0,3.0,False,2020-01-01 00:00:00,2021-12-31 00:00:00,17490,10000.0,7905.257229288193,-20.94742770711807,-11.106408625197496,-29.316138105368385,-0.36880310094422686,-0.18941485200093286,-0.37884964879339567,180,39.44444444444444,0.7647273829489897,-0.5996885879021717,1.6742333569970453,-2.0808671024695515,24.67222222222222,180,0,25.39165237278445,555.8986877561996
70.0,0.0,4,2.5,0.0,True,2020-01-01 00:00:00,2021-12-31 00:00:00,17490,10000.0,8101.508745575006,-18.984912544249934,-10.007869057410733,-23.50316182219633,-0.3767578943801618,-0.162422722206478,-0.4258094775980024,168,39.88095238095238,0.7618649582254934,-0.690068179458458,1.3980641201002595,-2.0752648534231515,20.583333333333332,168,0,19.771297884505433,555.8986877561996
70.0,0.0,4,2.5,0.0,False,2020-01-01 00:00:00,2021-12-31 00:00:00,17490,10000.0,8101.508745575006,-18.984912544249934,-10.007869057410733,-23.50316182219633,-0.3767578943801618,-0.162422722206478,-0.4258094775980024,168,39.88095238095238,0.7618649582254934,-0.690068179458458,1.3980641201002595,-2.0752648534231515,20.583333333333332,168,0,19.771297884505433,555.8986877561996
60.0,0.0,4,2.5,0.0,False,2020-01-01 00:00:00,2021-12-31 00:00:00,17490,10000.0,8062.415098952602,-19.375849010473978,-10.225631550432368,-24.703821620574974,-0.3865062749388234,-0.17608362128657887,-0.41392913645052337,196,38.775510204081634,0.782261591709612,-0.614237359120948,1.5743166768269763,-2.0003215818879667,19.607142857142858,196,0,21.972555746140653,555.8986877561996
60.0,0.0,4,2.5,0.0,True,2020-01-01 00:00:00,2021-12-31 00:00:00,17490,10000.0,8062.415098952602,-19.375849010473978,-10.225631550432368,-24.703821620574974,-0.3865062749388234,-0.17608362128657887,-0.41392913645052337,196,38.775510204081634,0.782261591709612,-0.614237359120948,1.5743166768269763,-2.0003215818879667,19.607142857142858,196,0,21.972555746140653,555.8986877561996
60.0,80.0,1,4.0,0.0,True,2020-01-01 00:00:00,2021-12-31 00:00:00,17490,10000.0,4945.524809656184,-50.54475190343817,-29.718027950402092,-59.22970781871308,-0.3889107175033361,-0.1990491574626064,-0.5017419306095742,204,38.23529411764706,0.5359098484505053,-0.5913435765569542,1.7851968820413855,-2.062535289022594,16.715686274509803,204,0,19.49685534591195,555.8986877561996
60.0,80.0,1,4.0,0.0,False,2020-01-01 00:00:00,2021-12-31 00:00:00,17490,10000.0,4945.524809656184,-50.54475190343817,-29.718027950402092,-59.22970781871308,-0.3889107175033361,-0.1990491574626064,-0.5017419306095742,204,38.23529411764706,0.5359098484505053,-0.5913435765569542,1.7851968820413855,-2.062535289022594,16.715686274509803,204,0,19.49685534591195,555.8986877561996
60.0,95.0,1,4.0,0.0,False,2020-01-01 00:00:00,2021-12-31 00:00:00,17490,10000.0,4945.524809656184,-50.54475190343817,-29.718027950402092,-59.22970781871308,-0.3889107175033361,-0.1990491574626064,-0.5017419306095742,204,38.23529411764706,0.5359098484505053,-0.5913435765569542,1.7851968820413855,-2.062535289022594,16.715686274509803,204,0,19.49685534591195,555.8986877561996
60.0,95.0,1,4.0,0.0,True,2020-01-01 00:00:00,2021-12-31 00:00:00,17490,10000.0,4945.524809656184,-50.54475190343817,-29.718027950402092,-59.22970781871308,-0.3889107175033361,-0.1990491574626064,-0.5017419306095742,204,38.23529411764706,0.5359098484505053,-0.5913435765569542,1.7851968820413855,-2.062535289022594,16.715686274509803,204,0,19.49685534591195,555.8986877561996
60.0,80.0,4,2.5,0.0,False,2020-01-01 00:00:00,2021-12-31 00:00:00,17490,10000.0,2354.4307585137285,-76.45569241486272,-51.5376722860726,-82.2245989356619,-0.39009326315284437,-0.1579109893737252,-0.6267914097872239,196,31.632653061224488,0.3001889482049479,-0.9151284303147151,2.3339141248546333,-2.418416776736354,19.607142857142858,196,0,21.972555746140653,555.8986877561996
60.0,80.0,4,2.5,0.0,True,2020-01-01 00:00:00,2021-12-31 00:00:00,17490,10000.0,2354.4307585137285,-76.45569241486272,-51.5376722860726,-82.2245989356619,-0.39009326315284437,-0.1579109893737252,-0.6267914097872239,196,31.632653061224488,0.3001889482049479,-0.9151284303147151,2.3339141248546333,-2.418416776736354,19.607142857142858,196,0,21.972555746140653,555.8986877561996
60.0,95.0,4,2.5,0.0,True,2020-01-01 00:00:00,2021-12-31 00:00:00,17490,10000.0,2354.4307585137285,-76.45569241486272,-51.5376722860726,-82.2245989356619,-0.39009326315284437,-0.1579109893737252,-0.6267914097872239,196,31.632653061224488,0.3001889482049479,-0.9151284303147151,2.3339141248546333,-2.418416776736354,19.607142857142858,196,0,21.972555746140653,555.8986877561996
60.0,95.0,4,2.5,0.0,False,2020-01-01 00:00:00,2021-12-31 00:00:00,17490,10000.0,2354.4307585137285,-76.45569241486272,-51.5376722860726,-82.2245989356619,-0.39009326315284437,-0.1579109893737252,-0.6267914097872239,196,31.632653061224488,0.3001889482049479,-0.9151284303147151,2.3339141248546333,-2.418416776736354,19.607142857142858,196,0,21.972555746140653,555.8986877561996
50.0,0.0,4,1.5,3.0,True,2020-01-01 00:00:00,2021-12-31 00:00:00,17490,10000.0,8507.314124254624,-14.926858757453754,-7.777684498425142,-24.950008211408225,-0.3911188107498072,-0.17558409337966735,-0.3117307390251218,224,33.035714285714285,0.8333928777630789,-0.5139198280779762,1.59086030025142,-1.552278024720478,13.767857142857142,224,0,17.632933104631217,555.8986877561996
50.0,0.0,4,1.5,3.0,False,2020-01-01 00:00:00,2021-12-31 00:00:00,17490,10000.0,8507.314124254624,-14.926858757453754,-7.777684498425142,-24.950008211408225,-0.3911188107498072,-0.17558409337966735,-0.3117307390251218,224,33.035714285714285,0.8333928777630789,-0.5139198280779762,1.59086030025142,-1.552278024720478,13.767857142857142,224,0,17.632933104631217,555.8986877561996
50.0,80.0,1,4.0,0.0,False,2020-01-01 00:00:00,2021-12-31 00:00:00,17490,10000.0,4917.552702184286,-50.82447297815713,-29.9174096927608,-59.22970781871296,-0.3926255790231228,-0.20150034604714756,-0.5051081761931084,204,38.23529411764706,0.5331691323241419,-0.5904810291474851,1.7851968820413846,-2.061138783692976,16.794117647058822,204,0,19.58833619210978,555.8986877561996
50.0,80.0,1,4.0,0.0,True,2020-01-01 00:00:00,2021-12-31 00:00:00,17490,10000.0,4917.552702184286,-50.82447297815713,-29.9174096927608,-59.22970781871296,-0.3926255790231228,-0.20150034604714756,-0.5051081761931084,204,38.23529411764706,0.5331691323241419,-0.5904810291474851,1.7851968820413846,-2.061138783692976,16.794117647058822,204,0,19.58833619210978,555.8986877561996
50.0,95.0,1,4.0,0.0,True,2020-01-01 00:00:00,2021-12-31 00:00:00,17490,10000.0,4917.552702184286,-50.82447297815713,-29.9174096927608,-59.22970781871296,-0.3926255790231228,-0.20150034604714756,-0.5051081761931084,204,38.23529411764706,0.5331691323241419,-0.5904810291474851,1.7851968820413846,-2.061138783692976,16.794117647058822,204,0,19.58833619210978,555.8986877561996
50.0,95.0,1,4.0,0.0,False,2020-01-01 00:00:00,2021-12-31 00:00:00,17490,10000.0,4917.552702184286,-50.82447297815713,-29.9174096927608,-59.22970781871296,-0.3926255790231228,-0.20150034604714756,-0.5051081761931084,204,38.23529411764706,0.5331691323241419,-0.5904810291474851,1.7851968820413846,-2.061138783692976,16.794117647058822,204,0,19.58833619210978,555.8986877561996
50.0,95.0,4,2.5,0.0,True,2020-01-01 00:00:00,2021-12-31 00:00:00,17490,10000.0,2322.7240951243634,-76.77275904875637,-51.86565446246024,-82.2245989356621,-0.39703348661636545,-0.16139945189971572,-0.6307802669009468,195,31.794871794871796,0.29675978685212234,-0.9053350066567196,2.3339141248546347,-2.415360917586825,19.861538461538462,195,0,22.144082332761577,555.8986877561996
50.0,95.0,4,2.5,0.0,False,2020-01-01 00:00:00,2021-12-31 00:00:00,17490,10000.0,2322.7240951243634,-76.77275904875637,-51.86565446246024,-82.2245989356621,-0.39703348661636545,-0.16139945189971572,-0.6307802669009468,195,31.794871794871796,0.29675978685212234,-0.9053350066567196,2.3339141248546347,-2.415360917586825,19.861538461538462,195,0,22.144082332761577,555.8986877561996
50.0,80.0,4,2.5,0.0,True,2020-01-01 00:00:00,2021-12-31 00:00:00,17490,10000.0,2322.7240951243634,-76.77275904875637,-51.86565446246024,-82.2245989356621,-0.39703348661636545,-0.16139945189971572,-0.6307802669009468,195,31.794871794871796,0.29675978685212234,-0.9053350066567196,2.3339141248546347,-2.415360917586825,19.861538461538462,195,0,22.144082332761577,555.8986877561996
50.0,80.0,4,2.5,0.0,False,2020-01-01 00:00:00,2021-12-31 00:00:00,17490,10000.0,2322.7240951243634,-76.77275904875637,-51.86565446246024,-82.2245989356621,-0.39703348661636545,-0.16139945189971572,-0.6307802669009468,195,31.794871794871796,0.29675978685212234,-0.9053350066567196,2.3339141248546347,-2.415360917586825,19.861538461538462,195,0,22.144082332761577,555.8986877561996
70.0,80.0,4,2.5,3.0,False,2020-01-01 00:00:00,2021-12-31 00:00:00,17490,10000.0,7147.0487747674615,-28.529512252325382,-15.48412983622831,-42.25583966325785,-0.39844186333939335,-0.1827910422916154,-0.36643763228049203,178,29.775280898876403,0.6948859341087938,-0.8578577976021299,2.091179766494396,-2.108249724779057,16.47752808988764,178,0,16.769582618639223,555.8986877561996
70.0,80.0,4,2.5,3.0,True,2020-01-01 00:00:00,2021-12-31 00:00:00,17490,10000.0,7147.0487747674615,-28.529512252325382,-15.48412983622831,-42.25583966325785,-0.39844186333939335,-0.1827910422916154,-0.36643763228049203,178,29.775280898876403,0.6948859341087938,-0.8578577976021299,2.091179766494396,-2.108249724779057,16.47752808988764,178,0,16.769582618639223,555.8986877561996
70.0,95.0,4,2.5,3.0,True,2020-01-01 00:00:00,2021-12-31 00:00:00,17490,10000.0,7147.0487747674615,-28.529512252325382,-15.48412983622831,-42.25583966325785,-0.39844186333939335,-0.1827910422916154,-0.36643763228049203,178,29.775280898876403,0.6948859341087938,-0.8578577976021299,2.091179766494396,-2.108249724779057,16.47752808988764,178,0,16.769582618639223,555.8986877561996
70.0,95.0,4,2.5,3.0,False,2020-01-01 00:00:00,2021-12-31 00:00:00,17490,10000.0,7147.0487747674615,-28.529512252325382,-15.48412983622831,-42.25583966325785,-0.39844186333939335,-0.1827910422916154,-0.36643763228049203,178,29.775280898876403,0.6948859341087938,-0.8578577976021299,2.091179766494396,-2.108249724779057,16.47752808988764,178,0,16.769582618639223,555.8986877561996
50.0,60.0,1,1.5,0.0,False,2020-01-01 00:00:00,2021-12-31 00:00:00,17490,10000.0,8362.689721033265,-16.37310278966736,-8.566279232308084,-24.36672993435087,-0.398468707839029,-0.17268777050853473,-0.3515563744247773,232,37.06896551724138,0.8025555576477229,-0.3928240785498549,1.3019496071324157,-1.3911154276503706,12.327586206896552,232,0,16.352201257861637,555.8986877561996
50.0,60.0,1,1.5,0.0,True,2020-01-01 00:00:00,2021-12-31 00:00:00,17490,10000.0,8362.689721033265,-16.37310278966736,-8.566279232308084,-24.36672993435087,-0.398468707839029,-0.17268777050853473,-0.3515563744247773,232,37.06896551724138,0.8025555576477229,-0.3928240785498549,1.3019496071324157,-1.3911154276503706,12.327586206896552,232,0,16.352201257861637,555.8986877561996
60.0,0.0,4,1.5,3.0,False,2020-01-01 00:00:00,2021-12-31 00:00:00,17490,10000.0,8486.679335326731,-15.133206646732688,-7.889788474825965,-24.950008211408292,-0.39849125190430995,-0.1783288880668226,-0.31622388289308817,224,33.035714285714285,0.8304730498735536,-0.5182463897322322,1.590860300251419,-1.5587390234575003,13.6875,224,0,17.53001715265866,555.8986877561996
60.0,0.0,4,1.5,3.0,True,2020-01-01 00:00:00,2021-12-31 00:00:00,17490,10000.0,8486.679335326731,-15.133206646732688,-7.889788474825965,-24.950008211408292,-0.39849125190430995,-0.1783288880668226,-0.31622388289308817,224,33.035714285714285,0.8304730498735536,-0.5182463897322322,1.590860300251419,-1.5587390234575003,13.6875,224,0,17.53001715265866,555.8986877561996
60.0,0.0,12,4.0,3.0,True,2020-01-01 00:00:00,2021-12-31 00:00:00,17490,10000.0,7983.236141507799,-20.16763858492201,-10.66830111793583,-28.566136905523855,-0.4033440503940687,-0.2060753345749453,-0.37345970696768915,179,40.78212290502793,0.7703259241130389,-0.5825218533139769,1.6173618290053209,-2.0975360873640594,24.798882681564248,179,0,25.38021726700972,555.8986877561996
60.0,0.0,12,4.0,3.0,False,2020-01-01 00:00:00,2021-12-31 00:00:00,17490,10000.0,7983.236141507799,-20.16763858492201,-10.66830111793583,-28.566136905523855,-0.4033440503940687,-0.2060753345749453,-0.37345970696768915,179,40.78212290502793,0.7703259241130389,-0.5825218533139769,1.6173618290053209,-2.0975360873640594,24.798882681564248,179,0,25.38021726700972,555.8986877561996
60.0,60.0,4,4.0,3.0,False,2020-01-01 00:00:00,2021-12-31 00:00:00,17490,10000.0,8269.999380681807,-17.30000619318193,-9.07527661602774,-27.40819676838043,-0.40565643352913233,-0.19442388635685628,-0.331115421153772,198,36.86868686868687,0.7946462243779965,-0.520853793884519,1.615591224407328,-1.7685376845669578,17.651515151515152,198,0,19.98284734133791,555.8986877561996
60.0,60.0,4,4.0,3.0,True,2020-01-01 00:00:00,2021-12-31 00:00:00,17490,10000.0,8269.999380681807,-17.30000619318193,-9.07527661602774,-27.40819676838043,-0.40565643352913233,-0.19442388635685628,-0.331115421153772,198,36.86868686868687,0.7946462243779965,-0.520853793884519,1.615591224407328,-1.7685376845669578,17.651515151515152,198,0,19.98284734133791,555.8986877561996
50.0,60.0,12,1.5,3.0,True,2020-01-01 00:00:00,2021-12-31 00:00:00,17490,10000.0,7953.014185795997,-20.46985814204003,-10.83784197816633,-33.50752321146667,-0.4191396082008668,-0.20883438855653738,-0.3234450338143015,206,28.640776699029125,0.7846415845877737,-0.6884357455820628,1.9052701725747945,-1.7294469644341348,16.699029126213592,206,0,19.668381932532878,555.8986877561996
50.0,60.0,12,1.5,3.0,False,2020-01-01 00:00:00,2021-12-31 00:00:00,17490,10000.0,7953.014185795997,-20.46985814204003,-10.83784197816633,-33.50752321146667,-0.4191396082008668,-0.20883438855653738,-0.3234450338143015,206,28.640776699029125,0.7846415845877737,-0.6884357455820628,1.9052701725747945,-1.7294469644341348,16.699029126213592,206,0,19.668381932532878,555.8986877561996
50.0,0.0,12,4.0,3.0,False,2020-01-01 00:00:00,2021-12-31 00:00:00,17490,10000.0,7917.396317096512,-20.826036829034887,-11.038066503861243,-28.566136905524033,-0.4223491288057697,-0.21593204028074925,-0.3864038928458239,180,40.0,0.7610848534363841,-0.5893723078219204,1.636780999407309,-2.0734745126414067,24.67222222222222,180,0,25.39165237278445,555.8986877561996
50.0,0.0,12,4.0,3.0,True,2020-01-01 00:00:00,2021-12-31 00:00:00,17490,10000.0,7917.396317096512,-20.826036829034887,-11.038066503861243,-28.566136905524033,-0.4223491288057697,-0.21593204028074925,-0.3864038928458239,180,40.0,0.7610848534363841,-0.5893723078219204,1.636780999407309,-2.0734745126414067,24.67222222222222,180,0,25.39165237278445,555.8986877561996
60.0,60.0,12,1.5,3.0,True,2020-01-01 00:00:00,2021-12-31 00:00:00,17490,10000.0,7933.723870819092,-20.662761291809083,-10.946226075923548,-33.5075232114667,-0.4248809961936738,-0.21111640619438193,-0.32667965360619705,206,28.640776699029125,0.7822548045499451,-0.6931403563129034,1.905270172574795,-1.736039820288238,16.611650485436893,206,0,19.56546598056032,555.8986877561996
60.0,60.0,12,1.5,3.0,False,2020-01-01 00:00:00,2021-12-31 00:00:00,17490,10000.0,7933.723870819092,-20.662761291809083,-10.946226075923548,-33.5075232114667,-0.4248809961936738,-0.21111640619438193,-0.32667965360619705,206,28.640776699029125,0.7822548045499451,-0.6931403563129034,1.905270172574795,-1.736039820288238,16.611650485436893,206,0,19.56546598056032,555.8986877561996
50.0,60.0,4,4.0,3.0,True,2020-01-01 00:00:00,2021-12-31 00:00:00,17490,10000.0,8203.862245477938,-17.961377545220625,-9.440203280319249,-27.408196768380577,-0.42699734960842123,-0.20480913799124345,-0.34442992948773354,199,36.18090452261306,0.78521215520777,-0.5277713564086519,1.6370159343945663,-1.7550523401711067,17.57286432160804,199,0,19.994282447112635,555.8986877561996
50.0,60.0,4,4.0,3.0,False,2020-01-01 00:00:00,2021-12-31 00:00:00,17490,10000.0,8203.862245477938,-17.961377545220625,-9.440203280319249,-27.408196768380577,-0.42699734960842123,-0.20480913799124345,-0.34442992948773354,199,36.18090452261306,0.78521215520777,-0.5277713564086519,1.6370159343945663,-1.7550523401711067,17.57286432160804,199,0,19.994282447112635,555.8986877561996
80.0,60.0,1,4.0,0.0,True,2020-01-01 00:00:00,2021-12-31 00:00:00,17490,10000.0,9624.822568809466,-3.7517743119053426,-1.8970373219166947,-8.967309738210083,-0.4317974915079371,-0.08330112137843176,-0.2115503286156537,41,51.21951219512195,0.7719521951906985,-0.20891872242748083,1.3875639151659198,-1.8852254919005513,14.804878048780488,41,0,3.470554602630074,555.8986877561996
80.0,60.0,1,4.0,0.0,False,2020-01-01 00:00:00,2021-12-31 00:00:00,17490,10000.0,9624.822568809466,-3.7517743119053426,-1.8970373219166947,-8.967309738210083,-0.4317974915079371,-0.08330112137843176,-0.2115503286156537,41,51.21951219512195,0.7719521951906985,-0.20891872242748083,1.3875639151659198,-1.8852254919005513,14.804878048780488,41,0,3.470554602630074,555.8986877561996
70.0,60.0,4,4.0,3.0,False,2020-01-01 00:00:00,2021-12-31 00:00:00,17490,10000.0,8254.08642634951,-17.459135736504905,-9.162946479830914,-26.251878831609943,-0.4332178792133736,-0.1958912639340428,-0.34903964545188254,172,37.2093023255814,0.7665887771016872,-0.5897434976963091,1.4751114379437873,-1.8133612373348842,17.877906976744185,172,0,17.58147512864494,555.8986877561996
70.0,60.0,4,4.0,3.0,True,2020-01-01 00:00:00,2021-12-31 00:00:00,17490,10000.0,8254.08642634951,-17.459135736504905,-9.162946479830914,-26.251878831609943,-0.4332178792133736,-0.1958912639340428,-0.34903964545188254,172,37.2093023255814,0.7665887771016872,-0.5897434976963091,1.4751114379437873,-1.8133612373348842,17.877906976744185,172,0,17.58147512864494,555.8986877561996
70.0,0.0,12,4.0,3.0,True,2020-01-01 00:00:00,2021-12-31 00:00:00,17490,10000.0,7914.985114798952,-20.850148852010474,-11.051637220632704,-28.615588491302844,-0.4350504020450999,-0.20948865726711613,-0.3862103770464702,158,40.50632911392405,0.7411000167185123,-0.693468284720876,1.5634168940033943,-2.2300709595969748,24.740506329113924,158,0,22.349914236706688,555.8986877561996
70.0,0.0,12,4.0,3.0,False,2020-01-01 00:00:00,2021-12-31 00:00:00,17490,10000.0,7914.985114798952,-20.850148852010474,-11.051637220632704,-28.615588491302844,-0.4350504020450999,-0.20948865726711613,-0.3862103770464702,158,40.50632911392405,0.7411000167185123,-0.693468284720876,1.5634168940033943,-2.2300709595969748,24.740506329113924,158,0,22.349914236706688,555.8986877561996
70.0,60.0,12,1.5,3.0,False,2020-01-01 00:00:00,2021-12-31 00:00:00,17490,10000.0,7962.979859703225,-20.370201402967748,-10.781900488107855,-32.51507366775258,-0.43602740087077607,-0.20506131123574492,-0.3315969878549284,180,28.333333333333332,0.7642224224468298,-0.7773466759864037,1.8406042853400784,-1.8123505444178034,16.794444444444444,180,0,17.284162378502,555.8986877561996
70.0,60.0,12,1.5,3.0,True,2020-01-01 00:00:00,2021-12-31 00:00:00,17490,10000.0,7962.979859703225,-20.370201402967748,-10.781900488107855,-32.51507366775258,-0.43602740087077607,-0.20506131123574492,-0.3315969878549284,180,28.333333333333332,0.7642224224468298,-0.7773466759864037,1.8406042853400784,-1.8123505444178034,16.794444444444444,180,0,17.284162378502,555.8986877561996
50.0,60.0,1,1.5,3.0,False,2020-01-01 00:00:00,2021-12-31 00:00:00,17490,10000.0,8471.372520575474,-15.286274794245259,-7.973034735104956,-21.848380238377697,-0.4404897187151856,-0.20664243766440848,-0.3649256671714249,238,34.87394957983193,0.8095474598176333,-0.4128514300151126,1.2954944920312275,-1.3276431173044432,10.680672268907562,238,0,14.534019439679817,555.8986877561996
50.0,60.0,1,1.5,3.0,True,2020-01-01 00:00:00,2021-12-31 00:00:00,17490,10000.0,8471.372520575474,-15.286274794245259,-7.973034735104956,-21.848380238377697,-0.4404897187151856,-0.20664243766440848,-0.3649256671714249,238,34.87394957983193,0.8095474598176333,-0.4128514300151126,1.2954944920312275,-1.3276431173044432,10.680672268907562,238,0,14.534019439679817,555.8986877561996
60.0,60.0,1,1.5,3.0,False,2020-01-01 00:00:00,2021-12-31 00:00:00,17490,10000.0,8450.824909268485,-15.491750907315149,-8.084901246872588,-21.84838023837804,-0.4483516948308608,-0.2095678163243204,-0.3700457955538029,238,34.87394957983193,0.8064431533859346,-0.4169234880426479,1.2954944920312261,-1.3338956967273674,10.605042016806722,238,0,14.431103487707261,555.8986877561996
60.0,60.0,1,1.5,3.0,True,2020-01-01 00:00:00,2021-12-31 00:00:00,17490,10000.0,8450.824909268485,-15.491750907315149,-8.084901246872588,-21.84838023837804,-0.4483516948308608,-0.2095678163243204,-0.3700457955538029,238,34.87394957983193,0.8064431533859346,-0.4169234880426479,1.2954944920312261,-1.3338956967273674,10.605042016806722,238,0,14.431103487707261,555.8986877561996
50.0,95.0,4,2.5,3.0,False,2020-01-01 00:00:00,2021-12-31 00:00:00,17490,10000.0,6584.365686058886,-34.156343139411135,-18.884971883339,-48.38440182698469,-0.4546260077963415,-0.2122382913023353,-0.39031115752694023,206,30.58252427184466,0.6657557174847389,-0.767948804660884,2.181584024398712,-2.0673933377430838,16.310679611650485,206,0,19.21097770154374,555.8986877561996
50.0,95.0,4,2.5,3.0,True,2020-01-01 00:00:00,2021-12-31 00:00:00,17490,10000.0,6584.365686058886,-34.156343139411135,-18.884971883339,-48.38440182698469,-0.4546260077963415,-0.2122382913023353,-0.39031115752694023,206,30.58252427184466,0.6657557174847389,-0.767948804660884,2.181584024398712,-2.0673933377430838,16.310679611650485,206,0,19.21097770154374,555.8986877561996
50.0,80.0,4,2.5,3.0,False,2020-01-01 00:00:00,2021-12-31 00:00:00,17490,10000.0,6584.365686058886,-34.156343139411135,-18.884971883339,-48.38440182698469,-0.4546260077963415,-0.2122382913023353,-0.39031115752694023,206,30.58252427184466,0.6657557174847389,-0.767948804660884,2.181584024398712,-2.0673933377430838,16.310679611650485,206,0,19.21097770154374,555.8986877561996
50.0,80.0,4,2.5,3.0,True,2020-01-01 00:00:00,2021-12-31 00:00:00,17490,10000.0,6584.365686058886,-34.156343139411135,-18.884971883339,-48.38440182698469,-0.4546260077963415,-0.2122382913023353,-0.39031115752694023,206,30.58252427184466,0.6657557174847389,-0.767948804660884,2.181584024398712,-2.0673933377430838,16.310679611650485,206,0,19.21097770154374,555.8986877561996
60.0,80.0,4,2.5,3.0,False,2020-01-01 00:00:00,2021-12-31 00:00:00,17490,10000.0,6554.026310727408,-34.45973689272592,-19.072388719799015,-48.38440182698495,-0.461600524041105,-0.2150306173869131,-0.394184654550425,206,30.58252427184466,0.6624904500023964,-0.7768861558713335,2.1815840243987115,-2.0802681234028912,16.233009708737864,206,0,19.11949685534591,555.8986877561996
60.0,80.0,4,2.5,3.0,True,2020-01-01 00:00:00,2021-12-31 00:00:00,17490,10000.0,6554.026310727408,-34.45973689272592,-19.072388719799015,-48.38440182698495,-0.461600524041105,-0.2150306173869131,-0.394184654550425,206,30.58252427184466,0.6624904500023964,-0.7768861558713335,2.1815840243987115,-2.0802681234028912,16.233009708737864,206,0,19.11949685534591,555.8986877561996
60.0,95.0,4,2.5,3.0,True,2020-01-01 00:00:00,2021-12-31 00:00:00,17490,10000.0,6554.026310727408,-34.45973689272592,-19.072388719799015,-48.38440182698495,-0.461600524041105,-0.2150306173869131,-0.394184654550425,206,30.58252427184466,0.6624904500023964,-0.7768861558713335,2.1815840243987115,-2.0802681234028912,16.233009708737864,206,0,19.11949685534591,555.8986877561996
60.0,95.0,4,2.5,3.0,False,2020-01-01 00:00:00,2021-12-31 00:00:00,17490,10000.0,6554.026310727408,-34.45973689272592,-19.072388719799015,-48.38440182698495,-0.461600524041105,-0.2150306173869131,-0.394184654550425,206,30.58252427184466,0.6624904500023964,-0.7768861558713335,2.1815840243987115,-2.0802681234028912,16.233009708737864,206,0,19.11949685534591,555.8986877561996
50.0,60.0,1,4.0,0.0,True,2020-01-01 00:00:00,2021-12-31 00:00:00,17490,10000.0,8238.054527982193,-17.619454720178073,-9.251357000545891,-26.704639779384387,-0.46827025818485585,-0.20708266158507485,-0.3464325704062787,204,43.627450980392155,0.7261030118446714,-0.29888022341670284,1.1940043484029528,-1.4542430659553929,16.794117647058822,204,0,19.58833619210978,555.8986877561996
50.0,60.0,1,4.0,0.0,False,2020-01-01 00:00:00,2021-12-31 00:00:00,17490,10000.0,8238.054527982193,-17.619454720178073,-9.251357000545891,-26.704639779384387,-0.46827025818485585,-0.20708266158507485,-0.3464325704062787,204,43.627450980392155,0.7261030118446714,-0.29888022341670284,1.1940043484029528,-1.4542430659553929,16.794117647058822,204,0,19.58833619210978,555.8986877561996
60.0,60.0,1,1.5,0.0,True,2020-01-01 00:00:00,2021-12-31 00:00:00,17490,10000.0,8151.069756838596,-18.489302431614043,-9.732552999867162,-24.366729934351106,-0.46962992249917285,-0.20094083666902862,-0.39941974266094077,235,36.170212765957444,0.7709215705188118,-0.41680447345839733,1.3119581956592548,-1.3964366526250667,11.808510638297872,235,0,15.866209262435678,555.8986877561996
60.0,60.0,1,1.5,0.0,False,2020-01-01 00:00:00,2021-12-31 00:00:00,17490,10000.0,8151.069756838596,-18.489302431614043,-9.732552999867162,-24.366729934351106,-0.46962992249917285,-0.20094083666902862,-0.39941974266094077,235,36.170212765957444,0.7709215705188118,-0.41680447345839733,1.3119581956592548,-1.3964366526250667,11.808510638297872,235,0,15.866209262435678,555.8986877561996
50.0,0.0,12,1.5,3.0,True,2020-01-01 00:00:00,2021-12-31 00:00:00,17490,10000.0,7998.45946677189,-20.015405332281098,-10.583021763631118,-30.87263951263325,-0.47338951146385144,-0.22910463652987859,-0.3427961434687335,206,29.611650485436893,0.7834017715753472,-0.6769647520544904,1.820591492776548,-1.7276608274661684,16.699029126213592,206,0,19.668381932532878,555.8986877561996
50.0,0.0,12,1.5,3.0,False,2020-01-01 00:00:00,2021-12-31 00:00:00,17490,10000.0,7998.45946677189,-20.015405332281098,-10.583021763631118,-30.87263951263325,-0.47338951146385144,-0.22910463652987859,-0.3427961434687335,206,29.611650485436893,0.7834017715753472,-0.6769647520544904,1.820591492776548,-1.7276608274661684,16.699029126213592,206,0,19.668381932532878,555.8986877561996
60.0,60.0,1,4.0,0.0,False,2020-01-01 00:00:00,2021-12-31 00:00:00,17490,10000.0,8209.03076467053,-17.909692353294705,-9.411632030367013,-26.609763228208127,-0.4788933093728457,-0.21119784848675038,-0.35369093477652797,204,43.627450980392155,0.7194434288216526,-0.30040999239547445,1.190497911642622,-1.4542430659553924,16.715686274509803,204,0,19.49685534591195,555.8986877561996
60.0,60.0,1,4.0,0.0,True,2020-01-01 00:00:00,2021-12-31 00:00:00,17490,10000.0,8209.03076467053,-17.909692353294705,-9.411632030367013,-26.609763228208127,-0.4788933093728457,-0.21119784848675038,-0.35369093477652797,204,43.627450980392155,0.7194434288216526,-0.30040999239547445,1.190497911642622,-1.4542430659553924,16.715686274509803,204,0,19.49685534591195,555.8986877561996
60.0,0.0,12,1.5,3.0,False,2020-01-01 00:00:00,2021-12-31 00:00:00,17490,10000.0,7979.058922671374,-20.209410773286262,-10.69171561677813,-30.872639512633114,-0.4797940769887855,-0.2315556008354978,-0.34631686132321365,206,29.611650485436893,0.7809467565775722,-0.6816693627853302,1.8205914927765496,-1.7343446192630867,16.611650485436893,206,0,19.56546598056032,555.8986877561996
60.0,0.0,12,1.5,3.0,True,2020-01-01 00:00:00,2021-12-31 00:00:00,17490,10000.0,7979.058922671374,-20.209410773286262,-10.69171561677813,-30.872639512633114,-0.4797940769887855,-0.2315556008354978,-0.34631686132321365,206,29.611650485436893,0.7809467565775722,-0.6816693627853302,1.8205914927765496,-1.7343446192630867,16.611650485436893,206,0,19.56546598056032,555.8986877561996
70.0,60.0,1,1.5,0.0,True,2020-01-01 00:00:00,2021-12-31 00:00:00,17490,10000.0,8062.383201114659,-19.37616798885341,-10.225809445201051,-26.143905286655677,-0.5036385390776505,-0.2013518712020758,-0.3911354991949305,205,36.58536585365854,0.7341960273710988,-0.4828175621209816,1.2214890741182924,-1.466071390720563,11.858536585365854,205,0,13.89937106918239,555.8986877561996
70.0,60.0,1,1.5,0.0,False,2020-01-01 00:00:00,2021-12-31 00:00:00,17490,10000.0,8062.383201114659,-19.37616798885341,-10.225809445201051,-26.143905286655677,-0.5036385390776505,-0.2013518712020758,-0.3911354991949305,205,36.58536585365854,0.7341960273710988,-0.4828175621209816,1.2214890741182924,-1.466071390720563,11.858536585365854,205,0,13.89937106918239,555.8986877561996
70.0,0.0,4,1.5,3.0,True,2020-01-01 00:00:00,2021-12-31 00:00:00,17490,10000.0,8237.424049134937,-17.625759508650628,-9.254835633364088,-25.724370443535506,-0.5039592223666338,-0.2106011219395193,-0.3597691789456334,195,32.30769230769231,0.7751760436230746,-0.6242502868870403,1.5291090424570923,-1.6519899668012856,13.584615384615384,195,0,15.145797598627787,555.8986877561996
70.0,0.0,4,1.5,3.0,False,2020-01-01 00:00:00,2021-12-31 00:00:00,17490,10000.0,8237.424049134937,-17.625759508650628,-9.254835633364088,-25.724370443535506,-0.5039592223666338,-0.2106011219395193,-0.3597691789456334,195,32.30769230769231,0.7751760436230746,-0.6242502868870403,1.5291090424570923,-1.6519899668012856,13.584615384615384,195,0,15.145797598627787,555.8986877561996
70.0,0.0,12,1.5,3.0,False,2020-01-01 00:00:00,2021-12-31 00:00:00,17490,10000.0,7945.411133533882,-20.545888664661184,-10.88054461979613,-30.21121171284139,-0.507717570766629,-0.23098800365329644,-0.3601492294720279,180,29.444444444444443,0.7550168082129214,-0.7667091745943506,1.7444313969752374,-1.814665476115517,16.794444444444444,180,0,17.284162378502,555.8986877561996
70.0,0.0,12,1.5,3.0,True,2020-01-01 00:00:00,2021-12-31 00:00:00,17490,10000.0,7945.411133533882,-20.545888664661184,-10.88054461979613,-30.21121171284139,-0.507717570766629,-0.23098800365329644,-0.3601492294720279,180,29.444444444444443,0.7550168082129214,-0.7667091745943506,1.7444313969752374,-1.814665476115517,16.794444444444444,180,0,17.284162378502,555.8986877561996
60.0,0.0,4,4.0,3.0,False,2020-01-01 00:00:00,2021-12-31 00:00:00,17490,10000.0,8219.650537628448,-17.803494623715522,-9.352954756091336,-25.59285730131917,-0.5102436006693455,-0.23434366176804186,-0.36545176046479355,198,37.37373737373738,0.7736932678045717,-0.5151072262970318,1.5513784870150484,-1.748332571338112,17.651515151515152,198,0,19.98284734133791,555.8986877561996
60.0,0.0,4,4.0,3.0,True,2020-01-01 00:00:00,2021-12-31 00:00:00,17490,10000.0,8219.650537628448,-17.803494623715522,-9.352954756091336,-25.59285730131917,-0.5102436006693455,-0.23434366176804186,-0.36545176046479355,198,37.37373737373738,0.7736932678045717,-0.5151072262970318,1.5513784870150484,-1.748332571338112,17.651515151515152,198,0,19.98284734133791,555.8986877561996
60.0,60.0,1,4.0,3.0,False,2020-01-01 00:00:00,2021-12-31 00:00:00,17490,10000.0,8461.893991258265,-15.381060087417353,-8.02462145324434,-18.910827077029,-0.5165639163660039,-0.23896046942289814,-0.4243400577117991,214,39.7196261682243,0.7832580698728194,-0.31603258010112195,1.2990968729407593,-1.3802651654387958,13.453271028037383,214,0,16.460834762721554,555.8986877561996
60.0,60.0,1,4.0,3.0,True,2020-01-01 00:00:00,2021-12-31 00:00:00,17490,10000.0,8461.893991258265,-15.381060087417353,-8.02462145324434,-18.910827077029,-0.5165639163660039,-0.23896046942289814,-0.4243400577117991,214,39.7196261682243,0.7832580698728194,-0.31603258010112195,1.2990968729407593,-1.3802651654387958,13.453271028037383,214,0,16.460834762721554,555.8986877561996
70.0,60.0,1,4.0,0.0,True,2020-01-01 00:00:00,2021-12-31 00:00:00,17490,10000.0,8089.569003314773,-19.104309966852274,-10.074321003688302,-26.826521243671376,-0.5244174452109377,-0.2172288046912029,-0.3755358703493815,179,44.6927374301676,0.6622665729778716,-0.3810463265785205,1.0446496694728828,-1.5331238991453109,16.88826815642458,179,0,17.284162378502,555.8986877561996
70.0,60.0,1,4.0,0.0,False,2020-01-01 00:00:00,2021-12-31 00:00:00,17490,10000.0,8089.569003314773,-19.104309966852274,-10.074321003688302,-26.826521243671376,-0.5244174452109377,-0.2172288046912029,-0.3755358703493815,179,44.6927374301676,0.6622665729778716,-0.3810463265785205,1.0446496694728828,-1.5331238991453109,16.88826815642458,179,0,17.284162378502,555.8986877561996
50.0,0.0,4,4.0,3.0,True,2020-01-01 00:00:00,2021-12-31 00:00:00,17490,10000.0,8151.860942215452,-18.48139057784548,-9.728164676948648,-25.92979846664958,-0.535516343980143,-0.2461410434300564,-0.3751731695663131,199,36.68341708542714,0.7632330968571989,-0.5216423842791744,1.5696277599870083,-1.7332512773857724,17.57286432160804,199,0,19.994282447112635,555.8986877561996
50.0,0.0,4,4.0,3.0,False,2020-01-01 00:00:00,2021-12-31 00:00:00,17490,10000.0,8151.860942215452,-18.48139057784548,-9.728164676948648,-25.92979846664958,-0.535516343980143,-0.2461410434300564,-0.3751731695663131,199,36.68341708542714,0.7632330968571989,-0.5216423842791744,1.5696277599870083,-1.7332512773857724,17.57286432160804,199,0,19.994282447112635,555.8986877561996
70.0,60.0,1,1.5,3.0,True,2020-01-01 00:00:00,2021-12-31 00:00:00,17490,10000.0,8231.15630137093,-17.68843698629071,-9.289424821590607,-24.850799593040364,-0.5356002923684814,-0.2339245638934594,-0.3738078844027286,208,34.13461538461539,0.7501316900588363,-0.49681020221972577,1.2264953044004798,-1.3899101363075694,10.552884615384615,208,0,12.550028587764437,555.8986877561996
70.0,60.0,1,1.5,3.0,False,2020-01-01 00:00:00,2021-12-31 00:00:00,17490,10000.0,8231.15630137093,-17.68843698629071,-9.289424821590607,-24.850799593040364,-0.5356002923684814,-0.2339245638934594,-0.3738078844027286,208,34.13461538461539,0.7501316900588363,-0.49681020221972577,1.2264953044004798,-1.3899101363075694,10.552884615384615,208,0,12.550028587764437,555.8986877561996
50.0,60.0,1,4.0,3.0,True,2020-01-01 00:00:00,2021-12-31 00:00:00,17490,10000.0,8394.22222960278,-16.05777770397221,-8.393764925347813,-18.91082707702898,-0.5451261286120047,-0.25236779737560205,-0.4438602759761754,215,39.06976744186046,0.7720843640548244,-0.323388004082916,1.3136931201742679,-1.373119412003553,13.4,215,0,16.472269868496284,555.8986877561996
50.0,60.0,1,4.0,3.0,False,2020-01-01 00:00:00,2021-12-31 00:00:00,17490,10000.0,8394.22222960278,-16.05777770397221,-8.393764925347813,-18.91082707702898,-0.5451261286120047,-0.25236779737560205,-0.4438602759761754,215,39.06976744186046,0.7720843640548244,-0.323388004082916,1.3136931201742679,-1.373119412003553,13.4,215,0,16.472269868496284,555.8986877561996
80.0,0.0,1,4.0,0.0,True,2020-01-01 00:00:00,2021-12-31 00:00:00,17490,10000.0,9542.8317801933,-4.571682198066995,-2.3165016482728173,-9.4453205188201,-0.5633709397876538,-0.10462046535934291,-0.24525389515973697,41,51.21951219512195,0.7170330227241428,-0.29983931405468933,1.230907066095912,-1.9071230132128207,14.804878048780488,41,0,3.470554602630074,555.8986877561996
80.0,0.0,1,4.0,0.0,False,2020-01-01 00:00:00,2021-12-31 00:00:00,17490,10000.0,9542.8317801933,-4.571682198066995,-2.3165016482728173,-9.4453205188201,-0.5633709397876538,-0.10462046535934291,-0.24525389515973697,41,51.21951219512195,0.7170330227241428,-0.29983931405468933,1.230907066095912,-1.9071230132128207,14.804878048780488,41,0,3.470554602630074,555.8986877561996
70.0,0.0,4,4.0,3.0,True,2020-01-01 00:00:00,2021-12-31 00:00:00,17490,10000.0,8121.373064042508,-18.786269359574913,-9.897420236902343,-24.37760638521076,-0.5668186872684317,-0.24487297043480763,-0.4060045962062478,172,37.2093023255814,0.7317766398540432,-0.5879251629662459,1.4323141019769832,-1.785103986636307,17.877906976744185,172,0,17.58147512864494,555.8986877561996
70.0,0.0,4,4.0,3.0,False,2020-01-01 00:00:00,2021-12-31 00:00:00,17490,10000.0,8121.373064042508,-18.786269359574913,-9.897420236902343,-24.37760638521076,-0.5668186872684317,-0.24487297043480763,-0.4060045962062478,172,37.2093023255814,0.7317766398540432,-0.5879251629662459,1.4323141019769832,-1.785103986636307,17.877906976744185,172,0,17.58147512864494,555.8986877561996
70.0,80.0,12,2.5,3.0,True,2020-01-01 00:00:00,2021-12-31 00:00:00,17490,10000.0,5822.99009908643,-41.7700990091357,-23.726863225337702,-50.043302836300455,-0.6091715821817386,-0.29706370612912797,-0.4741266439377916,165,30.303030303030305,0.5727738576223566,-1.0510784785907126,2.1929057907477425,-2.4615064217813454,21.927272727272726,165,0,20.686106346483704,555.8986877561996
70.0,80.0,12,2.5,3.0,False,2020-01-01 00:00:00,2021-12-31 00:00:00,17490,10000.0,5822.99009908643,-41.7700990091357,-23.726863225337702,-50.043302836300455,-0.6091715821817386,-0.29706370612912797,-0.4741266439377916,165,30.303030303030305,0.5727738576223566,-1.0510784785907126,2.1929057907477425,-2.4615064217813454,21.927272727272726,165,0,20.686106346483704,555.8986877561996
70.0,95.0,12,2.5,3.0,False,2020-01-01 00:00:00,2021-12-31 00:00:00,17490,10000.0,5822.99009908643,-41.7700990091357,-23.726863225337702,-50.043302836300455,-0.6091715821817386,-0.29706370612912797,-0.4741266439377916,165,30.303030303030305,0.5727738576223566,-1.0510784785907126,2.1929057907477425,-2.4615064217813454,21.927272727272726,165,0,20.686106346483704,555.8986877561996
70.0,95.0,12,2.5,3.0,True,2020-01-01 00:00:00,2021-12-31 00:00:00,17490,10000.0,5822.99009908643,-41.7700990091357,-23.726863225337702,-50.043302836300455,-0.6091715821817386,-0.29706370612912797,-0.4741266439377916,165,30.303030303030305,0.5727738576223566,-1.0510784785907126,2.1929057907477425,-2.4615064217813454,21.927272727272726,165,0,20.686106346483704,555.8986877561996
50.0,0.0,1,1.5,0.0,True,2020-01-01 00:00:00,2021-12-31 00:00:00,17490,10000.0,8046.392695240644,-19.53607304759356,-10.315033034829291,-24.2731407796574,-0.6480196343070916,-0.25846241669960296,-0.42495666829708395,232,37.06896551724138,0.7415221616466461,-0.36782005455192857,1.2903413286792618,-1.3445452528935886,12.327586206896552,232,0,16.352201257861637,555.8986877561996
50.0,0.0,1,1.5,0.0,False,2020-01-01 00:00:00,2021-12-31 00:00:00,17490,10000.0,8046.392695240644,-19.53607304759356,-10.315033034829291,-24.2731407796574,-0.6480196343070916,-0.25846241669960296,-0.42495666829708395,232,37.06896551724138,0.7415221616466461,-0.36782005455192857,1.2903413286792618,-1.3445452528935886,12.327586206896552,232,0,16.352201257861637,555.8986877561996
50.0,95.0,12,2.5,3.0,False,2020-01-01 00:00:00,2021-12-31 00:00:00,17490,10000.0,5325.6535620808445,-46.74346437919156,-27.062347015261036,-54.91249504322744,-0.6616461949045713,-0.330752203980186,-0.4928267599925554,186,30.64516129032258,0.5533330565270156,-0.9280176186584332,2.2668447192246455,-2.3397009772579334,21.978494623655912,186,0,23.373356203544883,555.8986877561996
50.0,95.0,12,2.5,3.0,True,2020-01-01 00:00:00,2021-12-31 00:00:00,17490,10000.0,5325.6535620808445,-46.74346437919156,-27.062347015261036,-54.91249504322744,-0.6616461949045713,-0.330752203980186,-0.4928267599925554,186,30.64516129032258,0.5533330565270156,-0.9280176186584332,2.2668447192246455,-2.3397009772579334,21.978494623655912,186,0,23.373356203544883,555.8986877561996
50.0,80.0,12,2.5,3.0,False,2020-01-01 00:00:00,2021-12-31 00:00:00,17490,10000.0,5325.6535620808445,-46.74346437919156,-27.062347015261036,-54.91249504322744,-0.6616461949045713,-0.330752203980186,-0.4928267599925554,186,30.64516129032258,0.5533330565270156,-0.9280176186584332,2.2668447192246455,-2.3397009772579334,21.978494623655912,186,0,23.373356203544883,555.8986877561996
50.0,80.0,12,2.5,3.0,True,2020-01-01 00:00:00,2021-12-31 00:00:00,17490,10000.0,5325.6535620808445,-46.74346437919156,-27.062347015261036,-54.91249504322744,-0.6616461949045713,-0.330752203980186,-0.4928267599925554,186,30.64516129032258,0.5533330565270156,-0.9280176186584332,2.2668447192246455,-2.3397009772579334,21.978494623655912,186,0,23.373356203544883,555.8986877561996
60.0,95.0,12,2.5,3.0,True,2020-01-01 00:00:00,2021-12-31 00:00:00,17490,10000.0,5301.114068071958,-46.988859319280415,-27.230869969621054,-55.120248804313356,-0.6679512054971491,-0.3333053505174675,-0.4940266156325866,186,30.64516129032258,0.550793562897557,-0.9379159753753835,2.266844719224647,-2.3539730264777226,21.892473118279568,186,0,23.281875357347054,555.8986877561996
60.0,95.0,12,2.5,3.0,False,2020-01-01 00:00:00,2021-12-31 00:00:00,17490,10000.0,5301.114068071958,-46.988859319280415,-27.230869969621054,-55.120248804313356,-0.6679512054971491,-0.3333053505174675,-0.4940266156325866,186,30.64516129032258,0.550793562897557,-0.9379159753753835,2.266844719224647,-2.3539730264777226,21.892473118279568,186,0,23.281875357347054,555.8986877561996
60.0,80.0,12,2.5,3.0,False,2020-01-01 00:00:00,2021-12-31 00:00:00,17490,10000.0,5301.114068071958,-46.988859319280415,-27.230869969621054,-55.120248804313356,-0.6679512054971491,-0.3333053505174675,-0.4940266156325866,186,30.64516129032258,0.550793562897557,-0.9379159753753835,2.266844719224647,-2.3539730264777226,21.892473118279568,186,0,23.281875357347054,555.8986877561996
60.0,80.0,12,2.5,3.0,True,2020-01-01 00:00:00,2021-12-31 00:00:00,17490,10000.0,5301.114068071958,-46.988859319280415,-27.230869969621054,-55.120248804313356,-0.6679512054971491,-0.3333053505174675,-0.4940266156325866,186,30.64516129032258,0.550793562897557,-0.9379159753753835,2.266844719224647,-2.3539730264777226,21.892473118279568,186,0,23.281875357347054,555.8986877561996
70.0,60.0,1,4.0,3.0,True,2020-01-01 00:00:00,2021-12-31 00:00:00,17490,10000.0,8076.418080806944,-19.23581919193056,-10.147570588299825,-23.223105144612187,-0.687989840004645,-0.2970020443925094,-0.43696011042063787,189,38.62433862433863,0.6916483848995205,-0.42437506394906876,1.1992503519482018,-1.4461393342982134,13.285714285714286,189,0,14.356775300171526,555.8986877561996
70.0,60.0,1,4.0,3.0,False,2020-01-01 00:00:00,2021-12-31 00:00:00,17490,10000.0,8076.418080806944,-19.23581919193056,-10.147570588299825,-23.223105144612187,-0.687989840004645,-0.2970020443925094,-0.43696011042063787,189,38.62433862433863,0.6916483848995205,-0.42437506394906876,1.1992503519482018,-1.4461393342982134,13.285714285714286,189,0,14.356775300171526,555.8986877561996
50.0,0.0,1,4.0,0.0,True,2020-01-01 00:00:00,2021-12-31 00:00:00,17490,10000.0,7899.609652704755,-21.003903472952455,-11.13822189623075,-29.047523003766173,-0.6944338465806827,-0.29034824313848795,-0.38344825115678943,204,42.64705882352941,0.6466247074896032,-0.3164147088565872,1.1633446891582009,-1.416748620200917,16.794117647058822,204,0,19.58833619210978,555.8986877561996
50.0,0.0,1,4.0,0.0,False,2020-01-01 00:00:00,2021-12-31 00:00:00,17490,10000.0,7899.609652704755,-21.003903472952455,-11.13822189623075,-29.047523003766173,-0.6944338465806827,-0.29034824313848795,-0.38344825115678943,204,42.64705882352941,0.6466247074896032,-0.3164147088565872,1.1633446891582009,-1.416748620200917,16.794117647058822,204,0,19.58833619210978,555.8986877561996
50.0,0.0,1,1.5,3.0,True,2020-01-01 00:00:00,2021-12-31 00:00:00,17490,10000.0,8283.502814070065,-17.16497185929935,-9.000947640744815,-20.549808328931462,-0.70469076568926,-0.3106369683497628,-0.4380064035961177,238,34.87394957983193,0.7663242681141382,-0.3813420210882828,1.291100649309897,-1.2769080962047274,10.680672268907562,238,0,14.534019439679817,555.8986877561996
50.0,0.0,1,1.5,3.0,False,2020-01-01 00:00:00,2021-12-31 00:00:00,17490,10000.0,8283.502814070065,-17.16497185929935,-9.000947640744815,-20.549808328931462,-0.70469076568926,-0.3106369683497628,-0.4380064035961177,238,34.87394957983193,0.7663242681141382,-0.3813420210882828,1.291100649309897,-1.2769080962047274,10.680672268907562,238,0,14.534019439679817,555.8986877561996
60.0,0.0,1,4.0,0.0,True,2020-01-01 00:00:00,2021-12-31 00:00:00,17490,10000.0,7868.916448856648,-21.310835511433524,-11.311318135242542,-29.04752300376635,-0.7078250585028006,-0.2951330800131554,-0.38940732171124876,204,42.64705882352941,0.6389945059819364,-0.3179827610096127,1.159667877213176,-1.4167486202009172,16.715686274509803,204,0,19.49685534591195,555.8986877561996
60.0,0.0,1,4.0,0.0,False,2020-01-01 00:00:00,2021-12-31 00:00:00,17490,10000.0,7868.916448856648,-21.310835511433524,-11.311318135242542,-29.04752300376635,-0.7078250585028006,-0.2951330800131554,-0.38940732171124876,204,42.64705882352941,0.6389945059819364,-0.3179827610096127,1.159667877213176,-1.4167486202009172,16.715686274509803,204,0,19.49685534591195,555.8986877561996
60.0,0.0,1,1.5,3.0,True,2020-01-01 00:00:00,2021-12-31 00:00:00,17490,10000.0,8263.41088732852,-17.365891126714793,-9.111564637972547,-20.549808328931608,-0.7151591357921668,-0.3140230127920406,-0.44338927605200984,238,34.87394957983193,0.7632374523452224,-0.38541407911581765,1.2911006493098967,-1.2831606756276517,10.605042016806722,238,0,14.431103487707261,555.8986877561996
60.0,0.0,1,1.5,3.0,False,2020-01-01 00:00:00,2021-12-31 00:00:00,17490,10000.0,8263.41088732852,-17.365891126714793,-9.111564637972547,-20.549808328931608,-0.7151591357921668,-0.3140230127920406,-0.44338927605200984,238,34.87394957983193,0.7632374523452224,-0.38541407911581765,1.2911006493098967,-1.2831606756276517,10.605042016806722,238,0,14.431103487707261,555.8986877561996
60.0,0.0,1,1.5,0.0,False,2020-01-01 00:00:00,2021-12-31 00:00:00,17490,10000.0,7849.024806727049,-21.509751932729515,-11.423678321384623,-24.2731407796574,-0.7319890178823539,-0.2882518847449763,-0.47063041511951637,235,36.170212765957444,0.7107126171688412,-0.388808213059499,1.298575877357337,-1.3449925309623727,11.808510638297872,235,0,15.866209262435678,555.8986877561996
60.0,0.0,1,1.5,0.0,True,2020-01-01 00:00:00,2021-12-31 00:00:00,17490,10000.0,7849.024806727049,-21.509751932729515,-11.423678321384623,-24.2731407796574,-0.7319890178823539,-0.2882518847449763,-0.47063041511951637,235,36.170212765957444,0.7107126171688412,-0.388808213059499,1.298575877357337,-1.3449925309623727,11.808510638297872,235,0,15.866209262435678,555.8986877561996
60.0,0.0,1,4.0,3.0,True,2020-01-01 00:00:00,2021-12-31 00:00:00,17490,10000.0,8246.093941957559,-17.539060580424415,-9.207011615387707,-20.302086089020065,-0.7679219958062151,-0.33748106447042936,-0.45350076711413,214,39.25233644859813,0.7323100471130761,-0.31498631613897365,1.2761233691832972,-1.3430879589625948,13.453271028037383,214,0,16.460834762721554,555.8986877561996
60.0,0.0,1,4.0,3.0,False,2020-01-01 00:00:00,2021-12-31 00:00:00,17490,10000.0,8246.093941957559,-17.539060580424415,-9.207011615387707,-20.302086089020065,-0.7679219958062151,-0.33748106447042936,-0.45350076711413,214,39.25233644859813,0.7323100471130761,-0.31498631613897365,1.2761233691832972,-1.3430879589625948,13.453271028037383,214,0,16.460834762721554,555.8986877561996
70.0,0.0,1,4.0,0.0,False,2020-01-01 00:00:00,2021-12-31 00:00:00,17490,10000.0,7733.155937680124,-22.66844062319876,-12.081021211199527,-29.184834719149965,-0.7698711448037276,-0.3011934267028003,-0.41394859102191267,179,43.57541899441341,0.5722040624132844,-0.3969602406971906,1.0123983685644755,-1.485375800325012,16.88826815642458,179,0,17.284162378502,555.8986877561996
70.0,0.0,1,4.0,0.0,True,2020-01-01 00:00:00,2021-12-31 00:00:00,17490,10000.0,7733.155937680124,-22.66844062319876,-12.081021211199527,-29.184834719149965,-0.7698711448037276,-0.3011934267028003,-0.41394859102191267,179,43.57541899441341,0.5722040624132844,-0.3969602406971906,1.0123983685644755,-1.485375800325012,16.88826815642458,179,0,17.284162378502,555.8986877561996
50.0,60.0,12,2.5,3.0,True,2020-01-01 00:00:00,2021-12-31 00:00:00,17490,10000.0,7210.1665959909315,-27.89833404009069,-15.111117007821273,-33.84449744519835,-0.7700897911915239,-0.3824447691108397,-0.446486671350032,186,38.17204301075269,0.6651458788229994,-0.7193935548638177,1.727719287532465,-2.230219744517175,21.978494623655912,186,0,23.373356203544883,555.8986877561996
50.0,60.0,12,2.5,3.0,False,2020-01-01 00:00:00,2021-12-31 00:00:00,17490,10000.0,7210.1665959909315,-27.89833404009069,-15.111117007821273,-33.84449744519835,-0.7700897911915239,-0.3824447691108397,-0.446486671350032,186,38.17204301075269,0.6651458788229994,-0.7193935548638177,1.727719287532465,-2.230219744517175,21.978494623655912,186,0,23.373356203544883,555.8986877561996
50.0,0.0,12,2.5,3.0,True,2020-01-01 00:00:00,2021-12-31 00:00:00,17490,10000.0,7294.038193732652,-27.059618062673486,-14.61796660782757,-32.396634699206594,-0.7706010758476621,-0.3792549494908818,-0.4512186757529346,186,38.70967741935484,0.6676005691147234,-0.7114828433277767,1.6776347687562616,-2.220399229907169,21.978494623655912,186,0,23.373356203544883,555.8986877561996
50.0,0.0,12,2.5,3.0,False,2020-01-01 00:00:00,2021-12-31 00:00:00,17490,10000.0,7294.038193732652,-27.059618062673486,-14.61796660782757,-32.396634699206594,-0.7706010758476621,-0.3792549494908818,-0.4512186757529346,186,38.70967741935484,0.6676005691147234,-0.7114828433277767,1.6776347687562616,-2.220399229907169,21.978494623655912,186,0,23.373356203544883,555.8986877561996
60.0,60.0,12,2.5,3.0,True,2020-01-01 00:00:00,2021-12-31 00:00:00,17490,10000.0,7176.943661392823,-28.230563386071772,-15.307253362210693,-34.14932811803008,-0.7825730875837174,-0.3878708236866458,-0.44824464215823934,186,38.17204301075269,0.6611081889149109,-0.7292919115807669,1.7277192875324656,-2.246229260598502,21.892473118279568,186,0,23.281875357347054,555.8986877561996
60.0,60.0,12,2.5,3.0,False,2020-01-01 00:00:00,2021-12-31 00:00:00,17490,10000.0,7176.943661392823,-28.230563386071772,-15.307253362210693,-34.14932811803008,-0.7825730875837174,-0.3878708236866458,-0.44824464215823934,186,38.17204301075269,0.6611081889149109,-0.7292919115807669,1.7277192875324656,-2.246229260598502,21.892473118279568,186,0,23.281875357347054,555.8986877561996
60.0,0.0,12,2.5,3.0,True,2020-01-01 00:00:00,2021-12-31 00:00:00,17490,10000.0,7260.428796412815,-27.395712035871846,-14.81524238964539,-32.70813681973351,-0.7835115983414407,-0.3848297191192906,-0.45295280716531183,186,38.70967741935484,0.6634418245172808,-0.7213812000447264,1.6776347687562612,-2.236549180340087,21.892473118279568,186,0,23.281875357347054,555.8986877561996
60.0,0.0,12,2.5,3.0,False,2020-01-01 00:00:00,2021-12-31 00:00:00,17490,10000.0,7260.428796412815,-27.395712035871846,-14.81524238964539,-32.70813681973351,-0.7835115983414407,-0.3848297191192906,-0.45295280716531183,186,38.70967741935484,0.6634418245172808,-0.7213812000447264,1.6776347687562612,-2.236549180340087,21.892473118279568,186,0,23.281875357347054,555.8986877561996
70.0,60.0,12,2.5,3.0,False,2020-01-01 00:00:00,2021-12-31 00:00:00,17490,10000.0,7224.792783216766,-27.752072167832342,-15.024912248772203,-32.56322986910691,-0.8031644983298218,-0.37670321264989576,-0.46140730846317246,165,37.57575757575758,0.6374980285962976,-0.8216357432980649,1.679231554854495,-2.3270121751957222,21.927272727272726,165,0,20.686106346483704,555.8986877561996
70.0,60.0,12,2.5,3.0,True,2020-01-01 00:00:00,2021-12-31 00:00:00,17490,10000.0,7224.792783216766,-27.752072167832342,-15.024912248772203,-32.56322986910691,-0.8031644983298218,-0.37670321264989576,-0.46140730846317246,165,37.57575757575758,0.6374980285962976,-0.8216357432980649,1.679231554854495,-2.3270121751957222,21.927272727272726,165,0,20.686106346483704,555.8986877561996
50.0,0.0,1,4.0,3.0,False,2020-01-01 00:00:00,2021-12-31 00:00:00,17490,10000.0,8178.086260912751,-18.219137390872497,-9.582825630003654,-20.68069507949263,-0.8039069516132176,-0.35354484141010206,-0.46337057788285685,215,38.604651162790695,0.7204032841700436,-0.3219659317138793,1.2888576078474079,-1.3348322482562036,13.4,215,0,16.472269868496284,555.8986877561996
50.0,0.0,1,4.0,3.0,True,2020-01-01 00:00:00,2021-12-31 00:00:00,17490,10000.0,8178.086260912751,-18.219137390872497,-9.582825630003654,-20.68069507949263,-0.8039069516132176,-0.35354484141010206,-0.46337057788285685,215,38.604651162790695,0.7204032841700436,-0.3219659317138793,1.2888576078474079,-1.3348322482562036,13.4,215,0,16.472269868496284,555.8986877561996
70.0,0.0,1,1.5,0.0,True,2020-01-01 00:00:00,2021-12-31 00:00:00,17490,10000.0,7695.0044399144235,-23.049955600855764,-12.298535342351292,-26.706113135150787,-0.8059313306710525,-0.29583991308295116,-0.4605138636278698,205,36.58536585365854,0.6610404055202042,-0.46254110542198706,1.2110839019027904,-1.428093994263205,11.858536585365854,205,0,13.89937106918239,555.8986877561996
70.0,0.0,1,1.5,0.0,False,2020-01-01 00:00:00,2021-12-31 00:00:00,17490,10000.0,7695.0044399144235,-23.049955600855764,-12.298535342351292,-26.706113135150787,-0.8059313306710525,-0.29583991308295116,-0.4605138636278698,205,36.58536585365854,0.6610404055202042,-0.46254110542198706,1.2110839019027904,-1.428093994263205,11.858536585365854,205,0,13.89937106918239,555.8986877561996
70.0,0.0,12,2.5,3.0,False,2020-01-01 00:00:00,2021-12-31 00:00:00,17490,10000.0,7249.730326290398,-27.502696737096024,-14.878134388340369,-31.451095249100945,-0.8136822358734956,-0.37765693448202503,-0.4730561613356111,165,38.18181818181818,0.6329217677874173,-0.8161754476478607,1.619852790463522,-2.32078112412842,21.927272727272726,165,0,20.686106346483704,555.8986877561996
70.0,0.0,12,2.5,3.0,True,2020-01-01 00:00:00,2021-12-31 00:00:00,17490,10000.0,7249.730326290398,-27.502696737096024,-14.878134388340369,-31.451095249100945,-0.8136822358734956,-0.37765693448202503,-0.4730561613356111,165,38.18181818181818,0.6329217677874173,-0.8161754476478607,1.619852790463522,-2.32078112412842,21.927272727272726,165,0,20.686106346483704,555.8986877561996
50.0,0.0,4,2.5,3.0,False,2020-01-01 00:00:00,2021-12-31 00:00:00,17490,10000.0,7589.658848732483,-24.103411512675166,-12.901955959692257,-30.546065197477958,-0.8259589345274359,-0.3626435340464387,-0.4223770189804188,206,36.407766990291265,0.6792621755699323,-0.5824098899865943,1.6007176530767895,-1.832292071129753,16.310679611650485,206,0,19.21097770154374,555.8986877561996
50.0,0.0,4,2.5,3.0,True,2020-01-01 00:00:00,2021-12-31 00:00:00,17490,10000.0,7589.658848732483,-24.103411512675166,-12.901955959692257,-30.546065197477958,-0.8259589345274359,-0.3626435340464387,-0.4223770189804188,206,36.407766990291265,0.6792621755699323,-0.5824098899865943,1.6007176530767895,-1.832292071129753,16.310679611650485,206,0,19.21097770154374,555.8986877561996
50.0,60.0,4,2.5,3.0,True,2020-01-01 00:00:00,2021-12-31 00:00:00,17490,10000.0,7450.689868079757,-25.493101319202438,-13.704403567647283,-32.544954698457,-0.8391775860356823,-0.37188742554972554,-0.42109149312464794,206,35.922330097087375,0.6672665668406269,-0.5885749135033286,1.6601899955571873,-1.8492461504008908,16.310679611650485,206,0,19.21097770154374,555.8986877561996
50.0,60.0,4,2.5,3.0,False,2020-01-01 00:00:00,2021-12-31 00:00:00,17490,10000.0,7450.689868079757,-25.493101319202438,-13.704403567647283,-32.544954698457,-0.8391775860356823,-0.37188742554972554,-0.42109149312464794,206,35.922330097087375,0.6672665668406269,-0.5885749135033286,1.6601899955571873,-1.8492461504008908,16.310679611650485,206,0,19.21097770154374,555.8986877561996
60.0,0.0,4,2.5,3.0,False,2020-01-01 00:00:00,2021-12-31 00:00:00,17490,10000.0,7554.687293471383,-24.453127065286175,-13.103196596043809,-30.656697358006536,-0.841496245689613,-0.3685407537405891,-0.42741709725042115,206,36.407766990291265,0.674607260524064,-0.5913472411970433,1.6007176530767895,-1.8463462264683217,16.233009708737864,206,0,19.11949685534591,555.8986877561996
60.0,0.0,4,2.5,3.0,True,2020-01-01 00:00:00,2021-12-31 00:00:00,17490,10000.0,7554.687293471383,-24.453127065286175,-13.103196596043809,-30.656697358006536,-0.841496245689613,-0.3685407537405891,-0.42741709725042115,206,36.407766990291265,0.674607260524064,-0.5913472411970433,1.6007176530767895,-1.8463462264683217,16.233009708737864,206,0,19.11949685534591,555.8986877561996
60.0,60.0,4,2.5,3.0,False,2020-01-01 00:00:00,2021-12-31 00:00:00,17490,10000.0,7416.358652718373,-25.836413472816268,-13.903790143221496,-32.65240285703146,-0.8540001541766142,-0.3775302536725261,-0.4258121585752582,206,35.922330097087375,0.6628148352154177,-0.597512264713779,1.6601899955571855,-1.8631938348656836,16.233009708737864,206,0,19.11949685534591,555.8986877561996
60.0,60.0,4,2.5,3.0,True,2020-01-01 00:00:00,2021-12-31 00:00:00,17490,10000.0,7416.358652718373,-25.836413472816268,-13.903790143221496,-32.65240285703146,-0.8540001541766142,-0.3775302536725261,-0.4258121585752582,206,35.922330097087375,0.6628148352154177,-0.597512264713779,1.6601899955571855,-1.8631938348656836,16.233009708737864,206,0,19.11949685534591,555.8986877561996
70.0,0.0,1,1.5,3.0,True,2020-01-01 00:00:00,2021-12-31 00:00:00,17490,10000.0,8000.14825575016,-19.998517442498397,-10.573566351992259,-23.998144484553062,-0.8579842778357053,-0.35112082303737707,-0.44059932878553043,208,34.13461538461539,0.6960013604555538,-0.4714904269802061,1.2267811743628618,-1.3516165853404822,10.552884615384615,208,0,12.550028587764437,555.8986877561996
70.0,0.0,1,1.5,3.0,False,2020-01-01 00:00:00,2021-12-31 00:00:00,17490,10000.0,8000.14825575016,-19.998517442498397,-10.573566351992259,-23.998144484553062,-0.8579842778357053,-0.35112082303737707,-0.44059932878553043,208,34.13461538461539,0.6960013604555538,-0.4714904269802061,1.2267811743628618,-1.3516165853404822,10.552884615384615,208,0,12.550028587764437,555.8986877561996
70.0,60.0,4,2.5,3.0,False,2020-01-01 00:00:00,2021-12-31 00:00:00,17490,10000.0,7317.806045203664,-26.821939547963357,-14.478731123810684,-31.342764017512415,-0.953023439384423,-0.3942430881175037,-0.46194812671023067,178,35.39325842696629,0.6094377246709165,-0.7008838504852927,1.5194381774024028,-1.9172341788063778,16.47752808988764,178,0,16.769582618639223,555.8986877561996
70.0,60.0,4,2.5,3.0,True,2020-01-01 00:00:00,2021-12-31 00:00:00,17490,10000.0,7317.806045203664,-26.821939547963357,-14.478731123810684,-31.342764017512415,-0.953023439384423,-0.3942430881175037,-0.46194812671023067,178,35.39325842696629,0.6094377246709165,-0.7008838504852927,1.5194381774024028,-1.9172341788063778,16.47752808988764,178,0,16.769582618639223,555.8986877561996
70.0,0.0,4,2.5,3.0,True,2020-01-01 00:00:00,2021-12-31 00:00:00,17490,10000.0,7379.369132090634,-26.20630867909366,-14.119131731106737,-29.70099730077701,-0.9544248553091064,-0.3913497806728462,-0.47537567806645215,178,35.39325842696629,0.6121043634478651,-0.6983842547791363,1.4812935131210265,-1.892468597194008,16.47752808988764,178,0,16.769582618639223,555.8986877561996
70.0,0.0,4,2.5,3.0,False,2020-01-01 00:00:00,2021-12-31 00:00:00,17490,10000.0,7379.369132090634,-26.20630867909366,-14.119131731106737,-29.70099730077701,-0.9544248553091064,-0.3913497806728462,-0.47537567806645215,178,35.39325842696629,0.6121043634478651,-0.6983842547791363,1.4812935131210265,-1.892468597194008,16.47752808988764,178,0,16.769582618639223,555.8986877561996
70.0,80.0,1,2.5,0.0,True,2020-01-01 00:00:00,2021-12-31 00:00:00,17490,10000.0,4398.473281019768,-56.01526718980232,-33.72571316251706,-58.786831994013596,-0.9688382574140674,-0.3372403898882844,-0.5736950269058797,189,34.39153439153439,0.39875622435689717,-0.736836680561135,1.8722234060484158,-2.1044891453161414,14.37037037037037,189,0,15.528873642081189,555.8986877561996
70.0,80.0,1,2.5,0.0,False,2020-01-01 00:00:00,2021-12-31 00:00:00,17490,10000.0,4398.473281019768,-56.01526718980232,-33.72571316251706,-58.786831994013596,-0.9688382574140674,-0.3372403898882844,-0.5736950269058797,189,34.39153439153439,0.39875622435689717,-0.736836680561135,1.8722234060484158,-2.1044891453161414,14.37037037037037,189,0,15.528873642081189,555.8986877561996
70.0,95.0,1,2.5,0.0,True,2020-01-01 00:00:00,2021-12-31 00:00:00,17490,10000.0,4398.473281019768,-56.01526718980232,-33.72571316251706,-58.786831994013596,-0.9688382574140674,-0.3372403898882844,-0.5736950269058797,189,34.39153439153439,0.39875622435689717,-0.736836680561135,1.8722234060484158,-2.1044891453161414,14.37037037037037,189,0,15.528873642081189,555.8986877561996
70.0,95.0,1,2.5,0.0,False,2020-01-01 00:00:00,2021-12-31 00:00:00,17490,10000.0,4398.473281019768,-56.01526718980232,-33.72571316251706,-58.786831994013596,-0.9688382574140674,-0.3372403898882844,-0.5736950269058797,189,34.39153439153439,0.39875622435689717,-0.736836680561135,1.8722234060484158,-2.1044891453161414,14.37037037037037,189,0,15.528873642081189,555.8986877561996
70.0,0.0,1,4.0,3.0,True,2020-01-01 00:00:00,2021-12-31 00:00:00,17490,10000.0,7859.9120657573285,-21.400879342426716,-11.362162825703992,-24.093639117717558,-0.9857196922119404,-0.4034214561066667,-0.4715835067583744,189,38.095238095238095,0.6354437243558955,-0.42515716576646734,1.1765520099596936,-1.4108243508287204,13.285714285714286,189,0,14.356775300171526,555.8986877561996
70.0,0.0,1,4.0,3.0,False,2020-01-01 00:00:00,2021-12-31 00:00:00,17490,10000.0,7859.9120657573285,-21.400879342426716,-11.362162825703992,-24.093639117717558,-0.9857196922119404,-0.4034214561066667,-0.4715835067583744,189,38.095238095238095,0.6354437243558955,-0.42515716576646734,1.1765520099596936,-1.4108243508287204,13.285714285714286,189,0,14.356775300171526,555.8986877561996
50.0,60.0,1,2.5,0.0,True,2020-01-01 00:00:00,2021-12-31 00:00:00,17490,10000.0,7303.882782834679,-26.961172171653203,-14.560268159064915,-29.446798540331077,-0.9999320020539243,-0.39347770329634363,-0.4944601410276504,215,41.395348837209305,0.6100295306662185,-0.4015888863494149,1.2858732790015903,-1.5935264475894106,14.53953488372093,215,0,17.873070325900514,555.8986877561996
50.0,60.0,1,2.5,0.0,False,2020-01-01 00:00:00,2021-12-31 00:00:00,17490,10000.0,7303.882782834679,-26.961172171653203,-14.560268159064915,-29.446798540331077,-0.9999320020539243,-0.39347770329634363,-0.4944601410276504,215,41.395348837209305,0.6100295306662185,-0.4015888863494149,1.2858732790015903,-1.5935264475894106,14.53953488372093,215,0,17.873070325900514,555.8986877561996
60.0,60.0,1,2.5,0.0,False,2020-01-01 00:00:00,2021-12-31 00:00:00,17490,10000.0,7186.303918503628,-28.136960814963718,-15.251947971557179,-29.82437381033931,-1.0578998253788365,-0.4140915198200129,-0.5113920603513137,216,40.74074074074074,0.5914279147538231,-0.4182612901615426,1.2953579800998931,-1.5963745384662797,14.333333333333334,216,0,17.70154373927959,555.8986877561996
60.0,60.0,1,2.5,0.0,True,2020-01-01 00:00:00,2021-12-31 00:00:00,17490,10000.0,7186.303918503628,-28.136960814963718,-15.251947971557179,-29.82437381033931,-1.0578998253788365,-0.4140915198200129,-0.5113920603513137,216,40.74074074074074,0.5914279147538231,-0.4182612901615426,1.2953579800998931,-1.5963745384662797,14.333333333333334,216,0,17.70154373927959,555.8986877561996
60.0,95.0,1,2.5,0.0,False,2020-01-01 00:00:00,2021-12-31 00:00:00,17490,10000.0,3989.0610014992358,-60.109389985007645,-36.89074805225718,-61.951772616881385,-1.0806959009694792,-0.40118377593239607,-0.5954752623527795,216,34.25925925925926,0.4003585341540996,-0.6996372166893593,1.9971405640414692,-2.105000285520918,14.333333333333334,216,0,17.70154373927959,555.8986877561996
60.0,95.0,1,2.5,0.0,True,2020-01-01 00:00:00,2021-12-31 00:00:00,17490,10000.0,3989.0610014992358,-60.109389985007645,-36.89074805225718,-61.951772616881385,-1.0806959009694792,-0.40118377593239607,-0.5954752623527795,216,34.25925925925926,0.4003585341540996,-0.6996372166893593,1.9971405640414692,-2.105000285520918,14.333333333333334,216,0,17.70154373927959,555.8986877561996
60.0,80.0,1,2.5,0.0,False,2020-01-01 00:00:00,2021-12-31 00:00:00,17490,10000.0,3989.0610014992358,-60.109389985007645,-36.89074805225718,-61.951772616881385,-1.0806959009694792,-0.40118377593239607,-0.5954752623527795,216,34.25925925925926,0.4003585341540996,-0.6996372166893593,1.9971405640414692,-2.105000285520918,14.333333333333334,216,0,17.70154373927959,555.8986877561996
60.0,80.0,1,2.5,0.0,True,2020-01-01 00:00:00,2021-12-31 00:00:00,17490,10000.0,3989.0610014992358,-60.109389985007645,-36.89074805225718,-61.951772616881385,-1.0806959009694792,-0.40118377593239607,-0.5954752623527795,216,34.25925925925926,0.4003585341540996,-0.6996372166893593,1.9971405640414692,-2.105000285520918,14.333333333333334,216,0,17.70154373927959,555.8986877561996
50.0,80.0,1,2.5,0.0,False,2020-01-01 00:00:00,2021-12-31 00:00:00,17490,10000.0,3935.3410889654356,-60.64658911034564,-37.31785733033832,-63.47526277781489,-1.089637909846413,-0.4078997986419528,-0.5879118210343386,215,34.41860465116279,0.3952260496329168,-0.6897525244710596,1.9971405640414703,-2.099894996456359,14.53953488372093,215,0,17.873070325900514,555.8986877561996
50.0,80.0,1,2.5,0.0,True,2020-01-01 00:00:00,2021-12-31 00:00:00,17490,10000.0,3935.3410889654356,-60.64658911034564,-37.31785733033832,-63.47526277781489,-1.089637909846413,-0.4078997986419528,-0.5879118210343386,215,34.41860465116279,0.3952260496329168,-0.6897525244710596,1.9971405640414703,-2.099894996456359,14.53953488372093,215,0,17.873070325900514,555.8986877561996
50.0,95.0,1,2.5,0.0,False,2020-01-01 00:00:00,2021-12-31 00:00:00,17490,10000.0,3935.3410889654356,-60.64658911034564,-37.31785733033832,-63.47526277781489,-1.089637909846413,-0.4078997986419528,-0.5879118210343386,215,34.41860465116279,0.3952260496329168,-0.6897525244710596,1.9971405640414703,-2.099894996456359,14.53953488372093,215,0,17.873070325900514,555.8986877561996
50.0,95.0,1,2.5,0.0,True,2020-01-01 00:00:00,2021-12-31 00:00:00,17490,10000.0,3935.3410889654356,-60.64658911034564,-37.31785733033832,-63.47526277781489,-1.089637909846413,-0.4078997986419528,-0.5879118210343386,215,34.41860465116279,0.3952260496329168,-0.6897525244710596,1.9971405640414703,-2.099894996456359,14.53953488372093,215,0,17.873070325900514,555.8986877561996
50.0,60.0,1,2.5,3.0,False,2020-01-01 00:00:00,2021-12-31 00:00:00,17490,10000.0,7695.506913339412,-23.044930866605885,-12.295667083856543,-25.375721956653518,-1.098725802416887,-0.46654469664430415,-0.48454452270795856,222,38.73873873873874,0.6535086680057993,-0.4047005072083296,1.3220739995069053,-1.4966314452782574,12.441441441441441,222,0,15.791881074899942,555.8986877561996
50.0,60.0,1,2.5,3.0,True,2020-01-01 00:00:00,2021-12-31 00:00:00,17490,10000.0,7695.506913339412,-23.044930866605885,-12.295667083856543,-25.375721956653518,-1.098725802416887,-0.46654469664430415,-0.48454452270795856,222,38.73873873873874,0.6535086680057993,-0.4047005072083296,1.3220739995069053,-1.4966314452782574,12.441441441441441,222,0,15.791881074899942,555.8986877561996
50.0,0.0,1,2.5,0.0,False,2020-01-01 00:00:00,2021-12-31 00:00:00,17490,10000.0,7187.615912431117,-28.12384087568883,-15.244198885584703,-30.675235660546907,-1.1039824861562708,-0.4256211615846749,-0.4969545810267759,215,40.46511627906977,0.5861428489708229,-0.40851765210798496,1.2748545452020796,-1.5526846924671696,14.53953488372093,215,0,17.873070325900514,555.8986877561996
50.0,0.0,1,2.5,0.0,True,2020-01-01 00:00:00,2021-12-31 00:00:00,17490,10000.0,7187.615912431117,-28.12384087568883,-15.244198885584703,-30.675235660546907,-1.1039824861562708,-0.4256211615846749,-0.4969545810267759,215,40.46511627906977,0.5861428489708229,-0.40851765210798496,1.2748545452020796,-1.5526846924671696,14.53953488372093,215,0,17.873070325900514,555.8986877561996
60.0,60.0,1,2.5,3.0,False,2020-01-01 00:00:00,2021-12-31 00:00:00,17490,10000.0,7660.047632409153,-23.399523675908462,-12.498308554871262,-25.61043050444144,-1.1200192516266803,-0.47408841536162155,-0.4880163397762395,222,38.73873873873874,0.6484576681801862,-0.4129937249982058,1.322073999506906,-1.5101689037293793,12.36936936936937,222,0,15.700400228702115,555.8986877561996
60.0,60.0,1,2.5,3.0,True,2020-01-01 00:00:00,2021-12-31 00:00:00,17490,10000.0,7660.047632409153,-23.399523675908462,-12.498308554871262,-25.61043050444144,-1.1200192516266803,-0.47408841536162155,-0.4880163397762395,222,38.73873873873874,0.6484576681801862,-0.4129937249982058,1.322073999506906,-1.5101689037293793,12.36936936936937,222,0,15.700400228702115,555.8986877561996
70.0,60.0,1,2.5,0.0,False,2020-01-01 00:00:00,2021-12-31 00:00:00,17490,10000.0,7018.5324081997705,-29.814675918002298,-16.24875136700099,-31.467515674835987,-1.1487483842222406,-0.419396927195566,-0.5163658782251701,189,40.74074074074074,0.5217233973725242,-0.5283465606051234,1.1424672399488094,-1.6770310484859523,14.37037037037037,189,0,15.528873642081189,555.8986877561996
70.0,60.0,1,2.5,0.0,True,2020-01-01 00:00:00,2021-12-31 00:00:00,17490,10000.0,7018.5324081997705,-29.814675918002298,-16.24875136700099,-31.467515674835987,-1.1487483842222406,-0.419396927195566,-0.5163658782251701,189,40.74074074074074,0.5217233973725242,-0.5283465606051234,1.1424672399488094,-1.6770310484859523,14.37037037037037,189,0,15.528873642081189,555.8986877561996
50.0,95.0,1,2.5,3.0,True,2020-01-01 00:00:00,2021-12-31 00:00:00,17490,10000.0,5945.176940250622,-40.548230597493784,-22.92940557661246,-44.666622760083705,-1.1610199068940192,-0.5277650374909029,-0.5133454055788454,222,33.333333333333336,0.5427380125947826,-0.5792441532006886,1.8560383915846173,-1.7968854255933415,12.441441441441441,222,0,15.791881074899942,555.8986877561996
50.0,95.0,1,2.5,3.0,False,2020-01-01 00:00:00,2021-12-31 00:00:00,17490,10000.0,5945.176940250622,-40.548230597493784,-22.92940557661246,-44.666622760083705,-1.1610199068940192,-0.5277650374909029,-0.5133454055788454,222,33.333333333333336,0.5427380125947826,-0.5792441532006886,1.8560383915846173,-1.7968854255933415,12.441441441441441,222,0,15.791881074899942,555.8986877561996
50.0,80.0,1,2.5,3.0,False,2020-01-01 00:00:00,2021-12-31 00:00:00,17490,10000.0,5945.176940250622,-40.548230597493784,-22.92940557661246,-44.666622760083705,-1.1610199068940192,-0.5277650374909029,-0.5133454055788454,222,33.333333333333336,0.5427380125947826,-0.5792441532006886,1.8560383915846173,-1.7968854255933415,12.441441441441441,222,0,15.791881074899942,555.8986877561996
50.0,80.0,1,2.5,3.0,True,2020-01-01 00:00:00,2021-12-31 00:00:00,17490,10000.0,5945.176940250622,-40.548230597493784,-22.92940557661246,-44.666622760083705,-1.1610199068940192,-0.5277650374909029,-0.5133454055788454,222,33.333333333333336,0.5427380125947826,-0.5792441532006886,1.8560383915846173,-1.7968854255933415,12.441441441441441,222,0,15.791881074899942,555.8986877561996
50.0,0.0,1,2.5,3.0,False,2020-01-01 00:00:00,2021-12-31 00:00:00,17490,10000.0,7689.145633411354,-23.10854366588646,-12.331985946857094,-25.532352554181536,-1.1658363395821836,-0.48685742321222536,-0.4829945035690585,222,38.288288288288285,0.6465113281398756,-0.40098680913121554,1.303864936384226,-1.4587415417502854,12.441441441441441,222,0,15.791881074899942,555.8986877561996
50.0,0.0,1,2.5,3.0,True,2020-01-01 00:00:00,2021-12-31 00:00:00,17490,10000.0,7689.145633411354,-23.10854366588646,-12.331985946857094,-25.532352554181536,-1.1658363395821836,-0.48685742321222536,-0.4829945035690585,222,38.288288288288285,0.6465113281398756,-0.40098680913121554,1.303864936384226,-1.4587415417502854,12.441441441441441,222,0,15.791881074899942,555.8986877561996
60.0,0.0,1,2.5,0.0,True,2020-01-01 00:00:00,2021-12-31 00:00:00,17490,10000.0,7067.733369997629,-29.322666300023712,-15.955206123431086,-31.141613199622277,-1.1662102228156728,-0.447338293507948,-0.5123435970113651,216,39.81481481481482,0.5662011613199499,-0.424851295277065,1.282813264436489,-1.5545370809337236,14.333333333333334,216,0,17.70154373927959,555.8986877561996
60.0,0.0,1,2.5,0.0,False,2020-01-01 00:00:00,2021-12-31 00:00:00,17490,10000.0,7067.733369997629,-29.322666300023712,-15.955206123431086,-31.141613199622277,-1.1662102228156728,-0.447338293507948,-0.5123435970113651,216,39.81481481481482,0.5662011613199499,-0.424851295277065,1.282813264436489,-1.5545370809337236,14.333333333333334,216,0,17.70154373927959,555.8986877561996
60.0,80.0,1,2.5,3.0,True,2020-01-01 00:00:00,2021-12-31 00:00:00,17490,10000.0,5917.782812524076,-40.82217187475924,-23.107477720902914,-44.66662276008368,-1.1725529706260152,-0.5316680818382908,-0.5173320992952462,222,33.333333333333336,0.5397727392832949,-0.5875373709905654,1.8560383915846177,-1.8093252522781569,12.36936936936937,222,0,15.700400228702115,555.8986877561996
60.0,80.0,1,2.5,3.0,False,2020-01-01 00:00:00,2021-12-31 00:00:00,17490,10000.0,5917.782812524076,-40.82217187475924,-23.107477720902914,-44.66662276008368,-1.1725529706260152,-0.5316680818382908,-0.5173320992952462,222,33.333333333333336,0.5397727392832949,-0.5875373709905654,1.8560383915846177,-1.8093252522781569,12.36936936936937,222,0,15.700400228702115,555.8986877561996
60.0,95.0,1,2.5,3.0,True,2020-01-01 00:00:00,2021-12-31 00:00:00,17490,10000.0,5917.782812524076,-40.82217187475924,-23.107477720902914,-44.66662276008368,-1.1725529706260152,-0.5316680818382908,-0.5173320992952462,222,33.333333333333336,0.5397727392832949,-0.5875373709905654,1.8560383915846177,-1.8093252522781569,12.36936936936937,222,0,15.700400228702115,555.8986877561996
60.0,95.0,1,2.5,3.0,False,2020-01-01 00:00:00,2021-12-31 00:00:00,17490,10000.0,5917.782812524076,-40.82217187475924,-23.107477720902914,-44.66662276008368,-1.1725529706260152,-0.5316680818382908,-0.5173320992952462,222,33.333333333333336,0.5397727392832949,-0.5875373709905654,1.8560383915846177,-1.8093252522781569,12.36936936936937,222,0,15.700400228702115,555.8986877561996
60.0,0.0,1,2.5,3.0,True,2020-01-01 00:00:00,2021-12-31 00:00:00,17490,10000.0,7653.715663924065,-23.462843360759354,-12.534543502886352,-25.766568466850593,-1.1883457980406118,-0.4946417445070163,-0.4864653793155418,222,38.288288288288285,0.6414352988066362,-0.4092800269210917,1.303864936384227,-1.4721801866360706,12.36936936936937,222,0,15.700400228702115,555.8986877561996
60.0,0.0,1,2.5,3.0,False,2020-01-01 00:00:00,2021-12-31 00:00:00,17490,10000.0,7653.715663924065,-23.462843360759354,-12.534543502886352,-25.766568466850593,-1.1883457980406118,-0.4946417445070163,-0.4864653793155418,222,38.288288288288285,0.6414352988066362,-0.4092800269210917,1.303864936384227,-1.4721801866360706,12.36936936936937,222,0,15.700400228702115,555.8986877561996
70.0,0.0,1,2.5,0.0,False,2020-01-01 00:00:00,2021-12-31 00:00:00,17490,10000.0,6883.815469766848,-31.161845302331525,-17.057804517108575,-32.78295969283356,-1.2704235711922625,-0.4544594801346259,-0.5203253359957447,189,39.682539682539684,0.49389054800972754,-0.5319824703136459,1.1301163197020168,-1.6254685163765814,14.37037037037037,189,0,15.528873642081189,555.8986877561996
70.0,0.0,1,2.5,0.0,True,2020-01-01 00:00:00,2021-12-31 00:00:00,17490,10000.0,6883.815469766848,-31.161845302331525,-17.057804517108575,-32.78295969283356,-1.2704235711922625,-0.4544594801346259,-0.5203253359957447,189,39.682539682539684,0.49389054800972754,-0.5319824703136459,1.1301163197020168,-1.6254685163765814,14.37037037037037,189,0,15.528873642081189,555.8986877561996
70.0,95.0,1,2.5,3.0,True,2020-01-01 00:00:00,2021-12-31 00:00:00,17490,10000.0,5732.886735329296,-42.671132646707036,-24.320290944344503,-46.23938115702464,-1.2899580758216522,-0.5483575742443279,-0.5259648882789987,195,32.30769230769231,0.47988882250760795,-0.6836497720388429,1.7524778704156319,-1.8463470559375696,12.235897435897435,195,0,13.642081189251,555.8986877561996
70.0,95.0,1,2.5,3.0,False,2020-01-01 00:00:00,2021-12-31 00:00:00,17490,10000.0,5732.886735329296,-42.671132646707036,-24.320290944344503,-46.23938115702464,-1.2899580758216522,-0.5483575742443279,-0.5259648882789987,195,32.30769230769231,0.47988882250760795,-0.6836497720388429,1.7524778704156319,-1.8463470559375696,12.235897435897435,195,0,13.642081189251,555.8986877561996
70.0,80.0,1,2.5,3.0,False,2020-01-01 00:00:00,2021-12-31 00:00:00,17490,10000.0,5732.886735329296,-42.671132646707036,-24.320290944344503,-46.23938115702464,-1.2899580758216522,-0.5483575742443279,-0.5259648882789987,195,32.30769230769231,0.47988882250760795,-0.6836497720388429,1.7524778704156319,-1.8463470559375696,12.235897435897435,195,0,13.642081189251,555.8986877561996
70.0,80.0,1,2.5,3.0,True,2020-01-01 00:00:00,2021-12-31 00:00:00,17490,10000.0,5732.886735329296,-42.671132646707036,-24.320290944344503,-46.23938115702464,-1.2899580758216522,-0.5483575742443279,-0.5259648882789987,195,32.30769230769231,0.47988882250760795,-0.6836497720388429,1.7524778704156319,-1.8463470559375696,12.235897435897435,195,0,13.642081189251,555.8986877561996
70.0,60.0,1,2.5,3.0,False,2020-01-01 00:00:00,2021-12-31 00:00:00,17490,10000.0,7254.842860309062,-27.45157139690938,-14.848074083950547,-29.21315594154723,-1.382621773512952,-0.5420231080870163,-0.5082666903110414,195,36.92307692307692,0.5455539312077998,-0.5444083511708746,1.2114163653930587,-1.5722081852570793,12.235897435897435,195,0,13.642081189251,555.8986877561996
70.0,60.0,1,2.5,3.0,True,2020-01-01 00:00:00,2021-12-31 00:00:00,17490,10000.0,7254.842860309062,-27.45157139690938,-14.848074083950547,-29.21315594154723,-1.382621773512952,-0.5420231080870163,-0.5082666903110414,195,36.92307692307692,0.5455539312077998,-0.5444083511708746,1.2114163653930587,-1.5722081852570793,12.235897435897435,195,0,13.642081189251,555.8986877561996
70.0,0.0,1,2.5,3.0,False,2020-01-01 00:00:00,2021-12-31 00:00:00,17490,10000.0,7239.141423937176,-27.608585760628234,-14.940427914933153,-29.366357761262883,-1.4696521316867452,-0.5667494338201113,-0.5087599911569916,195,36.41025641025641,0.536443853289423,-0.5420866935209724,1.1936263965748202,-1.535922414462918,12.235897435897435,195,0,13.642081189251,555.8986877561996
70.0,0.0,1,2.5,3.0,True,2020-01-01 00:00:00,2021-12-31 00:00:00,17490,10000.0,7239.141423937176,-27.608585760628234,-14.940427914933153,-29.366357761262883,-1.4696521316867452,-0.5667494338201113,-0.5087599911569916,195,36.41025641025641,0.536443853289423,-0.5420866935209724,1.1936263965748202,-1.535922414462918,12.235897435897435,195,0,13.642081189251,555.8986877561996
