entry_threshold,exit_threshold,min_hold_bars,stop_atr_mult,trail_atr_mult,allow_short,start,end,bars,initial_equity,final_equity,total_return_pct,cagr_pct,max_drawdown_pct,sharpe,sortino,calmar,trades,win_rate_pct,profit_factor,expectancy_pct,avg_win_pct,avg_loss_pct,avg_bars_held,long_trades,short_trades,exposure_pct,buy_hold_return_pct
50.0,0.0,12,2.5,0.0,False,2020-01-01 00:00:00,2021-12-31 00:00:00,17490,10000.0,13040.274270923925,30.402742709239238,14.220021245762382,-18.43885266771431,0.6969243959611949,0.7006459777614964,0.7711988105778982,818,47.18826405867971,1.1559205172765743,-0.25630606042833665,1.4425811791617533,-1.7742932698768896,12.62958435207824,818,0,59.068038879359634,555.8986877561996
50.0,60.0,12,2.5,0.0,False,2020-01-01 00:00:00,2021-12-31 00:00:00,17490,10000.0,12311.243266024363,23.11243266024363,10.975830128854657,-19.12030862761216,0.5647964605856957,0.5616228409521213,0.5740404269941627,818,47.06601466992665,1.1272103327125313,-0.27406257238526777,1.4736817252469476,-1.828061543721071,12.62958435207824,818,0,59.068038879359634,555.8986877561996
50.0,95.0,12,2.5,0.0,False,2020-01-01 00:00:00,2021-12-31 00:00:00,17490,10000.0,12005.76619158403,20.057661915840306,9.588006813384764,-20.120224976983103,0.4859237054449251,0.45556375878636324,0.4765357655967137,760,47.76315789473684,1.1109153926387982,-0.24571878200487207,1.6792269469260852,-2.0058076978787702,13.797368421052632,760,0,59.95425957690109,555.8986877561996
50.0,80.0,12,2.5,0.0,False,2020-01-01 00:00:00,2021-12-31 00:00:00,17490,10000.0,11768.863786396036,17.688637863960356,8.49954886854427,-18.973802971759913,0.46577617259455073,0.4619906836415772,0.4479623236941358,818,47.31051344743276,1.1063035657843827,-0.2852067771989616,1.5038384440035553,-1.891611650993333,12.62958435207824,818,0,59.068038879359634,555.8986877561996
50.0,0.0,12,4.0,0.0,False,2020-01-01 00:00:00,2021-12-31 00:00:00,17490,10000.0,11598.814263002423,15.988142630024239,7.711491625000666,-19.089943828612576,0.4396212315551592,0.43791964212145074,0.4039557001442012,755,48.609271523178805,1.1104841318557104,-0.30809310241262267,1.4037642132514652,-1.9272983468680873,14.033112582781458,755,0,60.57747284162379,555.8986877561996
50.0,60.0,12,4.0,0.0,False,2020-01-01 00:00:00,2021-12-31 00:00:00,17490,10000.0,11110.771177065299,11.107711770652994,5.417165245091082,-21.22979670585864,0.34302225702814665,0.33814116280874,0.25516802257442933,755,48.87417218543046,1.0887447161239,-0.3186838466927753,1.4274218330023205,-1.9878884990437866,14.033112582781458,755,0,60.57747284162379,555.8986877561996
80.0,95.0,1,4.0,0.0,False,2020-01-01 00:00:00,2021-12-31 00:00:00,17490,10000.0,10700.927414103217,7.009274141032162,3.451297465586922,-13.5228445029003,0.31254521132135576,0.201312358877824,0.25521978492370506,694,51.873198847262245,1.13678150933554,0.06032717469528949,1.0464217831475524,-1.0025292895047544,5.145533141210374,694,0,20.417381360777586,555.8986877561996
50.0,80.0,12,4.0,0.0,False,2020-01-01 00:00:00,2021-12-31 00:00:00,17490,10000.0,10679.301030838404,6.79301030838404,3.346528674941318,-23.726409106392985,0.2572313397151627,0.2523141094052906,0.14104657219450917,755,49.80132450331126,1.0699912819686883,-0.328330599847979,1.4532387315327155,-2.0957977993180084,14.033112582781458,755,0,60.57747284162379,555.8986877561996
80.0,0.0,12,4.0,0.0,False,2020-01-01 00:00:00,2021-12-31 00:00:00,17490,10000.0,10524.021005823262,5.2402100582326305,2.591144993474659,-25.370572011743388,0.22691068565850644,0.16220345647631765,0.10213191063549076,463,48.59611231101512,1.081092496909785,-0.2387863206830479,1.435214140658123,-1.8213497820349949,14.295896328293736,463,0,37.84448256146369,555.8986877561996
80.0,95.0,1,4.0,3.0,False,2020-01-01 00:00:00,2021-12-31 00:00:00,17490,10000.0,10435.17623068669,4.351762306866891,2.156442344981313,-13.800007030204053,0.222452481435871,0.14421761573440045,0.15626385843583349,701,51.212553495007135,1.116797111861305,0.04993953372222409,1.0320453077570746,-0.9809843635833646,4.964336661911555,701,0,19.897084048027445,555.8986877561996
80.0,0.0,12,4.0,0.0,True,2020-01-01 00:00:00,2021-12-31 00:00:00,17490,10000.0,10394.455747471646,3.944557474716448,1.9565865411758088,-31.534476723318406,0.21054907066241668,0.20746767902381769,0.06204594921116913,686,45.04373177842566,1.0604639953486732,-0.2929728151724101,1.52270531112658,-1.7811546216084522,13.7332361516035,408,278,53.865065751858204,555.8986877561996
50.0,95.0,12,4.0,0.0,False,2020-01-01 00:00:00,2021-12-31 00:00:00,17490,10000.0,10317.422599341066,3.174225993410662,1.5774366164370113,-28.17659992243794,0.18958437383041885,0.1775426014093113,0.0559839235670464,699,50.92989985693848,1.0518875414335738,-0.28652205252051494,1.6242951137312642,-2.2697608606418957,15.360515021459227,699,0,61.3893653516295,555.8986877561996
80.0,95.0,1,2.5,0.0,False,2020-01-01 00:00:00,2021-12-31 00:00:00,17490,10000.0,10216.49759793607,2.164975979360695,1.0785484012344915,-12.969169278675663,0.14671060388171622,0.0948118126119467,0.08316248928972471,702,50.85470085470085,1.0973122893005813,0.049478238168433906,1.0485439371962495,-0.9843375721299141,4.921652421652421,702,0,19.754145225843338,555.8986877561996
50.0,0.0,12,2.5,3.0,False,2020-01-01 00:00:00,2021-12-31 00:00:00,17490,10000.0,10075.222082562512,0.7522208256251162,0.3760508952857622,-21.751898650271894,0.13604270027606047,0.1267706265173824,0.01728818717537844,847,46.28099173553719,1.050588610671952,-0.29441085625957125,1.4718613842036803,-1.8161223249663725,12.139315230224321,847,0,58.78787878787879,555.8986877561996
60.0,95.0,4,4.0,0.0,False,2020-01-01 00:00:00,2021-12-31 00:00:00,17490,10000.0,10144.24387400501,1.4424387400501004,0.7198742530850399,-18.351706998041383,0.12551728652275687,0.11211648195930043,0.03922655550036134,895,53.072625698324025,1.0652536359620401,-0.043395129969012486,1.2444633175449236,-1.4999017075145353,8.26145251396648,895,0,42.275586049170954,555.8986877561996
70.0,95.0,4,4.0,0.0,False,2020-01-01 00:00:00,2021-12-31 00:00:00,17490,10000.0,10090.65380800302,0.9065380800302059,0.4530238832395783,-18.44924469374596,0.10918986984611152,0.09588914160310918,0.024555145251726602,872,52.86697247706422,1.062985065716201,-0.045380504580469994,1.2366027042796945,-1.4833227412825039,8.224770642201834,872,0,41.0062893081761,555.8986877561996
50.0,0.0,12,4.0,3.0,False,2020-01-01 00:00:00,2021-12-31 00:00:00,17490,10000.0,9923.833438742562,-0.7616656125743804,-0.382213975094825,-22.71564844071249,0.10513668367372732,0.09743558154979516,-0.016826020885663817,807,47.58364312267658,1.0444003340344632,-0.2910685227724134,1.4673979064576477,-1.887406841506086,12.983890954151176,807,0,59.908519153802175,555.8986877561996
50.0,60.0,12,2.5,3.0,False,2020-01-01 00:00:00,2021-12-31 00:00:00,17490,10000.0,9845.387055340598,-1.5461294465940245,-0.7774021838535039,-21.211682586298252,0.09008295348582357,0.08361204824914402,-0.0366497179415493,847,46.28099173553719,1.041164102047373,-0.30191648862559584,1.504304699063608,-1.8580455118655255,12.139315230224321,847,0,58.78787878787879,555.8986877561996
80.0,95.0,4,4.0,0.0,False,2020-01-01 00:00:00,2021-12-31 00:00:00,17490,10000.0,10013.47646492256,0.13476464922559384,0.06747521666803369,-21.075023789726764,0.08733498255121429,0.06039577494901814,0.003201667402194116,594,52.861952861952865,1.0577517213262135,0.002139296819599943,1.3152541391809915,-1.470425204971389,8.016835016835017,594,0,27.22698684962836,555.8986877561996
80.0,80.0,12,4.0,0.0,True,2020-01-01 00:00:00,2021-12-31 00:00:00,17490,10000.0,9598.982247898311,-4.010177521016889,-2.02904308069779,-32.82802378409501,0.08196378984747885,0.08066645523367225,-0.061808261564646784,686,45.18950437317784,1.0275895721137078,-0.31275448016916707,1.5942011178007691,-1.884978510410338,13.7332361516035,408,278,53.865065751858204,555.8986877561996
80.0,0.0,12,4.0,3.0,False,2020-01-01 00:00:00,2021-12-31 00:00:00,17490,10000.0,9825.046293580484,-1.7495370641951613,-0.880128901828281,-30.11684985212205,0.07355729540376924,0.05189528111056848,-0.029223803490399464,488,48.77049180327869,1.0384260176132138,-0.2384162334243708,1.437517654601531,-1.833905294825029,12.961065573770492,488,0,36.16352201257862,555.8986877561996
80.0,60.0,12,4.0,0.0,True,2020-01-01 00:00:00,2021-12-31 00:00:00,17490,10000.0,9571.693580678078,-4.283064193219211,-2.1686404530754433,-32.50184464499273,0.07276685728900036,0.07084828410284695,-0.06672361143691413,686,44.46064139941691,1.0271710338544926,-0.31517012034536407,1.5612404536095392,-1.8172835719365596,13.7332361516035,408,278,53.865065751858204,555.8986877561996
50.0,60.0,12,4.0,3.0,False,2020-01-01 00:00:00,2021-12-31 00:00:00,17490,10000.0,9755.498727330641,-2.445012726693585,-1.232168593487748,-22.59257588961323,0.07211550218979312,0.06661298222727816,-0.05453865019677674,807,47.459727385377946,1.036883864731772,-0.2967220701141489,1.5083037015192644,-1.9272052553396146,12.983890954151176,807,0,59.908519153802175,555.8986877561996
60.0,80.0,4,4.0,0.0,False,2020-01-01 00:00:00,2021-12-31 00:00:00,17490,10000.0,9936.6488209473,-0.6335117905270082,-0.3178024803233592,-18.449632556666185,0.051945508968605295,0.045168362387443706,-0.017225409739042824,999,49.549549549549546,1.0649919222657789,-0.03502334496626685,1.1412331168634648,-1.190275227120468,6.726726726726727,999,0,38.42195540308748,555.8986877561996
50.0,80.0,12,2.5,3.0,False,2020-01-01 00:00:00,2021-12-31 00:00:00,17490,10000.0,9653.611474916059,-3.463885250839416,-1.750176817578819,-21.03309364025264,0.050514457100006405,0.046888021210157275,-0.0832106226270667,847,46.39905548996458,1.0335360796071895,-0.3070925744096293,1.535731687487468,-1.902312695391037,12.139315230224321,847,0,58.78787878787879,555.8986877561996
80.0,60.0,12,4.0,0.0,False,2020-01-01 00:00:00,2021-12-31 00:00:00,17490,10000.0,9671.248779281186,-3.287512207188137,-1.660311817766269,-26.13748724197078,0.04526667401810052,0.031857541735572474,-0.0635222430678107,463,49.24406047516199,1.0274459514247511,-0.264347015963031,1.450154562500081,-1.927778334642135,14.295896328293736,463,0,37.84448256146369,555.8986877561996
80.0,95.0,1,2.5,3.0,False,2020-01-01 00:00:00,2021-12-31 00:00:00,17490,10000.0,9902.219997587006,-0.9778000241299378,-0.490939593646067,-14.129077435052084,0.02990399868612365,0.019386658485372427,-0.03474675511566812,706,50.42492917847026,1.0725818716348634,0.03374308005344573,1.0367617692005482,-0.9864702151933215,4.811614730878187,706,0,19.422527158376216,555.8986877561996
70.0,0.0,12,4.0,0.0,False,2020-01-01 00:00:00,2021-12-31 00:00:00,17490,10000.0,9615.977711851217,-3.8402228814878203,-1.9422015029759376,-28.79929714393524,0.025348005200793847,0.021676876029912646,-0.06743919802171075,650,47.84615384615385,1.0305517034580216,-0.3037138752758799,1.359919558418396,-1.8299380578095665,13.932307692307692,650,0,51.77815894797027,555.8986877561996
60.0,80.0,12,4.0,3.0,False,2020-01-01 00:00:00,2021-12-31 00:00:00,17490,10000.0,9573.101392450608,-4.268986075493919,-2.161433822660219,-28.426641246909355,0.01701490088150892,0.014858400415599708,-0.07603549796426329,709,47.81382228490832,1.0277815236848258,-0.3015105223637413,1.4910504027213742,-1.9438839104822658,12.774330042313117,709,0,51.78387650085763,555.8986877561996
50.0,80.0,12,4.0,3.0,False,2020-01-01 00:00:00,2021-12-31 00:00:00,17490,10000.0,9489.865803334764,-5.101341966652361,-2.588432236657534,-22.98465423634327,0.016706439652344217,0.015433000342908409,-0.11261567000493365,807,47.83147459727385,1.0261462913808905,-0.3049915882605648,1.531318227356228,-1.988639067662185,12.983890954151176,807,0,59.908519153802175,555.8986877561996
60.0,60.0,12,4.0,3.0,False,2020-01-01 00:00:00,2021-12-31 00:00:00,17490,10000.0,9560.25881564507,-4.397411843549303,-2.227194967766044,-28.52791860373365,0.012703563780565839,0.01107488624294213,-0.07807071377000338,709,47.53173483779972,1.0278472786542965,-0.29824123752456916,1.4626736344728488,-1.8934786350061008,12.774330042313117,709,0,51.78387650085763,555.8986877561996
60.0,0.0,12,4.0,0.0,False,2020-01-01 00:00:00,2021-12-31 00:00:00,17490,10000.0,9546.004237654744,-4.539957623452551,-2.3002379985415655,-29.856563679761717,0.0082668824545761,0.0071346566061470905,-0.07704295856729095,662,47.73413897280967,1.0272095206581904,-0.30351613832959257,1.3800299968438168,-1.8410900652509723,13.942598187311178,662,0,52.77301315037164,555.8986877561996
80.0,0.0,12,2.5,0.0,True,2020-01-01 00:00:00,2021-12-31 00:00:00,17490,10000.0,9198.931248364232,-8.010687516357685,-4.095808936740375,-31.267137942413935,-0.004204447515644021,-0.004065400504969778,-0.13099404698581005,711,42.89732770745429,1.0133370920060456,-0.31654460233963383,1.531463338826178,-1.7048264300627194,12.507735583684951,429,282,50.8461978273299,555.8986877561996
60.0,60.0,12,4.0,0.0,False,2020-01-01 00:00:00,2021-12-31 00:00:00,17490,10000.0,9442.01564064734,-5.579843593526601,-2.8347499977631863,-29.415123245781405,-0.0118510026988764,-0.010170849425325881,-0.09637049534272253,662,48.79154078549849,1.0212889268734797,-0.3029413945987986,1.402138898321473,-1.9275459214815351,13.942598187311178,662,0,52.77301315037164,555.8986877561996
70.0,80.0,4,4.0,0.0,False,2020-01-01 00:00:00,2021-12-31 00:00:00,17490,10000.0,9745.371032527672,-2.54628967472329,-1.2835378772331985,-17.47257520554114,-0.014796229396721584,-0.012656880973134792,-0.07346014323212903,976,49.48770491803279,1.0557511690043933,-0.040104996483356595,1.1190949407944382,-1.1757917504492288,6.677254098360656,976,0,37.26129216695254,555.8986877561996
60.0,80.0,12,4.0,0.0,False,2020-01-01 00:00:00,2021-12-31 00:00:00,17490,10000.0,9416.652392534528,-5.83347607465472,-2.9655647939349605,-29.28105058091419,-0.01514509156861072,-0.013004853428972323,-0.10127931666044654,662,49.39577039274924,1.0193304018725957,-0.3015571618834012,1.4319034352813993,-1.9936216850860573,13.942598187311178,662,0,52.77301315037164,555.8986877561996
60.0,0.0,12,2.5,0.0,False,2020-01-01 00:00:00,2021-12-31 00:00:00,17490,10000.0,9391.733315991589,-6.082666840084117,-3.09426009558158,-26.24313271500853,-0.02015528807123817,-0.017327937339743464,-0.11790742093118947,725,45.241379310344826,1.0222387019955907,-0.31662179399772983,1.451668050817115,-1.7775766280009266,12.383448275862069,725,0,51.33218982275586,555.8986877561996
70.0,0.0,12,4.0,0.0,True,2020-01-01 00:00:00,2021-12-31 00:00:00,17490,10000.0,9165.037854287706,-8.349621457122936,-4.272954172493614,-31.006712251514678,-0.021432486713784914,-0.02073883092738904,-0.13780739272945267,915,46.44808743169399,1.020027045116215,-0.28176124928637336,1.4629902129377284,-1.7950660889705434,13.323497267759564,544,371,69.70268724985706,555.8986877561996
80.0,80.0,12,4.0,0.0,False,2020-01-01 00:00:00,2021-12-31 00:00:00,17490,10000.0,9356.80103505477,-6.431989649452296,-3.2749561617560707,-26.43186057459117,-0.022894615890782052,-0.016129445089681147,-0.1239018400734253,463,49.676025917926566,1.008425157075595,-0.27608956538483465,1.4717386377435622,-2.001413542721879,14.295896328293736,463,0,37.84448256146369,555.8986877561996
70.0,60.0,12,4.0,0.0,False,2020-01-01 00:00:00,2021-12-31 00:00:00,17490,10000.0,9375.567502380823,-6.244324976191762,-3.1778400826030118,-28.869029897712984,-0.026408912794888953,-0.022459448913883833,-0.11007782713387129,650,48.76923076923077,1.0177622355896452,-0.3132811108620766,1.3820388164328878,-1.9271442248335593,13.932307692307692,650,0,51.77815894797027,555.8986877561996
80.0,80.0,4,4.0,0.0,False,2020-01-01 00:00:00,2021-12-31 00:00:00,17490,10000.0,9687.096844264963,-3.12903155735037,-1.5796330402742975,-14.58455333682912,-0.03551696224651842,-0.023782923695563157,-0.10830863337345997,634,48.89589905362776,1.0447698521405215,-0.029021097514749947,1.201649053991458,-1.206514143708961,6.514195583596215,634,0,23.61349342481418,555.8986877561996
60.0,0.0,12,4.0,3.0,False,2020-01-01 00:00:00,2021-12-31 00:00:00,17490,10000.0,9369.776494880647,-6.302235051193527,-3.207798066909784,-29.098007541064153,-0.03579834196633126,-0.031257108503113466,-0.11024115869043007,709,47.10860366713681,1.0195949159452848,-0.29874583862441334,1.4346913608665048,-1.8426605709709911,12.774330042313117,709,0,51.78387650085763,555.8986877561996
70.0,80.0,12,4.0,0.0,False,2020-01-01 00:00:00,2021-12-31 00:00:00,17490,10000.0,9291.753555091034,-7.082464449089654,-3.61233029544773,-28.47247136011285,-0.04306459314902034,-0.03664974199175011,-0.12687097827792537,650,49.38461538461539,1.0131039872460297,-0.31296140660964383,1.4114687955357987,-1.9954601752682668,13.932307692307692,650,0,51.77815894797027,555.8986877561996
70.0,60.0,12,4.0,3.0,False,2020-01-01 00:00:00,2021-12-31 00:00:00,17490,10000.0,9316.892652756625,-6.831073472433746,-3.4818049557686193,-26.68391027081851,-0.044538340761500976,-0.03837588038358581,-0.1304833107453639,692,47.543352601156066,1.0161092751730378,-0.3034568815756206,1.4363485084737802,-1.880305292942708,12.789017341040463,692,0,50.60034305317324,555.8986877561996
50.0,95.0,12,1.5,0.0,False,2020-01-01 00:00:00,2021-12-31 00:00:00,17490,10000.0,9165.461557028822,-8.345384429711778,-4.27073765607211,-26.55832405732482,-0.044641025563412984,-0.04117862586611732,-0.16080599238317655,941,39.53241232731137,1.018679535573695,-0.3278356918153934,1.7265594146480479,-1.6709551638793656,10.444208289054197,941,0,56.19210977701544,555.8986877561996
70.0,80.0,12,4.0,3.0,False,2020-01-01 00:00:00,2021-12-31 00:00:00,17490,10000.0,9299.615168834387,-7.0038483116561245,-3.5714928919367894,-26.33605136750312,-0.04687524368303327,-0.04046179856474496,-0.13561231492522705,692,47.6878612716763,1.0149247188012567,-0.3072250054910818,1.4690133625041588,-1.9264478271442014,12.789017341040463,692,0,50.60034305317324,555.8986877561996
80.0,0.0,12,2.5,0.0,False,2020-01-01 00:00:00,2021-12-31 00:00:00,17490,10000.0,9322.560859909392,-6.774391400906077,-3.4523992108995483,-24.91152571291063,-0.0469366730632394,-0.032926970216883594,-0.13858642183085199,488,46.721311475409834,1.0080437322029303,-0.26736485954665595,1.434779753545037,-1.7600147510270636,12.897540983606557,488,0,35.98627787307033,555.8986877561996
70.0,0.0,12,2.5,0.0,False,2020-01-01 00:00:00,2021-12-31 00:00:00,17490,10000.0,9232.46074124705,-7.675392587529495,-3.9208859157702336,-28.06431532605018,-0.05501850427141045,-0.04647360158720667,-0.13971072767026474,707,45.54455445544554,1.0144416055659364,-0.3172228603106427,1.4237472153974127,-1.7733069236301073,12.466760961810467,707,0,50.39451114922813,555.8986877561996
60.0,60.0,12,2.5,0.0,False,2020-01-01 00:00:00,2021-12-31 00:00:00,17490,10000.0,9154.828881773365,-8.451711182266353,-4.326375848417907,-28.090360584752773,-0.07065944330457635,-0.06046394189562979,-0.154016387057923,725,45.6551724137931,1.0110920089394495,-0.3229780322047632,1.4862435051825875,-1.8429078009235784,12.383448275862069,725,0,51.33218982275586,555.8986877561996
80.0,60.0,12,4.0,3.0,False,2020-01-01 00:00:00,2021-12-31 00:00:00,17490,10000.0,9166.203217914142,-8.337967820858571,-4.266857928119839,-34.868407043131,-0.0726585501473248,-0.050260086474413955,-0.12237031427452033,488,49.18032786885246,0.9959998762313486,-0.258272752442418,1.4538838669673475,-1.9151985131615457,12.961065573770492,488,0,36.16352201257862,555.8986877561996
50.0,95.0,12,2.5,3.0,False,2020-01-01 00:00:00,2021-12-31 00:00:00,17490,10000.0,8978.87884244857,-10.211211575514302,-5.2518066916411925,-26.77553354978519,-0.08183346253337596,-0.07485602736368444,-0.1961419996309775,803,46.699875466998755,1.0065882160266524,-0.2943696992988575,1.6866622681067802,-2.030086960460339,13.034869240348693,803,0,59.84562607204116,555.8986877561996
80.0,60.0,12,2.5,0.0,True,2020-01-01 00:00:00,2021-12-31 00:00:00,17490,10000.0,8758.229399100926,-12.417706008990736,-6.425229111381004,-33.395676114575544,-0.08416884316797749,-0.08044690078965469,-0.19239703635096378,711,42.61603375527426,0.9946963885814799,-0.3292349119466925,1.5665373390322919,-1.737124598335497,12.507735583684951,429,282,50.8461978273299,555.8986877561996
80.0,80.0,12,2.5,0.0,True,2020-01-01 00:00:00,2021-12-31 00:00:00,17490,10000.0,8708.26447543414,-12.917355245658602,-6.692986613835994,-35.832354981851836,-0.08630826660687074,-0.08337382093067228,-0.1867861215715746,711,43.17862165963432,0.9932588991358403,-0.3311326293139124,1.6006780820805888,-1.7991175015864667,12.507735583684951,429,282,50.8461978273299,555.8986877561996
70.0,0.0,12,4.0,3.0,False,2020-01-01 00:00:00,2021-12-31 00:00:00,17490,10000.0,9154.26106469176,-8.457389353082402,-4.329348003504673,-27.74801072309897,-0.08827421293386223,-0.07616458525984525,-0.15602372532963907,692,46.96531791907515,1.008659592714522,-0.3013689155504641,1.4084880808294054,-1.815547454578959,12.789017341040463,692,0,50.60034305317324,555.8986877561996
60.0,0.0,12,4.0,0.0,True,2020-01-01 00:00:00,2021-12-31 00:00:00,17490,10000.0,8831.607170846974,-11.683928291530265,-6.0333825628984155,-36.46270799059366,-0.0888197120934611,-0.08723873517149222,-0.16546721007268184,931,45.86466165413534,1.0097610380516613,-0.30174004733917514,1.4633286506073369,-1.7971454719883035,13.34156820622986,545,386,71.01772441395083,555.8986877561996
80.0,80.0,12,4.0,3.0,False,2020-01-01 00:00:00,2021-12-31 00:00:00,17490,10000.0,9058.972215897658,-9.410277841023419,-4.829433748872825,-34.754641649361076,-0.09589265344283597,-0.06646951966883512,-0.1389579497782452,488,48.5655737704918,0.9895782044943133,-0.26706788532883124,1.4953319503780431,-1.9311665349803422,12.961065573770492,488,0,36.16352201257862,555.8986877561996
60.0,60.0,4,4.0,0.0,False,2020-01-01 00:00:00,2021-12-31 00:00:00,17490,10000.0,9537.46720747092,-4.625327925290801,-2.3440093504560444,-19.25821967414123,-0.0969500452391371,-0.083288212741891,-0.12171474778654841,999,49.049049049049046,1.0468237176026907,-0.04650791882181932,1.0851727188993736,-1.135945074977781,6.726726726726727,999,0,38.42195540308748,555.8986877561996
80.0,95.0,4,2.5,0.0,False,2020-01-01 00:00:00,2021-12-31 00:00:00,17490,10000.0,9422.97447105885,-5.770255289411508,-2.9329412771529118,-22.877241686101733,-0.10144601799686438,-0.06937314328702483,-0.128203448536137,612,51.30718954248366,1.0206989675852864,-0.017816459277289993,1.3093656001211806,-1.4162566158246719,7.493464052287582,612,0,26.220697541452257,555.8986877561996
70.0,60.0,12,2.5,0.0,False,2020-01-01 00:00:00,2021-12-31 00:00:00,17490,10000.0,8991.087147335269,-10.089128526647306,-5.187304986814523,-29.764138594466505,-0.10649076534946726,-0.08959309466434733,-0.17428036663486382,707,45.96888260254597,1.0026698479673821,-0.325501497269059,1.4581665941701287,-1.8430201614516142,12.466760961810467,707,0,50.39451114922813,555.8986877561996
60.0,80.0,12,2.5,0.0,False,2020-01-01 00:00:00,2021-12-31 00:00:00,17490,10000.0,8935.256258426802,-10.647437415731986,-5.482641903227159,-28.698168765445242,-0.1193210317383749,-0.10205693813656647,-0.19104500876127933,725,45.93103448275862,1.0010951363909344,-0.33050900086027424,1.519732457211212,-1.9022702394771236,12.383448275862069,725,0,51.33218982275586,555.8986877561996
60.0,95.0,1,4.0,0.0,False,2020-01-01 00:00:00,2021-12-31 00:00:00,17490,10000.0,9481.02593204839,-5.189740679516108,-2.633890380542603,-18.39968372477373,-0.12152936874990188,-0.1036837066368563,-0.1431486768979771,1149,50.391644908616186,1.0514271896775658,-0.0037742902812104677,0.9766444056303029,-0.9996732813913265,5.128807658833768,1149,0,33.693539165237276,555.8986877561996
80.0,0.0,4,4.0,0.0,False,2020-01-01 00:00:00,2021-12-31 00:00:00,17490,10000.0,9484.361767459124,-5.156382325408759,-2.6167337000302604,-15.931692714606417,-0.12628246543249144,-0.08368739890666256,-0.16424706067994893,634,48.738170347003155,1.0334689016674983,-0.03166329884491424,1.082346636182317,-1.0908296678400358,6.514195583596215,634,0,23.61349342481418,555.8986877561996
80.0,95.0,4,4.0,3.0,False,2020-01-01 00:00:00,2021-12-31 00:00:00,17490,10000.0,9301.058580333833,-6.98941419666167,-3.56399691741921,-23.362858125794883,-0.13414494753120157,-0.09234689206623609,-0.1525496965409471,606,51.65016501650165,1.0116122932146514,-0.02302023736923481,1.3072199147531682,-1.444061765063133,7.633663366336633,606,0,26.449399656946827,555.8986877561996
50.0,60.0,12,1.5,0.0,False,2020-01-01 00:00:00,2021-12-31 00:00:00,17490,10000.0,8828.895561899777,-11.711044381002234,-6.047833915167833,-27.543306620041097,-0.13420924661470593,-0.12299262738314917,-0.21957544889571465,991,39.656912209889,1.0092055787029925,-0.34673767800888566,1.5719447502675221,-1.6076778022774947,9.748738647830475,991,0,55.23727844482561,555.8986877561996
70.0,60.0,12,4.0,0.0,True,2020-01-01 00:00:00,2021-12-31 00:00:00,17490,10000.0,8560.601935815896,-14.393980641841042,-7.48881052801964,-34.440046879672416,-0.14222670090057662,-0.137989119842751,-0.2174448412972332,915,46.12021857923497,0.9985031565729139,-0.30140391647152315,1.4906778792481212,-1.8353968531727198,13.323497267759564,544,371,69.70268724985706,555.8986877561996
70.0,95.0,1,4.0,0.0,False,2020-01-01 00:00:00,2021-12-31 00:00:00,17490,10000.0,9425.59929089981,-5.74400709100189,-2.9193997556498985,-18.161725326880674,-0.14320811362819202,-0.11911095949154683,-0.16074462657625235,1116,50.17921146953405,1.0470408186769233,-0.006575878174287856,0.9730589818404005,-0.9932584709948373,5.057347670250896,1116,0,32.26986849628359,555.8986877561996
50.0,80.0,12,1.5,0.0,False,2020-01-01 00:00:00,2021-12-31 00:00:00,17490,10000.0,8766.872786340395,-12.33127213659605,-6.3789874108377,-26.731409130660822,-0.14680329873256612,-0.13467691366231596,-0.23863266540337474,991,39.455095862764885,1.0067021916903702,-0.34828350943700237,1.605238398867269,-1.6213286196819527,9.748738647830475,991,0,55.23727844482561,555.8986877561996
60.0,0.0,4,4.0,0.0,False,2020-01-01 00:00:00,2021-12-31 00:00:00,17490,10000.0,9424.896335361267,-5.75103664638733,-2.923026139046281,-18.690916080671915,-0.1483634931662564,-0.12644862652215144,-0.15638752677665446,999,48.348348348348345,1.0423332999142656,-0.040578617111525155,1.0590348216044092,-1.0698679405607427,6.726726726726727,999,0,38.42195540308748,555.8986877561996
70.0,80.0,12,4.0,0.0,True,2020-01-01 00:00:00,2021-12-31 00:00:00,17490,10000.0,8429.493800619677,-15.705061993803227,-8.20117704349881,-36.32445158723272,-0.16068757906587727,-0.15820322680373458,-0.22577566033732907,915,46.666666666666664,0.9943436855065293,-0.3038165175852178,1.5123275191860646,-1.8929425497600898,13.323497267759564,544,371,69.70268724985706,555.8986877561996
70.0,80.0,12,2.5,0.0,False,2020-01-01 00:00:00,2021-12-31 00:00:00,17490,10000.0,8749.073625053727,-12.509263749462729,-6.474236907288478,-30.344226631264338,-0.16072116678878753,-0.13519912416791113,-0.21335975986344388,707,46.11032531824611,0.9912818826365365,-0.33338789790768636,1.495520307053136,-1.8982804827298072,12.466760961810467,707,0,50.39451114922813,555.8986877561996
80.0,80.0,1,4.0,0.0,False,2020-01-01 00:00:00,2021-12-31 00:00:00,17490,10000.0,9561.747607570738,-4.382523924292614,-2.2195692654301324,-11.980970675162384,-0.1618033817299995,-0.10088973974650306,-0.18525788315561914,749,48.33110814419226,1.0666084867989125,0.013196681765144748,0.7761796752885304,-0.7004980046830869,3.7770360480640854,749,0,16.174957118353344,555.8986877561996
50.0,0.0,12,1.5,0.0,False,2020-01-01 00:00:00,2021-12-31 00:00:00,17490,10000.0,8703.488452284213,-12.965115477157873,-6.718620996027247,-28.11085155897244,-0.1677416311081533,-0.15340734495688144,-0.23900453466991445,991,39.455095862764885,1.0047122457694475,-0.34200615248611993,1.5481455771769046,-1.5737550296498573,9.748738647830475,991,0,55.23727844482561,555.8986877561996
70.0,60.0,4,4.0,0.0,False,2020-01-01 00:00:00,2021-12-31 00:00:00,17490,10000.0,9339.845643191386,-6.601543568086143,-3.3627835989560872,-18.126489268989452,-0.17238501375351353,-0.1456713293643011,-0.18551764487065298,976,48.872950819672134,1.0353155951580755,-0.05320596394064319,1.0649721503406544,-1.1220856443257712,6.677254098360656,976,0,37.26129216695254,555.8986877561996
80.0,80.0,4,4.0,3.0,False,2020-01-01 00:00:00,2021-12-31 00:00:00,17490,10000.0,9297.313770927532,-7.026862290724678,-3.583445792366413,-17.702144849031964,-0.17291931147599032,-0.11492947676898228,-0.2024300344916889,642,48.13084112149533,1.0175932566497063,-0.03669626917794853,1.2040095882325603,-1.1879818846129253,6.320872274143302,642,0,23.201829616923956,555.8986877561996
60.0,60.0,12,4.0,0.0,True,2020-01-01 00:00:00,2021-12-31 00:00:00,17490,10000.0,8398.110992943988,-16.018890070560122,-8.372511928439309,-38.640769290189304,-0.17664356410469212,-0.17404581237470926,-0.21667560150167733,931,45.86466165413534,0.9948846056181628,-0.31535989142171333,1.483433876175399,-1.8393379445248224,13.34156820622986,545,386,71.01772441395083,555.8986877561996
60.0,95.0,1,4.0,3.0,False,2020-01-01 00:00:00,2021-12-31 00:00:00,17490,10000.0,9315.448814149957,-6.84551185850043,-3.4892967845717604,-18.123935190611007,-0.18510988866952952,-0.15898938818399405,-0.19252423647924813,1167,49.87146529562982,1.042158618767314,-0.0055731562701415984,0.9846085529344866,-0.9906770105557721,4.93573264781491,1167,0,32.93310463121784,555.8986877561996
80.0,80.0,4,2.5,0.0,False,2020-01-01 00:00:00,2021-12-31 00:00:00,17490,10000.0,9267.797791219393,-7.322022087806069,-3.736875735294576,-19.413456984599453,-0.1865407948931543,-0.12399253980533535,-0.19248893889733348,650,47.84615384615385,1.0162179148037855,-0.039427356251858385,1.2082623667333343,-1.184063060819395,6.201538461538462,650,0,23.047455688965123,555.8986877561996
50.0,95.0,12,4.0,3.0,False,2020-01-01 00:00:00,2021-12-31 00:00:00,17490,10000.0,8466.676243374517,-15.333237566254832,-7.998590532729855,-28.078288151529396,-0.1910984575702388,-0.1746679313673786,-0.28486745664707414,767,48.23989569752282,0.9854455975973511,-0.3071219045545004,1.6680879103843127,-2.1479975507191376,13.885267275097783,767,0,60.891938250428815,555.8986877561996
80.0,60.0,12,2.5,0.0,False,2020-01-01 00:00:00,2021-12-31 00:00:00,17490,10000.0,8696.545245451869,-13.034547545481312,-6.7558998447492025,-28.274358261276657,-0.1917248688010237,-0.13247328157837981,-0.23894087293934418,488,47.33606557377049,0.9689547692305819,-0.2895333363522263,1.452309600092029,-1.855158699459709,12.897540983606557,488,0,35.98627787307033,555.8986877561996
50.0,0.0,4,4.0,0.0,False,2020-01-01 00:00:00,2021-12-31 00:00:00,17490,10000.0,9257.560319206561,-7.424396807934386,-3.790149109497165,-23.294742403586564,-0.20032877634881216,-0.18158709829050254,-0.16270405758655723,1190,48.0672268907563,1.0373234388053083,-0.05239747454498108,1.0623326692761685,-1.0841541772402843,6.707563025210084,1190,0,45.63750714694111,555.8986877561996
80.0,80.0,1,4.0,3.0,False,2020-01-01 00:00:00,2021-12-31 00:00:00,17490,10000.0,9472.571163159126,-5.274288368408742,-2.67738797181053,-12.803084402530086,-0.20848903567291738,-0.13060434721619227,-0.20912054374033784,753,48.20717131474104,1.0580065832174617,0.008940619984894777,0.7686213319379699,-0.6981468119098906,3.691899070385126,753,0,15.8947970268725,555.8986877561996
50.0,95.0,1,4.0,0.0,False,2020-01-01 00:00:00,2021-12-31 00:00:00,17490,10000.0,9235.364137853403,-7.646358621465965,-3.905753854170535,-16.163025136606667,-0.20891850442068446,-0.19105445004184962,-0.24164745282271616,1379,50.83393763596809,1.0416835204675232,-0.014861992750199416,0.9709438565176193,-1.0341096333648616,5.0572878897752,1379,0,39.874213836477985,555.8986877561996
80.0,60.0,4,4.0,0.0,False,2020-01-01 00:00:00,2021-12-31 00:00:00,17490,10000.0,9235.097628919411,-7.649023710805891,-3.9071427592206276,-16.812524732547995,-0.21080860310449748,-0.13890827766823713,-0.232394766483623,634,48.58044164037855,1.0129832805434833,-0.05181585877009206,1.1217742414598275,-1.1606065056130834,6.514195583596215,634,0,23.61349342481418,555.8986877561996
80.0,95.0,4,2.5,3.0,False,2020-01-01 00:00:00,2021-12-31 00:00:00,17490,10000.0,9095.98305501692,-9.040169449830792,-4.634886627470747,-24.693867536365175,-0.2137991837894764,-0.1467768250938062,-0.1876938321081227,614,50.814332247557005,0.999454776205178,-0.028756987443122876,1.3074452911400705,-1.409204374588674,7.381107491856677,614,0,25.91194968553459,555.8986877561996
50.0,60.0,4,4.0,0.0,False,2020-01-01 00:00:00,2021-12-31 00:00:00,17490,10000.0,9144.82068011431,-8.551793198856906,-4.378775799077772,-24.17677302545086,-0.2308639550505425,-0.21056491290389487,-0.18111498149352853,1190,48.57142857142857,1.0306118872621275,-0.06605473975241603,1.0790172408670526,-1.14751161033747,6.707563025210084,1190,0,45.63750714694111,555.8986877561996
60.0,80.0,12,2.5,3.0,False,2020-01-01 00:00:00,2021-12-31 00:00:00,17490,10000.0,8475.705964855431,-15.24294035144569,-7.949459642875745,-32.79431148811995,-0.23761629249820013,-0.20152635848744677,-0.2424036145950346,745,46.04026845637584,0.980803999317333,-0.326894758119501,1.5127754067271044,-1.8965635803642416,11.92214765100671,745,0,50.7833047455689,555.8986877561996
70.0,60.0,12,2.5,3.0,False,2020-01-01 00:00:00,2021-12-31 00:00:00,17490,10000.0,8475.837322316866,-15.24162677683134,-7.948745117225164,-33.50677961520344,-0.23781106879100034,-0.19803931701099908,-0.2372279642660282,725,46.06896551724138,0.9784897409581207,-0.32313236432434134,1.4569387769542044,-1.8437046435750684,12.002758620689654,725,0,49.75414522584334,555.8986877561996
60.0,95.0,12,4.0,3.0,False,2020-01-01 00:00:00,2021-12-31 00:00:00,17490,10000.0,8484.15218749452,-15.158478125054808,-7.903527224491292,-33.23710009913169,-0.23784975172363226,-0.20723889626303862,-0.23779232246250537,673,48.736998514115896,0.9777224125369715,-0.3141308083126586,1.604992660998426,-2.138688773338849,13.658246656760772,673,0,52.5557461406518,555.8986877561996
70.0,80.0,12,2.5,3.0,False,2020-01-01 00:00:00,2021-12-31 00:00:00,17490,10000.0,8453.044140134856,-15.469558598651433,-8.072812644992556,-32.782491834054696,-0.24068020599336917,-0.2008109040508628,-0.24625378344810442,725,45.93103448275862,0.9775734346048761,-0.32633990849614314,1.4958693659250808,-1.8742880931447852,12.002758620689654,725,0,49.75414522584334,555.8986877561996
70.0,95.0,1,4.0,3.0,False,2020-01-01 00:00:00,2021-12-31 00:00:00,17490,10000.0,9175.793270243857,-8.242067297561428,-4.216705178221747,-17.814924001511436,-0.24090324020569426,-0.20165164811033315,-0.2366950977654464,1134,49.55908289241623,1.0322730823177049,-0.011066945048029924,0.9780066341743074,-0.9828490281301168,4.8580246913580245,1134,0,31.497998856489424,555.8986877561996
70.0,0.0,4,4.0,0.0,False,2020-01-01 00:00:00,2021-12-31 00:00:00,17490,10000.0,9190.088682810683,-8.099113171893169,-4.141993519481613,-17.575184560195478,-0.24233497283211497,-0.20315551246693928,-0.23567283207155942,976,48.05327868852459,1.0275728774871982,-0.04872867439490106,1.0399813244236018,-1.0558391072270072,6.677254098360656,976,0,37.26129216695254,555.8986877561996
60.0,60.0,12,2.5,3.0,False,2020-01-01 00:00:00,2021-12-31 00:00:00,17490,10000.0,8455.527104609111,-15.444728953908893,-8.059289310058926,-33.953517089076755,-0.24556892837277014,-0.20789483364060687,-0.2373624296097353,745,46.04026845637584,0.9797144627636134,-0.3250801951883359,1.4778805480662027,-1.8634272970199446,11.92214765100671,745,0,50.7833047455689,555.8986877561996
80.0,80.0,4,2.5,3.0,False,2020-01-01 00:00:00,2021-12-31 00:00:00,17490,10000.0,9096.8483387346,-9.031516612654,-4.630343003263504,-20.889545613780015,-0.24931399793173437,-0.1642318809929511,-0.22165838783056382,651,47.61904761904762,1.0039775887097468,-0.04740434915559405,1.211093647472259,-1.1914934369990966,6.130568356374808,651,0,22.818753573470556,555.8986877561996
50.0,0.0,12,4.0,0.0,True,2020-01-01 00:00:00,2021-12-31 00:00:00,17490,10000.0,7744.84044035312,-22.5515955964688,-12.01451124614088,-38.44385200639058,-0.2518480200783918,-0.2501742296401708,-0.3125210045066163,1025,45.5609756097561,0.9725939965060041,-0.32537941551866717,1.4678272766022582,-1.8261455897489043,12.947317073170732,579,446,75.87764436821041,555.8986877561996
60.0,80.0,4,4.0,3.0,False,2020-01-01 00:00:00,2021-12-31 00:00:00,17490,10000.0,9051.043709319893,-9.489562906801075,-4.8711614352960115,-17.234111228829974,-0.2559829853390451,-0.216051752341817,-0.28264651252495804,1021,48.383937316356516,1.0184870317698687,-0.04752059630340469,1.1676694096184432,-1.1866171103933343,6.4809010773751226,1021,0,37.83304745568896,555.8986877561996
80.0,80.0,1,2.5,0.0,False,2020-01-01 00:00:00,2021-12-31 00:00:00,17490,10000.0,9359.50165914525,-6.404983408547505,-3.2609745031210946,-13.390899447435011,-0.2618664157985211,-0.16105472983217897,-0.24352169291702994,758,47.75725593667546,1.045449049199002,0.0059191016810580845,0.7804787343171877,-0.7021379362337877,3.634564643799472,758,0,15.751858204688393,555.8986877561996
70.0,95.0,4,4.0,3.0,False,2020-01-01 00:00:00,2021-12-31 00:00:00,17490,10000.0,8922.596874164125,-10.774031258358752,-5.54973611957299,-22.703893101702853,-0.26470507910637114,-0.2292151411743368,-0.2444398453918348,898,50.66815144766147,1.0025203338019042,-0.07790170072764113,1.2625230741997646,-1.4546359503709132,7.810690423162583,898,0,40.102915951972555,555.8986877561996
70.0,0.0,12,2.5,3.0,False,2020-01-01 00:00:00,2021-12-31 00:00:00,17490,10000.0,8379.546453573337,-16.204535464266623,-8.474015761078102,-33.35373118748275,-0.26971296488138274,-0.22503783918158599,-0.25406500140704785,725,45.241379310344826,0.9735822127332133,-0.3242556775721624,1.437615790110267,-1.7799076710226331,12.002758620689654,725,0,49.75414522584334,555.8986877561996
60.0,80.0,12,4.0,0.0,True,2020-01-01 00:00:00,2021-12-31 00:00:00,17490,10000.0,7954.0236720431985,-20.459763279568012,-10.832173718197657,-40.15931659196917,-0.2700374241119319,-0.26625857378958967,-0.26973003122179157,931,46.61654135338346,0.9789478628892692,-0.3290418879190195,1.4772570096994995,-1.906373319642233,13.34156820622986,545,386,71.01772441395083,555.8986877561996
50.0,60.0,12,4.0,0.0,True,2020-01-01 00:00:00,2021-12-31 00:00:00,17490,10000.0,7624.183063601701,-23.758169363982983,-12.703742995819278,-39.86954003122103,-0.27320433528707805,-0.27226593097042223,-0.31863279550933454,1025,45.65853658536585,0.9693966982313882,-0.3283767700716144,1.4865480640300541,-1.8533046378626032,12.947317073170732,579,446,75.87764436821041,555.8986877561996
80.0,95.0,12,4.0,0.0,False,2020-01-01 00:00:00,2021-12-31 00:00:00,17490,10000.0,8241.808753534026,-17.581912464659744,-9.230646015757893,-28.76041348343167,-0.27416402230874015,-0.19694804907719654,-0.32094969778774196,444,49.0990990990991,0.9425657764915195,-0.32567151482649104,1.5790054679466732,-2.162926303519189,15.608108108108109,444,0,39.62264150943396,555.8986877561996
60.0,0.0,12,2.5,3.0,False,2020-01-01 00:00:00,2021-12-31 00:00:00,17490,10000.0,8362.731504107558,-16.37268495892442,-8.56605042254267,-33.69118107516855,-0.27677567727217883,-0.2348798443577426,-0.25425200747432736,745,45.23489932885906,0.9750660195210462,-0.3270210779516666,1.4598697590641814,-1.8029578722515214,11.92214765100671,745,0,50.7833047455689,555.8986877561996
80.0,0.0,12,2.5,3.0,False,2020-01-01 00:00:00,2021-12-31 00:00:00,17490,10000.0,8445.85472407264,-15.5414527592736,-8.11198060603423,-34.2253390423665,-0.2771140924103103,-0.19268996280713271,-0.2370168078099287,498,46.78714859437751,0.9515758469885304,-0.27105737374468675,1.437470814711867,-1.7732727243498831,12.387550200803213,498,0,35.2715837621498,555.8986877561996
80.0,80.0,1,2.5,3.0,False,2020-01-01 00:00:00,2021-12-31 00:00:00,17490,10000.0,9334.402485625369,-6.655975143746307,-3.3909955483822474,-13.624887657809982,-0.2773397582948008,-0.17204628450206777,-0.24888245933084666,759,47.82608695652174,1.042948766092298,0.0026360811422048206,0.7728370635915915,-0.7033814861030664,3.5942028985507246,759,0,15.59748427672956,555.8986877561996
60.0,95.0,12,1.5,0.0,False,2020-01-01 00:00:00,2021-12-31 00:00:00,17490,10000.0,8289.292373191882,-17.10707626808118,-8.969097826737881,-31.36541175767248,-0.28764675766222014,-0.23630294105810964,-0.2859550480648129,800,40.0,0.9791559378881387,-0.28707975424843774,1.6854026868576668,-1.6020680483191743,10.62,800,0,48.57632933104631,555.8986877561996
50.0,95.0,4,4.0,0.0,False,2020-01-01 00:00:00,2021-12-31 00:00:00,17490,10000.0,8767.310698246785,-12.326893017532148,-6.376645209279586,-22.149938423285633,-0.2893797672452295,-0.2624555727638387,-0.2878854598790212,1062,52.259887005649716,1.0008843820887652,-0.09314214741732639,1.2509822746805053,-1.5645209526723491,8.129943502824858,1062,0,49.36535162950257,555.8986877561996
80.0,0.0,12,1.5,0.0,False,2020-01-01 00:00:00,2021-12-31 00:00:00,17490,10000.0,8440.163038653343,-15.598369613466566,-8.143000730062422,-22.11689467571484,-0.2900030973522413,-0.1915594860977459,-0.3681801107007909,557,39.67684021543985,0.962632243743502,-0.31399084233086605,1.514126892935376,-1.5164135193958646,9.73608617594255,557,0,31.0062893081761,555.8986877561996
80.0,80.0,12,2.5,0.0,False,2020-01-01 00:00:00,2021-12-31 00:00:00,17490,10000.0,8289.847346645256,-17.10152653354744,-8.966045362119146,-29.929359561597234,-0.2911376453490205,-0.2011605378951405,-0.29957357903587084,488,47.33606557377049,0.9451244378883232,-0.31085227969975493,1.4808459827333307,-1.9212892393185987,12.897540983606557,488,0,35.98627787307033,555.8986877561996
50.0,95.0,1,4.0,3.0,False,2020-01-01 00:00:00,2021-12-31 00:00:00,17490,10000.0,9019.765188397738,-9.80234811602262,-5.03595835417282,-15.914394268274679,-0.2917950441577399,-0.2692772256567788,-0.31644046699358175,1411,50.673281360737064,1.0310480474084336,-0.018321126786660175,0.9716272888444552,-1.0352939962927628,4.850460666194189,1411,0,39.13093196112064,555.8986877561996
70.0,80.0,4,4.0,3.0,False,2020-01-01 00:00:00,2021-12-31 00:00:00,17490,10000.0,8944.956055574532,-10.550439444254678,-5.431265476365876,-17.353552569614006,-0.29754630793936315,-0.2468312733501924,-0.3129771529246408,998,48.19639278557114,1.0114657748160807,-0.05076269961352132,1.1505280542486278,-1.168404580866314,6.425851703406813,998,0,36.666666666666664,555.8986877561996
70.0,95.0,12,4.0,3.0,False,2020-01-01 00:00:00,2021-12-31 00:00:00,17490,10000.0,8247.603707944814,-17.52396292055186,-9.198686157595215,-33.433243117840824,-0.29870012916249955,-0.2581464872639499,-0.2751359216087106,659,48.558421851289836,0.9651885934791842,-0.324017833102423,1.575253000153294,-2.1168398585945454,13.682852807283764,659,0,51.55517438536307,555.8986877561996
80.0,0.0,4,4.0,3.0,False,2020-01-01 00:00:00,2021-12-31 00:00:00,17490,10000.0,9032.836403622401,-9.671635963775993,-4.967055496620776,-18.576292689998187,-0.2996806777979596,-0.19637260097548315,-0.26738680206600796,642,48.28660436137071,0.998436869441891,-0.041632616194178906,1.0806283782637747,-1.0895269182482923,6.320872274143302,642,0,23.201829616923956,555.8986877561996
50.0,80.0,4,4.0,0.0,False,2020-01-01 00:00:00,2021-12-31 00:00:00,17490,10000.0,8866.402492655856,-11.335975073441439,-5.848139223130888,-24.208446963357456,-0.30991500728046406,-0.27502492295076214,-0.24157432453154823,1190,48.57142857142857,1.0147226750940455,-0.07252481297467107,1.1329915379599813,-1.2110680333018429,6.707563025210084,1190,0,45.63750714694111,555.8986877561996
60.0,95.0,4,4.0,3.0,False,2020-01-01 00:00:00,2021-12-31 00:00:00,17490,10000.0,8755.395715240064,-12.44604284759937,-6.440394139575245,-23.414971847624145,-0.31836506677303045,-0.2781635621199046,-0.275054532693309,922,50.86767895878525,0.9952722675385866,-0.0797953695679955,1.2718653651778533,-1.479196880817009,7.835140997830803,922,0,41.303602058319036,555.8986877561996
80.0,0.0,4,2.5,0.0,False,2020-01-01 00:00:00,2021-12-31 00:00:00,17490,10000.0,8967.599746532407,-10.324002534675925,-5.311437902885063,-21.026846735805215,-0.328805980934858,-0.21611866198988536,-0.25260268311370576,650,48.15384615384615,0.9942012710042124,-0.046512895591982927,1.0874980999128285,-1.0997634641172231,6.201538461538462,650,0,23.047455688965123,555.8986877561996
80.0,95.0,12,4.0,0.0,True,2020-01-01 00:00:00,2021-12-31 00:00:00,17490,10000.0,7365.053085967336,-26.349469140326644,-14.202619912809366,-37.19278749292526,-0.338779804042349,-0.336221291028482,-0.38186489559329106,670,45.07462686567164,0.9378531824223525,-0.3955258012625192,1.6841501394049556,-2.1022163830059357,14.58358208955224,398,272,55.866209262435675,555.8986877561996
80.0,60.0,4,2.5,0.0,False,2020-01-01 00:00:00,2021-12-31 00:00:00,17490,10000.0,8874.647483696075,-11.253525163039246,-5.804297744382425,-22.55534954818551,-0.35014350745244593,-0.22963568461157782,-0.25733574786693375,650,47.84615384615385,0.9874405934427012,-0.06182098202865707,1.1247107434799946,-1.1503500871413141,6.201538461538462,650,0,23.047455688965123,555.8986877561996
70.0,95.0,12,1.5,0.0,False,2020-01-01 00:00:00,2021-12-31 00:00:00,17490,10000.0,8055.844517507761,-19.44155482492239,-10.262283211577062,-32.02954413662029,-0.35133620971951374,-0.28592041556504194,-0.3204005391960575,786,39.82188295165395,0.968419302935785,-0.3019732957668582,1.6664852503552199,-1.6045684859068379,10.603053435114504,786,0,47.65008576329331,555.8986877561996
50.0,95.0,1,2.5,0.0,False,2020-01-01 00:00:00,2021-12-31 00:00:00,17490,10000.0,8878.542308669945,-11.214576913300556,-5.783594678716608,-20.109252862486905,-0.3543658241180599,-0.31756218397598557,-0.2876086306272322,1427,50.66573230553609,1.0227353315591026,-0.010830204759073345,0.98283295623203,-1.0313109794701072,4.763139453398739,1427,0,38.86220697541452,555.8986877561996
80.0,60.0,12,1.5,0.0,False,2020-01-01 00:00:00,2021-12-31 00:00:00,17490,10000.0,8169.770696940219,-18.302293030597816,-9.6288847356516,-25.08100064352957,-0.3544854966472049,-0.23184977873234172,-0.3839115062634342,557,39.67684021543985,0.9470717120854556,-0.32763858191786605,1.5414834951243817,-1.5570313766391064,9.73608617594255,557,0,31.0062893081761,555.8986877561996
80.0,95.0,12,4.0,3.0,False,2020-01-01 00:00:00,2021-12-31 00:00:00,17490,10000.0,8007.8782395247945,-19.92121760475205,-10.530299423500079,-33.63836593120379,-0.35815558074922427,-0.25046866057726547,-0.313044321030229,468,47.22222222222222,0.9214684190138213,-0.29564069264313314,1.5931563588927793,-1.9856170019121075,13.997863247863247,468,0,37.455688965122924,555.8986877561996
50.0,95.0,12,1.5,3.0,False,2020-01-01 00:00:00,2021-12-31 00:00:00,17490,10000.0,7800.232864638577,-21.997671353614233,-11.699888504759127,-34.636340628778285,-0.36153615913266135,-0.3228859556161741,-0.33779228095008523,955,38.952879581151834,0.9711204573212895,-0.3320289647148383,1.7307971331450411,-1.6482747767283463,10.25759162303665,955,0,56.00914808461978,555.8986877561996
80.0,60.0,4,4.0,3.0,False,2020-01-01 00:00:00,2021-12-31 00:00:00,17490,10000.0,8831.09453252165,-11.689054674783495,-6.036114467374953,-20.763068634887095,-0.36392771383691,-0.2378966838466642,-0.29071398710462226,642,48.13084112149533,0.9829821820818138,-0.06038408770117454,1.1180636345802162,-1.153898640809132,6.320872274143302,642,0,23.201829616923956,555.8986877561996
50.0,95.0,1,2.5,3.0,False,2020-01-01 00:00:00,2021-12-31 00:00:00,17490,10000.0,8820.698509982627,-11.793014900173727,-6.091533072850019,-19.807665988353797,-0.37898355873007705,-0.34171490089339224,-0.30753411716613277,1441,50.58986814712006,1.0200646454633557,-0.015110010217860794,0.978690172278183,-1.0326385678577708,4.684247050659264,1441,0,38.59348198970841,555.8986877561996
70.0,95.0,4,2.5,0.0,False,2020-01-01 00:00:00,2021-12-31 00:00:00,17490,10000.0,8585.086826923241,-14.149131730767584,-7.356378582356948,-27.367557032103473,-0.39194933644949126,-0.3347560453298574,-0.26879924188072607,916,50.65502183406114,0.9852128716552387,-0.08003629767495946,1.2538383575972976,-1.4493235544146212,7.592794759825328,916,0,39.76558033161807,555.8986877561996
50.0,80.0,12,4.0,0.0,True,2020-01-01 00:00:00,2021-12-31 00:00:00,17490,10000.0,7048.523602656411,-29.514763973435898,-16.069694646557675,-41.520891055942045,-0.39202726052708375,-0.3901691256005674,-0.38702672890392953,1025,45.853658536585364,0.9479718899971827,-0.3434542241747422,1.5016907956440029,-1.9060094661834093,12.947317073170732,579,446,75.87764436821041,555.8986877561996
80.0,95.0,12,2.5,0.0,True,2020-01-01 00:00:00,2021-12-31 00:00:00,17490,10000.0,7189.806182968748,-28.101938170312522,-15.23126396982214,-41.01971069943898,-0.3934784442825187,-0.3842119489362912,-0.3713157335853774,697,42.75466284074606,0.928901794243831,-0.3807264362277501,1.6875008665605706,-1.9254175044756692,13.21377331420373,419,278,52.658662092624354,555.8986877561996
70.0,95.0,12,4.0,0.0,False,2020-01-01 00:00:00,2021-12-31 00:00:00,17490,10000.0,7782.330362161905,-22.176696378380946,-11.801450377369349,-41.727905594813144,-0.3982957796324265,-0.3362796741477143,-0.2828191400729274,606,50.495049504950494,0.9389920705562583,-0.3280180662858089,1.5464183908932123,-2.239943252608411,15.229372937293729,606,0,52.76729559748428,555.8986877561996
80.0,60.0,12,2.5,3.0,False,2020-01-01 00:00:00,2021-12-31 00:00:00,17490,10000.0,7942.833576336119,-20.57166423663881,-10.895026132290575,-38.256798727670784,-0.39982234805095596,-0.2725500878307229,-0.284786665236846,498,47.59036144578313,0.9188137098393074,-0.28741212117957105,1.4420709992939527,-1.8578623110348396,12.387550200803213,498,0,35.2715837621498,555.8986877561996
80.0,0.0,4,2.5,3.0,False,2020-01-01 00:00:00,2021-12-31 00:00:00,17490,10000.0,8781.81894262422,-12.18181057375779,-6.2990798673986825,-22.76287253954017,-0.40276510319287956,-0.26150136488693443,-0.2767260527623167,651,48.07987711213518,0.9795720233613194,-0.053529794774297604,1.0871955885584983,-1.1098819988665023,6.130568356374808,651,0,22.818753573470556,555.8986877561996
60.0,60.0,4,4.0,3.0,False,2020-01-01 00:00:00,2021-12-31 00:00:00,17490,10000.0,8698.895720238204,-13.011042797617955,-6.743278221767712,-20.812280871788403,-0.4081727639838551,-0.339707183128716,-0.32400476734428485,1021,48.188050930460335,0.9995784072076735,-0.05700649700200201,1.105187822452546,-1.1379131230353434,6.4809010773751226,1021,0,37.83304745568896,555.8986877561996
60.0,95.0,12,4.0,0.0,False,2020-01-01 00:00:00,2021-12-31 00:00:00,17490,10000.0,7746.246981094322,-22.537530189056774,-12.006508380860481,-42.40066163698072,-0.4092923227255121,-0.3484490981913295,-0.2831679487375906,616,50.64935064935065,0.9380298203711505,-0.32580773909955585,1.5577543617608673,-2.258937263666832,15.277597402597403,616,0,53.80789022298456,555.8986877561996
60.0,80.0,12,1.5,0.0,False,2020-01-01 00:00:00,2021-12-31 00:00:00,17490,10000.0,7876.110761303142,-21.238892386968576,-11.27071516576239,-30.99110926648675,-0.4101866747086539,-0.33810778182794865,-0.3636757583875949,841,39.71462544589774,0.9626638646188901,-0.3162469614598112,1.5787624447663648,-1.564635801064432,9.887039239001188,841,0,47.54145225843339,555.8986877561996
80.0,80.0,12,1.5,0.0,False,2020-01-01 00:00:00,2021-12-31 00:00:00,17490,10000.0,7941.538761119631,-20.58461238880369,-10.902301689255346,-27.00974885989109,-0.41621665492349885,-0.2731432233864568,-0.403643208450747,557,38.77917414721723,0.9340040764179226,-0.34363952536173004,1.5884665366201387,-1.5674955646229725,9.73608617594255,557,0,31.0062893081761,555.8986877561996
80.0,60.0,4,2.5,3.0,False,2020-01-01 00:00:00,2021-12-31 00:00:00,17490,10000.0,8698.77227615399,-13.0122772384601,-6.743941051737945,-24.21339426391628,-0.41921664348575105,-0.27227351238405306,-0.278521093665419,651,47.92626728110599,0.9739844422771704,-0.06980634293632033,1.120586623688805,-1.1653892502727188,6.130568356374808,651,0,22.818753573470556,555.8986877561996
80.0,95.0,12,2.5,0.0,False,2020-01-01 00:00:00,2021-12-31 00:00:00,17490,10000.0,7731.653599423253,-22.683464005767473,-12.089576387206137,-32.583612978143584,-0.42021847406465496,-0.2956141863582983,-0.37103240807934884,469,46.695095948827294,0.9123150386406149,-0.34588822586953133,1.583417862557952,-2.0359603593320066,13.995735607675906,469,0,37.530017152658665,555.8986877561996
50.0,60.0,12,1.5,3.0,False,2020-01-01 00:00:00,2021-12-31 00:00:00,17490,10000.0,7654.714096535062,-23.452859034649386,-12.528828938125402,-33.92674710415381,-0.4212551043015909,-0.3714858832565666,-0.3692906042439724,998,39.078156312625254,0.9649095420066659,-0.34956114327775467,1.5708505158934871,-1.581404148338255,9.612224448897795,998,0,54.84848484848485,555.8986877561996
50.0,80.0,12,1.5,3.0,False,2020-01-01 00:00:00,2021-12-31 00:00:00,17490,10000.0,7637.363960666495,-23.626360393335055,-12.628186064567048,-33.32195112542333,-0.4228292747230362,-0.3734041033246695,-0.3789749891005704,998,38.877755511022045,0.9642480367120706,-0.3499961953736094,1.6045903215828727,-1.5932413897656013,9.612224448897795,998,0,54.84848484848485,555.8986877561996
70.0,95.0,4,2.5,3.0,False,2020-01-01 00:00:00,2021-12-31 00:00:00,17490,10000.0,8494.63434417325,-15.053656558267503,-7.846554676845741,-27.013246656430688,-0.4275820150329037,-0.3680421928165095,-0.2904706263798104,925,50.16216216216216,0.9805796636465857,-0.08440515178563945,1.2577611197748797,-1.4353056940938407,7.467027027027027,925,0,39.491137793024585,555.8986877561996
60.0,95.0,12,1.5,3.0,False,2020-01-01 00:00:00,2021-12-31 00:00:00,17490,10000.0,7822.94711404664,-21.7705288595336,-11.571196640850678,-33.42634985480494,-0.42999266195900043,-0.35127450516461095,-0.34616991358951366,811,40.073982737361284,0.9585119998092251,-0.2762172869815505,1.6604109699197023,-1.5712876233867092,10.384710234278668,811,0,48.15323041738136,555.8986877561996
80.0,60.0,1,4.0,0.0,False,2020-01-01 00:00:00,2021-12-31 00:00:00,17490,10000.0,9117.417794923591,-8.825822050764087,-4.522395774111354,-14.237221837111813,-0.43262400671343965,-0.2675329202423982,-0.3176459442616071,749,47.12950600801068,1.019685621724094,0.004787609355861584,0.7131489314446379,-0.6266556903848909,3.7770360480640854,749,0,16.174957118353344,555.8986877561996
60.0,60.0,12,1.5,0.0,False,2020-01-01 00:00:00,2021-12-31 00:00:00,17490,10000.0,7802.199271436262,-21.97800728563738,-11.688740066681857,-32.0582028289786,-0.43431375393703114,-0.3566879541619943,-0.36460996048462113,841,39.71462544589774,0.9593620689140829,-0.31549893927518247,1.5507600183746297,-1.5449476411588852,9.887039239001188,841,0,47.54145225843339,555.8986877561996
60.0,0.0,12,4.0,3.0,True,2020-01-01 00:00:00,2021-12-31 00:00:00,17490,10000.0,7451.245795043062,-25.487542049569377,-13.701178668804292,-31.01625173514808,-0.4416395151623146,-0.4391908043697534,-0.44174192245408916,982,43.9918533604888,0.9564697134072399,-0.31806911569512547,1.5287617743212136,-1.7686708329443228,12.34826883910387,586,396,69.33104631217839,555.8986877561996
80.0,80.0,12,2.5,3.0,False,2020-01-01 00:00:00,2021-12-31 00:00:00,17490,10000.0,7759.383477663605,-22.40616522336395,-11.93179999172581,-38.853401619770914,-0.4472476786909926,-0.3054601264858455,-0.3070979500969666,498,46.5863453815261,0.9083971312265451,-0.30062517340154965,1.4907176071666441,-1.8629993278820796,12.387550200803213,498,0,35.2715837621498,555.8986877561996
60.0,0.0,4,4.0,3.0,False,2020-01-01 00:00:00,2021-12-31 00:00:00,17490,10000.0,8626.401221256521,-13.735987787434789,-7.133347259859024,-21.543511927414784,-0.455145182435441,-0.3759129515303564,-0.3311134825135738,1021,47.796278158667974,0.9952535650257878,-0.04876927267697114,1.074325103622045,-1.0770432982565583,6.4809010773751226,1021,0,37.83304745568896,555.8986877561996
60.0,95.0,12,2.5,0.0,False,2020-01-01 00:00:00,2021-12-31 00:00:00,17490,10000.0,7532.542232593165,-24.674577674068352,-13.23086885693342,-38.74836222267714,-0.4581800608962552,-0.3854984144652388,-0.3414562086753223,683,46.559297218155194,0.933302651879472,-0.3581958454711925,1.6100899893896623,-2.0730311755691426,13.390922401171304,683,0,52.292738707833045,555.8986877561996
70.0,60.0,4,4.0,3.0,False,2020-01-01 00:00:00,2021-12-31 00:00:00,17490,10000.0,8578.657389544076,-14.213426104559234,-7.391135343054211,-19.963140011533874,-0.4591885206152989,-0.3755868424466811,-0.3702391176329936,998,47.99599198396793,0.9902256681149628,-0.06195426401490611,1.0875196105107396,-1.1228367031243172,6.425851703406813,998,0,36.666666666666664,555.8986877561996
60.0,95.0,4,2.5,0.0,False,2020-01-01 00:00:00,2021-12-31 00:00:00,17490,10000.0,8387.86367492641,-16.121363250735897,-8.428526497064892,-26.400446993071156,-0.4609838834166799,-0.40086809527535294,-0.31925696179602464,944,50.847457627118644,0.9781504507881292,-0.08375633973700312,1.2599745749129527,-1.4738228031679919,7.634533898305085,944,0,41.20640365923385,555.8986877561996
50.0,0.0,12,1.5,3.0,False,2020-01-01 00:00:00,2021-12-31 00:00:00,17490,10000.0,7520.47590541027,-24.7952409458973,-13.300513352420074,-34.281309692918924,-0.46386110913413386,-0.4078716236909548,-0.3879814823751439,998,39.078156312625254,0.9583822533529724,-0.34769714190101453,1.5347405070687874,-1.5551818180494072,9.612224448897795,998,0,54.84848484848485,555.8986877561996
80.0,0.0,12,1.5,3.0,False,2020-01-01 00:00:00,2021-12-31 00:00:00,17490,10000.0,7901.080558803434,-20.989194411965663,-11.129935066178698,-28.219359425919254,-0.4677059101090229,-0.3116328903717658,-0.39440778574002433,562,39.50177935943061,0.9281886275788572,-0.31134586663144004,1.4934379802951538,-1.4897635549188042,9.567615658362989,562,0,30.743281875357347,555.8986877561996
80.0,60.0,1,4.0,3.0,False,2020-01-01 00:00:00,2021-12-31 00:00:00,17490,10000.0,9022.85885805577,-9.7714114194423,-5.0196460608608495,-15.127279869157583,-0.48809550022032105,-0.3006707290121078,-0.33182740745712047,753,47.01195219123506,1.0093866591807616,0.0020623595961198923,0.7095684963608505,-0.625649851969581,3.691899070385126,753,0,15.8947970268725,555.8986877561996
70.0,80.0,4,2.5,0.0,False,2020-01-01 00:00:00,2021-12-31 00:00:00,17490,10000.0,8460.356296749645,-15.39643703250354,-8.032993045378667,-23.460997949214203,-0.48985873590104373,-0.4067277643291882,-0.34239775574626496,1012,48.22134387351779,0.9844792942883738,-0.0662946910515282,1.1379282483813282,-1.1877847567828907,6.274703557312253,1012,0,36.306460834762724,555.8986877561996
50.0,95.0,4,2.5,0.0,False,2020-01-01 00:00:00,2021-12-31 00:00:00,17490,10000.0,8196.613903308278,-18.033860966917214,-9.48028680080608,-25.35161409903768,-0.4912326582576881,-0.44289650334144487,-0.37395200020680114,1115,50.493273542600896,0.9770844649829201,-0.08849573394289066,1.280543228611538,-1.4848162700264835,7.575784753363228,1115,0,48.296169239565465,555.8986877561996
60.0,80.0,12,4.0,3.0,True,2020-01-01 00:00:00,2021-12-31 00:00:00,17490,10000.0,7162.557555683674,-28.37442444316326,-15.39232438399778,-35.131862807605664,-0.49644249213343167,-0.5026559303741107,-0.4381300379171898,982,45.010183299389,0.9487257545580153,-0.3336383909289668,1.5444846914243984,-1.8709169138922768,12.34826883910387,586,396,69.33104631217839,555.8986877561996
70.0,0.0,12,4.0,3.0,True,2020-01-01 00:00:00,2021-12-31 00:00:00,17490,10000.0,7267.833646450153,-27.321663535498473,-14.771739341836687,-32.56334177417948,-0.4965664225819537,-0.49316293368431946,-0.45363094010055427,961,43.49635796045786,0.9455887172130678,-0.3424234513039008,1.5110363634324078,-1.769212037970157,12.374609781477627,576,385,67.99313893653516,555.8986877561996
50.0,0.0,12,2.5,0.0,True,2020-01-01 00:00:00,2021-12-31 00:00:00,17490,10000.0,6545.503875414763,-34.54496124585237,-19.125112623738318,-46.741800248988596,-0.501902154622744,-0.49672796606961334,-0.4091650839689716,1100,43.72727272727273,0.9288294114555637,-0.3542873322751262,1.487674966437808,-1.7856021395140946,11.818181818181818,630,470,74.3281875357347,555.8986877561996
60.0,95.0,12,2.5,3.0,False,2020-01-01 00:00:00,2021-12-31 00:00:00,17490,10000.0,7460.815125709963,-25.39184874290037,-13.645686371751397,-39.098388219009536,-0.5032348732186928,-0.42297382795417376,-0.3490089232148168,703,46.65718349928876,0.9291443526539159,-0.3385419396927672,1.60036420797058,-2.0344385168489754,12.80796586059744,703,0,51.48084619782733,555.8986877561996
70.0,95.0,12,2.5,0.0,False,2020-01-01 00:00:00,2021-12-31 00:00:00,17490,10000.0,7340.814771270988,-26.59185228729012,-14.344157570482608,-39.59252185132192,-0.5069831756155292,-0.4209442854348628,-0.3622946177651395,669,46.33781763826607,0.9217610016468843,-0.3708976331812617,1.597332191866506,-2.0704832759801697,13.400597907324364,669,0,51.257861635220124,555.8986877561996
60.0,80.0,12,1.5,3.0,False,2020-01-01 00:00:00,2021-12-31 00:00:00,17490,10000.0,7562.669114397472,-24.37330885602528,-13.057225049443533,-34.13538019085362,-0.5139147739553909,-0.4215246982358748,-0.3825129521464109,850,39.76470588235294,0.9468993128365801,-0.30402140328291793,1.5637828249697368,-1.5370640383403344,9.708235294117648,850,0,47.18124642652945,555.8986877561996
60.0,0.0,12,1.5,0.0,False,2020-01-01 00:00:00,2021-12-31 00:00:00,17490,10000.0,7537.674945230035,-24.623250547699648,-13.20126071980564,-34.195179696949765,-0.5179809383628444,-0.4236412024560724,-0.38605618794227897,841,39.47681331747919,0.9464305456971512,-0.31555783786977437,1.5115366190958268,-1.507297247914135,9.887039239001188,841,0,47.54145225843339,555.8986877561996
70.0,0.0,4,4.0,3.0,False,2020-01-01 00:00:00,2021-12-31 00:00:00,17490,10000.0,8482.532625667985,-15.174673743320144,-7.912332989009108,-20.450955166807173,-0.5181125894377101,-0.4205152156917802,-0.38689307782803134,998,47.49498997995992,0.9838424335795326,-0.05428687487770036,1.059548900577914,-1.0618406106906035,6.425851703406813,998,0,36.666666666666664,555.8986877561996
70.0,80.0,12,1.5,0.0,False,2020-01-01 00:00:00,2021-12-31 00:00:00,17490,10000.0,7471.873291599366,-25.28126708400634,-13.581604587336727,-33.371934807457684,-0.5220353329150463,-0.42312976918208933,-0.4069768404408372,824,39.80582524271845,0.9416724481948022,-0.3340826327716201,1.5340950926898487,-1.5694904834800107,9.884708737864077,824,0,46.56946826758148,555.8986877561996
50.0,0.0,4,2.5,0.0,False,2020-01-01 00:00:00,2021-12-31 00:00:00,17490,10000.0,8371.806316357352,-16.281936836426482,-8.516369036549454,-23.31285103370535,-0.5304170806236647,-0.4701407419277157,-0.36530791640355886,1240,47.74193548387097,0.9918356902598661,-0.06434174600356367,1.06414446175096,-1.095304454322511,6.34516129032258,1240,0,44.98570611778159,555.8986877561996
70.0,80.0,12,4.0,3.0,True,2020-01-01 00:00:00,2021-12-31 00:00:00,17490,10000.0,7059.558560430941,-29.404414395690594,-16.003908260603737,-35.469563115954685,-0.5306117180766912,-0.5370063622311014,-0.45120116670974625,961,44.22476586888658,0.9412121433703383,-0.35574379052951877,1.540636546804709,-1.8594035729307254,12.374609781477627,576,385,67.99313893653516,555.8986877561996
60.0,60.0,12,4.0,3.0,True,2020-01-01 00:00:00,2021-12-31 00:00:00,17490,10000.0,7099.524136293177,-29.004758637068228,-15.76607663658206,-34.27053227243637,-0.5306135042385909,-0.5282742163406892,-0.4600476149961243,982,44.29735234215886,0.9436162514969472,-0.33357369906972634,1.5326185377082169,-1.8176571049169021,12.34826883910387,586,396,69.33104631217839,555.8986877561996
70.0,95.0,12,1.5,3.0,False,2020-01-01 00:00:00,2021-12-31 00:00:00,17490,10000.0,7459.165660058973,-25.40834339941027,-13.65524904453922,-35.06731153953858,-0.5336930138739528,-0.43034746231987664,-0.38940108166384113,795,39.496855345911946,0.9398798313985618,-0.30016310581759953,1.6377120958264253,-1.5652209297598527,10.415094339622641,795,0,47.341337907375646,555.8986877561996
70.0,60.0,12,1.5,0.0,False,2020-01-01 00:00:00,2021-12-31 00:00:00,17490,10000.0,7444.459563928372,-25.55540436071628,-13.740553405701561,-34.40802001513502,-0.5342536100074183,-0.43154508428832344,-0.3993415895380646,824,40.04854368932039,0.9400260885763136,-0.33071775736765563,1.4979478476629748,-1.552295995546012,9.884708737864077,824,0,46.56946826758148,555.8986877561996
50.0,0.0,4,4.0,3.0,False,2020-01-01 00:00:00,2021-12-31 00:00:00,17490,10000.0,8325.786436170136,-16.742135638298638,-8.768589918137693,-25.33458654529529,-0.5356551393905515,-0.4621222786350022,-0.34611142765091013,1216,47.61513157894737,0.9886258386964806,-0.0634666823040194,1.0772541448494342,-1.1003228187590426,6.482730263157895,1216,0,45.07146941109205,555.8986877561996
70.0,95.0,12,2.5,3.0,False,2020-01-01 00:00:00,2021-12-31 00:00:00,17490,10000.0,7328.83917665448,-26.7116082334552,-14.41417417349966,-38.97718159359912,-0.5369527813362156,-0.44540751312647764,-0.3698105810674308,688,46.366279069767444,0.9194866604018318,-0.3476727660028301,1.584588272886379,-2.0181098158826614,12.851744186046512,688,0,50.55460263007433,555.8986877561996
60.0,80.0,4,2.5,0.0,False,2020-01-01 00:00:00,2021-12-31 00:00:00,17490,10000.0,8330.303642125755,-16.69696357874245,-8.743801745323655,-24.054150330229106,-0.5376938449925444,-0.4546598074089762,-0.3635049097674935,1041,48.318924111431315,0.981149264195003,-0.0695513356477163,1.1530634823993002,-1.212628014974202,6.329490874159462,1041,0,37.672955974842765,555.8986877561996
80.0,60.0,12,1.5,3.0,False,2020-01-01 00:00:00,2021-12-31 00:00:00,17490,10000.0,7614.457905212536,-23.855420947874638,-12.759532385296025,-31.79175001096617,-0.5396796676585618,-0.35373564358571635,-0.40134727974694007,562,39.32384341637011,0.9097450187904328,-0.32155246990896535,1.521086618339612,-1.5157555153721194,9.567615658362989,562,0,30.743281875357347,555.8986877561996
50.0,60.0,4,2.5,0.0,False,2020-01-01 00:00:00,2021-12-31 00:00:00,17490,10000.0,8285.546239413741,-17.14453760586259,-8.989704978011758,-23.431468426087232,-0.5455281728276127,-0.4877981716399525,-0.3836594794034822,1240,48.064516129032256,0.9874262377063999,-0.07401375417155492,1.0864808010103177,-1.148011820768443,6.34516129032258,1240,0,44.98570611778159,555.8986877561996
50.0,60.0,4,4.0,3.0,False,2020-01-01 00:00:00,2021-12-31 00:00:00,17490,10000.0,8249.616608949626,-17.50383391050374,-9.18758739376404,-25.924111434396902,-0.5460222421472316,-0.4751387178759027,-0.35440317470529265,1216,47.94407894736842,0.9851836621981815,-0.07556228894537047,1.0970321223294472,-1.1555347088082752,6.482730263157895,1216,0,45.07146941109205,555.8986877561996
60.0,95.0,1,2.5,0.0,False,2020-01-01 00:00:00,2021-12-31 00:00:00,17490,10000.0,8446.200155402215,-15.537998445977841,-8.110098314574998,-25.172788960665237,-0.5475622547833133,-0.4546401347509004,-0.3221771861372914,1183,49.70414201183432,0.9886979334223595,-0.021912169744389462,0.9827827508488178,-1.014787150095324,4.812341504649197,1183,0,32.55002858776444,555.8986877561996
60.0,60.0,12,1.5,3.0,False,2020-01-01 00:00:00,2021-12-31 00:00:00,17490,10000.0,7444.1409500143045,-25.558590499856958,-13.742402491936712,-35.404155932272765,-0.5532459975298082,-0.4520107252753257,-0.38815789079184865,850,39.76470588235294,0.9409207723326136,-0.30487523159360086,1.5360025236949133,-1.5201421872332839,9.708235294117648,850,0,47.18124642652945,555.8986877561996
80.0,60.0,1,2.5,3.0,False,2020-01-01 00:00:00,2021-12-31 00:00:00,17490,10000.0,8898.89863164359,-11.011013683564109,-5.675463683813153,-15.34718721992604,-0.5560564339038562,-0.33780349690118905,-0.3698048119491504,759,46.9038208168643,0.9954499232100281,-0.003290532352855163,0.7109965851057685,-0.6342736931847908,3.5942028985507246,759,0,15.59748427672956,555.8986877561996
50.0,60.0,12,2.5,0.0,True,2020-01-01 00:00:00,2021-12-31 00:00:00,17490,10000.0,6307.7637830444555,-36.92236216955544,-20.609949684484974,-48.98375589058305,-0.5562004592189513,-0.551291313162115,-0.42075070214138405,1100,43.63636363636363,0.9211039706274837,-0.36385793307593334,1.5029810225177418,-1.8091526083742624,11.818181818181818,630,470,74.3281875357347,555.8986877561996
60.0,95.0,4,2.5,3.0,False,2020-01-01 00:00:00,2021-12-31 00:00:00,17490,10000.0,8129.966488574798,-18.70033511425202,-9.849681196283477,-27.56977329342858,-0.5574827415582101,-0.4848461298359306,-0.3572637718653714,953,50.26232948583421,0.9644945319712716,-0.09233221414528206,1.2662935570996647,-1.4652894808674963,7.507869884575026,953,0,40.90909090909091,555.8986877561996
80.0,60.0,1,2.5,0.0,False,2020-01-01 00:00:00,2021-12-31 00:00:00,17490,10000.0,8880.011414061197,-11.199885859388036,-5.775786779882575,-15.526856205956928,-0.5609423684220064,-0.3369365382749306,-0.37198687894505494,758,46.70184696569921,0.9930456367092766,-0.00292044070226892,0.7166175116660384,-0.6334066662923205,3.634564643799472,758,0,15.751858204688393,555.8986877561996
60.0,95.0,1,2.5,3.0,False,2020-01-01 00:00:00,2021-12-31 00:00:00,17490,10000.0,8421.4053127103,-15.785946872897005,-8.245305759853972,-25.021806789271437,-0.5616572817905386,-0.47018915266452765,-0.32952479528334055,1191,49.45424013434089,0.987608581291444,-0.024649373800695838,0.9826516823701525,-1.010198081582473,4.743912678421495,1191,0,32.304173813607775,555.8986877561996
70.0,60.0,4,2.5,0.0,False,2020-01-01 00:00:00,2021-12-31 00:00:00,17490,10000.0,8313.276838518157,-16.867231614818433,-8.83727140750219,-24.91483541379954,-0.5718795627318874,-0.46992623843005144,-0.35469916861692385,1012,47.92490118577075,0.9744189066347894,-0.07203983113026835,1.0814716333835945,-1.133620590692362,6.274703557312253,1012,0,36.306460834762724,555.8986877561996
80.0,80.0,12,1.5,3.0,False,2020-01-01 00:00:00,2021-12-31 00:00:00,17490,10000.0,7494.704067437456,-25.052959325625444,-13.449450420595321,-32.79705767955106,-0.5733036058857002,-0.37722525071206986,-0.41008100641238443,562,38.256227758007114,0.903063101955013,-0.3326720431593164,1.5724709673548938,-1.5130920640831063,9.567615658362989,562,0,30.743281875357347,555.8986877561996
70.0,95.0,1,2.5,0.0,False,2020-01-01 00:00:00,2021-12-31 00:00:00,17490,10000.0,8390.904593989413,-16.090954060105865,-8.41190046139907,-26.146609616747785,-0.5736009842339231,-0.4645900135021598,-0.3217205054383404,1146,49.389179755671904,0.9818163742449425,-0.024623026925237275,0.9798248565852917,-1.0048256166958571,4.765270506108203,1146,0,31.22355631789594,555.8986877561996
70.0,80.0,12,1.5,3.0,False,2020-01-01 00:00:00,2021-12-31 00:00:00,17490,10000.0,7333.529648442705,-26.664703515572953,-14.386744026991693,-34.776551916186996,-0.5805433055557951,-0.46935500253956836,-0.413690927774104,831,39.59085439229843,0.9333975278947879,-0.3209420970444927,1.5324218918709198,-1.5355969822101712,9.742478941034898,831,0,46.289308176100626,555.8986877561996
50.0,80.0,4,4.0,3.0,False,2020-01-01 00:00:00,2021-12-31 00:00:00,17490,10000.0,8064.618113034931,-19.353818869650684,-10.213346154399606,-25.844254475793694,-0.5877151360715235,-0.5060324439137658,-0.395188267626975,1216,47.86184210526316,0.9756065587424173,-0.0786687100328129,1.1513650047940354,-1.2078163788486262,6.482730263157895,1216,0,45.07146941109205,555.8986877561996
70.0,60.0,12,4.0,3.0,True,2020-01-01 00:00:00,2021-12-31 00:00:00,17490,10000.0,6917.196552973006,-30.828034470269937,-16.85660061987232,-35.81490976372277,-0.5879066350542667,-0.5844346969535013,-0.47065874885845776,961,43.60041623309053,0.9325966444485351,-0.35900759181453296,1.525087842402964,-1.8155315529531513,12.374609781477627,576,385,67.99313893653516,555.8986877561996
70.0,0.0,4,2.5,0.0,False,2020-01-01 00:00:00,2021-12-31 00:00:00,17490,10000.0,8295.3565417051,-17.046434582949,-8.935749221420863,-24.084406850496045,-0.5998490277000951,-0.4892944481268376,-0.37101803157908464,1012,47.5296442687747,0.9725559984146157,-0.06331673902609049,1.0513106645086259,-1.0729886431695905,6.274703557312253,1012,0,36.306460834762724,555.8986877561996
70.0,0.0,12,1.5,0.0,False,2020-01-01 00:00:00,2021-12-31 00:00:00,17490,10000.0,7245.228347468185,-27.547716525318144,-14.904613557158154,-36.382014749494815,-0.6024185847041654,-0.4844398591056354,-0.40966982339440433,824,39.80582524271845,0.929166707042489,-0.32746479577932075,1.4615145735271147,-1.5104995399980927,9.884708737864077,824,0,46.56946826758148,555.8986877561996
70.0,95.0,12,4.0,3.0,True,2020-01-01 00:00:00,2021-12-31 00:00:00,17490,10000.0,6688.631920267005,-33.11368079732995,-18.244147384855204,-36.09012756574821,-0.6042552671297428,-0.6123356748593306,-0.5055162897836372,938,43.17697228144989,0.9237657554077409,-0.38288817622295035,1.6688939404131624,-1.9419346250740301,12.81449893390192,564,374,68.72498570611778,555.8986877561996
70.0,95.0,1,2.5,3.0,False,2020-01-01 00:00:00,2021-12-31 00:00:00,17490,10000.0,8326.979709066054,-16.730202909339464,-8.762041179467872,-26.329687251345046,-0.6061199124091442,-0.4949116293109538,-0.33278181756679487,1155,49.09090909090909,0.9781332568416254,-0.028582779136214192,0.9782990248373452,-0.9995045186821465,4.683982683982684,1155,0,30.931961120640366,555.8986877561996
60.0,60.0,4,2.5,0.0,False,2020-01-01 00:00:00,2021-12-31 00:00:00,17490,10000.0,8220.191046851283,-17.79808953148717,-9.349969300764794,-26.185391087902477,-0.6063890703120088,-0.5073807763449506,-0.3570681556512797,1041,48.126801152737755,0.9734715756451581,-0.07307310906498665,1.094368491994801,-1.1561994833815674,6.329490874159462,1041,0,37.672955974842765,555.8986877561996
70.0,80.0,4,2.5,3.0,False,2020-01-01 00:00:00,2021-12-31 00:00:00,17490,10000.0,8160.7038837130085,-18.392961162869913,-9.679131613245694,-25.65456690092346,-0.6069381968335772,-0.49999754429671617,-0.3772868842661025,1020,47.64705882352941,0.967000850461157,-0.07623357336178192,1.1413988715055345,-1.184415910825295,6.194117647058824,1020,0,36.123499142367066,555.8986877561996
60.0,95.0,12,4.0,0.0,True,2020-01-01 00:00:00,2021-12-31 00:00:00,17490,10000.0,6396.57443790263,-36.034255620973695,-20.052055326161,-51.308967403006854,-0.6085348338729966,-0.5983143230200741,-0.39080995664289847,906,46.909492273730685,0.9259759861730749,-0.346411300053419,1.6111856195287857,-2.076096727958694,13.89514348785872,527,379,71.97827329902802,555.8986877561996
60.0,0.0,4,2.5,0.0,False,2020-01-01 00:00:00,2021-12-31 00:00:00,17490,10000.0,8260.444032978308,-17.39555967021692,-9.127910157253261,-25.136432560145295,-0.6101933377889025,-0.506844880176354,-0.3631346705787474,1041,47.83861671469741,0.9749874214236265,-0.06270056541576337,1.0635581365606293,-1.0956229108747753,6.329490874159462,1041,0,37.672955974842765,555.8986877561996
70.0,60.0,12,1.5,3.0,False,2020-01-01 00:00:00,2021-12-31 00:00:00,17490,10000.0,7250.369719030977,-27.49630280969023,-14.874374354788644,-36.08440148370043,-0.6104489624266799,-0.49164010910254313,-0.41221064346896535,831,39.83152827918171,0.928709414666076,-0.31988575590388424,1.4977596145821184,-1.5231669911656178,9.742478941034898,831,0,46.289308176100626,555.8986877561996
50.0,0.0,4,2.5,3.0,False,2020-01-01 00:00:00,2021-12-31 00:00:00,17490,10000.0,8130.936729367025,-18.690632706329758,-9.84429280154372,-25.40058136390372,-0.6166719813797679,-0.5387736280955677,-0.3875617120926711,1253,47.565841979249804,0.9789687383976918,-0.06739068244447628,1.0705486691710902,-1.0996766087197845,6.256185155626496,1253,0,44.81989708404803,555.8986877561996
80.0,0.0,12,4.0,3.0,True,2020-01-01 00:00:00,2021-12-31 00:00:00,17490,10000.0,6790.754353725414,-32.09245646274586,-17.62131449947558,-37.18199003888185,-0.6246771608435182,-0.5573873652677434,-0.47392069335311715,717,43.23570432357043,0.9035072026032223,-0.3556095749475602,1.5125486263737793,-1.7785310550694649,12.626220362622036,435,282,51.76100628930818,555.8986877561996
50.0,80.0,12,2.5,0.0,True,2020-01-01 00:00:00,2021-12-31 00:00:00,17490,10000.0,6004.888987785545,-39.95111012214455,-22.542668649832276,-51.43036078712557,-0.6266789844306818,-0.6210447857447452,-0.4383144178812629,1100,43.72727272727273,0.9088295204044545,-0.3745099117288416,1.5208198301023101,-1.8472944122470711,11.818181818181818,630,470,74.3281875357347,555.8986877561996
80.0,95.0,12,1.5,0.0,False,2020-01-01 00:00:00,2021-12-31 00:00:00,17490,10000.0,7188.079776148362,-28.119202238516383,-15.24145931636809,-29.758588130679385,-0.6302665768190456,-0.41925520951850864,-0.5121701086569704,538,36.61710037174721,0.888417482957025,-0.3723976445960738,1.7308076172947684,-1.5874458457470881,10.529739776951672,538,0,32.38993710691824,555.8986877561996
50.0,60.0,4,2.5,3.0,False,2020-01-01 00:00:00,2021-12-31 00:00:00,17490,10000.0,8011.552091925416,-19.88447908074584,-10.50974313016171,-25.67328739846718,-0.6435271647129567,-0.5672466078137661,-0.4093649156433777,1253,47.80526735833998,0.9730642667298399,-0.07863904431216727,1.09487061100752,-1.1534590497196486,6.256185155626496,1253,0,44.81989708404803,555.8986877561996
50.0,80.0,4,2.5,0.0,False,2020-01-01 00:00:00,2021-12-31 00:00:00,17490,10000.0,7949.181947778906,-20.50818052221094,-10.85936324453407,-25.829088546600453,-0.650087290719022,-0.5730714985328519,-0.42043153109881404,1240,47.82258064516129,0.9705754961390832,-0.08110739075177621,1.1402035522516938,-1.2004851174922055,6.34516129032258,1240,0,44.98570611778159,555.8986877561996
60.0,95.0,12,4.0,3.0,True,2020-01-01 00:00:00,2021-12-31 00:00:00,17490,10000.0,6491.831012444626,-35.081689875553735,-19.457949302708933,-37.97056007628334,-0.6516726047065179,-0.6598046812933119,-0.5124483089956446,962,44.17879417879418,0.9202841996249657,-0.3654500841645153,1.658297510892525,-1.9671125197310744,12.747401247401248,576,386,70.11435105774729,555.8986877561996
60.0,80.0,4,2.5,3.0,False,2020-01-01 00:00:00,2021-12-31 00:00:00,17490,10000.0,8029.260764253346,-19.707392357466546,-10.410723793594201,-26.1326836831132,-0.6556805556956129,-0.5505957518259326,-0.39837943625826516,1048,47.80534351145038,0.9643284313230504,-0.07972761779902193,1.1561368839074073,-1.211662015157196,6.262404580152672,1048,0,37.5242995997713,555.8986877561996
60.0,0.0,12,1.5,3.0,False,2020-01-01 00:00:00,2021-12-31 00:00:00,17490,10000.0,7113.059428916506,-28.86940571083494,-15.685680858715735,-38.1285800761461,-0.6643385177910214,-0.5400668434203596,-0.4113890637256898,850,39.529411764705884,0.9238635014823517,-0.30803758055381014,1.499794508218341,-1.4898110860546716,9.708235294117648,850,0,47.18124642652945,555.8986877561996
70.0,95.0,12,4.0,0.0,True,2020-01-01 00:00:00,2021-12-31 00:00:00,17490,10000.0,6177.479227594258,-38.22520772405742,-21.435520112541838,-52.83677550458732,-0.6675285707220099,-0.6518782748490719,-0.4056931920586409,889,46.45669291338583,0.9177811043987086,-0.3623484631583596,1.6133774229122504,-2.0765812172490357,13.879640044994376,525,364,70.54888507718697,555.8986877561996
80.0,95.0,12,2.5,3.0,False,2020-01-01 00:00:00,2021-12-31 00:00:00,17490,10000.0,6997.229823265662,-30.027701767343373,-16.376166477319643,-39.451709596434355,-0.6688664925039011,-0.4614624924196224,-0.4150939628431139,478,45.60669456066945,0.8568111034615985,-0.331129476518544,1.5788530677123778,-1.9325763789890864,13.368200836820083,478,0,36.53516295025729,555.8986877561996
50.0,95.0,4,4.0,3.0,False,2020-01-01 00:00:00,2021-12-31 00:00:00,17490,10000.0,7625.366334127379,-23.746336658726207,-12.696957464958292,-28.6415433162034,-0.6711947468963886,-0.5994887068222058,-0.4433056321296497,1093,50.86916742909423,0.9493144779435281,-0.12127319333972093,1.2647151044461389,-1.5563001832260113,7.792314730100641,1093,0,48.696397941680964,555.8986877561996
70.0,0.0,12,2.5,0.0,True,2020-01-01 00:00:00,2021-12-31 00:00:00,17490,10000.0,6348.222490149759,-36.517775098502405,-20.355311569863453,-41.71848112728787,-0.6891363070148454,-0.6534144603532848,-0.4879207252957523,981,42.813455657492355,0.9127275805546553,-0.36406507963651286,1.5108710299283963,-1.7677605627332362,12.055045871559633,592,389,67.61578044596912,555.8986877561996
80.0,0.0,1,4.0,0.0,False,2020-01-01 00:00:00,2021-12-31 00:00:00,17490,10000.0,8843.452925119169,-11.565470748808316,-5.970277302910276,-14.24559962350882,-0.6902146094576384,-0.4250733508699966,-0.41909624450330735,749,47.2630173564753,0.9862014301443865,-0.00040157786238379477,0.6432160099522433,-0.5772132894734673,3.7770360480640854,749,0,16.174957118353344,555.8986877561996
50.0,95.0,4,2.5,3.0,False,2020-01-01 00:00:00,2021-12-31 00:00:00,17490,10000.0,7632.372996832315,-23.67627003167685,-12.656788132383356,-29.743040417930764,-0.6929021115717705,-0.622756623507896,-0.42553780496338023,1130,50.35398230088496,0.9511226726518759,-0.10561656786408524,1.2727354193523361,-1.5036241983919707,7.4619469026548675,1130,0,48.210405946255,555.8986877561996
80.0,95.0,1,1.5,0.0,False,2020-01-01 00:00:00,2021-12-31 00:00:00,17490,10000.0,8343.907301267616,-16.560926987323832,-8.669192149634164,-19.575512250781536,-0.6983199481527725,-0.41404633214145625,-0.4428590188891764,748,46.92513368983957,0.9513485134570425,-0.01998270352574689,1.0337486232346436,-0.9516192166060922,3.9518716577540105,748,0,16.9010863350486,555.8986877561996
80.0,80.0,12,4.0,3.0,True,2020-01-01 00:00:00,2021-12-31 00:00:00,17490,10000.0,6393.988211853407,-36.06011788146593,-20.06824672805294,-42.34809067597938,-0.7021557013233657,-0.6281656524505665,-0.4738878756447932,717,42.95676429567643,0.8892226518530993,-0.37683082138244844,1.5865577113708544,-1.855372797147772,12.626220362622036,435,282,51.76100628930818,555.8986877561996
70.0,60.0,4,2.5,3.0,False,2020-01-01 00:00:00,2021-12-31 00:00:00,17490,10000.0,7986.9051487188635,-20.130948512811365,-10.64774033375201,-27.531685103185765,-0.705384628450647,-0.5745293081765026,-0.3867449556336794,1020,47.64705882352941,0.9543728601905344,-0.08269123646947968,1.0788320791783774,-1.1398079619467427,6.194117647058824,1020,0,36.123499142367066,555.8986877561996
80.0,95.0,1,1.5,3.0,False,2020-01-01 00:00:00,2021-12-31 00:00:00,17490,10000.0,8325.207777213602,-16.747922227863988,-8.77176579481782,-19.75575150667177,-0.7078331420159656,-0.41959303570654277,-0.4440107374227441,748,46.92513368983957,0.9495533111952374,-0.022102859759928248,1.027977611419395,-0.9505115383089017,3.945187165775401,748,0,16.87249857061178,555.8986877561996
70.0,0.0,12,1.5,3.0,False,2020-01-01 00:00:00,2021-12-31 00:00:00,17490,10000.0,6968.287989417837,-30.317120105821626,-16.549584122227877,-38.44583761986026,-0.7088852048180908,-0.5679092980935199,-0.4304649123752927,831,39.59085439229843,0.913300977283464,-0.3206842271459048,1.4618921271167156,-1.4889464194813673,9.742478941034898,831,0,46.289308176100626,555.8986877561996
70.0,0.0,4,2.5,3.0,False,2020-01-01 00:00:00,2021-12-31 00:00:00,17490,10000.0,7996.89751739038,-20.0310248260962,-10.591767896296588,-26.782767002744777,-0.7246767356877394,-0.5857541445983302,-0.3954695157229689,1020,47.35294117647059,0.9537869884861326,-0.07201143133401766,1.0476425088144175,-1.0790744724731132,6.194117647058824,1020,0,36.123499142367066,555.8986877561996
80.0,95.0,4,1.5,3.0,False,2020-01-01 00:00:00,2021-12-31 00:00:00,17490,10000.0,7924.533807110362,-20.75466192889638,-10.99790740479606,-27.69329950172068,-0.7251611589377545,-0.46727921975212494,-0.3971324328512289,658,45.744680851063826,0.9269537500248308,-0.0921514398405522,1.3197185126613324,-1.282551595871553,6.001519756838905,658,0,22.57861635220126,555.8986877561996
60.0,0.0,4,2.5,3.0,False,2020-01-01 00:00:00,2021-12-31 00:00:00,17490,10000.0,7945.972409752979,-20.540275902470206,-10.877391507549783,-27.63661398470273,-0.7416417871200714,-0.6111324929679448,-0.3935862589234187,1048,47.61450381679389,0.9560159983583533,-0.07251065723610055,1.0598593362555182,-1.1017504145262969,6.262404580152672,1048,0,37.5242995997713,555.8986877561996
80.0,60.0,12,4.0,3.0,True,2020-01-01 00:00:00,2021-12-31 00:00:00,17490,10000.0,6332.010285626415,-36.67989714373585,-20.4572500410399,-41.082255483583,-0.7426817221491533,-0.6533876959958106,-0.49795829854606893,717,42.81729428172943,0.8808250007118237,-0.3765157923545987,1.5453779992726298,-1.8155923631584012,12.626220362622036,435,282,51.76100628930818,555.8986877561996
60.0,60.0,4,2.5,3.0,False,2020-01-01 00:00:00,2021-12-31 00:00:00,17490,10000.0,7886.911008767905,-21.13088991232095,-11.209795905976861,-28.5790456433215,-0.7427804734288466,-0.6166040104806915,-0.3922382869561085,1048,47.80534351145038,0.9538979975299554,-0.0841889155886505,1.0935505672638604,-1.162886321272577,6.262404580152672,1048,0,37.5242995997713,555.8986877561996
80.0,95.0,12,1.5,3.0,False,2020-01-01 00:00:00,2021-12-31 00:00:00,17490,10000.0,6928.925334501294,-30.710746654987066,-16.786020695381765,-32.72915094018845,-0.7474456554682063,-0.4989829970374467,-0.5128767540000571,543,36.64825046040516,0.8667644581606515,-0.35569754408185916,1.682736443924817,-1.5349079034229305,10.298342541436464,543,0,31.972555746140653,555.8986877561996
50.0,80.0,4,2.5,3.0,False,2020-01-01 00:00:00,2021-12-31 00:00:00,17490,10000.0,7667.140291979841,-23.328597080201586,-12.457738269193353,-27.983089635631853,-0.7520104237923023,-0.6545353945156889,-0.4451880915011785,1253,47.565841979249804,0.9560403086097832,-0.08561749822955073,1.1471045319797855,-1.2038858848425864,6.256185155626496,1253,0,44.81989708404803,555.8986877561996
80.0,95.0,4,1.5,0.0,False,2020-01-01 00:00:00,2021-12-31 00:00:00,17490,10000.0,7834.800546357328,-21.65199453642672,-11.50411284359607,-28.474474966027287,-0.7559067330374811,-0.48000931266782965,-0.40401492414949014,658,45.59270516717325,0.9212818632033051,-0.09432403171135628,1.3268778444298834,-1.2852753245671438,6.009118541033435,658,0,22.60720411663808,555.8986877561996
60.0,95.0,4,1.5,0.0,False,2020-01-01 00:00:00,2021-12-31 00:00:00,17490,10000.0,7817.773459382076,-21.82226540617924,-11.600492536920537,-25.799343957857456,-0.762922094799466,-0.6443540261256766,-0.44964292719495635,1053,46.15384615384615,0.9529259473956954,-0.0900323437663767,1.2855844262451588,-1.269132432347693,6.248812915479582,1053,0,37.62149799885649,555.8986877561996
80.0,0.0,1,4.0,3.0,False,2020-01-01 00:00:00,2021-12-31 00:00:00,17490,10000.0,8724.595736103058,-12.75404263896942,-6.605384706623074,-15.46330873418027,-0.7714703414105616,-0.4723971010206195,-0.4271650278845211,753,47.01195219123506,0.9720757205659254,-0.0036982930681399755,0.6413502510059408,-0.5759970013443921,3.691899070385126,753,0,15.8947970268725,555.8986877561996
70.0,60.0,12,2.5,0.0,True,2020-01-01 00:00:00,2021-12-31 00:00:00,17490,10000.0,6022.406413547068,-39.77593586452932,-22.429578107272775,-44.39434762971008,-0.7769037875028307,-0.7395074215188956,-0.5052349973549831,981,42.813455657492355,0.9004613893549013,-0.3812824606584981,1.5336893930359812,-1.8149512281303006,12.055045871559633,592,389,67.61578044596912,555.8986877561996
80.0,0.0,1,2.5,0.0,False,2020-01-01 00:00:00,2021-12-31 00:00:00,17490,10000.0,8692.762631665932,-13.072373683340688,-6.776215369775162,-15.899090054875542,-0.7816737411156652,-0.47215073306226857,-0.42620145847259977,758,46.70184696569921,0.9690020780861938,-0.005919165619279066,0.6471648599544834,-0.5781759603051996,3.634564643799472,758,0,15.751858204688393,555.8986877561996
80.0,0.0,1,2.5,3.0,False,2020-01-01 00:00:00,2021-12-31 00:00:00,17490,10000.0,8681.04105938594,-13.1895894061406,-6.839197203730918,-16.0124941516517,-0.7927132931799223,-0.47949673052539404,-0.42711629674665325,759,46.772068511198945,0.9677232666436615,-0.006886828555852975,0.643660803017578,-0.5785314058047837,3.5942028985507246,759,0,15.59748427672956,555.8986877561996
80.0,80.0,4,2.5,0.0,True,2020-01-01 00:00:00,2021-12-31 00:00:00,17490,10000.0,7311.471341858414,-26.88528658141586,-14.515818633801658,-33.157809075773294,-0.7929443236136903,-0.6670780333412121,-0.4377797881829177,1034,44.39071566731141,0.9384211679075782,-0.09074320631357675,1.254217957388039,-1.164373074381475,6.074468085106383,629,405,35.911949685534594,555.8986877561996
60.0,0.0,12,2.5,0.0,True,2020-01-01 00:00:00,2021-12-31 00:00:00,17490,10000.0,5979.865746336283,-40.20134253663716,-22.704501910098717,-45.692467894300314,-0.799101484526681,-0.7610831812494299,-0.4968981312767061,1005,42.78606965174129,0.9009713545073877,-0.3540700602119711,1.5134343559406882,-1.7506385801174382,12.032835820895523,603,402,69.14236706689537,555.8986877561996
80.0,95.0,4,2.5,0.0,True,2020-01-01 00:00:00,2021-12-31 00:00:00,17490,10000.0,7020.935295624021,-29.790647043759787,-16.234391328673446,-34.44609011403179,-0.8088111408995963,-0.6990704341147295,-0.4712985211073429,994,46.07645875251509,0.924371090545146,-0.10767077900969517,1.3763582618506547,-1.3757403698940989,6.96579476861167,604,390,39.58833619210978,555.8986877561996
70.0,95.0,4,1.5,3.0,False,2020-01-01 00:00:00,2021-12-31 00:00:00,17490,10000.0,7734.056592775803,-22.659434072241968,-12.075892762076613,-26.840042410629284,-0.8115736500640254,-0.6804626473374907,-0.44992077796770835,1024,45.703125,0.9442931416110064,-0.09781508709419287,1.2823591967620704,-1.2595445202681697,6.2421875,1024,0,36.54659805603202,555.8986877561996
80.0,80.0,4,4.0,0.0,True,2020-01-01 00:00:00,2021-12-31 00:00:00,17490,10000.0,7235.600648643121,-27.643993513568798,-14.961268111890224,-33.251399562841044,-0.81865184890197,-0.6890436195629664,-0.4499440116382251,1017,44.8377581120944,0.9323267736528957,-0.09842691332525506,1.2500185151859764,-1.1944895076231545,6.3067846607669615,614,403,36.67238421955403,555.8986877561996
60.0,95.0,4,1.5,3.0,False,2020-01-01 00:00:00,2021-12-31 00:00:00,17490,10000.0,7665.825767195936,-23.341742328040638,-12.465255986874856,-27.51631791070289,-0.8296032087894323,-0.7003454350802951,-0.4530132275447474,1055,45.97156398104266,0.9440080924824799,-0.09512267482220135,1.2840535977948675,-1.2686323102946198,6.2274881516587675,1055,0,37.56432246998285,555.8986877561996
80.0,0.0,12,1.5,0.0,True,2020-01-01 00:00:00,2021-12-31 00:00:00,17490,10000.0,5151.556330802005,-48.48443669197995,-28.266474539365603,-59.9509976316589,-0.8354075673051136,-0.6945668784478156,-0.47149298020086083,812,35.467980295566505,0.8423724015571658,-0.44593589465714256,1.506347199451829,-1.5189464501979515,9.6564039408867,505,307,44.83133218982275,555.8986877561996
70.0,95.0,4,1.5,0.0,False,2020-01-01 00:00:00,2021-12-31 00:00:00,17490,10000.0,7645.837490471817,-23.541625095281837,-12.579647568175146,-27.47119303792417,-0.8465437238587611,-0.7034046876849185,-0.4579214142905572,1023,45.650048875855326,0.9395399870411513,-0.10013717694626033,1.2856031796388048,-1.2640593829268816,6.244379276637341,1023,0,36.523727844482565,555.8986877561996
80.0,0.0,12,2.5,3.0,True,2020-01-01 00:00:00,2021-12-31 00:00:00,17490,10000.0,6099.887661555954,-39.00112338444046,-21.93132591433472,-42.96807589138777,-0.8539715687538215,-0.7462331361834699,-0.5104097742186889,723,42.32365145228216,0.8683912371434819,-0.35601359662000487,1.5073399277959374,-1.7233665425942932,12.145228215767634,440,283,50.20583190394511,555.8986877561996
80.0,80.0,4,2.5,3.0,True,2020-01-01 00:00:00,2021-12-31 00:00:00,17490,10000.0,7142.228553168377,-28.57771446831623,-15.512683769561786,-34.84734044376457,-0.859174757463992,-0.7173759182316148,-0.44516119657956726,1035,44.2512077294686,0.9294992750329325,-0.09606274213422514,1.256275685668246,-1.1694960175822873,6.0202898550724635,630,405,35.62607204116638,555.8986877561996
60.0,60.0,12,2.5,0.0,True,2020-01-01 00:00:00,2021-12-31 00:00:00,17490,10000.0,5716.531039421486,-42.83468960578515,-24.428508812059324,-47.91345323140692,-0.8728381863638218,-0.8347828654777099,-0.50984654965438,1005,43.08457711442786,0.8912699614829978,-0.3695390606553699,1.5249122872389023,-1.8036254830998104,12.032835820895523,603,402,69.14236706689537,555.8986877561996
70.0,80.0,12,2.5,0.0,True,2020-01-01 00:00:00,2021-12-31 00:00:00,17490,10000.0,5647.382549403196,-43.526174505968044,-24.88774858011873,-47.80247625695326,-0.8864364519402798,-0.8438928277605219,-0.5206372248654922,981,43.11926605504587,0.8830622725422583,-0.39695146023908257,1.5384900054022657,-1.864140958386556,12.055045871559633,592,389,67.61578044596912,555.8986877561996
80.0,60.0,12,1.5,0.0,True,2020-01-01 00:00:00,2021-12-31 00:00:00,17490,10000.0,4927.254838810183,-50.72745161189817,-29.848190087379443,-61.543496067839286,-0.8909903835696159,-0.7358645423388853,-0.4849934110743049,812,34.85221674876847,0.8316602568766638,-0.4590140360422015,1.552173492858736,-1.5349423360024383,9.6564039408867,505,307,44.83133218982275,555.8986877561996
80.0,80.0,12,2.5,3.0,True,2020-01-01 00:00:00,2021-12-31 00:00:00,17490,10000.0,5782.915965847341,-42.17084034152659,-23.990224460356934,-48.145870439474045,-0.9109355099240717,-0.7985087209624194,-0.4982820798829659,723,42.18533886583679,0.8578932996981908,-0.37110812601488163,1.5754425721610104,-1.7914381809039894,12.145228215767634,440,283,50.20583190394511,555.8986877561996
80.0,80.0,4,4.0,3.0,True,2020-01-01 00:00:00,2021-12-31 00:00:00,17490,10000.0,6947.153589510187,-30.528464104898134,-16.676447344682334,-36.20787334283332,-0.9286434542467498,-0.7760379306566759,-0.4605751679139457,1023,44.47702834799609,0.9173131071450507,-0.10285084053325337,1.2517691997448968,-1.1879778094180389,6.159335288367546,620,403,36.02630074328187,555.8986877561996
80.0,80.0,12,1.5,0.0,True,2020-01-01 00:00:00,2021-12-31 00:00:00,17490,10000.0,4788.555502767178,-52.11444497232822,-30.844297769803408,-62.46452429068674,-0.9292613276925524,-0.7685010025701869,-0.4937890445825775,812,34.60591133004926,0.8252057213573649,-0.47065154451418945,1.5743976930428232,-1.5528715741818366,9.6564039408867,505,307,44.83133218982275,555.8986877561996
80.0,95.0,4,2.5,3.0,True,2020-01-01 00:00:00,2021-12-31 00:00:00,17490,10000.0,6714.583206277458,-32.85416793722542,-18.08542623066759,-37.434072617414415,-0.9324678859201772,-0.808971130774898,-0.4831274014854106,998,45.69138276553106,0.9096290726089971,-0.11872993674044659,1.3775729577018556,-1.377612076714044,6.887775551102204,607,391,39.302458547741566,555.8986877561996
80.0,95.0,4,4.0,0.0,True,2020-01-01 00:00:00,2021-12-31 00:00:00,17490,10000.0,6607.1435351309465,-33.92856464869054,-18.744548342568436,-39.317649650327155,-0.9387837314542182,-0.8113625059817335,-0.4767464105630349,975,46.56410256410256,0.9019785258150297,-0.13107202967184933,1.3806356435898068,-1.4483758370821984,7.3076923076923075,588,387,40.737564322469986,555.8986877561996
80.0,60.0,12,2.5,3.0,True,2020-01-01 00:00:00,2021-12-31 00:00:00,17490,10000.0,5751.297867996485,-42.48702132003515,-24.198657437171654,-46.40589287841501,-0.9484665351919223,-0.8171215726371385,-0.5214565637293725,723,42.18533886583679,0.8502529464108661,-0.3712113018675082,1.5328880213490323,-1.7605660712001514,12.145228215767634,440,283,50.20583190394511,555.8986877561996
60.0,80.0,1,4.0,0.0,False,2020-01-01 00:00:00,2021-12-31 00:00:00,17490,10000.0,8027.0968017877185,-19.729031982122812,-10.422817897624315,-24.080011507312516,-0.9519873780671542,-0.7761424358299778,-0.4328410679728769,1311,46.7581998474447,0.9652170635098033,-0.02744185258714641,0.7403610726476543,-0.7017444215970788,3.8115942028985508,1311,0,28.57061177815895,555.8986877561996
70.0,0.0,12,2.5,3.0,True,2020-01-01 00:00:00,2021-12-31 00:00:00,17490,10000.0,5668.996734170096,-43.31003265829905,-24.74390102251749,-47.891299231118445,-0.9604770461480052,-0.9219673068615905,-0.5166679839506126,999,42.34234234234234,0.8767009815305838,-0.38417624158201097,1.515596847006799,-1.779322103514418,11.706706706706706,606,393,66.86678101772442,555.8986877561996
60.0,0.0,12,2.5,3.0,True,2020-01-01 00:00:00,2021-12-31 00:00:00,17490,10000.0,5641.381460826987,-43.58618539173014,-24.92773597650264,-48.26120129208953,-0.9628759674820127,-0.925750539321274,-0.5165171050267356,1025,42.53658536585366,0.8779452073165497,-0.36376690324055616,1.5265443195057693,-1.7630465180408919,11.674146341463414,621,404,68.41623785020012,555.8986877561996
80.0,80.0,4,1.5,3.0,False,2020-01-01 00:00:00,2021-12-31 00:00:00,17490,10000.0,7604.420103368213,-23.955798966317865,-12.817152598688974,-29.201732723647346,-0.968236889553473,-0.5911917960227094,-0.4389175368456728,690,45.21739130434783,0.899246339860056,-0.09923108849342725,1.1611661266056093,-1.1395589485751718,5.139130434782609,690,0,20.274442538593483,555.8986877561996
60.0,80.0,12,2.5,0.0,True,2020-01-01 00:00:00,2021-12-31 00:00:00,17490,10000.0,5330.012895458941,-46.69987104541059,-27.03245022544246,-51.38446471172495,-0.9908647943825077,-0.9478195203396778,-0.5260821607678278,1005,43.28358208955224,0.8731077618459301,-0.388369194701685,1.5328571947279508,-1.8545682813716702,12.032835820895523,603,402,69.14236706689537,555.8986877561996
80.0,80.0,4,1.5,0.0,False,2020-01-01 00:00:00,2021-12-31 00:00:00,17490,10000.0,7513.367387862925,-24.86632612137075,-13.341568443956643,-30.049446868967287,-1.0026585483681598,-0.6034199511873395,-0.4439871556416158,690,45.21739130434783,0.8926295768963323,-0.10188048503476065,1.161053547480493,-1.144302226158462,5.139130434782609,690,0,20.274442538593483,555.8986877561996
80.0,95.0,4,4.0,3.0,True,2020-01-01 00:00:00,2021-12-31 00:00:00,17490,10000.0,6447.001136202162,-35.52998863797837,-19.737002971628005,-39.97449536955466,-1.005898224584209,-0.8693307150260323,-0.49373989062686413,987,45.99797365754812,0.8936930409319485,-0.13144341941409093,1.3798175330897302,-1.4187088461246629,7.056737588652482,597,390,39.82275586049171,555.8986877561996
60.0,80.0,1,4.0,3.0,False,2020-01-01 00:00:00,2021-12-31 00:00:00,17490,10000.0,7929.233624944377,-20.707663750556225,-10.971473729577596,-24.726858112712634,-1.0104702831342522,-0.8255519627766593,-0.4437067450933815,1325,46.56603773584906,0.9585577626260182,-0.027924360229844944,0.7460189738596181,-0.7023919268021594,3.718490566037736,1325,0,28.170383076043453,555.8986877561996
70.0,80.0,12,2.5,3.0,True,2020-01-01 00:00:00,2021-12-31 00:00:00,17490,10000.0,5392.372322379353,-46.07627677620647,-26.606110948155205,-50.50549739760677,-1.0226662493645116,-0.999048595090209,-0.5267963354305258,999,42.54254254254254,0.8696762302167488,-0.4018306779858383,1.563735992085573,-1.8571718535613606,11.706706706706706,606,393,66.86678101772442,555.8986877561996
80.0,60.0,4,2.5,0.0,True,2020-01-01 00:00:00,2021-12-31 00:00:00,17490,10000.0,6823.126470633788,-31.76873529366212,-17.424857972237938,-36.49151390374923,-1.0290521761919293,-0.8492003596997917,-0.47750438686095903,1034,44.00386847195358,0.905864132313762,-0.1106184496936293,1.1756059974047612,-1.1213820480179257,6.074468085106383,629,405,35.911949685534594,555.8986877561996
60.0,80.0,4,1.5,0.0,False,2020-01-01 00:00:00,2021-12-31 00:00:00,17490,10000.0,7421.321362135464,-25.786786378645353,-13.874939603471825,-26.96304467220343,-1.0302045037732155,-0.8455973514680266,-0.5145909808092144,1141,45.48641542506573,0.9311611011201638,-0.08610475156387333,1.1401668694950893,-1.1093121009683775,5.305872042068361,1141,0,34.61406518010292,555.8986877561996
80.0,0.0,4,4.0,0.0,True,2020-01-01 00:00:00,2021-12-31 00:00:00,17490,10000.0,6900.5611772509665,-30.994388227490333,-16.95680932975541,-35.12111145779255,-1.033403127280449,-0.8514910150904621,-0.48280958733705137,1017,44.44444444444444,0.9039058640468286,-0.10465127086773109,1.1252315046464223,-1.088557491279054,6.3067846607669615,614,403,36.67238421955403,555.8986877561996
70.0,80.0,1,4.0,0.0,False,2020-01-01 00:00:00,2021-12-31 00:00:00,17490,10000.0,7873.887867610229,-21.261121323897715,-11.283258666222585,-24.490823455537715,-1.0443221083044905,-0.8276085977778179,-0.4607137316843172,1268,46.68769716088328,0.9477280142490261,-0.03335185610296527,0.7294765164127067,-0.7013909042231988,3.7586750788643535,1268,0,27.249857061177817,555.8986877561996
80.0,0.0,4,2.5,0.0,True,2020-01-01 00:00:00,2021-12-31 00:00:00,17490,10000.0,6874.344684911874,-31.25655315088126,-17.11497814773335,-36.11390860672592,-1.044555066549951,-0.8601520324172733,-0.4739165271228998,1034,44.197292069632496,0.9055204578800324,-0.10020443246185651,1.1313317672721974,-1.0756152527018266,6.074468085106383,629,405,35.911949685534594,555.8986877561996
60.0,80.0,12,2.5,3.0,True,2020-01-01 00:00:00,2021-12-31 00:00:00,17490,10000.0,5301.039323088811,-46.989606769111894,-27.23138386877981,-51.45271414027395,-1.047186519244677,-1.0239558448560675,-0.5292506784878195,1025,43.02439024390244,0.8678504464408201,-0.38468376570098095,1.5618591941437046,-1.8545903501042451,11.674146341463414,621,404,68.41623785020012,555.8986877561996
60.0,60.0,12,2.5,3.0,True,2020-01-01 00:00:00,2021-12-31 00:00:00,17490,10000.0,5361.135309455225,-46.38864690544775,-26.81936292226502,-50.75184703684729,-1.0525318982511962,-1.0130696769571084,-0.5284411206314008,1025,42.829268292682926,0.8670874851930325,-0.3791572718682719,1.5351380458779795,-1.8132454023983136,11.674146341463414,621,404,68.41623785020012,555.8986877561996
70.0,60.0,12,2.5,3.0,True,2020-01-01 00:00:00,2021-12-31 00:00:00,17490,10000.0,5369.043734176506,-46.30956265823494,-26.7653143904814,-50.56855746744458,-1.056742606786232,-1.0152196709745722,-0.529287678568102,999,42.34234234234234,0.8650956247414024,-0.40047018169816895,1.5364242360756402,-1.8228770197508102,11.706706706706706,606,393,66.86678101772442,555.8986877561996
80.0,60.0,4,2.5,3.0,True,2020-01-01 00:00:00,2021-12-31 00:00:00,17490,10000.0,6724.542365733028,-32.754576342669715,-18.024596145267235,-37.40270562548981,-1.0700208424328244,-0.8773020124252823,-0.4819062108967737,1035,43.86473429951691,0.8998651116915141,-0.11383084077847364,1.1777187145050307,-1.1230623349242757,6.0202898550724635,630,405,35.62607204116638,555.8986877561996
80.0,95.0,1,4.0,0.0,True,2020-01-01 00:00:00,2021-12-31 00:00:00,17490,10000.0,6821.898048037181,-31.781019519628185,-17.4323043920408,-38.045494066866645,-1.072051139436134,-0.8526471002290678,-0.45819629418933944,1166,45.45454545454545,0.8963074274875162,-0.05697387128587647,1.1035009107706621,-1.0240361896663253,4.76843910806175,715,451,31.789594053745,555.8986877561996
80.0,60.0,4,4.0,0.0,True,2020-01-01 00:00:00,2021-12-31 00:00:00,17490,10000.0,6711.10661717136,-32.888933828286405,-18.106671679372965,-37.10935017596928,-1.0746455355630578,-0.8855101243975366,-0.4879274790184338,1017,44.346116027531956,0.8971540620712455,-0.11934076092800254,1.1706588524374832,-1.1472379793517375,6.3067846607669615,614,403,36.67238421955403,555.8986877561996
50.0,95.0,12,2.5,3.0,True,2020-01-01 00:00:00,2021-12-31 00:00:00,17490,10000.0,4564.4108310217825,-54.355891689782176,-32.485004857382606,-64.7151285786745,-1.074724807579926,-1.1222069291279813,-0.5019692546525721,1111,42.03420342034203,0.8717134667169272,-0.4179078622200467,1.6405377592815327,-1.9106005722219683,11.71917191719172,645,466,74.44253859348198,555.8986877561996
80.0,0.0,12,1.5,3.0,True,2020-01-01 00:00:00,2021-12-31 00:00:00,17490,10000.0,4534.742644742879,-54.652573552571205,-32.705159088734426,-64.83833849041291,-1.084165212746682,-0.8581848337338889,-0.5044108138824418,818,35.33007334963325,0.7932397756350326,-0.44336602683501286,1.4842168454707383,-1.4964311498905176,9.539119804400977,511,307,44.61406518010292,555.8986877561996
80.0,0.0,4,2.5,3.0,True,2020-01-01 00:00:00,2021-12-31 00:00:00,17490,10000.0,6764.916117387914,-32.350838826120864,-17.778454588288806,-37.27239815669128,-1.0898222436285327,-0.8900411993862171,-0.47698713974746354,1035,44.15458937198068,0.8987722778117221,-0.10311733993280485,1.1310588909884294,-1.0789279584985558,6.0202898550724635,630,405,35.62607204116638,555.8986877561996
80.0,95.0,12,1.5,0.0,True,2020-01-01 00:00:00,2021-12-31 00:00:00,17490,10000.0,4047.1267033583517,-59.52873296641648,-36.43230313652723,-67.66419819605287,-1.0968475959206248,-0.9051513058319851,-0.5384280625178897,799,33.41677096370463,0.7783133464948604,-0.5020425398713317,1.651106329717882,-1.5826642469771963,10.133917396745932,497,302,46.295025728987994,555.8986877561996
70.0,80.0,1,4.0,3.0,False,2020-01-01 00:00:00,2021-12-31 00:00:00,17490,10000.0,7790.728020417952,-22.092719795820482,-11.753795499118603,-26.00988521303692,-1.0970164513120284,-0.871397077814199,-0.4518972460988507,1283,46.37568199532346,0.9416744721989675,-0.03267155648990224,0.7413292547444393,-0.7020472580661132,3.6554949337490257,1283,0,26.815323041738136,555.8986877561996
80.0,95.0,12,4.0,3.0,True,2020-01-01 00:00:00,2021-12-31 00:00:00,17490,10000.0,5097.370865920861,-49.02629134079138,-28.64537522666437,-52.656081296952564,-1.0985253792359917,-0.9955885411719056,-0.5440088688924559,704,42.1875,0.8263305129649966,-0.4400914501724847,1.6664325415583159,-1.9772846333273935,13.245738636363637,425,279,53.31618067467124,555.8986877561996
60.0,80.0,4,1.5,3.0,False,2020-01-01 00:00:00,2021-12-31 00:00:00,17490,10000.0,7268.169541962336,-27.31830458037664,-14.769766500604309,-28.470288746746043,-1.1021234125682737,-0.8982760789433092,-0.5187782474560393,1142,45.27145359019264,0.9214745996317367,-0.09037903779475492,1.1418041794963918,-1.1096409951379913,5.298598949211909,1142,0,34.59691252144082,555.8986877561996
50.0,80.0,1,2.5,3.0,False,2020-01-01 00:00:00,2021-12-31 00:00:00,17490,10000.0,7714.3054566096325,-22.856945433903675,-12.188426842171673,-24.82043617699794,-1.1059496554464228,-1.0007910333543695,-0.49106416806112213,1655,46.76737160120846,0.9653393115839948,-0.03008192986730442,0.7627102248236639,-0.7265871826832064,3.5438066465256797,1655,0,33.53344768439108,555.8986877561996
80.0,95.0,1,2.5,0.0,True,2020-01-01 00:00:00,2021-12-31 00:00:00,17490,10000.0,6835.377917901839,-31.646220820981608,-17.350629057177926,-37.12751103481443,-1.1066999330758074,-0.889744181923876,-0.4673254030120214,1175,44.93617021276596,0.8996030587065917,-0.051972292843820496,1.1036553587553977,-0.9950501909031516,4.6051063829787235,722,453,30.93767867352773,555.8986877561996
50.0,95.0,4,1.5,0.0,False,2020-01-01 00:00:00,2021-12-31 00:00:00,17490,10000.0,6860.338423150958,-31.39661576849042,-17.199603851254054,-33.79753758540749,-1.113711790377101,-0.9774073311027855,-0.5089010939862139,1258,46.34340222575517,0.9151060092040766,-0.12198452356593584,1.2684701036117987,-1.3229253348912977,6.21462639109698,1258,0,44.699828473413376,555.8986877561996
80.0,95.0,1,4.0,3.0,True,2020-01-01 00:00:00,2021-12-31 00:00:00,17490,10000.0,6741.561251147777,-32.58438748852224,-17.920749567689487,-37.32906913881596,-1.1159231025221985,-0.8961519359578828,-0.48007491162041643,1173,45.012787723785166,0.8921801005574982,-0.061576286458520195,1.0917115680736211,-1.005663088308087,4.643648763853367,720,453,31.143510577472842,555.8986877561996
80.0,0.0,4,4.0,3.0,True,2020-01-01 00:00:00,2021-12-31 00:00:00,17490,10000.0,6654.543918821013,-33.45456081178987,-18.45310145554904,-37.55811131519773,-1.1327709999075373,-0.9256328777806615,-0.49132133670635536,1023,44.28152492668622,0.8904305736150205,-0.10754355177599699,1.1238589505688859,-1.0861844878500881,6.159335288367546,620,403,36.02630074328187,555.8986877561996
60.0,95.0,1,1.5,3.0,False,2020-01-01 00:00:00,2021-12-31 00:00:00,17490,10000.0,7469.782096737558,-25.302179032624416,-13.593719375867453,-28.229609206675267,-1.133569728792238,-0.9053854017348283,-0.48154118168426635,1299,46.4203233256351,0.936407031364821,-0.04532684804980451,0.974534273653372,-0.9289134233185049,3.9784449576597383,1299,0,29.548313321898227,555.8986877561996
80.0,60.0,12,1.5,3.0,True,2020-01-01 00:00:00,2021-12-31 00:00:00,17490,10000.0,4340.08861254054,-56.5991138745946,-34.167794469287706,-66.31163726514593,-1.137791297086262,-0.8939054578119778,-0.5152609086195289,818,34.59657701711492,0.7810605958173683,-0.4538285538810989,1.533482265787449,-1.5050602584908168,9.539119804400977,511,307,44.61406518010292,555.8986877561996
60.0,95.0,1,1.5,0.0,False,2020-01-01 00:00:00,2021-12-31 00:00:00,17490,10000.0,7453.789615518468,-25.46210384481532,-13.68642365121483,-28.383266517154325,-1.1422203790954928,-0.9121031005589849,-0.4822004416913397,1297,46.33770239013107,0.9354754942283058,-0.04548856116313394,0.9792062328241489,-0.9303184048216929,3.992289899768697,1297,0,29.60548885077187,555.8986877561996
70.0,80.0,4,1.5,3.0,False,2020-01-01 00:00:00,2021-12-31 00:00:00,17490,10000.0,7206.379533527706,-27.93620466472294,-15.13345166162059,-28.92973662263625,-1.149927722532842,-0.9251683957347928,-0.5231105923646512,1109,45.08566275924256,0.9120048078536573,-0.0935215004037979,1.129873182209795,-1.0979506322704589,5.2957619477006315,1109,0,33.57918810749,555.8986877561996
80.0,80.0,12,1.5,3.0,True,2020-01-01 00:00:00,2021-12-31 00:00:00,17490,10000.0,4283.052602548282,-57.169473974517174,-34.602539576289146,-66.61258105751291,-1.153249169008389,-0.9076078279244749,-0.519459522915251,818,34.3520782396088,0.7793120548711507,-0.46159471206064007,1.5541858389020702,-1.5164072536258573,9.539119804400977,511,307,44.61406518010292,555.8986877561996
60.0,60.0,4,1.5,0.0,False,2020-01-01 00:00:00,2021-12-31 00:00:00,17490,10000.0,7260.499982574418,-27.395000174255824,-14.814824069835442,-28.66347039477596,-1.156443556122603,-0.9344352709616043,-0.5168538165753825,1141,45.92462751971954,0.9175558423084367,-0.0894729886291241,1.0736066483099536,-1.0772424047653912,5.305872042068361,1141,0,34.61406518010292,555.8986877561996
80.0,60.0,4,4.0,3.0,True,2020-01-01 00:00:00,2021-12-31 00:00:00,17490,10000.0,6507.354383415093,-34.92645616584906,-19.3615449009247,-39.25874127971854,-1.1570717380496756,-0.9478395236275161,-0.49317793362180634,1023,43.988269794721404,0.8856839731727234,-0.1209078765861511,1.1730563310431847,-1.1371101338866767,6.159335288367546,620,403,36.02630074328187,555.8986877561996
80.0,0.0,4,1.5,3.0,False,2020-01-01 00:00:00,2021-12-31 00:00:00,17490,10000.0,7393.764923302976,-26.062350766970244,-14.035259974696112,-30.89125130766791,-1.1589636555987224,-0.692366155015853,-0.4543441712641871,690,46.08695652173913,0.8738633583021564,-0.09778386557182825,1.045597559006489,-1.0751905672274866,5.139130434782609,690,0,20.274442538593483,555.8986877561996
60.0,80.0,1,2.5,3.0,False,2020-01-01 00:00:00,2021-12-31 00:00:00,17490,10000.0,7656.39744631549,-23.436025536845094,-12.51919506780027,-26.636243786699698,-1.1609169048276913,-0.9395823631391974,-0.470006025175798,1346,46.35958395245171,0.9396118837748848,-0.036250270884643485,0.7486261330565019,-0.714592204484747,3.5898959881129273,1346,0,27.627215551743852,555.8986877561996
60.0,95.0,12,1.5,0.0,True,2020-01-01 00:00:00,2021-12-31 00:00:00,17490,10000.0,5054.489813133879,-49.45510186866121,-28.946655236074072,-53.39956586513877,-1.164663332620384,-1.1387851017714619,-0.5420766024424092,1167,36.161096829477295,0.8746520361390931,-0.3969056401970178,1.7163112149779851,-1.5939224360142676,9.742073693230505,714,453,65.00285877644369,555.8986877561996
80.0,60.0,4,1.5,3.0,False,2020-01-01 00:00:00,2021-12-31 00:00:00,17490,10000.0,7301.571499445761,-26.984285005542386,-14.573810940808851,-32.041441493164726,-1.1650748960016026,-0.6977578046825268,-0.4548425495749879,690,45.507246376811594,0.8699934789811615,-0.11529627813616576,1.0770914437602757,-1.111066875677343,5.139130434782609,690,0,20.274442538593483,555.8986877561996
50.0,80.0,1,4.0,3.0,False,2020-01-01 00:00:00,2021-12-31 00:00:00,17490,10000.0,7608.935753366982,-23.910642466330177,-12.791226619428375,-26.5443971791812,-1.1656455087087179,-1.0367314223293214,-0.4818804711625001,1626,46.86346863468635,0.9567998422901662,-0.03490363026305579,0.7511958056166519,-0.7281996605180757,3.6709717097170973,1626,0,34.12807318467696,555.8986877561996
50.0,80.0,1,2.5,0.0,False,2020-01-01 00:00:00,2021-12-31 00:00:00,17490,10000.0,7598.774433410865,-24.01225566589136,-12.849577243073373,-25.906677478277963,-1.172522462436394,-1.0508334892177653,-0.49599479724281087,1645,46.68693009118541,0.9567710660747478,-0.03136213867461576,0.7618087589379198,-0.7259519327070301,3.5775075987841944,1645,0,33.64779874213836,555.8986877561996
70.0,80.0,4,1.5,0.0,False,2020-01-01 00:00:00,2021-12-31 00:00:00,17490,10000.0,7156.282421263942,-28.43717578736058,-15.42945857431346,-29.42380093696584,-1.173367906998228,-0.9414173459146071,-0.5243869956627206,1109,45.08566275924256,0.9089935822599219,-0.0951143092852261,1.1295738232740746,-1.10060538692012,5.296663660955816,1109,0,33.58490566037736,555.8986877561996
80.0,0.0,4,1.5,0.0,False,2020-01-01 00:00:00,2021-12-31 00:00:00,17490,10000.0,7363.4494046187065,-26.36550595381294,-14.211977289703782,-31.174607295309077,-1.1736693227079222,-0.6998804392871254,-0.45588312164055056,690,46.08695652173913,0.8711574575681591,-0.09897560243138914,1.0430117148772529,-1.0751905672274864,5.139130434782609,690,0,20.274442538593483,555.8986877561996
50.0,95.0,4,1.5,3.0,False,2020-01-01 00:00:00,2021-12-31 00:00:00,17490,10000.0,6707.477529021043,-32.92522470978957,-18.12885491136418,-34.94229359319849,-1.1786311137997043,-1.0309373579839678,-0.5188226944236126,1260,46.42857142857143,0.9075474394259831,-0.1238599906890214,1.2601120730807331,-1.323302445956142,6.203968253968254,1260,0,44.694110920526015,555.8986877561996
70.0,80.0,1,2.5,3.0,False,2020-01-01 00:00:00,2021-12-31 00:00:00,17490,10000.0,7630.486332177749,-23.695136678222507,-12.667602605785454,-26.717672873969168,-1.1830175709317008,-0.9322090044905046,-0.4741282171370324,1301,46.272098385857035,0.9301839853623335,-0.037150766306622944,0.7440862238020169,-0.7099757563572684,3.539584934665642,1301,0,26.329331046312177,555.8986877561996
80.0,80.0,1,1.5,0.0,False,2020-01-01 00:00:00,2021-12-31 00:00:00,17490,10000.0,7927.433381961857,-20.72566618038143,-10.981598099477408,-25.168464182757965,-1.1834587378870745,-0.6207656025261536,-0.43632372717444223,793,46.406052963430014,0.9032718579559535,-0.03801536235285344,0.7442940572029031,-0.7154032832858379,3.0756620428751575,793,0,13.945111492281304,555.8986877561996
80.0,60.0,4,1.5,0.0,False,2020-01-01 00:00:00,2021-12-31 00:00:00,17490,10000.0,7218.719750299723,-27.812802497002764,-15.060695293830573,-32.8125748638594,-1.1959205685733638,-0.7059446353788627,-0.4589915712594321,690,45.507246376811594,0.8636361735467992,-0.11771285219820556,1.0769378894799895,-1.1153733120039322,5.139130434782609,690,0,20.274442538593483,555.8986877561996
50.0,0.0,12,2.5,3.0,True,2020-01-01 00:00:00,2021-12-31 00:00:00,17490,10000.0,4571.3745511255565,-54.28625448874443,-32.43343382210898,-59.32388482397044,-1.2009843735815133,-1.1702564009537832,-0.5467179689655778,1132,42.40282685512368,0.8354264624337444,-0.4034474539808205,1.4629842946833589,-1.777507637046474,11.378975265017667,657,475,73.64779874213836,555.8986877561996
80.0,80.0,1,1.5,3.0,False,2020-01-01 00:00:00,2021-12-31 00:00:00,17490,10000.0,7893.8522982799805,-21.061477017200193,-11.170665242779021,-25.485455060541952,-1.2050527488569438,-0.6315060114645777,-0.43831531421520853,793,46.406052963430014,0.8992753444991423,-0.040337934314323094,0.7386707864065345,-0.714867838373795,3.073139974779319,793,0,13.933676386506574,555.8986877561996
70.0,80.0,1,2.5,0.0,False,2020-01-01 00:00:00,2021-12-31 00:00:00,17490,10000.0,7577.846621329229,-24.221533786707717,-12.969876484218823,-27.21504497060332,-1.2071944855978345,-0.943216107399124,-0.4765700919556959,1295,46.254826254826256,0.9254143673955122,-0.038675719149728574,0.742549973385126,-0.7110236930410762,3.576833976833977,1295,0,26.483704974271014,555.8986877561996
60.0,80.0,1,2.5,0.0,False,2020-01-01 00:00:00,2021-12-31 00:00:00,17490,10000.0,7567.934156420862,-24.320658435791387,-13.026914130838207,-27.39956267608843,-1.2090540304940425,-0.9701789682576033,-0.47544241069974386,1341,46.308724832214764,0.9321725816431288,-0.03870285996336221,0.7459536001576712,-0.7154690568177535,3.61744966442953,1341,0,27.735849056603772,555.8986877561996
60.0,0.0,4,1.5,0.0,False,2020-01-01 00:00:00,2021-12-31 00:00:00,17490,10000.0,7211.10478974854,-27.888952102514608,-15.105584802980454,-28.653324636996892,-1.220538737308646,-0.9787933948953623,-0.5271843667131133,1141,45.74934268185802,0.9129013450134317,-0.08131040776851019,1.0517646235746885,-1.036827639369721,5.305872042068361,1141,0,34.61406518010292,555.8986877561996
80.0,95.0,1,2.5,3.0,True,2020-01-01 00:00:00,2021-12-31 00:00:00,17490,10000.0,6600.716173468481,-33.992838265315186,-18.78414798626823,-38.0228598533302,-1.2233356158407638,-0.9867393412800752,-0.494022492225109,1179,44.61407972858355,0.8849834856706041,-0.06267696320913783,1.0936555805359964,-0.9941178789977145,4.544529262086514,725,454,30.634648370497427,555.8986877561996
50.0,95.0,12,4.0,0.0,True,2020-01-01 00:00:00,2021-12-31 00:00:00,17490,10000.0,4181.0081908637585,-58.189918091362415,-35.38762465401217,-61.34195814758014,-1.2236024126050977,-1.1670340126701524,-0.5768910175458455,994,45.17102615694165,0.8281568445406051,-0.42151302492729203,1.5964095472948567,-2.0839850156204016,13.470824949698189,556,438,76.55803316180675,555.8986877561996
50.0,80.0,1,4.0,0.0,False,2020-01-01 00:00:00,2021-12-31 00:00:00,17490,10000.0,7507.395073107959,-24.9260492689204,-13.37607641028422,-27.48916449916222,-1.2250199230882854,-1.0840351936216999,-0.4865945056530139,1603,46.724890829694324,0.9470952680359818,-0.03872910550310032,0.749117183567567,-0.7297090475568825,3.7685589519650655,1603,0,34.53973699256718,555.8986877561996
70.0,95.0,1,1.5,3.0,False,2020-01-01 00:00:00,2021-12-31 00:00:00,17490,10000.0,7310.962462379563,-26.89037537620438,-14.51879864402137,-29.0493700098692,-1.2309805294402292,-0.9576985949815306,-0.49979736700275323,1258,46.10492845786963,0.920700017950655,-0.05008303829957878,0.968475648993211,-0.9214164286090452,3.9602543720190777,1258,0,28.484848484848484,555.8986877561996
60.0,60.0,4,1.5,3.0,False,2020-01-01 00:00:00,2021-12-31 00:00:00,17490,10000.0,7103.747848345609,-28.962521516543916,-15.740980785968784,-30.203605824971337,-1.2339573266007782,-0.9898689905440445,-0.5211623035073072,1142,45.709281961471106,0.9070805207366629,-0.09399282623398493,1.0749045009451845,-1.0781289629880597,5.298598949211909,1142,0,34.59691252144082,555.8986877561996
50.0,60.0,12,2.5,3.0,True,2020-01-01 00:00:00,2021-12-31 00:00:00,17490,10000.0,4457.893778108243,-55.42106221891756,-33.278785947929215,-60.45124218417877,-1.2379733015945136,-1.2078174453016424,-0.5505062385076829,1132,42.226148409893995,0.8321350877368338,-0.409606127369893,1.4856685391874624,-1.7948374585845963,11.378975265017667,657,475,73.64779874213836,555.8986877561996
70.0,95.0,1,1.5,0.0,False,2020-01-01 00:00:00,2021-12-31 00:00:00,17490,10000.0,7295.310007146007,-27.046899928539936,-14.6105104127762,-29.201272247834154,-1.2396812267326642,-0.9642758316090548,-0.5003381458443084,1256,46.01910828025478,0.9197790276936413,-0.05025760381589076,0.9733125524747279,-0.922858710506123,3.9745222929936306,1256,0,28.542024013722127,555.8986877561996
60.0,0.0,12,1.5,0.0,True,2020-01-01 00:00:00,2021-12-31 00:00:00,17490,10000.0,4975.999114336052,-50.240008856639484,-29.501450462950864,-53.59522600137646,-1.2476593982271158,-1.203264413236625,-0.5504492221414122,1191,36.35600335852225,0.8737332189638957,-0.37908220536254056,1.5951964446116613,-1.5068693497409438,9.46431570109152,735,456,64.44825614636936,555.8986877561996
60.0,60.0,1,4.0,0.0,False,2020-01-01 00:00:00,2021-12-31 00:00:00,17490,10000.0,7691.889161642807,-23.081108383571923,-12.316320306782725,-25.462201959985677,-1.2547111125582961,-1.0163418339630246,-0.4837099448876437,1311,45.69031273836766,0.931990191261674,-0.031735818486592265,0.6865860164698664,-0.6360543285131636,3.8115942028985508,1311,0,28.57061177815895,555.8986877561996
60.0,95.0,12,1.5,3.0,True,2020-01-01 00:00:00,2021-12-31 00:00:00,17490,10000.0,4925.025864830495,-50.74974135169506,-29.864086612153628,-54.93676877796806,-1.2563989785263987,-1.235832909585811,-0.5436083569612921,1177,36.023789294817334,0.8680645453458026,-0.3893984425121351,1.7107676174197144,-1.5719620672280772,9.593882752761257,724,453,64.56260720411663,555.8986877561996
70.0,95.0,12,2.5,0.0,True,2020-01-01 00:00:00,2021-12-31 00:00:00,17490,10000.0,4396.041896034135,-56.03958103965865,-33.74406464100059,-57.995823340215644,-1.2658353753590237,-1.21174494517797,-0.5818361167674237,959,42.54431699687174,0.8264417015263283,-0.41936112706105627,1.6871180729433306,-1.9791497179898943,12.471324296141814,577,382,68.38193253287594,555.8986877561996
80.0,80.0,1,4.0,0.0,True,2020-01-01 00:00:00,2021-12-31 00:00:00,17490,10000.0,7143.045080848253,-28.569549191517474,-15.50784616250821,-33.43047266806076,-1.2668711337311644,-0.9710362865825646,-0.4638835447075296,1240,43.38709677419355,0.9013268848905709,-0.034368211678193185,0.8337426799704932,-0.6996725702351637,3.7298387096774195,756,484,26.443682104059462,555.8986877561996
50.0,60.0,1,2.5,3.0,False,2020-01-01 00:00:00,2021-12-31 00:00:00,17490,10000.0,7617.006163120498,-23.829938368795023,-12.744910599965397,-25.96743475952993,-1.2691580363508932,-1.133833819917123,-0.49080360528442546,1655,45.9214501510574,0.9559937755171553,-0.025490600963737276,0.7083011698736293,-0.6485986968703279,3.5438066465256797,1655,0,33.53344768439108,555.8986877561996
50.0,80.0,12,2.5,3.0,True,2020-01-01 00:00:00,2021-12-31 00:00:00,17490,10000.0,4345.7958539111405,-56.54204146088859,-34.12444958124775,-61.58791568956011,-1.2724747903875728,-1.2432371963688935,-0.5540770327941501,1132,42.314487632508836,0.8266771793879049,-0.41577170053595824,1.5046274500111552,-1.8244565291914978,11.378975265017667,657,475,73.64779874213836,555.8986877561996
70.0,60.0,4,1.5,3.0,False,2020-01-01 00:00:00,2021-12-31 00:00:00,17490,10000.0,7041.173203396805,-29.588267966031957,-16.113543570975153,-30.80169295869959,-1.2853099317178789,-1.0183573841477438,-0.5231382441407029,1109,45.4463480613165,0.8964227777335178,-0.09882590804243595,1.0640551034225103,-1.0675730647008377,5.2957619477006315,1109,0,33.57918810749,555.8986877561996
70.0,95.0,12,2.5,3.0,True,2020-01-01 00:00:00,2021-12-31 00:00:00,17490,10000.0,4556.528843912712,-54.434711560872884,-32.54342368256214,-56.462370686735966,-1.2972299043851523,-1.2636038176098945,-0.5763736677497883,978,41.41104294478528,0.8253005337918408,-0.43281508497365784,1.6895940295143688,-1.9329471816013202,12.087934560327199,594,384,67.59291023441966,555.8986877561996
80.0,80.0,1,2.5,0.0,True,2020-01-01 00:00:00,2021-12-31 00:00:00,17490,10000.0,7095.099153301992,-29.049008466980077,-15.792376364953087,-32.554239221322476,-1.2980609089860342,-0.9968726917776095,-0.48510967366146734,1250,43.04,0.9001050723098525,-0.03632972593579326,0.8365971601037946,-0.69592897409492,3.6256,765,485,25.91194968553459,555.8986877561996
60.0,60.0,1,4.0,3.0,False,2020-01-01 00:00:00,2021-12-31 00:00:00,17490,10000.0,7615.510788877269,-23.84489211122731,-12.753490691750336,-25.960462545759334,-1.2988884945387693,-1.0467137717530388,-0.4912659267634517,1325,45.509433962264154,0.9272040448849989,-0.02984156398581936,0.6948586536285036,-0.6350967318825462,3.718490566037736,1325,0,28.170383076043453,555.8986877561996
50.0,60.0,1,4.0,3.0,False,2020-01-01 00:00:00,2021-12-31 00:00:00,17490,10000.0,7566.121909632202,-24.338780903677982,-13.037346071960975,-25.59618190413171,-1.3010249806858565,-1.1470280296993616,-0.5093472972176565,1626,45.87945879458795,0.9500468585202091,-0.02895494273031717,0.6993091393089147,-0.6463242668226661,3.6709717097170973,1626,0,34.12807318467696,555.8986877561996
60.0,95.0,12,2.5,0.0,True,2020-01-01 00:00:00,2021-12-31 00:00:00,17490,10000.0,4299.481724312376,-57.00518275687624,-34.477017255572726,-58.918455700694025,-1.3017109624287138,-1.2505080859057753,-0.5851649851570466,983,43.13326551373347,0.8268679472328445,-0.4033793784040143,1.6603106516472053,-1.9686827285680877,12.471007121057985,587,396,70.09148084619783,555.8986877561996
80.0,95.0,4,1.5,3.0,True,2020-01-01 00:00:00,2021-12-31 00:00:00,17490,10000.0,6058.450613851557,-39.41549386148443,-22.19739611397643,-41.17918948619089,-1.3026990325167525,-1.0771754048277666,-0.5390440266295223,1050,42.095238095238095,0.8785139382081213,-0.14211087105879486,1.3886645565592488,-1.2549443233732278,5.835238095238095,647,403,35.0314465408805,555.8986877561996
70.0,95.0,12,1.5,0.0,True,2020-01-01 00:00:00,2021-12-31 00:00:00,17490,10000.0,4707.175504258406,-52.928244957415934,-31.435463571898225,-55.870194689635724,-1.3036852735139797,-1.2616222356895603,-0.562651763548082,1142,35.464098073555164,0.8582993204036995,-0.42802890455739256,1.703245089514099,-1.5992174630362992,9.685639229422067,703,439,63.2418524871355,555.8986877561996
70.0,60.0,4,1.5,0.0,False,2020-01-01 00:00:00,2021-12-31 00:00:00,17490,10000.0,6996.52798289384,-30.0347201710616,-16.38036762017364,-31.240451328512297,-1.3069205219842472,-1.0325623751296926,-0.5243319774072448,1109,45.4463480613165,0.8935743081807176,-0.10029191745722595,1.0638293301781707,-1.0700722625948127,5.296663660955816,1109,0,33.58490566037736,555.8986877561996
50.0,95.0,12,2.5,0.0,True,2020-01-01 00:00:00,2021-12-31 00:00:00,17490,10000.0,3951.3927701806733,-60.48607229819327,-37.18993249855615,-62.7410676267655,-1.3097675966044247,-1.246774792504955,-0.5927526244818129,1075,42.7906976744186,0.7995815630156295,-0.4254037789922582,1.6038560885609596,-1.9432241677312505,12.21860465116279,614,461,75.10005717552887,555.8986877561996
50.0,95.0,1,1.5,3.0,False,2020-01-01 00:00:00,2021-12-31 00:00:00,17490,10000.0,7069.101850368325,-29.308981496316743,-15.947056030830565,-30.71867744681195,-1.3113115778936362,-1.1185286146802627,-0.5191322464465534,1589,47.64002517306482,0.9301872346245579,-0.04520248548766466,0.9547090214388979,-0.9549777387850299,3.9043423536815607,1589,0,35.471698113207545,555.8986877561996
60.0,0.0,4,1.5,3.0,False,2020-01-01 00:00:00,2021-12-31 00:00:00,17490,10000.0,7023.680492076658,-29.76319507923342,-16.21798859889756,-30.507700757025635,-1.3150038077531634,-1.0440960633512526,-0.5316031099184919,1142,45.53415061295972,0.9002040981515327,-0.0866634467366829,1.0530954929125178,-1.039516579562381,5.298598949211909,1142,0,34.59691252144082,555.8986877561996
60.0,60.0,12,1.5,0.0,True,2020-01-01 00:00:00,2021-12-31 00:00:00,17490,10000.0,4771.947313975788,-52.28052686024212,-30.964534304327817,-55.31242484260783,-1.319378390287943,-1.2738061159913083,-0.5598115503422201,1191,36.272040302267,0.8662606766261466,-0.3907988245154581,1.6162949335677093,-1.5331762994718854,9.46431570109152,735,456,64.44825614636936,555.8986877561996
60.0,0.0,12,1.5,3.0,True,2020-01-01 00:00:00,2021-12-31 00:00:00,17490,10000.0,4878.183789872185,-51.21816210127814,-30.198987990103067,-54.10365673648256,-1.3226643783129919,-1.2792191205345225,-0.5581690741753437,1197,36.42439431913116,0.8656862506100351,-0.36846263493041775,1.5907628416054624,-1.4909623823281097,9.369256474519633,741,456,64.12235563178959,555.8986877561996
80.0,95.0,4,1.5,0.0,True,2020-01-01 00:00:00,2021-12-31 00:00:00,17490,10000.0,5980.714925092643,-40.19285074907357,-22.699004466363593,-41.84866626516981,-1.3291241663873448,-1.0867578264292421,-0.5424068791710986,1050,42.0,0.8745900532804852,-0.1437732333207663,1.3936911905149478,-1.2571095402362835,5.84,647,403,35.06003430531732,555.8986877561996
50.0,60.0,1,4.0,0.0,False,2020-01-01 00:00:00,2021-12-31 00:00:00,17490,10000.0,7534.088673993216,-24.659113260067844,-13.221947124643052,-25.698609791135517,-1.3297909602774192,-1.1778573007785735,-0.5145004820145498,1603,45.78914535246413,0.94462902049617,-0.031972031624994325,0.6940721031460462,-0.6452244998896015,3.7685589519650655,1603,0,34.53973699256718,555.8986877561996
70.0,60.0,1,4.0,0.0,False,2020-01-01 00:00:00,2021-12-31 00:00:00,17490,10000.0,7576.297660653592,-24.237023393464074,-12.978786954680254,-25.70115960717818,-1.3340240764930853,-1.0502793949716818,-0.5049883800206181,1268,45.662460567823345,0.9152438101548155,-0.036530555859850114,0.6755400110997213,-0.634917868297574,3.7586750788643535,1268,0,27.249857061177817,555.8986877561996
60.0,95.0,12,2.5,3.0,True,2020-01-01 00:00:00,2021-12-31 00:00:00,17490,10000.0,4431.747166839958,-55.68252833160042,-33.47507724796298,-57.65465950736722,-1.33585761812122,-1.303084954358779,-0.580613562442173,1004,42.13147410358566,0.8244906765955805,-0.4183537436209861,1.6659622640420662,-1.9358505960159451,12.058764940239044,607,397,69.22241280731846,555.8986877561996
50.0,60.0,1,2.5,0.0,False,2020-01-01 00:00:00,2021-12-31 00:00:00,17490,10000.0,7505.486054013493,-24.94513945986506,-13.387109590524183,-26.97506246023671,-1.3360067620764735,-1.180155959802474,-0.49627724162855225,1645,45.89665653495441,0.9465570060421648,-0.028028033326276087,0.7048059971725097,-0.6497018457156954,3.5775075987841944,1645,0,33.64779874213836,555.8986877561996
50.0,95.0,1,1.5,0.0,False,2020-01-01 00:00:00,2021-12-31 00:00:00,17490,10000.0,6989.582028781278,-30.10417971218723,-16.4219567208263,-31.498018093666126,-1.3584065131133816,-1.156413139292139,-0.5213647624428966,1586,47.477931904161416,0.9254073457426591,-0.04606660085213814,0.9574138616331853,-0.9531743898694832,3.9186633039092054,1586,0,35.534591194968556,555.8986877561996
80.0,80.0,1,2.5,3.0,True,2020-01-01 00:00:00,2021-12-31 00:00:00,17490,10000.0,6997.524557123109,-30.024754428768908,-16.374402294072098,-33.48007891711533,-1.3610979304682844,-1.0504689228144877,-0.489078963481814,1251,43.005595523581135,0.8925492202807361,-0.041797815677190465,0.826792921920126,-0.6972000833172413,3.5963229416466826,766,485,25.72327044025157,555.8986877561996
70.0,60.0,1,4.0,3.0,False,2020-01-01 00:00:00,2021-12-31 00:00:00,17490,10000.0,7522.774526635816,-24.77225473364184,-13.287241859291054,-27.016316620351866,-1.365740061733073,-1.0701536550024313,-0.49182285083531857,1283,45.362431800467654,0.9118511758303295,-0.033024193319825354,0.6897821827986357,-0.6331287737776632,3.6554949337490257,1283,0,26.815323041738136,555.8986877561996
70.0,0.0,4,1.5,3.0,False,2020-01-01 00:00:00,2021-12-31 00:00:00,17490,10000.0,6960.676366925188,-30.39323633074812,-16.59525216448764,-31.131063611231056,-1.3690844615821212,-1.0738742902665956,-0.5330769411457121,1109,45.26600541027953,0.8890506215086557,-0.09096855550791737,1.0444645038638696,-1.0299922718252765,5.2957619477006315,1109,0,33.57918810749,555.8986877561996
60.0,80.0,12,1.5,0.0,True,2020-01-01 00:00:00,2021-12-31 00:00:00,17490,10000.0,4617.165444455618,-53.828345555443825,-32.09529362100058,-56.67826585705856,-1.3745217607958873,-1.3307139350259198,-0.5662716234463535,1191,36.35600335852225,0.8573454974037004,-0.400866251658358,1.6248230750594168,-1.5580212364456882,9.46431570109152,735,456,64.44825614636936,555.8986877561996
70.0,0.0,4,1.5,0.0,False,2020-01-01 00:00:00,2021-12-31 00:00:00,17490,10000.0,6945.96492618077,-30.540350738192302,-16.683588238675494,-31.27661861528622,-1.3769032089703066,-1.0796336680960141,-0.5334204583906494,1109,45.26600541027953,0.8881058278402227,-0.09167911029824584,1.043911513939144,-1.030833135614835,5.296663660955816,1109,0,33.58490566037736,555.8986877561996
80.0,80.0,1,4.0,3.0,True,2020-01-01 00:00:00,2021-12-31 00:00:00,17490,10000.0,6959.090680437536,-30.409093195624635,-16.604769067584503,-35.02629211494369,-1.3775830485813567,-1.058255154061035,-0.47406585353350056,1244,43.247588424437296,0.8880160426539921,-0.04213660777818371,0.8239484784437978,-0.702127792462923,3.665594855305466,760,484,26.07204116638079,555.8986877561996
80.0,95.0,12,2.5,3.0,True,2020-01-01 00:00:00,2021-12-31 00:00:00,17490,10000.0,4457.35388421741,-55.4264611578259,-33.282833291397964,-59.25926067302076,-1.3777831402431797,-1.2192201736678114,-0.5616477983929825,710,41.267605633802816,0.787685916492836,-0.44159515365417895,1.6396797658420261,-1.9039777709500736,12.72394366197183,431,279,51.652372784448254,555.8986877561996
60.0,60.0,12,1.5,3.0,True,2020-01-01 00:00:00,2021-12-31 00:00:00,17490,10000.0,4718.880380277728,-52.81119619722272,-31.3501238934471,-55.554115945648896,-1.3798549751695017,-1.3371910484580243,-0.5643168532124306,1197,36.25730994152047,0.8596225473709097,-0.3781187407229083,1.6123375532768092,-1.5103048896034814,9.369256474519633,741,456,64.12235563178959,555.8986877561996
80.0,95.0,12,1.5,3.0,True,2020-01-01 00:00:00,2021-12-31 00:00:00,17490,10000.0,3642.31837129329,-63.5768162870671,-39.70062990147022,-71.05430756984089,-1.3821337837818017,-1.1020262657969113,-0.5587364265346978,807,33.333333333333336,0.7398284666601996,-0.5063466778386967,1.623660673756988,-1.571350353636539,9.94175960346964,503,304,45.87192681532304,555.8986877561996
50.0,60.0,4,1.5,0.0,False,2020-01-01 00:00:00,2021-12-31 00:00:00,17490,10000.0,6679.39034193268,-33.206096580673204,-18.30074417948363,-34.24288493977126,-1.3838757908151509,-1.189227236399052,-0.5344393210931917,1371,45.951859956236326,0.9010320240517989,-0.10793615227409888,1.0631289166789506,-1.1035785185904565,5.296863603209336,1371,0,41.52086906803888,555.8986877561996
50.0,0.0,4,1.5,0.0,False,2020-01-01 00:00:00,2021-12-31 00:00:00,17490,10000.0,6758.306473416529,-32.41693526583471,-17.818700476957584,-33.42788317400437,-1.3858326690451888,-1.1815206402317044,-0.5330490233020357,1371,46.097738876732315,0.9043342619202965,-0.09655794043034781,1.043852660640585,-1.0718481973678708,5.296863603209336,1371,0,41.52086906803888,555.8986877561996
70.0,95.0,12,1.5,3.0,True,2020-01-01 00:00:00,2021-12-31 00:00:00,17490,10000.0,4596.867679965785,-54.03132320034215,-32.24497377442813,-57.19795346292504,-1.3943060633530144,-1.3601445481051155,-0.5637434876988894,1150,34.95652173913044,0.8509955568561876,-0.4272910575102378,1.7024641683216195,-1.5718921280776266,9.574782608695653,710,440,62.9559748427673,555.8986877561996
50.0,60.0,4,1.5,3.0,False,2020-01-01 00:00:00,2021-12-31 00:00:00,17490,10000.0,6621.566553214236,-33.78433446785765,-18.655756554525126,-34.81214730255105,-1.4040847655881343,-1.1972438274786443,-0.535897897719111,1373,45.9577567370721,0.8977121092846274,-0.1072080710166409,1.062005028153172,-1.10151193297911,5.286962855061908,1373,0,41.503716409376786,555.8986877561996
50.0,0.0,4,1.5,3.0,False,2020-01-01 00:00:00,2021-12-31 00:00:00,17490,10000.0,6685.493959243041,-33.145060407569595,-18.26336034382775,-34.14511658432963,-1.41163213001378,-1.1916658375020428,-0.5348747396636342,1373,46.1034231609614,0.9000880402378284,-0.09636607415814276,1.0435680351630612,-1.0714718730774968,5.286962855061908,1373,0,41.503716409376786,555.8986877561996
60.0,0.0,1,4.0,0.0,False,2020-01-01 00:00:00,2021-12-31 00:00:00,17490,10000.0,7734.055573098939,-22.65944426901061,-12.075898568082843,-25.102580726921552,-1.4127040085053773,-1.1454689429128997,-0.48106203499355377,1311,45.6140350877193,0.9285852263998153,-0.025865057767934633,0.6303544470734189,-0.576242706989715,3.8115942028985508,1311,0,28.57061177815895,555.8986877561996
80.0,60.0,1,1.5,0.0,False,2020-01-01 00:00:00,2021-12-31 00:00:00,17490,10000.0,7736.905275804127,-22.630947241958733,-12.059673946715165,-26.351265003661663,-1.4192434560791378,-0.7217472876437376,-0.4576506647798276,793,46.406052963430014,0.8700296064705759,-0.03819395369149666,0.6782731921915525,-0.6585702117737604,3.0756620428751575,793,0,13.945111492281304,555.8986877561996
70.0,0.0,12,1.5,0.0,True,2020-01-01 00:00:00,2021-12-31 00:00:00,17490,10000.0,4541.653399984301,-54.58346600015699,-32.65381341572282,-57.18429297518372,-1.4225278983434646,-1.3574859411760787,-0.5710276671584207,1164,36.08247422680412,0.8508692178882715,-0.4125082307964651,1.5446000965531794,-1.5173274478486836,9.420962199312715,720,444,62.698684962835905,555.8986877561996
80.0,60.0,1,1.5,3.0,False,2020-01-01 00:00:00,2021-12-31 00:00:00,17490,10000.0,7721.703604818687,-22.78296395181313,-12.146258323742643,-26.49597193724781,-1.4301143776283285,-0.7270622297276721,-0.45841905148863543,793,46.406052963430014,0.8680424515329169,-0.03923610529097286,0.6759890296060206,-0.6585369279782519,3.073139974779319,793,0,13.933676386506574,555.8986877561996
60.0,80.0,12,1.5,3.0,True,2020-01-01 00:00:00,2021-12-31 00:00:00,17490,10000.0,4552.310430945588,-54.47689569054411,-32.57470996350715,-57.04005694800789,-1.4432569931459343,-1.4016846360707436,-0.5710848078780683,1197,36.340852130325814,0.8506130488385076,-0.3882164035329049,1.621150839804382,-1.5352961290600962,9.369256474519633,741,456,64.12235563178959,555.8986877561996
50.0,80.0,4,1.5,0.0,False,2020-01-01 00:00:00,2021-12-31 00:00:00,17490,10000.0,6445.692266984974,-35.54307733015026,-19.745164851200446,-36.52345267211923,-1.4484404289717023,-1.2327632348992323,-0.5406160537027552,1371,45.14952589350839,0.8910233414248314,-0.11425431830321517,1.1218182316459575,-1.1317129731151006,5.296863603209336,1371,0,41.52086906803888,555.8986877561996
50.0,0.0,1,2.5,3.0,False,2020-01-01 00:00:00,2021-12-31 00:00:00,17490,10000.0,7621.024346400895,-23.789756535991046,-12.721859410853774,-26.91018182557754,-1.45322964185465,-1.295664731877382,-0.4727526366530131,1656,45.591787439613526,0.953332776415434,-0.01855561491301373,0.6584884988007746,-0.585890027625456,3.5410628019323673,1656,0,33.527730131503716,555.8986877561996
70.0,0.0,1,4.0,0.0,False,2020-01-01 00:00:00,2021-12-31 00:00:00,17490,10000.0,7669.469272274425,-23.30530727725575,-12.4444204981787,-24.452914946421622,-1.4654043445903169,-1.154548212420921,-0.5089135804645566,1268,45.662460567823345,0.9147425538764992,-0.028713663400163836,0.6203323531044734,-0.5741384000564554,3.7586750788643535,1268,0,27.249857061177817,555.8986877561996
70.0,0.0,12,1.5,3.0,True,2020-01-01 00:00:00,2021-12-31 00:00:00,17490,10000.0,4521.196920276916,-54.788030797230846,-32.80591482635899,-57.00820507709261,-1.474354554134051,-1.4135047787607762,-0.5754595287116182,1168,36.044520547945204,0.8472260359854081,-0.4036779530164019,1.5471641200397006,-1.503148518955651,9.349315068493151,724,444,62.43567753001715,555.8986877561996
60.0,60.0,1,2.5,3.0,False,2020-01-01 00:00:00,2021-12-31 00:00:00,17490,10000.0,7322.732333155823,-26.772676668441775,-14.449900477081357,-28.532634890935437,-1.4772548319169967,-1.1721300247991464,-0.5064341422485297,1346,45.46805349182764,0.905714203092178,-0.039126807542044464,0.6938001466999731,-0.6502321154386586,3.5898959881129273,1346,0,27.627215551743852,555.8986877561996
50.0,0.0,12,1.5,3.0,True,2020-01-01 00:00:00,2021-12-31 00:00:00,17490,10000.0,4056.238503937354,-59.43761496062646,-36.360661688016414,-61.85968671056921,-1.4781803051121858,-1.4482580566619445,-0.5877925288910962,1341,36.017897091722595,0.8299980975587425,-0.38261163508814805,1.597568010551991,-1.497328148892562,9.149142431021625,804,537,70.14865637507147,555.8986877561996
50.0,80.0,4,1.5,3.0,False,2020-01-01 00:00:00,2021-12-31 00:00:00,17490,10000.0,6371.851749468687,-36.281482505313136,-20.206968860290196,-37.25062687012514,-1.4788719943376176,-1.2490008752152375,-0.5424598337832567,1373,45.22942461762564,0.8867796940996276,-0.11336963081489546,1.1185262389154458,-1.1306666189831693,5.286962855061908,1373,0,41.503716409376786,555.8986877561996
50.0,0.0,12,4.0,3.0,True,2020-01-01 00:00:00,2021-12-31 00:00:00,17490,10000.0,3924.242885295113,-60.75757114704887,-37.40645747517565,-65.68053615772236,-1.4855784272288444,-1.4101185199148294,-0.5695211955235783,1086,43.462246777163905,0.8030951027564246,-0.43378663311039634,1.4493191078831047,-1.8813858346558894,12.077348066298342,620,466,74.99142367066895,555.8986877561996
60.0,0.0,1,4.0,3.0,False,2020-01-01 00:00:00,2021-12-31 00:00:00,17490,10000.0,7618.445407651131,-23.815545923488692,-12.73665336074431,-25.51139725504975,-1.4899788884917904,-1.198482302691763,-0.4992534604596463,1325,45.509433962264154,0.9198490976646844,-0.02507571392747326,0.6329419989323134,-0.5746389838089848,3.718490566037736,1325,0,28.170383076043453,555.8986877561996
70.0,60.0,1,2.5,3.0,False,2020-01-01 00:00:00,2021-12-31 00:00:00,17490,10000.0,7312.640240173213,-26.873597598267875,-14.508973929716939,-28.77391876354537,-1.4915216540968281,-1.151985540186559,-0.5042404563989678,1301,45.42659492697925,0.8959417329945701,-0.03954810286380347,0.6887633706111707,-0.6457904702211412,3.539584934665642,1301,0,26.329331046312177,555.8986877561996
60.0,95.0,4,4.0,0.0,True,2020-01-01 00:00:00,2021-12-31 00:00:00,17490,10000.0,5174.374915826921,-48.25625084173078,-28.107507374845575,-53.5608728702534,-1.491895158861854,-1.5685917741008464,-0.5247768729037257,1570,45.4140127388535,0.8793374802187737,-0.17582033994322777,1.3045389324982473,-1.4074377976454115,6.674522292993631,914,656,59.914236706689536,555.8986877561996
50.0,0.0,1,2.5,0.0,False,2020-01-01 00:00:00,2021-12-31 00:00:00,17490,10000.0,7553.687055029894,-24.46312944970106,-13.108959209612792,-27.562135989327775,-1.5034486168398569,-1.3361896682708567,-0.4756147787199316,1646,45.565006075334146,0.9467334250525249,-0.021114814426002267,0.655373621183073,-0.587371875482706,3.574726609963548,1646,0,33.642081189251,555.8986877561996
70.0,95.0,4,4.0,0.0,True,2020-01-01 00:00:00,2021-12-31 00:00:00,17490,10000.0,5171.857678212663,-48.281423217873375,-28.125026680757127,-53.247708343993224,-1.506018580090825,-1.560297287559649,-0.5281922463040583,1525,45.18032786885246,0.8716233533354021,-0.18296618635179845,1.3003675879000485,-1.405474524222041,6.6681967213114755,891,634,58.141795311606636,555.8986877561996
50.0,95.0,12,1.5,0.0,True,2020-01-01 00:00:00,2021-12-31 00:00:00,17490,10000.0,3720.176558823027,-62.79823441176973,-39.05845264565918,-65.3071741111642,-1.5125092602051415,-1.5049254069020546,-0.5980729250231358,1310,35.19083969465649,0.8322653031174965,-0.4247721689601787,1.7364488235389315,-1.5982973486328407,9.48473282442748,787,523,71.04059462550029,555.8986877561996
50.0,60.0,12,1.5,3.0,True,2020-01-01 00:00:00,2021-12-31 00:00:00,17490,10000.0,3955.704190958795,-60.44295809041205,-37.15561658606479,-62.814212103210565,-1.5146307693796213,-1.4859974553483335,-0.5915160811858005,1341,35.57046979865772,0.8268529682686717,-0.3879142891089968,1.635866579887117,-1.5052099772006013,9.149142431021625,804,537,70.14865637507147,555.8986877561996
70.0,80.0,4,4.0,0.0,True,2020-01-01 00:00:00,2021-12-31 00:00:00,17490,10000.0,5495.210058122022,-45.04789941877978,-25.908369686684495,-49.00151420362733,-1.5174522979666587,-1.5405180226881623,-0.5287258997552903,1615,43.28173374613003,0.8857500408393996,-0.13961452060186583,1.1935690853996006,-1.156967512517832,5.942414860681114,953,662,54.871355060034304,555.8986877561996
60.0,80.0,4,4.0,0.0,True,2020-01-01 00:00:00,2021-12-31 00:00:00,17490,10000.0,5464.703351338237,-45.35296648661763,-26.11466884077163,-49.68416284247148,-1.5176297850895437,-1.563012118842749,-0.5256135425602471,1661,43.16676700782661,0.8916985678597661,-0.13493022577915822,1.2107772576961215,-1.1570406766814632,5.959662853702588,976,685,56.5980560320183,555.8986877561996
70.0,60.0,12,1.5,0.0,True,2020-01-01 00:00:00,2021-12-31 00:00:00,17490,10000.0,4299.215129163315,-57.00784870836685,-34.479052191841376,-59.226731462477474,-1.5177250410019036,-1.4497435659578626,-0.5821535536480728,1164,35.738831615120276,0.8417017538199262,-0.42708191214211527,1.5758142268735376,-1.5409920643219437,9.420962199312715,720,444,62.698684962835905,555.8986877561996
50.0,60.0,12,4.0,3.0,True,2020-01-01 00:00:00,2021-12-31 00:00:00,17490,10000.0,3819.330896032732,-61.80669103967268,-38.25025882906379,-66.63573829122211,-1.5243607996299535,-1.449460524011737,-0.5740201851129257,1086,43.18600368324125,0.7992845101384157,-0.439156393884062,1.4773113085588927,-1.895920336259663,12.077348066298342,620,466,74.99142367066895,555.8986877561996
70.0,60.0,1,2.5,0.0,False,2020-01-01 00:00:00,2021-12-31 00:00:00,17490,10000.0,7240.875957039258,-27.59124042960742,-14.930220704843112,-29.470718986556633,-1.5282933965262921,-1.1681071028710188,-0.5066120277436625,1295,45.32818532818533,0.8883049353780849,-0.042406784422675745,0.685936188556134,-0.6462730628669714,3.576833976833977,1295,0,26.483704974271014,555.8986877561996
60.0,60.0,1,2.5,0.0,False,2020-01-01 00:00:00,2021-12-31 00:00:00,17490,10000.0,7214.954991986649,-27.850450080133516,-15.082885250572609,-29.584474104991422,-1.5420126434060641,-1.2106048297059642,-0.5098243489826936,1341,45.339299030574196,0.895175710803896,-0.04294675657065889,0.6898651838378497,-0.6507907671687124,3.61744966442953,1341,0,27.735849056603772,555.8986877561996
70.0,60.0,12,1.5,3.0,True,2020-01-01 00:00:00,2021-12-31 00:00:00,17490,10000.0,4344.853035131878,-56.55146964868123,-34.131608063840424,-58.57075188191301,-1.5430815938682398,-1.4822672799358716,-0.582741504371578,1168,35.61643835616438,0.8406160698302317,-0.41514382069618727,1.5805917918162606,-1.5191677765541374,9.349315068493151,724,444,62.43567753001715,555.8986877561996
70.0,0.0,1,4.0,3.0,False,2020-01-01 00:00:00,2021-12-31 00:00:00,17490,10000.0,7554.1961954801445,-24.45803804519856,-13.106025881770012,-25.983610628441987,-1.5451352853898799,-1.2071030803376284,-0.5043958697342852,1283,45.51831644583009,0.905719147847244,-0.02720687403990588,0.6260088046914036,-0.5729550233662074,3.6554949337490257,1283,0,26.815323041738136,555.8986877561996
80.0,80.0,4,1.5,3.0,True,2020-01-01 00:00:00,2021-12-31 00:00:00,17490,10000.0,5818.843043135315,-41.811569568646846,-23.75407500588298,-43.35810693604354,-1.5519876795743646,-1.2240615416282885,-0.5478577522058798,1082,42.42144177449168,0.8569358963906606,-0.13186932663385187,1.2205097619285665,-1.128244931208732,5.179297597042514,667,415,32.04116638078902,555.8986877561996
50.0,80.0,12,1.5,3.0,True,2020-01-01 00:00:00,2021-12-31 00:00:00,17490,10000.0,3831.1652814523395,-61.6883471854766,-38.154501415488106,-64.05016948731954,-1.5617324854784438,-1.53488763184912,-0.5956971186944606,1341,35.421327367636096,0.8199740104710855,-0.3950427854964613,1.6599454949705474,-1.5222014843669338,9.149142431021625,804,537,70.14865637507147,555.8986877561996
50.0,80.0,12,4.0,3.0,True,2020-01-01 00:00:00,2021-12-31 00:00:00,17490,10000.0,3704.699210797257,-62.95300789202742,-39.18557221355188,-67.563042275095,-1.565863892505508,-1.4914403316692204,-0.5799853128874928,1086,43.554327808471456,0.7939974601794816,-0.44824942097159487,1.4857646606175277,-1.9405637123119779,12.077348066298342,620,466,74.99142367066895,555.8986877561996
50.0,0.0,1,4.0,0.0,False,2020-01-01 00:00:00,2021-12-31 00:00:00,17490,10000.0,7481.780854070288,-25.182191459297123,-13.524230714357177,-27.245847564285686,-1.5678946690188555,-1.3816152031706004,-0.49637768406533134,1604,45.44887780548628,0.9360436249771598,-0.025696596078613777,0.6466327271136617,-0.5858429693439497,3.7655860349127184,1604,0,34.53401943967982,555.8986877561996
50.0,0.0,1,4.0,3.0,False,2020-01-01 00:00:00,2021-12-31 00:00:00,17490,10000.0,7456.003138057746,-25.439968619422547,-13.673586518160551,-27.606256465696354,-1.5740562214482825,-1.3754976070308043,-0.49530752331999106,1627,45.60540872771973,0.9374982757447805,-0.02359234453148192,0.6492833927549647,-0.5877435276575197,3.668100799016595,1627,0,34.122355631789596,555.8986877561996
70.0,80.0,12,1.5,0.0,True,2020-01-01 00:00:00,2021-12-31 00:00:00,17490,10000.0,4146.244088335105,-58.53755911664895,-35.6572644848378,-60.60142972352974,-1.5795748897164965,-1.5131966522600409,-0.5883898226083129,1164,35.65292096219931,0.8323100174539931,-0.4390793343416107,1.591153683717585,-1.563974798286292,9.420962199312715,720,444,62.698684962835905,555.8986877561996
80.0,80.0,4,1.5,0.0,True,2020-01-01 00:00:00,2021-12-31 00:00:00,17490,10000.0,5740.404211293898,-42.59595788706102,-24.2706030743718,-44.12164771077962,-1.5816174487618782,-1.233998093883799,-0.5500837872934221,1082,42.42144177449168,0.8522380928654795,-0.13385084099392655,1.2204332375559388,-1.1316299614664598,5.179297597042514,667,415,32.04116638078902,555.8986877561996
70.0,80.0,12,1.5,3.0,True,2020-01-01 00:00:00,2021-12-31 00:00:00,17490,10000.0,4235.452478759149,-57.645475212408506,-34.96757875493325,-59.53579421982462,-1.5855256152207553,-1.528030946586855,-0.5873370669386235,1168,35.53082191780822,0.8337567116590058,-0.42529035026892964,1.594910634902227,-1.5386813314721568,9.349315068493151,724,444,62.43567753001715,555.8986877561996
50.0,0.0,12,1.5,0.0,True,2020-01-01 00:00:00,2021-12-31 00:00:00,17490,10000.0,3749.2198254154664,-62.507801745845335,-38.82062300843525,-64.72605650931558,-1.602412459816313,-1.5366697338087814,-0.5997680857144149,1330,36.015037593984964,0.8200732870949119,-0.3977404702989528,1.5978457449818928,-1.5209905256685474,9.278195488721805,796,534,70.55460263007433,555.8986877561996
70.0,95.0,1,4.0,0.0,True,2020-01-01 00:00:00,2021-12-31 00:00:00,17490,10000.0,5636.878996679585,-43.63121003320415,-24.957751445785924,-45.20581169491824,-1.6165255483336818,-1.5641327840893233,-0.5520916561396799,2078,44.4177093358999,0.8886986194714152,-0.058705219157042354,1.0111196624961598,-0.9136388691708134,3.9807507218479308,1234,844,47.295597484276726,555.8986877561996
50.0,95.0,4,2.5,0.0,True,2020-01-01 00:00:00,2021-12-31 00:00:00,17490,10000.0,4673.871064385296,-53.26128935614703,-31.678865768777264,-56.3336365167595,-1.622412430753381,-1.6507326240958167,-0.562343703115148,1952,45.59426229508197,0.8739282881280103,-0.15050025006965806,1.245550138220023,-1.3204483155854925,5.899077868852459,1108,844,65.83762149799885,555.8986877561996
70.0,95.0,4,2.5,0.0,True,2020-01-01 00:00:00,2021-12-31 00:00:00,17490,10000.0,5051.907390055414,-49.48092609944587,-28.964839858144586,-53.83555070151538,-1.6225435387867062,-1.6736415340785298,-0.538024399875402,1577,44.32466708941027,0.8642245762873705,-0.16860533147520657,1.3075193934371208,-1.3437889108757952,6.303107165504121,931,646,56.83247570040023,555.8986877561996
60.0,0.0,1,2.5,3.0,False,2020-01-01 00:00:00,2021-12-31 00:00:00,17490,10000.0,7390.2048747631425,-26.097951252368578,-14.055993689906177,-27.79562851551657,-1.6342487800922398,-1.2895733647481,-0.5056908024965002,1346,45.393759286775634,0.9023054747069975,-0.0332684288500743,0.6319124957973387,-0.5862283539651346,3.5898959881129273,1346,0,27.627215551743852,555.8986877561996
60.0,95.0,1,4.0,0.0,True,2020-01-01 00:00:00,2021-12-31 00:00:00,17490,10000.0,5569.2306255065805,-44.3076937449342,-25.41017522181186,-45.79942786064956,-1.6402239983931515,-1.6256098532173713,-0.5548142500628058,2148,44.45996275605214,0.8932717908426219,-0.05659475806605891,1.0120653846157996,-0.9120603374970522,4.016759776536313,1273,875,49.33104631217839,555.8986877561996
60.0,95.0,4,2.5,0.0,True,2020-01-01 00:00:00,2021-12-31 00:00:00,17490,10000.0,4982.562842691629,-50.17437157308371,-29.454889507619797,-54.75685650121898,-1.641483822333837,-1.7219690167994552,-0.5379214839873813,1625,44.55384615384615,0.8684510042778367,-0.16362680614526284,1.3126694435688468,-1.3499070334405072,6.32123076923077,958,667,58.730703259005146,555.8986877561996
80.0,60.0,1,4.0,0.0,True,2020-01-01 00:00:00,2021-12-31 00:00:00,17490,10000.0,6767.989741214464,-32.32010258785536,-17.759746087214744,-36.17084819362493,-1.645079867397441,-1.2333528141035448,-0.4909961190886555,1240,42.66129032258065,0.8578196574664033,-0.041650851802778915,0.7482344145841247,-0.6293432651905032,3.7298387096774195,756,484,26.443682104059462,555.8986877561996
70.0,0.0,1,2.5,3.0,False,2020-01-01 00:00:00,2021-12-31 00:00:00,17490,10000.0,7383.437718480963,-26.16562281519037,-14.095419343608329,-27.930127810541762,-1.6475314159704961,-1.2639253775759947,-0.5046671980601624,1301,45.503458877786315,0.89240167055754,-0.033619983253714514,0.6250399518847444,-0.5835870941168565,3.539584934665642,1301,0,26.329331046312177,555.8986877561996
50.0,60.0,12,1.5,0.0,True,2020-01-01 00:00:00,2021-12-31 00:00:00,17490,10000.0,3597.790599312009,-64.02209400687991,-40.07097900387908,-66.14389166738628,-1.6636796203554813,-1.5965496618072226,-0.6058152611488533,1330,35.714285714285715,0.8148223270526443,-0.40659834865598227,1.626846845453895,-1.5362901231614694,9.278195488721805,796,534,70.55460263007433,555.8986877561996
70.0,0.0,1,2.5,0.0,False,2020-01-01 00:00:00,2021-12-31 00:00:00,17490,10000.0,7342.1943789325705,-26.578056210674294,-14.33609520928828,-28.331807508230078,-1.6745763158883673,-1.281502158623765,-0.5060070807386292,1295,45.48262548262548,0.8870904996768035,-0.03585207130170789,0.6226682064858033,-0.5852408016371812,3.576833976833977,1295,0,26.483704974271014,555.8986877561996
60.0,0.0,1,2.5,0.0,False,2020-01-01 00:00:00,2021-12-31 00:00:00,17490,10000.0,7327.98146602733,-26.720185339726697,-14.419191061746329,-28.313364861734424,-1.679229103260568,-1.321155441300993,-0.5092715448044078,1341,45.339299030574196,0.8954393430569463,-0.035699536837331784,0.6305429183688662,-0.5883262936795806,3.61744966442953,1341,0,27.735849056603772,555.8986877561996
70.0,95.0,1,4.0,3.0,True,2020-01-01 00:00:00,2021-12-31 00:00:00,17490,10000.0,5523.540772425893,-44.764592275741066,-25.71729684754793,-46.16250233774942,-1.6794837748428622,-1.6313548430614642,-0.5571036132180727,2093,44.147157190635454,0.8827066619093165,-0.06105014068092847,1.0108977919746536,-0.9083383269715682,3.9049211657907312,1247,846,46.729559748427675,555.8986877561996
80.0,60.0,1,2.5,0.0,True,2020-01-01 00:00:00,2021-12-31 00:00:00,17490,10000.0,6700.441242374412,-32.99558757625588,-18.17188212312769,-36.12408574059324,-1.6864284967555598,-1.256532691882782,-0.503040609902762,1250,42.48,0.8553399186708256,-0.04334729558116,0.749053119865261,-0.6285553909943027,3.6256,765,485,25.91194968553459,555.8986877561996
60.0,95.0,1,4.0,3.0,True,2020-01-01 00:00:00,2021-12-31 00:00:00,17490,10000.0,5471.288000248996,-45.28711999751004,-26.07009213082858,-46.6937029314358,-1.6933587042264528,-1.6853774650470816,-0.55832136871024,2163,44.24410540915395,0.8885070774365471,-0.05869818885845593,1.0127802478862151,-0.9089509782155458,3.9459084604715673,1286,877,48.79931389365352,555.8986877561996
70.0,60.0,4,4.0,0.0,True,2020-01-01 00:00:00,2021-12-31 00:00:00,17490,10000.0,5272.461698578657,-47.27538301421343,-27.42813127136168,-50.30357057304593,-1.6960982080028288,-1.6896463093345806,-0.5452521751221064,1615,43.21981424148607,0.8682478462740334,-0.14522784316598736,1.1230133961780755,-1.11058486068197,5.942414860681114,953,662,54.871355060034304,555.8986877561996
50.0,95.0,4,4.0,0.0,True,2020-01-01 00:00:00,2021-12-31 00:00:00,17490,10000.0,4455.3188616255,-55.446811383745,-33.29809114712317,-57.698227155603085,-1.7038134041330344,-1.7237609339142386,-0.5771076996408128,1889,45.89730015881419,0.8616342741626648,-0.17194624300698938,1.2469024222198348,-1.3756074883608607,6.1789306511381685,1068,821,66.73527730131504,555.8986877561996
50.0,80.0,12,1.5,0.0,True,2020-01-01 00:00:00,2021-12-31 00:00:00,17490,10000.0,3492.461183485633,-65.07538816514366,-40.95624512544775,-67.1764863584863,-1.7063026432555664,-1.640768724951695,-0.6096812641686166,1330,35.56390977443609,0.8083463791902239,-0.41388226877329987,1.6506968255910697,-1.5533757479265633,9.278195488721805,796,534,70.55460263007433,555.8986877561996
50.0,95.0,12,1.5,3.0,True,2020-01-01 00:00:00,2021-12-31 00:00:00,17490,10000.0,3409.863657433614,-65.90136342566386,-41.65981970095736,-68.28929999752359,-1.7111293483368155,-1.7052145853647533,-0.610049007713772,1324,34.96978851963746,0.8111101836316698,-0.42389663512576675,1.7204364685438949,-1.5770049127088719,9.340634441087614,796,528,70.70897655803316,555.8986877561996
50.0,95.0,12,4.0,3.0,True,2020-01-01 00:00:00,2021-12-31 00:00:00,17490,10000.0,3306.0897446356657,-66.93910255364335,-42.55594787408321,-70.45059686008528,-1.7190987185220306,-1.6629341251129894,-0.6040537592406665,1068,42.97752808988764,0.7842195103868489,-0.46957033409458987,1.6086537665637033,-2.0359165774478845,12.399812734082397,615,453,75.7175528873642,555.8986877561996
60.0,60.0,4,4.0,0.0,True,2020-01-01 00:00:00,2021-12-31 00:00:00,17490,10000.0,5193.245127513167,-48.067548724868324,-27.97631095516572,-51.57462401791237,-1.7214984116868284,-1.7396212897960108,-0.5424433330904995,1661,43.10656231186032,0.8732641616050879,-0.14203836241344067,1.1397369045582308,-1.113203538235363,5.959662853702588,976,685,56.5980560320183,555.8986877561996
80.0,60.0,1,2.5,3.0,True,2020-01-01 00:00:00,2021-12-31 00:00:00,17490,10000.0,6641.370334099844,-33.58629665900157,-18.53399654233102,-36.68640505152471,-1.738460595062071,-1.3038730109027923,-0.5052006735547052,1251,42.44604316546763,0.8508939439292575,-0.047039841804576175,0.7417679807875003,-0.6287856109662325,3.5963229416466826,766,485,25.72327044025157,555.8986877561996
70.0,95.0,4,2.5,3.0,True,2020-01-01 00:00:00,2021-12-31 00:00:00,17490,10000.0,4810.035545959766,-51.89964454040235,-30.689099262824215,-55.96955988786259,-1.7470198444037293,-1.799745920364022,-0.5483176806162339,1585,43.91167192429022,0.8529346211533942,-0.1785343578164402,1.3110009701716956,-1.3446947495821797,6.240378548895899,938,647,56.55231560891938,555.8986877561996
80.0,60.0,1,4.0,3.0,True,2020-01-01 00:00:00,2021-12-31 00:00:00,17490,10000.0,6609.447821663022,-33.90552178336977,-18.730356076340815,-37.609224422987566,-1.7529064717451208,-1.3098662551865,-0.498025587171971,1244,42.52411575562701,0.8458547842658493,-0.04740548351426174,0.7409286601365788,-0.6306624932922963,3.665594855305466,760,484,26.07204116638079,555.8986877561996
50.0,95.0,4,2.5,3.0,True,2020-01-01 00:00:00,2021-12-31 00:00:00,17490,10000.0,4368.55610674044,-56.3144389325956,-33.95187383175019,-58.98586415274827,-1.7560963697714498,-1.7582203564066663,-0.5755933954587712,1963,45.44065206316862,0.8588193165700849,-0.1589536147573484,1.2462294616339973,-1.329283497242017,5.8553234844625575,1117,846,65.7175528873642,555.8986877561996
70.0,80.0,4,2.5,0.0,True,2020-01-01 00:00:00,2021-12-31 00:00:00,17490,10000.0,5051.292496185306,-49.48707503814694,-28.96917043386349,-52.964277699569195,-1.756127578817883,-1.7592962442368645,-0.5469567733593226,1660,42.71084337349398,0.8612380043137151,-0.1419697244642805,1.1965749380675996,-1.1398962920090787,5.678313253012048,989,671,53.893653516295025,555.8986877561996
70.0,95.0,4,4.0,3.0,True,2020-01-01 00:00:00,2021-12-31 00:00:00,17490,10000.0,4646.568447079322,-53.53431552920678,-31.879050735087134,-56.91218106413295,-1.7750392375526793,-1.833841832459167,-0.5601445971498334,1548,44.12144702842377,0.8435882644519048,-0.19725761731010996,1.3130758659264323,-1.3898099514726052,6.476744186046512,910,638,57.32418524871355,555.8986877561996
80.0,0.0,1,1.5,0.0,False,2020-01-01 00:00:00,2021-12-31 00:00:00,17490,10000.0,7506.789832407048,-24.93210167592952,-13.37957424867926,-27.325310768129196,-1.7861218482058474,-0.890856193306247,-0.4896403324453492,793,46.658259773013874,0.8327580896263712,-0.04131623295165121,0.6146177222613595,-0.6150646098519207,3.0756620428751575,793,0,13.945111492281304,555.8986877561996
80.0,0.0,1,1.5,3.0,False,2020-01-01 00:00:00,2021-12-31 00:00:00,17490,10000.0,7490.780483848762,-25.092195161512375,-13.472147464629991,-27.48030037850233,-1.7991610033547618,-0.8970678390229537,-0.49024746014673,793,46.658259773013874,0.8304837733617932,-0.042422214276405065,0.6122473352599276,-0.6150646098519207,3.073139974779319,793,0,13.933676386506574,555.8986877561996
60.0,95.0,4,4.0,3.0,True,2020-01-01 00:00:00,2021-12-31 00:00:00,17490,10000.0,4548.880695567807,-54.51119304432193,-32.60015760548903,-58.06293784451586,-1.8062232529856117,-1.8852015315945325,-0.5614624201894078,1591,44.311753614079194,0.8452524636656764,-0.19305667151297987,1.3186711845903225,-1.395955247757707,6.485229415461974,933,658,58.9937106918239,555.8986877561996
60.0,80.0,4,2.5,0.0,True,2020-01-01 00:00:00,2021-12-31 00:00:00,17490,10000.0,4918.082310450878,-50.819176895491225,-29.913629460346357,-54.52948215403133,-1.8101815248214361,-1.8438148501019613,-0.5485771784123731,1711,42.548217416715374,0.8628034550989107,-0.14069229960590202,1.2127736388317203,-1.1430556802596037,5.69959088252484,1017,694,55.75757575757576,555.8986877561996
80.0,60.0,4,1.5,3.0,True,2020-01-01 00:00:00,2021-12-31 00:00:00,17490,10000.0,5454.13867168948,-45.4586132831052,-26.186245587433167,-46.5251492921899,-1.812365232376796,-1.3965077795857372,-0.5628406568451143,1082,42.05175600739371,0.8247076905261979,-0.1476170298477719,1.1456343434297362,-1.0861008812692492,5.179297597042514,667,415,32.04116638078902,555.8986877561996
60.0,95.0,4,2.5,3.0,True,2020-01-01 00:00:00,2021-12-31 00:00:00,17490,10000.0,4620.3993100250045,-53.79600689974995,-32.071476744565906,-57.972654560114854,-1.8251340646423255,-1.9027337675307918,-0.553217322682875,1632,43.995098039215684,0.8504676689770797,-0.17725749761592158,1.3185236076068467,-1.352280291434245,6.262254901960785,965,667,58.43339050886221,555.8986877561996
80.0,95.0,1,1.5,0.0,True,2020-01-01 00:00:00,2021-12-31 00:00:00,17490,10000.0,5733.900453281785,-42.66099546718215,-24.313588729237523,-44.26592745777944,-1.8338056412778323,-1.3856593682201968,-0.5492619295603298,1227,42.54278728606357,0.8311872543492509,-0.08321871351031389,1.0850289841524072,-0.948219136460584,3.9079054604726977,765,462,27.415666094911376,555.8986877561996
60.0,80.0,4,4.0,3.0,True,2020-01-01 00:00:00,2021-12-31 00:00:00,17490,10000.0,4841.077920070092,-51.589220799299085,-30.46542054093534,-54.16411504118046,-1.8344182041641255,-1.8652907084581414,-0.5624650290653281,1679,42.52531268612269,0.8564245374049,-0.14962654466852277,1.2227515494533652,-1.1650441189721785,5.832638475282907,992,687,55.99199542595769,555.8986877561996
70.0,80.0,4,4.0,3.0,True,2020-01-01 00:00:00,2021-12-31 00:00:00,17490,10000.0,4868.766993008476,-51.31233006991525,-30.266507680284207,-53.59656226633858,-1.8371362592316727,-1.8396525091572107,-0.5647098694479729,1634,42.53365973072216,0.8506972806520003,-0.15423983118094178,1.2083560636306525,-1.16276394927898,5.813953488372093,970,664,54.316752429959976,555.8986877561996
80.0,60.0,4,1.5,0.0,True,2020-01-01 00:00:00,2021-12-31 00:00:00,17490,10000.0,5384.028158051616,-46.159718419483845,-26.663015235849198,-47.2125445851063,-1.838950754531402,-1.4019062081154778,-0.5647442956137622,1082,42.05175600739371,0.8201129411923166,-0.14945007146227113,1.1455283741022426,-1.0891872209548608,5.179297597042514,667,415,32.04116638078902,555.8986877561996
80.0,0.0,4,1.5,3.0,True,2020-01-01 00:00:00,2021-12-31 00:00:00,17490,10000.0,5510.831850767748,-44.89168149232252,-25.80294987829501,-45.828465226050064,-1.840226853100965,-1.409570538204352,-0.5630332534816802,1082,42.606284658040664,0.8235364034721216,-0.1360224653878824,1.101545356340466,-1.054732233208766,5.179297597042514,667,415,32.04116638078902,555.8986877561996
80.0,95.0,1,1.5,3.0,True,2020-01-01 00:00:00,2021-12-31 00:00:00,17490,10000.0,5721.050213510673,-42.78949786489328,-24.398592150072407,-44.39083304367573,-1.8416911096245125,-1.3914821280204108,-0.5496313197381734,1227,42.54278728606357,0.8298210697115186,-0.08451119669137966,1.081148476207671,-0.9475953800294,3.9038304808475957,765,462,27.38707833047456,555.8986877561996
50.0,95.0,4,4.0,3.0,True,2020-01-01 00:00:00,2021-12-31 00:00:00,17490,10000.0,4140.233258662814,-58.597667413371866,-35.70400038254373,-60.74134829101057,-1.841806087356338,-1.835402857172314,-0.5878038829741907,1917,45.69640062597809,0.8474551106428061,-0.17768173640870552,1.247791246808812,-1.377215197790593,6.042775169535733,1086,831,66.23213264722699,555.8986877561996
70.0,0.0,4,4.0,0.0,True,2020-01-01 00:00:00,2021-12-31 00:00:00,17490,10000.0,5091.287815427924,-49.08712184572076,-28.688037207526406,-51.714031326317,-1.8429856250076664,-1.8140113202329413,-0.5547437798168177,1615,43.09597523219814,0.8529737327915891,-0.14479676766018382,1.0716686340507895,-1.0660806845163726,5.942414860681114,953,662,54.871355060034304,555.8986877561996
80.0,0.0,4,1.5,0.0,True,2020-01-01 00:00:00,2021-12-31 00:00:00,17490,10000.0,5480.110448771472,-45.198895512285276,-26.010407934585466,-46.13045692922897,-1.8557732028248597,-1.4191496983340406,-0.5638445761438983,1082,42.606284658040664,0.8211492254403004,-0.13705812524149533,1.099748881506873,-1.0552031012656462,5.179297597042514,667,415,32.04116638078902,555.8986877561996
60.0,0.0,4,4.0,0.0,True,2020-01-01 00:00:00,2021-12-31 00:00:00,17490,10000.0,5015.9596357572145,-49.84040364242786,-29.21845627373123,-52.89204930664202,-1.8682351918961138,-1.8645521319610934,-0.5524167933886817,1661,42.986152919927754,0.8590710769298414,-0.14129235105201113,1.089070131248415,-1.0689362923006958,5.959662853702588,976,685,56.5980560320183,555.8986877561996
70.0,60.0,4,2.5,0.0,True,2020-01-01 00:00:00,2021-12-31 00:00:00,17490,10000.0,4946.25654551209,-50.53743454487909,-29.71281979239937,-53.24640299280933,-1.8780974667251555,-1.8478352044857935,-0.5580249204140971,1660,42.95180722891566,0.8483501641948346,-0.1445123731201414,1.1216893837786723,-1.0978406230344542,5.678313253012048,989,671,53.893653516295025,555.8986877561996
70.0,95.0,1,2.5,0.0,True,2020-01-01 00:00:00,2021-12-31 00:00:00,17490,10000.0,5220.722125638693,-47.79277874361307,-27.785700031073645,-49.114050784694584,-1.8795692700133801,-1.8002228279837587,-0.5657383088371222,2108,44.022770398481974,0.8647320011692826,-0.06295891753846386,1.0126149747583895,-0.9088339785990398,3.8415559772296017,1259,849,46.300743281875356,555.8986877561996
70.0,80.0,4,2.5,3.0,True,2020-01-01 00:00:00,2021-12-31 00:00:00,17490,10000.0,4795.540340733633,-52.04459659266367,-30.79379257047261,-54.882874736121465,-1.8910903654555455,-1.880755612189585,-0.5610819899382112,1666,42.37695078031212,0.8473228329214039,-0.1505296470554066,1.2022517470844458,-1.145387630662423,5.631452581032413,995,671,53.642081189251,555.8986877561996
60.0,95.0,1,2.5,0.0,True,2020-01-01 00:00:00,2021-12-31 00:00:00,17490,10000.0,5173.166022375036,-48.26833977624963,-28.115920421463116,-49.765434984726795,-1.892282052121303,-1.8585366030803223,-0.5649688469535532,2183,44.20522217132387,0.871408293494057,-0.06068871034125849,1.0106814479774644,-0.9095164630322007,3.8717361429225834,1302,881,48.32475700400229,555.8986877561996
50.0,80.0,4,4.0,0.0,True,2020-01-01 00:00:00,2021-12-31 00:00:00,17490,10000.0,4318.224053102713,-56.81775946897287,-34.33411348489695,-58.301299658621296,-1.9250090301318008,-1.8834748814870192,-0.5889082007766151,1982,44.09687184661958,0.8506802919789755,-0.14889737590377297,1.149537532369929,-1.1731140815276135,5.632694248234107,1116,866,63.83076043453402,555.8986877561996
50.0,80.0,4,2.5,0.0,True,2020-01-01 00:00:00,2021-12-31 00:00:00,17490,10000.0,4315.503635633202,-56.84496364366798,-34.35483649267329,-59.020183378972256,-1.9287229891835178,-1.9024591794438976,-0.5820862377210649,2045,43.71638141809291,0.8512910600252491,-0.14065536530686193,1.1507329621572322,-1.143697211312857,5.390220048899756,1159,886,63.02458547741566,555.8986877561996
60.0,95.0,1,2.5,3.0,True,2020-01-01 00:00:00,2021-12-31 00:00:00,17490,10000.0,5100.148925998217,-48.99851074001783,-28.625900437463734,-50.474475069522654,-1.9388349623572543,-1.9106475474494535,-0.5671361692822942,2190,44.06392694063927,0.8683678933531863,-0.06366808957257113,1.0102039862796492,-0.9096162962643204,3.8447488584474887,1308,882,48.141795311606636,555.8986877561996
70.0,95.0,1,2.5,3.0,True,2020-01-01 00:00:00,2021-12-31 00:00:00,17490,10000.0,5123.963127782453,-48.76036872217547,-28.4591746031837,-50.0571527795042,-1.9419047251660866,-1.8660193575440311,-0.5685336265237253,2116,43.85633270321361,0.8600776742317174,-0.06661489834336505,1.011266207840494,-0.9085960991334501,3.80765595463138,1266,850,46.066323613493424,555.8986877561996
60.0,80.0,4,2.5,3.0,True,2020-01-01 00:00:00,2021-12-31 00:00:00,17490,10000.0,4664.711462947003,-53.35288537052997,-31.745959474797246,-56.4249932064748,-1.945333281808363,-1.9685120562815899,-0.5626223003453438,1716,42.24941724941725,0.8491634588451344,-0.14941252850523612,1.2180847454705188,-1.1498520074481446,5.661421911421911,1022,694,55.54602630074328,555.8986877561996
60.0,60.0,4,2.5,0.0,True,2020-01-01 00:00:00,2021-12-31 00:00:00,17490,10000.0,4786.2633169138035,-52.137366830861964,-30.860879868160485,-55.21894541319238,-1.9499512300483628,-1.9504314619273468,-0.5588820944919296,1711,42.78199883109293,0.8492825549148755,-0.1440619294843473,1.137591400697868,-1.1023563500087414,5.69959088252484,1017,694,55.75757575757576,555.8986877561996
50.0,60.0,4,4.0,0.0,True,2020-01-01 00:00:00,2021-12-31 00:00:00,17490,10000.0,4360.240112315823,-56.39759887684177,-34.01487629694838,-58.76171261531633,-1.9693659994914785,-1.9286674782847346,-0.578861213927287,1982,43.84460141271443,0.8501732247338677,-0.1492645815899522,1.0995982742863153,-1.1243425885589335,5.632694248234107,1116,866,63.83076043453402,555.8986877561996
50.0,60.0,4,2.5,0.0,True,2020-01-01 00:00:00,2021-12-31 00:00:00,17490,10000.0,4320.528084346694,-56.794719156533056,-34.31656743012235,-59.42807337834272,-1.9799399040663814,-1.944672281180565,-0.5774470797942489,2045,43.618581907090466,0.8477713062116924,-0.14287333887919204,1.09869194631567,-1.103390454572008,5.390220048899756,1159,886,63.02458547741566,555.8986877561996
70.0,0.0,4,2.5,0.0,True,2020-01-01 00:00:00,2021-12-31 00:00:00,17490,10000.0,4835.79616731361,-51.642038326863904,-30.503428051589232,-54.21984436342605,-1.9883886367153676,-1.9341104014250008,-0.5625878939660937,1660,43.01204819277108,0.8378977454929298,-0.1420548892764849,1.0689696211297866,-1.0560839594985547,5.678313253012048,989,671,53.893653516295025,555.8986877561996
70.0,60.0,4,4.0,3.0,True,2020-01-01 00:00:00,2021-12-31 00:00:00,17490,10000.0,4719.050482932513,-52.80949517067488,-31.348884462685756,-54.305226414906315,-1.9942327008047478,-1.9603770508146707,-0.5772719594827204,1634,42.65605875152999,0.8346830372048818,-0.15811906412631832,1.1316817520549103,-1.1175546765898363,5.813953488372093,970,664,54.316752429959976,555.8986877561996
70.0,60.0,4,2.5,3.0,True,2020-01-01 00:00:00,2021-12-31 00:00:00,17490,10000.0,4729.393201321084,-52.706067986789165,-31.273565450637232,-54.78745113696116,-1.994553480164986,-1.9503945954277881,-0.5708162143272112,1666,42.67707082833133,0.8355545714646956,-0.1522463732856902,1.125186800685261,-1.1032987153729639,5.631452581032413,995,671,53.642081189251,555.8986877561996
50.0,0.0,4,4.0,0.0,True,2020-01-01 00:00:00,2021-12-31 00:00:00,17490,10000.0,4371.730791331079,-56.28269208668921,-33.92783802416426,-58.37994493035763,-2.0074152914996763,-1.9484951203058851,-0.5811557044912824,1982,43.491422805247225,0.8445022743667607,-0.14216737449032693,1.068683638787577,-1.0740902079238563,5.632694248234107,1116,866,63.83076043453402,555.8986877561996
60.0,60.0,4,4.0,3.0,True,2020-01-01 00:00:00,2021-12-31 00:00:00,17490,10000.0,4656.044109542611,-53.43955890457388,-31.80950806402949,-55.31775005360444,-2.011669658293627,-2.008031068180094,-0.5750325715200851,1679,42.58487194758785,0.8400245418586247,-0.15464704512385413,1.1479063177209066,-1.1207524957815347,5.832638475282907,992,687,55.99199542595769,555.8986877561996
50.0,0.0,4,2.5,0.0,True,2020-01-01 00:00:00,2021-12-31 00:00:00,17490,10000.0,4312.650219361239,-56.87349780638762,-34.37657963764147,-59.435272793776626,-2.026032005124539,-1.9710766560367228,-0.5783868403686537,2045,43.422982885085574,0.8425793087717616,-0.1381371870387673,1.0628734908176702,-1.0599154773901214,5.390220048899756,1159,886,63.02458547741566,555.8986877561996
60.0,0.0,4,2.5,0.0,True,2020-01-01 00:00:00,2021-12-31 00:00:00,17490,10000.0,4705.833622711222,-52.94166377288778,-31.445253928977646,-55.82915489193964,-2.046243276251692,-2.0230528644010577,-0.5632407295048912,1711,42.840444184687314,0.8409710645838122,-0.14049548905066986,1.0861049608821784,-1.0598187301557598,5.69959088252484,1017,694,55.75757575757576,555.8986877561996
60.0,60.0,4,2.5,3.0,True,2020-01-01 00:00:00,2021-12-31 00:00:00,17490,10000.0,4569.777576260824,-54.30222423739175,-32.44525702897909,-56.75778131431826,-2.0680116032409708,-2.057305488680234,-0.571644209439775,1716,42.48251748251748,0.836602945399763,-0.1521009355520785,1.142301008891506,-1.108148572329559,5.661421911421911,1022,694,55.54602630074328,555.8986877561996
70.0,95.0,4,1.5,0.0,True,2020-01-01 00:00:00,2021-12-31 00:00:00,17490,10000.0,4508.066278214452,-54.91933721785548,-32.903727022079806,-55.40690539478439,-2.0760952851818524,-2.1326116744788868,-0.5938560687992716,1704,41.07981220657277,0.8394658267199574,-0.1694538697099696,1.3207278886385023,-1.2084252151720516,5.404342723004695,1031,673,52.65294453973699,555.8986877561996
50.0,80.0,4,2.5,3.0,True,2020-01-01 00:00:00,2021-12-31 00:00:00,17490,10000.0,4004.343541771224,-59.956564582287754,-36.76976694604338,-61.76280406869515,-2.0767941202675098,-2.009288127161241,-0.5953383674929417,2052,43.61598440545809,0.8336408310392699,-0.14848677278220168,1.152734848114647,-1.1550497379530573,5.3620857699805065,1167,885,62.910234419668384,555.8986877561996
60.0,80.0,1,1.5,0.0,False,2020-01-01 00:00:00,2021-12-31 00:00:00,17490,10000.0,6588.359195908919,-34.116408040910805,-18.860334719408044,-35.94211020284439,-2.0779575564404906,-1.506380533689934,-0.5247419979786127,1438,45.20166898470097,0.8663706418319451,-0.05631540508405366,0.7255515332524879,-0.7012564075190182,3.06884561891516,1438,0,25.23156089193825,555.8986877561996
60.0,80.0,1,1.5,3.0,False,2020-01-01 00:00:00,2021-12-31 00:00:00,17490,10000.0,6577.8525453483835,-34.22147454651616,-18.925169415590005,-36.04426520741097,-2.0842852565726773,-1.5100268979477223,-0.5250535503134309,1439,45.239749826268245,0.8652695096462377,-0.05679110022054268,0.7229404151430445,-0.7009601566947752,3.0660180681028493,1439,0,25.225843339050886,555.8986877561996
70.0,0.0,4,2.5,3.0,True,2020-01-01 00:00:00,2021-12-31 00:00:00,17490,10000.0,4656.404958395598,-53.43595041604401,-31.80686116141166,-55.4880341456367,-2.0867280154634553,-2.016973226324434,-0.5732201843361356,1666,42.79711884753902,0.826640818173493,-0.14806255783580224,1.0714059425852174,-1.0604246153386219,5.631452581032413,995,671,53.642081189251,555.8986877561996
70.0,95.0,4,1.5,3.0,True,2020-01-01 00:00:00,2021-12-31 00:00:00,17490,10000.0,4481.783151882267,-55.18216848117733,-33.099942261396954,-55.66689401667222,-2.0953586904013757,-2.160838246438046,-0.5946073127680437,1707,41.00761570005858,0.8382221582269089,-0.17108059445210455,1.3194602850182937,-1.2072063299330171,5.392501464557704,1033,674,52.63007432818753,555.8986877561996
60.0,95.0,4,1.5,0.0,True,2020-01-01 00:00:00,2021-12-31 00:00:00,17490,10000.0,4435.289435451239,-55.647105645487606,-33.44845047205636,-56.12680267093852,-2.0990776775008206,-2.188808890318902,-0.5959443417462899,1758,41.18316268486917,0.8413937274740119,-0.16714820580124315,1.3212345623472634,-1.2093040318549364,5.396473265073948,1065,693,54.24242424242424,555.8986877561996
50.0,60.0,4,2.5,3.0,True,2020-01-01 00:00:00,2021-12-31 00:00:00,17490,10000.0,4053.062157955308,-59.469378420446915,-36.38562655009437,-61.72737535884688,-2.10175259306338,-2.025676033296063,-0.5894568874598929,2052,43.421052631578945,0.8317442809695624,-0.1496149881327037,1.1026604874911103,-1.110663608960282,5.3620857699805065,1167,885,62.910234419668384,555.8986877561996
50.0,80.0,4,4.0,3.0,True,2020-01-01 00:00:00,2021-12-31 00:00:00,17490,10000.0,3917.814296745862,-60.82185703254138,-37.45783595441864,-62.167835122915264,-2.1145408367852347,-2.03553830189189,-0.6025275913236934,2008,43.72509960159363,0.8279498397306556,-0.157026817797462,1.1571812932597894,-1.1781548899286713,5.52988047808765,1135,873,63.487707261292165,555.8986877561996
70.0,0.0,4,4.0,3.0,True,2020-01-01 00:00:00,2021-12-31 00:00:00,17490,10000.0,4598.900824009877,-54.01099175990123,-32.22996607823353,-55.27413452952386,-2.119488325118766,-2.0588750462897303,-0.5830930932264234,1634,42.71725826193391,0.8217760307428993,-0.15501305339905536,1.0776317265126791,-1.0742289255981907,5.813953488372093,970,664,54.316752429959976,555.8986877561996
70.0,80.0,1,1.5,0.0,False,2020-01-01 00:00:00,2021-12-31 00:00:00,17490,10000.0,6553.408272085507,-34.46591727914493,-19.07621105428302,-36.40075632475547,-2.1249195709494577,-1.4981734855702213,-0.524060843244338,1388,45.028818443804035,0.8526085061362777,-0.05843955018060624,0.7174022660375615,-0.6939587312243215,3.0525936599423633,1388,0,24.22527158376215,555.8986877561996
80.0,0.0,1,4.0,0.0,True,2020-01-01 00:00:00,2021-12-31 00:00:00,17490,10000.0,6476.517849327691,-35.234821506723094,-19.55316105907312,-36.84155112744914,-2.1257663154158455,-1.576341161532554,-0.5307366400353555,1240,42.74193548387097,0.8199950425165047,-0.04759717084581047,0.6560082785017399,-0.5728237738798975,3.7298387096774195,756,484,26.443682104059462,555.8986877561996
70.0,80.0,1,1.5,3.0,False,2020-01-01 00:00:00,2021-12-31 00:00:00,17490,10000.0,6542.957358793209,-34.57042641206791,-19.140873254355164,-36.502179912835075,-2.131249072050943,-1.501725402151701,-0.5243761687675195,1389,45.06839452843772,0.8514488341151216,-0.058930839709987914,0.714699888047094,-0.6936527736233998,3.0496760259179267,1389,0,24.219554030874786,555.8986877561996
60.0,0.0,4,4.0,3.0,True,2020-01-01 00:00:00,2021-12-31 00:00:00,17490,10000.0,4532.713131970639,-54.67286868029362,-32.72024542306079,-56.28508528789011,-2.140987032723349,-2.111078271101108,-0.5813306536838567,1679,42.64443120905301,0.8276076844176988,-0.15175015374372236,1.0936888204271598,-1.0777463173017199,5.832638475282907,992,687,55.99199542595769,555.8986877561996
80.0,0.0,1,2.5,0.0,True,2020-01-01 00:00:00,2021-12-31 00:00:00,17490,10000.0,6435.116388499085,-35.64883611500915,-19.811144551189397,-37.182497474926535,-2.1458822369505817,-1.5797082432557812,-0.5328083344737332,1250,42.4,0.8197250880190842,-0.04846160758835308,0.6587126569647992,-0.569020441217757,3.6256,765,485,25.91194968553459,555.8986877561996
50.0,80.0,1,1.5,3.0,False,2020-01-01 00:00:00,2021-12-31 00:00:00,17490,10000.0,6399.784200470116,-36.002157995298845,-20.031964737042664,-36.820982486568575,-2.149022254641875,-1.7320708961548188,-0.5440366710570488,1786,45.96864501679731,0.8862310852286444,-0.04895888040117003,0.7385383863676677,-0.7189436016625335,3.0235162374020157,1786,0,30.874785591766724,555.8986877561996
60.0,0.0,4,2.5,3.0,True,2020-01-01 00:00:00,2021-12-31 00:00:00,17490,10000.0,4521.17395244052,-54.7882604755948,-32.806085793463154,-57.14839321390042,-2.1494525254451364,-2.113434983679016,-0.5740508866220163,1716,42.5990675990676,0.829325459271715,-0.1472121902084343,1.0884642593156113,-1.064247199956736,5.661421911421911,1022,694,55.54602630074328,555.8986877561996
50.0,60.0,4,4.0,3.0,True,2020-01-01 00:00:00,2021-12-31 00:00:00,17490,10000.0,3955.7123134515327,-60.44287686548467,-37.15555195429205,-62.072907091304764,-2.1526379999216823,-2.0633453133211765,-0.5985792142719998,2008,43.42629482071713,0.8257221999722463,-0.15779884992556337,1.106616249190401,-1.1283710034723249,5.52988047808765,1135,873,63.487707261292165,555.8986877561996
50.0,0.0,4,2.5,3.0,True,2020-01-01 00:00:00,2021-12-31 00:00:00,17490,10000.0,4038.9194392564496,-59.6108056074355,-36.4969016240577,-61.77799212665076,-2.153093570800251,-2.0552208890181065,-0.5907751347637777,2052,43.27485380116959,0.8255392878264703,-0.14495777686770064,1.064844619900565,-1.0678998115156557,5.3620857699805065,1167,885,62.910234419668384,555.8986877561996
60.0,80.0,1,4.0,0.0,True,2020-01-01 00:00:00,2021-12-31 00:00:00,17490,10000.0,5357.5695768585665,-46.42430423141434,-26.843745217890834,-48.21980151054903,-2.177035943420789,-2.041913280974254,-0.5566954731661066,2345,43.624733475479744,0.8649436889863826,-0.049096456173867285,0.7824108128964117,-0.6925396757343025,3.2891257995735605,1381,964,44.099485420240136,555.8986877561996
80.0,80.0,1,1.5,0.0,True,2020-01-01 00:00:00,2021-12-31 00:00:00,17490,10000.0,5914.830907453071,-40.8516909254693,-23.12669075018401,-43.23638235202789,-2.1923760986869656,-1.4962407882809305,-0.5348895881687779,1288,42.391304347826086,0.8129950978631894,-0.06600665348048572,0.8034001662767144,-0.7057588416037085,3.1684782608695654,799,489,23.333333333333332,555.8986877561996
60.0,95.0,4,1.5,3.0,True,2020-01-01 00:00:00,2021-12-31 00:00:00,17490,10000.0,4258.598324966007,-57.41401675033993,-34.789821896571816,-57.8746038165972,-2.2055834994617363,-2.2943684828177107,-0.6011241477664307,1761,40.94264622373651,0.8308686785678034,-0.17392868422844018,1.3211683850021696,-1.2104334793392766,5.377058489494606,1068,693,54.13950829045169,555.8986877561996
80.0,80.0,1,1.5,3.0,True,2020-01-01 00:00:00,2021-12-31 00:00:00,17490,10000.0,5889.775328667751,-41.10224671332249,-23.28996280029597,-43.47683644384761,-2.2095219984589933,-1.5069856955578909,-0.5356866944626033,1288,42.391304347826086,0.810273531948991,-0.06743662208719804,0.7996101229560849,-0.7054521514586704,3.1669254658385095,799,489,23.321898227558606,555.8986877561996
80.0,0.0,1,2.5,3.0,True,2020-01-01 00:00:00,2021-12-31 00:00:00,17490,10000.0,6360.3198919980705,-36.396801080019294,-20.279330626272575,-37.9123472624303,-2.211190726717677,-1.6274027131842368,-0.534900424020135,1251,42.28617106314948,0.813465173076928,-0.052325004123996564,0.6534415417380502,-0.5694309636267982,3.5963229416466826,766,485,25.72327044025157,555.8986877561996
50.0,0.0,4,4.0,3.0,True,2020-01-01 00:00:00,2021-12-31 00:00:00,17490,10000.0,3913.4705704570088,-60.865294295429905,-37.49257565139628,-62.31198211819529,-2.2244219608936513,-2.111801686551545,-0.6016912699114466,2008,43.177290836653384,0.8166521236068172,-0.15289636857476266,1.0720441125309998,-1.083679363420246,5.52988047808765,1135,873,63.487707261292165,555.8986877561996
50.0,80.0,1,1.5,0.0,False,2020-01-01 00:00:00,2021-12-31 00:00:00,17490,10000.0,6311.529681655258,-36.88470318344742,-20.586213610862004,-37.692235893743444,-2.2244494557020857,-1.7895678679853353,-0.546165891269908,1784,45.85201793721973,0.8800982950492504,-0.05005208204569212,0.7393855442796291,-0.7185406724536765,3.0280269058295963,1784,0,30.886220697541454,555.8986877561996
80.0,0.0,1,4.0,3.0,True,2020-01-01 00:00:00,2021-12-31 00:00:00,17490,10000.0,6325.939794522865,-36.74060205477135,-20.495453357115846,-38.281680526586406,-2.246352913957865,-1.6575934857952388,-0.535385413471644,1244,42.443729903536976,0.8079561067267146,-0.052722820978086,0.6519109457657036,-0.5723410176830035,3.665594855305466,760,484,26.07204116638079,555.8986877561996
60.0,80.0,1,2.5,0.0,True,2020-01-01 00:00:00,2021-12-31 00:00:00,17490,10000.0,5226.9110650866105,-47.730889349133896,-27.742835830733938,-49.383433070059645,-2.26886368895107,-2.1361864769751615,-0.5617842686508961,2377,43.37400084139672,0.8590260892636311,-0.050681496375053696,0.7893273783996199,-0.6941058276474819,3.184265881363063,1409,968,43.27615780445969,555.8986877561996
70.0,80.0,1,4.0,0.0,True,2020-01-01 00:00:00,2021-12-31 00:00:00,17490,10000.0,5254.364134339716,-47.45635865660284,-27.55300233542164,-49.303890761299016,-2.268902950586061,-2.0704695796362285,-0.5588403249718643,2268,43.65079365079365,0.8492769016776963,-0.054021545966325135,0.7730273787016742,-0.6946932481739301,3.24647266313933,1336,932,42.098341909662665,555.8986877561996
60.0,80.0,1,4.0,3.0,True,2020-01-01 00:00:00,2021-12-31 00:00:00,17490,10000.0,5187.018881930657,-48.12981118069343,-28.019573004530262,-50.179358129692744,-2.291597971272505,-2.147973001947167,-0.5583884300016619,2359,43.323442136498514,0.8548600337202347,-0.05246495994039978,0.7892203972305308,-0.6958474842700118,3.242051716829165,1395,964,43.727844482561466,555.8986877561996
60.0,80.0,1,2.5,3.0,True,2020-01-01 00:00:00,2021-12-31 00:00:00,17490,10000.0,5164.112928670319,-48.35887071329681,-28.17895479133803,-49.911905075944475,-2.3168360385231934,-2.1897708188542255,-0.5645738175784267,2382,43.28295549958018,0.8564681884631025,-0.0531741514147488,0.789359821864579,-0.6961441931993431,3.1691855583543243,1414,968,43.16180674671241,555.8986877561996
60.0,80.0,4,1.5,0.0,True,2020-01-01 00:00:00,2021-12-31 00:00:00,17490,10000.0,4334.575228127699,-56.654247718723006,-34.20969409405623,-56.97090440580625,-2.3189510508854823,-2.357989153613156,-0.6004765845102104,1836,41.12200435729847,0.8297392398287332,-0.1454177763436674,1.1910741192678542,-1.0788603121315479,4.906318082788671,1117,719,51.503716409376786,555.8986877561996
70.0,80.0,1,2.5,0.0,True,2020-01-01 00:00:00,2021-12-31 00:00:00,17490,10000.0,5179.914842167386,-48.200851578326144,-28.068965934777033,-49.92409957073652,-2.3240349242248906,-2.1273835636199614,-0.562232792902086,2295,43.39869281045752,0.8456897276054937,-0.05398853833364667,0.7805501185912872,-0.6938657533430648,3.14640522875817,1360,935,41.286449399656945,555.8986877561996
50.0,60.0,1,1.5,3.0,False,2020-01-01 00:00:00,2021-12-31 00:00:00,17490,10000.0,6434.5962546185265,-35.65403745381474,-19.814390904697245,-36.07498257642493,-2.3253958772324026,-1.8494816448576896,-0.5492557304142951,1786,45.63269876819709,0.879408845205961,-0.04329667089025998,0.6835199930875683,-0.6533436133639262,3.0235162374020157,1786,0,30.874785591766724,555.8986877561996
70.0,80.0,4,1.5,3.0,True,2020-01-01 00:00:00,2021-12-31 00:00:00,17490,10000.0,4293.904833581743,-57.06095166418257,-34.51959911702106,-57.30035597719192,-2.3731677060120364,-2.3682273298581986,-0.6024325421426944,1780,41.01123595505618,0.8198448778101884,-0.1502074797515792,1.18061200326581,-1.0754438822303356,4.905056179775281,1082,698,49.919954259576905,555.8986877561996
70.0,80.0,4,1.5,0.0,True,2020-01-01 00:00:00,2021-12-31 00:00:00,17490,10000.0,4279.438273593366,-57.20561726406635,-34.63018612622816,-57.44421500194423,-2.3802358652626334,-2.3712559317718003,-0.60284897487164,1780,41.06741573033708,0.8188075855536286,-0.15043135648693307,1.1793526616196286,-1.077096863861477,4.906179775280899,1082,698,49.93138936535163,555.8986877561996
60.0,80.0,4,1.5,3.0,True,2020-01-01 00:00:00,2021-12-31 00:00:00,17490,10000.0,4229.863424000531,-57.701365759994694,-35.01057453861265,-58.010372864074235,-2.383012371279368,-2.411752165275952,-0.6035226600016333,1837,40.93630919978225,0.822928387620375,-0.14878731706846923,1.1933742059190773,-1.079022768945552,4.901469787697333,1118,719,51.48084619782733,555.8986877561996
50.0,60.0,1,1.5,0.0,False,2020-01-01 00:00:00,2021-12-31 00:00:00,17490,10000.0,6366.988583521203,-36.33011416478797,-20.23747697947148,-36.7466364583234,-2.3859994180696336,-1.8952312926454853,-0.550730051236772,1784,45.57174887892376,0.8740478366866637,-0.04474532757406426,0.6822356520792956,-0.6534328007544778,3.0280269058295963,1784,0,30.886220697541454,555.8986877561996
70.0,80.0,1,2.5,3.0,True,2020-01-01 00:00:00,2021-12-31 00:00:00,17490,10000.0,5093.494957242642,-49.065050427573574,-28.672555020948586,-50.681116573290616,-2.3931659491324426,-2.1986973076233807,-0.5657443434476199,2301,43.285528031290745,0.841288915031105,-0.05713590387384953,0.7798276291878264,-0.6959218647393125,3.125597566275532,1366,935,41.120640365923386,555.8986877561996
60.0,60.0,1,1.5,3.0,False,2020-01-01 00:00:00,2021-12-31 00:00:00,17490,10000.0,6399.245021582472,-36.00754978417528,-20.03533922127373,-37.22926852279104,-2.405145763098812,-1.6941161477537197,-0.5381609689432518,1439,45.03127171646977,0.8371114652763934,-0.05631055247100051,0.6659999000033429,-0.6480389636004247,3.0660180681028493,1439,0,25.225843339050886,555.8986877561996
60.0,60.0,1,1.5,0.0,False,2020-01-01 00:00:00,2021-12-31 00:00:00,17490,10000.0,6394.969323390698,-36.05030676609302,-20.062103967919032,-37.2712092051948,-2.4098889898482416,-1.697304106056066,-0.5382734930189174,1438,44.99304589707928,0.836626274916785,-0.05653675281103549,0.6666445082544717,-0.6480642824057045,3.06884561891516,1438,0,25.23156089193825,555.8986877561996
70.0,80.0,1,4.0,3.0,True,2020-01-01 00:00:00,2021-12-31 00:00:00,17490,10000.0,5054.444565248332,-49.45555434751668,-28.946973817724153,-51.53552645241526,-2.411198557239403,-2.1976163447267667,-0.5616896888489538,2282,43.29535495179667,0.8365787747244742,-0.058313728422007924,0.778957355956822,-0.6975902596169724,3.1945661700262926,1350,932,41.680960548885075,555.8986877561996
50.0,95.0,4,1.5,0.0,True,2020-01-01 00:00:00,2021-12-31 00:00:00,17490,10000.0,3418.8688245336916,-65.81131175466308,-41.58270256954609,-66.4673886831157,-2.415824050551237,-2.323293950062849,-0.6256105948105208,2129,42.696101456082665,0.8033833707664995,-0.17935909577449158,1.2262958342862125,-1.226687236286934,5.019257867543447,1236,893,61.097770154373926,555.8986877561996
50.0,95.0,4,1.5,3.0,True,2020-01-01 00:00:00,2021-12-31 00:00:00,17490,10000.0,3445.4377962356148,-65.54562203764385,-41.35576405827152,-66.20679752068894,-2.417348593002276,-2.3490453099344397,-0.6246452872961915,2131,42.70295635851713,0.8057503319976465,-0.17909846233466523,1.2243938337056215,-1.2251082816603498,5.008916001877053,1238,893,61.02915951972556,555.8986877561996
50.0,95.0,1,4.0,0.0,True,2020-01-01 00:00:00,2021-12-31 00:00:00,17490,10000.0,4048.809077848488,-59.511909221515126,-36.41906942700712,-60.256704043205914,-2.436461373081115,-2.4754368710165977,-0.6043986309123965,3007,44.363152643831064,0.8539268304575081,-0.07507635030578455,0.9027580094751753,-0.8547721279195327,3.233787828400399,1707,1300,55.59748427672956,555.8986877561996
70.0,60.0,1,1.5,3.0,False,2020-01-01 00:00:00,2021-12-31 00:00:00,17490,10000.0,6353.3384424594105,-36.46661557540589,-20.323170661934032,-37.7948882603703,-2.4673002116991256,-1.6894709976802171,-0.53772273440596,1389,44.78041756659467,0.8205653668676754,-0.05893038921537122,0.6581638834016106,-0.6404592517548271,3.0496760259179267,1389,0,24.219554030874786,555.8986877561996
70.0,60.0,1,1.5,0.0,False,2020-01-01 00:00:00,2021-12-31 00:00:00,17490,10000.0,6349.093417054286,-36.50906582945714,-20.34983906932767,-37.836451020178416,-2.4721223453455337,-1.6926050034289435,-0.537836887991291,1388,44.74063400576369,0.8200616891546921,-0.05916662547309072,0.6588228616977115,-0.64048536280434,3.0525936599423633,1388,0,24.22527158376215,555.8986877561996
60.0,60.0,4,1.5,0.0,True,2020-01-01 00:00:00,2021-12-31 00:00:00,17490,10000.0,4217.654618111132,-57.82345381888868,-35.10459383998096,-58.04781997445083,-2.4869242919714343,-2.478927968343072,-0.6047530097673245,1836,41.50326797385621,0.8144242807540841,-0.14866921464007804,1.1136663776793054,-1.0442927913136073,4.906318082788671,1117,719,51.503716409376786,555.8986877561996
80.0,60.0,1,1.5,0.0,True,2020-01-01 00:00:00,2021-12-31 00:00:00,17490,10000.0,5770.119972106639,-42.29880027893361,-24.0745095813927,-44.631505589483865,-2.5216042889923247,-1.6575524492008336,-0.5394061720173108,1288,42.391304347826086,0.7808905361692162,-0.06831116461486528,0.7146174978808834,-0.6444284823004163,3.1684782608695654,799,489,23.333333333333332,555.8986877561996
80.0,60.0,1,1.5,3.0,True,2020-01-01 00:00:00,2021-12-31 00:00:00,17490,10000.0,5758.782691600311,-42.41217308399688,-24.14926437914534,-44.74029503500311,-2.530414207186349,-1.6630322101538602,-0.5397654253341841,1288,42.391304347826086,0.7795620244475944,-0.06895279987758629,0.7130779890320267,-0.6444094181318298,3.1669254658385095,799,489,23.321898227558606,555.8986877561996
50.0,95.0,1,4.0,3.0,True,2020-01-01 00:00:00,2021-12-31 00:00:00,17490,10000.0,3945.0821812214017,-60.54917818778598,-37.240194115215495,-61.14978491285428,-2.533041791773023,-2.620332391216966,-0.6089995928569037,3027,44.20218037661051,0.8512357380463162,-0.07670265097645514,0.9007201453991754,-0.8510020598281981,3.187644532540469,1723,1304,55.16866781017725,555.8986877561996
50.0,0.0,1,1.5,3.0,False,2020-01-01 00:00:00,2021-12-31 00:00:00,17490,10000.0,6527.157622843906,-34.728423771560934,-19.23872781025896,-35.50894938825502,-2.5388739583646602,-2.006448760245657,-0.5417994094925935,1787,45.43928371572468,0.876752312676549,-0.03333947034631237,0.6373132622627625,-0.5918728230422805,3.021264689423615,1787,0,30.86906803887936,555.8986877561996
70.0,60.0,4,1.5,3.0,True,2020-01-01 00:00:00,2021-12-31 00:00:00,17490,10000.0,4183.275507707764,-58.16724492292236,-35.370077671846666,-58.38978221634873,-2.5400740797060237,-2.4853078461695413,-0.6057579995895804,1780,41.40449438202247,0.8032643694087421,-0.15419025111446305,1.1025727963551737,-1.0422385406495756,4.905056179775281,1082,698,49.919954259576905,555.8986877561996
70.0,60.0,4,1.5,0.0,True,2020-01-01 00:00:00,2021-12-31 00:00:00,17490,10000.0,4171.525918878112,-58.28474081121888,-35.46106038448591,-58.50665306293039,-2.5454693978343026,-2.486363847168902,-0.6061030417573812,1780,41.46067415730337,0.8022937397061146,-0.1543396746212487,1.10146880767579,-1.0437702503748132,4.906179775280899,1082,698,49.93138936535163,555.8986877561996
60.0,60.0,4,1.5,3.0,True,2020-01-01 00:00:00,2021-12-31 00:00:00,17490,10000.0,4111.980921198516,-58.88019078801484,-35.92412536974812,-59.09893543037425,-2.555246066497767,-2.5349018552338314,-0.6078641706172714,1837,41.31736526946108,0.807166020555005,-0.15218706380592642,1.1156026702298871,-1.0448145296066524,4.901469787697333,1118,719,51.48084619782733,555.8986877561996
50.0,0.0,1,1.5,0.0,False,2020-01-01 00:00:00,2021-12-31 00:00:00,17490,10000.0,6479.013564386277,-35.20986435613723,-19.537635939555308,-35.98463284651553,-2.5880430237340426,-2.042844106857332,-0.5429438733719686,1785,45.378151260504204,0.8726107582184403,-0.03507496518534953,0.6351489880462349,-0.591876403254666,3.025770308123249,1785,0,30.88050314465409,555.8986877561996
60.0,0.0,4,1.5,0.0,True,2020-01-01 00:00:00,2021-12-31 00:00:00,17490,10000.0,4159.143219733497,-58.40856780266503,-35.55708411880646,-58.606020665693016,-2.592823773132904,-2.5562634061339096,-0.606713844668539,1836,41.50326797385621,0.8069070707466014,-0.1449924449635045,1.070503837427927,-1.007383662079213,4.906318082788671,1117,719,51.503716409376786,555.8986877561996
70.0,95.0,1,1.5,0.0,True,2020-01-01 00:00:00,2021-12-31 00:00:00,17490,10000.0,4405.008664716848,-55.949913352831516,-33.676410822053946,-56.67514376723295,-2.626692376780346,-2.4388679165271627,-0.594200712756271,2239,42.11701652523448,0.8230335945184527,-0.07766998955378634,1.0064120262989504,-0.86647349337256,3.3322912014292094,1361,878,42.658662092624354,555.8986877561996
70.0,95.0,1,1.5,3.0,True,2020-01-01 00:00:00,2021-12-31 00:00:00,17490,10000.0,4395.947689318456,-56.04052310681544,-33.74477579138545,-56.76426174323341,-2.6325973730561354,-2.44331922752235,-0.5944722040784403,2241,42.16867469879518,0.8224780528927106,-0.07803707163899155,1.0028171615971277,-0.8661599500403285,3.3235162873717092,1363,878,42.58433390508862,555.8986877561996
60.0,60.0,1,4.0,0.0,True,2020-01-01 00:00:00,2021-12-31 00:00:00,17490,10000.0,5050.2021315338225,-49.49797868466178,-28.976850303149384,-50.32060574668735,-2.6328098936997617,-2.405999091727859,-0.5758446241489642,2345,42.89978678038379,0.8313868717349232,-0.05549299872065911,0.7020813491052608,-0.624663867961044,3.2891257995735605,1381,964,44.099485420240136,555.8986877561996
50.0,95.0,1,2.5,0.0,True,2020-01-01 00:00:00,2021-12-31 00:00:00,17490,10000.0,3858.2177850143376,-61.417822149856626,-37.93616024060401,-61.80179036494528,-2.6494657982102643,-2.699616436211252,-0.6138359425606844,3047,44.14177879881851,0.8446859144929447,-0.07191467466927243,0.9047203269065562,-0.843697328676023,3.137184115523466,1739,1308,54.65408805031446,555.8986877561996
70.0,0.0,4,1.5,0.0,True,2020-01-01 00:00:00,2021-12-31 00:00:00,17490,10000.0,4111.739837666096,-58.88260162333905,-35.926006988574876,-59.077804038856094,-2.6526777140996614,-2.5638406666432036,-0.608113445871244,1780,41.57303370786517,0.7939624137036668,-0.15063973691075827,1.056419113488872,-1.0095085343104953,4.906179775280899,1082,698,49.93138936535163,555.8986877561996
70.0,0.0,4,1.5,3.0,True,2020-01-01 00:00:00,2021-12-31 00:00:00,17490,10000.0,4105.832145354583,-58.94167854645417,-35.972132812834566,-59.136600497774836,-2.657419571714739,-2.568559370380275,-0.6082888179239878,1780,41.57303370786517,0.793865343289055,-0.15096573319012074,1.056309151133183,-1.0099882470355481,4.905056179775281,1082,698,49.919954259576905,555.8986877561996
60.0,0.0,4,1.5,3.0,True,2020-01-01 00:00:00,2021-12-31 00:00:00,17490,10000.0,4036.672565190848,-59.63327434809151,-36.51459794808949,-59.82491298927168,-2.6730619575782804,-2.6184008286241856,-0.6103577276349337,1837,41.37180185084377,0.7984124963105154,-0.14903042378995954,1.0709914129515519,-1.0099557681943687,4.901469787697333,1118,719,51.48084619782733,555.8986877561996
60.0,95.0,1,1.5,0.0,True,2020-01-01 00:00:00,2021-12-31 00:00:00,17490,10000.0,4308.887734961696,-56.91112265038304,-34.40526089738829,-57.6205279377473,-2.6732275361381066,-2.5446852009070873,-0.5971007578160239,2317,42.209753992231335,0.8264802360527724,-0.0792934171450461,1.0057905651730064,-0.8718342197642062,3.3426845058264996,1406,911,44.28244711263579,555.8986877561996
70.0,60.0,1,4.0,0.0,True,2020-01-01 00:00:00,2021-12-31 00:00:00,17490,10000.0,5020.383685658661,-49.79616314341339,-29.187195138479773,-50.63246279050257,-2.6750895873583107,-2.381317045700641,-0.5764522112867594,2268,42.98941798941799,0.8195133054640186,-0.05823628232921262,0.6954007411062774,-0.6265240610218675,3.24647266313933,1336,932,42.098341909662665,555.8986877561996
60.0,95.0,1,1.5,3.0,True,2020-01-01 00:00:00,2021-12-31 00:00:00,17490,10000.0,4300.024477535296,-56.99975522464704,-34.472874583297596,-57.70770128585634,-2.6790715640808687,-2.5491825536051365,-0.5973704343643056,2319,42.25959465286761,0.8259519913551397,-0.07964675224541796,1.0023253567842612,-0.8715307454112771,3.3341957740405346,1408,911,44.20811892510006,555.8986877561996
60.0,0.0,1,1.5,3.0,False,2020-01-01 00:00:00,2021-12-31 00:00:00,17490,10000.0,6407.482987074209,-35.92517012925791,-19.983796877693315,-36.90669278988478,-2.6791104945439277,-1.8574609398360893,-0.5414681015029985,1439,45.10076441973593,0.8226094919523999,-0.05037269320430751,0.608618962395653,-0.591746850779465,3.0660180681028493,1439,0,25.225843339050886,555.8986877561996
60.0,0.0,1,1.5,0.0,False,2020-01-01 00:00:00,2021-12-31 00:00:00,17490,10000.0,6404.755720212649,-35.95244279787351,-20.000856859011527,-36.93354768536993,-2.6832218219447435,-1.8601136659049553,-0.5415363026968092,1438,45.06258692628651,0.8222271419032241,-0.050538811801789665,0.6092718233422012,-0.5917505732869873,3.06884561891516,1438,0,25.23156089193825,555.8986877561996
60.0,60.0,1,4.0,3.0,True,2020-01-01 00:00:00,2021-12-31 00:00:00,17490,10000.0,4938.390280376244,-50.61609719623756,-29.768828407747794,-51.65158863025241,-2.70888129952596,-2.466574163423376,-0.5763390671455969,2359,42.60279779567613,0.8244593116362845,-0.05628122466260302,0.7106400704887124,-0.6255248743133209,3.242051716829165,1395,964,43.727844482561466,555.8986877561996
50.0,95.0,1,2.5,3.0,True,2020-01-01 00:00:00,2021-12-31 00:00:00,17490,10000.0,3776.9325648382496,-62.23067435161751,-38.594544668810684,-62.60655309570083,-2.717734245483317,-2.7756762662767804,-0.6164617401921934,3058,44.08109875735775,0.8406384969431157,-0.07437312086375301,0.9026473586238912,-0.8445623643429018,3.118705035971223,1748,1310,54.528301886792455,555.8986877561996
60.0,60.0,1,2.5,0.0,True,2020-01-01 00:00:00,2021-12-31 00:00:00,17490,10000.0,4920.430121175009,-50.79569878824991,-29.896873727664453,-51.73868248471399,-2.7257028971205464,-2.483763208560505,-0.5778437388021501,2377,42.74295330248212,0.825435607750263,-0.05642143222223321,0.7069293310516911,-0.6262703488176093,3.184265881363063,1409,968,43.27615780445969,555.8986877561996
70.0,60.0,1,2.5,0.0,True,2020-01-01 00:00:00,2021-12-31 00:00:00,17490,10000.0,4926.405402656489,-50.735945973435115,-29.854247645370556,-51.830633817067294,-2.7408273629164492,-2.430995242248999,-0.5759961907998096,2295,42.832244008714596,0.8148749570840904,-0.05813208984712357,0.700613055333196,-0.6266126368839028,3.14640522875817,1360,935,41.286449399656945,555.8986877561996
70.0,0.0,1,1.5,3.0,False,2020-01-01 00:00:00,2021-12-31 00:00:00,17490,10000.0,6364.2247985594895,-36.35775201440511,-20.254820226676873,-37.465581887696956,-2.746829693269038,-1.8506579544241597,-0.5406247335858996,1389,44.99640028797696,0.8060946772242479,-0.052774359442263906,0.6010332067778436,-0.5876300255254671,3.0496760259179267,1389,0,24.219554030874786,555.8986877561996
70.0,0.0,1,1.5,0.0,False,2020-01-01 00:00:00,2021-12-31 00:00:00,17490,10000.0,6361.515944017409,-36.3848405598259,-20.271822424032926,-37.49219889886511,-2.751031311346069,-1.853268667904047,-0.5406944116218949,1388,44.95677233429395,0.8056987753277121,-0.052948192446166845,0.6016990211011535,-0.5876338747151825,3.0525936599423633,1388,0,24.22527158376215,555.8986877561996
60.0,60.0,1,2.5,3.0,True,2020-01-01 00:00:00,2021-12-31 00:00:00,17490,10000.0,4898.2989136195965,-51.01701086380403,-30.054977435993823,-51.916275877187324,-2.7519140388055523,-2.5208318701498222,-0.5789124302192169,2382,42.653232577665825,0.8258596611617024,-0.05743343983816523,0.7088206186958579,-0.6273559313978778,3.1691855583543243,1414,968,43.16180674671241,555.8986877561996
70.0,60.0,1,4.0,3.0,True,2020-01-01 00:00:00,2021-12-31 00:00:00,17490,10000.0,4872.771645913856,-51.27228354086144,-30.237785825715726,-52.44266196892649,-2.785213857583974,-2.4686015836821937,-0.5765875470553407,2282,42.63803680981595,0.8094844587219767,-0.060050672583781765,0.7030328207749164,-0.6272624671124397,3.1945661700262926,1350,932,41.680960548885075,555.8986877561996
70.0,60.0,1,2.5,3.0,True,2020-01-01 00:00:00,2021-12-31 00:00:00,17490,10000.0,4879.441965336806,-51.20558034663194,-30.18997163273901,-52.250629723879484,-2.7919902071417755,-2.488741284251624,-0.577791536528442,2301,42.720556279878316,0.813285796589443,-0.05980528346766522,0.7018017629509519,-0.627832390166831,3.125597566275532,1366,935,41.120640365923386,555.8986877561996
50.0,80.0,4,1.5,3.0,True,2020-01-01 00:00:00,2021-12-31 00:00:00,17490,10000.0,3085.2737965682786,-69.14726203431721,-44.51074975211308,-69.44978558132293,-2.843096494459349,-2.675310185880274,-0.6409055028685836,2214,42.05058717253839,0.7778136177799102,-0.17256219289643604,1.120017023755133,-1.1105132846365848,4.635953026196929,1286,928,58.684962835906234,555.8986877561996
50.0,80.0,4,1.5,0.0,True,2020-01-01 00:00:00,2021-12-31 00:00:00,17490,10000.0,3050.1251748238697,-69.4987482517613,-44.828274691170655,-69.79782533455555,-2.8477464228913423,-2.6551014689423407,-0.6422589024271081,2214,42.05058717253839,0.774591900805181,-0.17388346469525162,1.1189915421551406,-1.1120491945297923,4.638211382113822,1285,929,58.713550600343055,555.8986877561996
70.0,0.0,1,4.0,0.0,True,2020-01-01 00:00:00,2021-12-31 00:00:00,17490,10000.0,5211.953313014531,-47.880466869854686,-27.846475718242548,-48.186374694501424,-2.8644903067683014,-2.527016272343799,-0.5778910717975246,2268,43.342151675485006,0.8197735615362445,-0.0499739450987593,0.6307788353449492,-0.570736577920678,3.24647266313933,1336,932,42.098341909662665,555.8986877561996
50.0,80.0,1,4.0,0.0,True,2020-01-01 00:00:00,2021-12-31 00:00:00,17490,10000.0,4115.769390432033,-58.84230609567966,-35.89456419505799,-59.835538691603205,-2.879009758955442,-2.8089680896103797,-0.5998870400425611,3235,43.49304482225657,0.8463411818388222,-0.06165884860751805,0.7433915132379832,-0.6813010034853191,2.7505409582689335,1825,1410,50.874785591766724,555.8986877561996
60.0,0.0,1,4.0,0.0,True,2020-01-01 00:00:00,2021-12-31 00:00:00,17490,10000.0,5167.852038808613,-48.32147961191387,-28.152913645636346,-48.60629780652743,-2.8851551351366473,-2.610289696295135,-0.5792030028227255,2345,43.11300639658849,0.8272059161228373,-0.0494130585377883,0.637875824993793,-0.5702894162967304,3.2891257995735605,1381,964,44.099485420240136,555.8986877561996
50.0,80.0,1,2.5,0.0,True,2020-01-01 00:00:00,2021-12-31 00:00:00,17490,10000.0,4200.386663058624,-57.99613336941376,-35.23780560778267,-58.89504347816893,-2.88935235517106,-2.9099987631231774,-0.5983153000106797,3270,43.333333333333336,0.8555732842522625,-0.05664552558147293,0.7496945705608978,-0.6732585402785801,2.675229357798165,1855,1415,50.01715265866209,555.8986877561996
50.0,60.0,4,1.5,3.0,True,2020-01-01 00:00:00,2021-12-31 00:00:00,17490,10000.0,3088.1130161164842,-69.11886983883515,-44.485179870908475,-69.34825119790852,-2.911200385956253,-2.722030565487358,-0.64147515045412,2214,42.00542005420054,0.7713624203669943,-0.174650460862849,1.070771387629233,-1.0767083417800112,4.635953026196929,1286,928,58.684962835906234,555.8986877561996
50.0,60.0,4,1.5,0.0,True,2020-01-01 00:00:00,2021-12-31 00:00:00,17490,10000.0,3056.3496801757365,-69.43650319824263,-44.77191131199726,-69.66352521453007,-2.912075607181895,-2.6974418921296626,-0.6426879945297249,2214,42.05058717253839,0.7682318090569076,-0.175753458192368,1.068683170641391,-1.0787702169174107,4.638211382113822,1285,929,58.713550600343055,555.8986877561996
50.0,80.0,1,2.5,3.0,True,2020-01-01 00:00:00,2021-12-31 00:00:00,17490,10000.0,4131.365031953472,-58.68634968046529,-35.773015236788375,-59.574442312036894,-2.9542071539715926,-2.9868058365178,-0.6004758726807337,3279,43.27538883806039,0.8520199386984547,-0.05843240621421897,0.7489409612133892,-0.6743801526549587,2.6642268984446478,1863,1416,49.94854202401372,555.8986877561996
70.0,0.0,1,2.5,0.0,True,2020-01-01 00:00:00,2021-12-31 00:00:00,17490,10000.0,5078.548668947862,-49.21451331052138,-28.777462593894988,-49.602115404009886,-2.9549266384656283,-2.586997433295067,-0.5801660344423252,2295,43.26797385620915,0.8128831298170975,-0.05145493039214215,0.6315579094694659,-0.5723702529594055,3.14640522875817,1360,935,41.286449399656945,555.8986877561996
50.0,80.0,1,4.0,3.0,True,2020-01-01 00:00:00,2021-12-31 00:00:00,17490,10000.0,4050.9298276339696,-59.49070172366031,-36.40239132796115,-60.78000331867371,-2.9723809888944492,-2.952564817892731,-0.5989205222168371,3253,43.3753458346142,0.8451219689032974,-0.06223176200596044,0.7454231048002102,-0.6809076670350086,2.719335997540732,1841,1412,50.57747284162379,555.8986877561996
60.0,0.0,1,4.0,3.0,True,2020-01-01 00:00:00,2021-12-31 00:00:00,17490,10000.0,5044.1183823730735,-49.55881617626926,-29.01971575359382,-49.836814981245794,-2.977816186908201,-2.6797676881735524,-0.5822947506680413,2359,42.899533700720646,0.8192050986318468,-0.05038099498722311,0.6414484254342776,-0.5701518735815503,3.242051716829165,1395,964,43.727844482561466,555.8986877561996
70.0,0.0,1,4.0,3.0,True,2020-01-01 00:00:00,2021-12-31 00:00:00,17490,10000.0,5060.663057741385,-49.39336942258614,-28.903203946886624,-49.69039749139059,-2.9840609328330485,-2.616362523619166,-0.5816657826473298,2282,43.076248904469765,0.8094905431564514,-0.0515340715321921,0.6345245874464923,-0.5706993230918895,3.1945661700262926,1350,932,41.680960548885075,555.8986877561996
60.0,0.0,1,2.5,0.0,True,2020-01-01 00:00:00,2021-12-31 00:00:00,17490,10000.0,5016.396397483887,-49.836036025161135,-29.215369424410053,-50.20096746058118,-2.9910307760129404,-2.6877241141224757,-0.5819682548419123,2377,43.0374421539756,0.8199691769263835,-0.05127388521394622,0.638546802775195,-0.5724604168335117,3.184265881363063,1409,968,43.27615780445969,555.8986877561996
70.0,0.0,1,2.5,3.0,True,2020-01-01 00:00:00,2021-12-31 00:00:00,17490,10000.0,5040.308442858045,-49.59691557141955,-29.046573324562143,-49.98159911619388,-2.992318627248168,-2.6216709395668367,-0.5811453382481143,2301,43.11169056931769,0.8115519498326079,-0.05241680191366858,0.6335043183453258,-0.5722286822016154,3.125597566275532,1366,935,41.120640365923386,555.8986877561996
50.0,0.0,4,1.5,0.0,True,2020-01-01 00:00:00,2021-12-31 00:00:00,17490,10000.0,3011.187721674453,-69.88812278325547,-45.18216695429164,-70.10810341319892,-3.0059880849895206,-2.759466069342879,-0.6444642595450015,2214,42.00542005420054,0.7595189521184272,-0.17319325808522418,1.0341185629907905,-1.0476480817617768,4.638211382113822,1285,929,58.713550600343055,555.8986877561996
60.0,0.0,1,2.5,3.0,True,2020-01-01 00:00:00,2021-12-31 00:00:00,17490,10000.0,4992.7856145324085,-50.07214385467591,-29.38243341845347,-50.43535765930465,-3.0131670862037203,-2.7106482056684844,-0.5825760891185592,2382,42.90512174643157,0.8196419676630612,-0.05205698384202854,0.6399145795158451,-0.5720532616006659,3.1691855583543243,1414,968,43.16180674671241,555.8986877561996
50.0,0.0,4,1.5,3.0,True,2020-01-01 00:00:00,2021-12-31 00:00:00,17490,10000.0,3029.827415868721,-69.7017258413128,-45.01247246834412,-69.92306818366005,-3.0147788759528247,-2.791248423593166,-0.6437428110293199,2214,41.96025293586269,0.7618399046156091,-0.17246142978532403,1.0363654083783678,-1.0463914941075574,4.635953026196929,1286,928,58.684962835906234,555.8986877561996
80.0,0.0,1,1.5,0.0,True,2020-01-01 00:00:00,2021-12-31 00:00:00,17490,10000.0,5431.223229737313,-45.68776770262687,-26.341738199905773,-46.7503514810665,-3.1491551646898723,-2.0031152344945364,-0.5634554044064023,1288,42.46894409937888,0.7354363203709228,-0.0756589439745659,0.6300996119499865,-0.5966440048257537,3.1684782608695654,799,489,23.333333333333332,555.8986877561996
60.0,80.0,1,1.5,0.0,True,2020-01-01 00:00:00,2021-12-31 00:00:00,17490,10000.0,4365.376685311496,-56.34623314688505,-33.975954242037275,-57.329570244481665,-3.1582778694756537,-2.779218306436436,-0.5926427513261828,2487,42.70205066344994,0.8084158936337331,-0.06466084422768409,0.7739597853515637,-0.6896539029035867,2.7969441093687175,1497,990,39.77129788450543,555.8986877561996
80.0,0.0,1,1.5,3.0,True,2020-01-01 00:00:00,2021-12-31 00:00:00,17490,10000.0,5419.6403364201915,-45.80359663579808,-26.42045845690104,-46.863914295902106,-3.1596969547654803,-2.0094080040169433,-0.5637697758253905,1288,42.46894409937888,0.7339446804333646,-0.07633987812870396,0.6284962423146487,-0.5966440048257537,3.1669254658385095,799,489,23.321898227558606,555.8986877561996
60.0,80.0,1,1.5,3.0,True,2020-01-01 00:00:00,2021-12-31 00:00:00,17490,10000.0,4350.642136958649,-56.49357863041351,-34.08766573077321,-57.40169353359459,-3.169762948296735,-2.7882542052999804,-0.5938442514909993,2488,42.72508038585209,0.8072045301233476,-0.06520884597411344,0.771716567079941,-0.6895258383084713,2.794614147909968,1498,990,39.75414522584334,555.8986877561996
70.0,80.0,1,1.5,0.0,True,2020-01-01 00:00:00,2021-12-31 00:00:00,17490,10000.0,4316.779714888017,-56.83220285111983,-34.345115040443,-57.87656765459531,-3.2460723749352787,-2.7722155657229965,-0.5934200390979137,2401,42.64889629321116,0.7927806790723005,-0.06802494197910551,0.7625624744769656,-0.685687624950069,2.7784256559766765,1445,956,38.141795311606636,555.8986877561996
70.0,80.0,1,1.5,3.0,True,2020-01-01 00:00:00,2021-12-31 00:00:00,17490,10000.0,4302.209196918352,-56.97790803081648,-34.45620191579921,-57.947766386524926,-3.2576434899254902,-2.7810469456527684,-0.5946079385695114,2402,42.67277268942548,0.7915190982371643,-0.06859116356418658,0.7602472123190529,-0.6855550962296335,2.7760199833472106,1446,956,38.12464265294454,555.8986877561996
50.0,60.0,1,2.5,0.0,True,2020-01-01 00:00:00,2021-12-31 00:00:00,17490,10000.0,4069.584717517913,-59.30415282482087,-36.25587204705918,-59.80208706698041,-3.2993535135567478,-3.261033155156464,-0.6062643266354791,3270,42.99694189602447,0.8347674569988841,-0.05689058691989129,0.6857228009587971,-0.6170378097511338,2.675229357798165,1855,1415,50.01715265866209,555.8986877561996
50.0,60.0,1,4.0,0.0,True,2020-01-01 00:00:00,2021-12-31 00:00:00,17490,10000.0,4018.29404413857,-59.8170595586143,-36.659531697778746,-60.11941153044853,-3.312766408535655,-3.221674590783096,-0.6097786183288219,3235,43.091190108191654,0.8279214159133852,-0.06051271565262412,0.6802546092155163,-0.6214196417070444,2.7505409582689335,1825,1410,50.874785591766724,555.8986877561996
50.0,60.0,1,2.5,3.0,True,2020-01-01 00:00:00,2021-12-31 00:00:00,17490,10000.0,4016.0124847785305,-59.839875152214695,-36.67754723345959,-60.33221782038161,-3.362308743386087,-3.339869410310883,-0.6079263875671594,3279,42.90942360475755,0.8323734307468892,-0.058180243752755094,0.6861464026499371,-0.6176180597188811,2.6642268984446478,1863,1416,49.94854202401372,555.8986877561996
50.0,60.0,1,4.0,3.0,True,2020-01-01 00:00:00,2021-12-31 00:00:00,17490,10000.0,3945.713853974818,-60.54286146025182,-37.235161257823755,-61.22407797395253,-3.385584118428011,-3.3014787679824975,-0.6081783914110599,3253,42.94497387027359,0.8255358029888322,-0.0612140388987942,0.683446800558647,-0.6217157591154134,2.719335997540732,1841,1412,50.57747284162379,555.8986877561996
60.0,60.0,1,1.5,0.0,True,2020-01-01 00:00:00,2021-12-31 00:00:00,17490,10000.0,4234.503729414701,-57.65496270585299,-34.974875348850865,-58.17274408891249,-3.5898016149899212,-3.0462330225954575,-0.6012244376059431,2487,42.38037796542019,0.7813031641297515,-0.06677493685994666,0.6928671311127476,-0.6255067858782437,2.7969441093687175,1497,990,39.77129788450543,555.8986877561996
60.0,60.0,1,1.5,3.0,True,2020-01-01 00:00:00,2021-12-31 00:00:00,17490,10000.0,4233.438006764618,-57.66561993235382,-34.98307252839313,-58.18327100230394,-3.5898945993345444,-3.046367805979169,-0.6012565454941141,2488,42.40353697749196,0.7813624000233409,-0.06677672088755429,0.6921032428608722,-0.6254776013862213,2.794614147909968,1498,990,39.75414522584334,555.8986877561996
50.0,95.0,1,1.5,0.0,True,2020-01-01 00:00:00,2021-12-31 00:00:00,17490,10000.0,3047.8734768290387,-69.5212652317096,-44.848678130329425,-69.81608325185518,-3.632345083769444,-3.6484070595213476,-0.6423831879617465,3216,42.78606965174129,0.8007013034462027,-0.08693755763267554,0.8956831883014321,-0.8217669850268777,2.751865671641791,1864,1352,50.60034305317324,555.8986877561996
50.0,95.0,1,1.5,3.0,True,2020-01-01 00:00:00,2021-12-31 00:00:00,17490,10000.0,3044.0118977488023,-69.55988102251199,-44.883686800217816,-69.8543255156369,-3.6353219462967417,-3.6506478998054868,-0.642532677381168,3217,42.834939384519735,0.8002132539183096,-0.087111643403787,0.8938194444632493,-0.8221432035347148,2.7488343176872863,1865,1352,50.56032018296169,555.8986877561996
70.0,60.0,1,1.5,0.0,True,2020-01-01 00:00:00,2021-12-31 00:00:00,17490,10000.0,4205.0253361608775,-57.94974663839123,-35.201994257040425,-58.538109739949775,-3.6624674918580697,-3.0194287286321173,-0.6013517418553842,2401,42.31570179092045,0.7658690354268868,-0.06949660198916147,0.6846259612032454,-0.6227013126053964,2.7784256559766765,1445,956,38.141795311606636,555.8986877561996
70.0,60.0,1,1.5,3.0,True,2020-01-01 00:00:00,2021-12-31 00:00:00,17490,10000.0,4203.967032512751,-57.96032967487249,-35.210162805580644,-58.51347719588058,-3.66253100569704,-3.0195456285237547,-0.6017444953358452,2402,42.33971690258118,0.7659297401100575,-0.06949731680829489,0.6838416338327253,-0.6226711166652751,2.7760199833472106,1446,956,38.12464265294454,555.8986877561996
50.0,0.0,1,2.5,0.0,True,2020-01-01 00:00:00,2021-12-31 00:00:00,17490,10000.0,4066.7613524057583,-59.332386475942414,-36.27802576626292,-59.63559405350005,-3.694138834993744,-3.5882400441262017,-0.6083284042365256,3270,43.027522935779814,0.8285942829670969,-0.05435853249340097,0.6286629332266073,-0.5701992207746954,2.675229357798165,1855,1415,50.01715265866209,555.8986877561996
50.0,0.0,1,4.0,0.0,True,2020-01-01 00:00:00,2021-12-31 00:00:00,17490,10000.0,3999.822931588955,-60.001770684110454,-36.805529392603695,-60.07894828941998,-3.7268408027108255,-3.5606510605510775,-0.6126194023120944,3235,43.091190108191654,0.820099536428373,-0.05762453664569044,0.6253882920177257,-0.5747999213044641,2.7505409582689335,1825,1410,50.874785591766724,555.8986877561996
50.0,0.0,1,2.5,3.0,True,2020-01-01 00:00:00,2021-12-31 00:00:00,17490,10000.0,4010.1902485218266,-59.89809751478173,-36.72354365190616,-60.19753500025884,-3.7550719570311046,-3.6504659400838837,-0.6100506217031687,3279,42.939920707532785,0.8259421911989979,-0.055489404295268836,0.6290104050631368,-0.5706020347477729,2.6642268984446478,1863,1416,49.94854202401372,555.8986877561996
50.0,80.0,1,1.5,0.0,True,2020-01-01 00:00:00,2021-12-31 00:00:00,17490,10000.0,3485.523188998636,-65.14476811001364,-41.01502194828082,-65.30843568358313,-3.7925593621223523,-3.667175754676873,-0.6280202782225106,3415,42.8696925329429,0.8181800074717975,-0.06582073424687664,0.7409330704699801,-0.6711962186679316,2.385944363103953,1964,1451,46.58662092624357,555.8986877561996
50.0,80.0,1,1.5,3.0,True,2020-01-01 00:00:00,2021-12-31 00:00:00,17490,10000.0,3479.368491012018,-65.20631508987982,-41.06721179307106,-65.36969366107263,-3.7972763391107534,-3.6705670689586256,-0.6282301398870774,3416,42.91569086651054,0.817502730518092,-0.06599911067396946,0.7393971041488855,-0.6714918547407926,2.384953161592506,1965,1451,46.5809033733562,555.8986877561996
50.0,0.0,1,4.0,3.0,True,2020-01-01 00:00:00,2021-12-31 00:00:00,17490,10000.0,3909.637214868542,-60.90362785131458,-37.52324956167461,-61.16951450822974,-3.8248236120669445,-3.660891193504555,-0.6134305603590533,3253,43.00645557946511,0.8171907396474525,-0.0587713329305121,0.6263028921741929,-0.5757178490693915,2.719335997540732,1841,1412,50.57747284162379,555.8986877561996
60.0,0.0,1,1.5,3.0,True,2020-01-01 00:00:00,2021-12-31 00:00:00,17490,10000.0,4250.138047200339,-57.49861952799661,-34.85473959479341,-57.80608501459563,-3.9556409948897713,-3.2713863020168747,-0.6029596985506427,2488,42.88585209003215,0.7671787013027518,-0.06255745553112657,0.6227795982977034,-0.5771631110099174,2.794614147909968,1498,990,39.75414522584334,555.8986877561996
60.0,0.0,1,1.5,0.0,True,2020-01-01 00:00:00,2021-12-31 00:00:00,17490,10000.0,4250.15320131246,-57.498467986875404,-34.85462325609667,-57.80593456976034,-3.956945396451251,-3.272375365612431,-0.6029592552306897,2487,42.86288701246482,0.7670595828205506,-0.06259617780666574,0.6233406117867444,-0.5771694485361345,2.7969441093687175,1497,990,39.77129788450543,555.8986877561996
70.0,0.0,1,1.5,3.0,True,2020-01-01 00:00:00,2021-12-31 00:00:00,17490,10000.0,4261.099480080429,-57.38900519919571,-34.77064227709946,-57.71249218603485,-3.981500171431046,-3.2034458743576475,-0.602480346283039,2402,42.96419650291424,0.7547545686022347,-0.06388077983850649,0.6161797119163609,-0.576159923992538,2.7760199833472106,1446,956,38.12464265294454,555.8986877561996
70.0,0.0,1,1.5,0.0,True,2020-01-01 00:00:00,2021-12-31 00:00:00,17490,10000.0,4261.114673276181,-57.38885326723819,-34.770525788218706,-57.7123414074888,-3.98283753085431,-3.2044227150007822,-0.6024799018760111,2401,42.940441482715535,0.7546326919635731,-0.06392144023982813,0.6167533690385106,-0.5761664974412641,2.7784256559766765,1445,956,38.141795311606636,555.8986877561996
50.0,60.0,1,1.5,3.0,True,2020-01-01 00:00:00,2021-12-31 00:00:00,17490,10000.0,3452.337649450764,-65.47662350549236,-41.29697206659579,-65.50523246212674,-4.208355887218451,-3.9427370493619622,-0.6304377606853395,3416,42.68149882903981,0.80003923312843,-0.06492340043100393,0.6778193583363062,-0.617997426111667,2.384953161592506,1965,1451,46.5809033733562,555.8986877561996
50.0,60.0,1,1.5,0.0,True,2020-01-01 00:00:00,2021-12-31 00:00:00,17490,10000.0,3450.7107702787357,-65.49289229721265,-41.31082902520835,-65.52148777216577,-4.211263071500428,-3.945187967736638,-0.6304928418117763,3415,42.66471449487555,0.7998530397308589,-0.06500831272302116,0.6781341482082442,-0.6180004299737125,2.385944363103953,1964,1451,46.58662092624357,555.8986877561996
50.0,0.0,1,1.5,3.0,True,2020-01-01 00:00:00,2021-12-31 00:00:00,17490,10000.0,3440.440415395907,-65.59559584604094,-41.39838224394674,-65.6599263437815,-4.647568607733515,-4.253565527050049,-0.6304969339623312,3416,42.91569086651054,0.791698802765153,-0.0620312861519201,0.6194496698284762,-0.5743651740838488,2.384953161592506,1965,1451,46.5809033733562,555.8986877561996
50.0,0.0,1,1.5,0.0,True,2020-01-01 00:00:00,2021-12-31 00:00:00,17490,10000.0,3439.1663458271755,-65.60833654172824,-41.40925258443819,-65.6726432164928,-4.650560608207321,-4.255963814431492,-0.6305403674393117,3415,42.89897510980966,0.7915265666012058,-0.0621037948260426,0.6197482053512938,-0.5743669641900415,2.385944363103953,1964,1451,46.58662092624357,555.8986877561996
