entry_time,exit_time,direction,entry_price,exit_price,pnl,return_pct,bars,mfe,mae,entry_score,entry_reasons,exit_reasons
2020-01-03 01:00:00,2020-01-03 13:00:00,LONG,7121.5951496003645,7322.63518,305.95170382302376,2.7818342964743357,12,4.312751542254379,-0.7139612873158288,95.60998806946837,"EARLY_WAVE_LONG,HIST200_BUY,HIST1000_BUY,SWING_REVERSAL_BUY,MAJOR_DEMAND,TREND_Q1,BEAR_STRUCTURE,MOMENTUM_START,TRAIL_ENERGY,TRAIL_WAVE,PYRAMID_LEVEL3,TRAIL_DELTA,DEFENSE_03,SCALE_OUT_10","TRAIL_ENERGY, SCALE_OUT_10"
2020-01-04 07:00:00,2020-01-04 20:00:00,LONG,7356.42099,7333.423022000001,-14.027237961629666,-0.544665012984782,13,0.10139455055848413,-0.7142194563283077,73.9004175,"FIB_786_LONG,WAVE_ACCELERATION,BULL_STRUCTURE,MOMENTUM_START,BARRIER_L1,BARRIER_L2,BARRIER_L3,TRIPLE_CONFIRMATION",SIGNAL_EXIT
2020-01-05 00:00:00,2020-01-05 12:00:00,LONG,7355.660838,7420.785546000001,65.19177370666793,0.8450144065981906,12,1.6358715369035073,0.0,100.0,"WAVE_ACCELERATION,ANTI_MOMENTUM,EARLY_EXHAUSTION_SELL,HIDDEN_EXHAUSTION,DNA_ACCUMULATION_01,HAMMER_BUY,TREND_Q1,TREND_Q2",SCALE_OUT_10
2020-01-05 13:00:00,2020-01-05 22:00:00,LONG,7459.281558,7347.950024548008,-39.633240611840606,-1.5319265343893227,9,0.12251102105402517,-1.2167600498020945,51.85782,"ANTI_MOMENTUM,EARLY_EXHAUSTION_SELL,HIDDEN_EXHAUSTION,MARUBOZU_BULL,MARUBOZU_BEAR,TREND_Q1,TREND_Q2,TREND_Q3",STOP_LOSS
2020-01-06 02:00:00,2020-01-06 15:00:00,LONG,7424.544612000001,7546.590380000001,36.23735150597712,1.4061927785935442,13,1.8408588693654904,0.0,52.24621499999999,"FIB_786_LONG,FAILED_BOS_SHORT,ANTI_BOS,HIDDEN_EXHAUSTION,DNA_TREND_01,DNA_TREND_02,TREND_Q1,TREND_Q2","SIGNAL_EXIT,TRAIL_ENERGY"
2020-01-06 18:00:00,2020-01-07 07:00:00,LONG,7752.851375762195,7871.4753900000005,128.80056432744738,1.4652228764057476,13,3.415451875079893,-0.3609881322151402,85.09744761462,"ANTI_MOMENTUM,EARLY_EXHAUSTION_SELL,SWING_REVERSAL,TREND_RESUME_02,TREND_RESUME_03,MARUBOZU_BULL,MARUBOZU_BEAR,TREND_Q1,PYRAMID_LEVEL2,TRAIL_WAVE,PYRAMID_LEVEL3,TRAIL_ENERGY,TRAIL_DELTA,SCALE_OUT_10,SCALE_OUT_20","TRAIL_ENERGY, SCALE_OUT_10,TRAIL_ENERGY, SCALE_OUT_10, SCALE_OUT_20"
2020-01-07 11:00:00,2020-01-07 15:00:00,LONG,7889.697623999999,7741.5376741399305,-50.17358967851976,-1.9171402015409478,4,0.06898079317318179,-0.6451150148666239,85.09744761462,"EARLY_EXHAUSTION_BUY,PRESSURE_EXHAUSTION,DELTA_EXHAUSTION,TREND_RESUME_02,TREND_RESUME_03,MARUBOZU_BULL,MARUBOZU_BEAR,TREND_Q1",STOP_LOSS
2020-01-07 18:00:00,2020-01-08 11:00:00,LONG,8205.29333867518,8325.394588,130.8317108227529,1.4777403728897165,17,4.90211567062773,-0.26571770428603286,72.0309301425,"EARLY_WAVE_LONG,TREND_RESUME_02,TREND_RESUME_03,EMERGENCY_EXIT_01,TREND_Q1,TREND_Q2,TREND_Q3,TREND_Q4,TRAIL_DELTA,SCALE_OUT_30,PYRAMID_LEVEL2,DEFENSE_03,TRAIL_WAVE,PYRAMID_LEVEL3","TRAIL_ENERGY, SCALE_OUT_10,SIGNAL_EXIT,TRAIL_ENERGY, SCALE_OUT_10, SCALE_OUT_20"
2020-01-08 14:00:00,2020-01-08 16:00:00,LONG,8386.666997999999,8117.105366935815,-85.75001212445736,-3.252883097373671,2,0.0,-0.9622058204915441,94.003295596875,"EARLY_WAVE_LONG,TREND_RESUME_01,ENERGY_RECOVER,TREND_Q1,TREND_Q2,TREND_Q3,TREND_Q4,BULL_STRUCTURE",STOP_LOSS
2020-01-08 22:00:00,2020-01-09 13:00:00,LONG,8018.9634719999995,7899.909702,-47.92246605482752,-1.8330040464664272,15,0.712891737187859,-1.828334453847218,52.878656249999985,"STRONG_WAVE,EMERGENCY_EXIT_01,DNA_ACCUMULATION_01,HAMMER_BUY,BEAR_STRUCTURE,MOMENTUM_START,RESISTANCE_MAJOR,TRIPLE_CONFIRMATION",SIGNAL_EXIT
2020-01-09 17:00:00,2020-01-10 06:00:00,LONG,7819.713629999999,7746.4504,-13.605576820992184,-0.5228529810010352,13,1.2510224111621424,-0.9060898308113569,52.56657,"EARLY_WAVE_LONG,ANTI_FIBO,SWING_REVERSAL_BUY,EMERGENCY_EXIT_04,STRUCTURE_FAILURE_LONG,BEAR_STRUCTURE,MOMENTUM_START,RESISTANCE_MAJOR","DEFENSE_03,SIGNAL_EXIT"
2020-01-10 07:00:00,2020-01-10 19:00:00,LONG,7748.7994499999995,8020.54557,90.05275431291328,3.4655420301528226,12,4.101287587201664,-0.5454967607917608,52.56657,"EARLY_WAVE_LONG,SWING_REVERSAL_BUY,EMERGENCY_EXIT_04,ENERGY_RECOVER,STRUCTURE_FAILURE_LONG,BEAR_STRUCTURE,MOMENTUM_START,RESISTANCE_MAJOR","TRAIL_ENERGY, TRAIL_DELTA, TRAIL_WAVE, SCALE_OUT_20, SCALE_OUT_30, SCALE_OUT_50"
2020-01-10 23:00:00,2020-01-11 12:00:00,LONG,8091.748026,8044.280822000001,-43.31946273271019,-0.5509758669838245,13,1.4143047167593588,-0.5659843318507257,100.0,"BOS_RETEST_LONG,ANTI_MOMENTUM,EARLY_EXHAUSTION_BUY,EARLY_EXHAUSTION_SELL,SWING_REVERSAL,TREND_RESUME_02,TREND_RESUME_03,DNA_ACCUMULATION_01",SIGNAL_EXIT
2020-01-11 13:00:00,2020-01-12 01:00:00,LONG,8063.542386,8058.627952,-2.6332112662113416,-0.10092196197702552,12,1.3135370154920392,-0.5398667721469562,74.21911875,"ANTI_MOMENTUM,EARLY_EXHAUSTION_BUY,EARLY_EXHAUSTION_SELL,DNA_ACCUMULATION_01,TREND_Q1,TREND_Q2,TREND_Q3,TREND_Q4",SIGNAL_EXIT
2020-01-12 03:00:00,2020-01-12 16:00:00,LONG,8096.619,8150.999474,14.054785573363432,0.5388615990304173,13,0.8445624031463048,-0.2819571971955173,93.574483065,"FIB_786_LONG,WAVE_ACCELERATION,ANTI_MOMENTUM,EARLY_EXHAUSTION_SELL,HIDDEN_EXHAUSTION,TREND_Q1,TREND_Q2,TREND_Q3","SIGNAL_EXIT,SCALE_OUT_10"
2020-01-12 23:00:00,2020-01-13 14:00:00,LONG,8161.541982,8085.622552,-19.77736453296787,-0.7573212362163649,15,0.28717634549563764,-1.20604638458135,85.42645524511873,"FIB_786_LONG,TREND_Q1,TREND_Q2,TREND_Q3,TREND_Q4,MULTI_SWING_BUY_01,HIGHER_LOW,LOWER_HIGH","SIGNAL_EXIT,DEFENSE_03,DEFENSE_03, DEFENSE_04"
2020-01-13 15:00:00,2020-01-14 03:00:00,LONG,8249.767107317068,8429.483766,144.83675964000602,2.1375738597532523,12,3.1964760761455215,-0.0831477709402391,85.66418664956251,"FIB_382_LONG,FIB_786_LONG,EARLY_EXHAUSTION_BUY,HIDDEN_EXHAUSTION,DNA_ACCUMULATION_01,HAMMER_BUY,BEAR_STRUCTURE,MOMENTUM_END,PYRAMID_LEVEL2,TRAIL_WAVE,SCALE_OUT_30,PYRAMID_LEVEL3,DEFENSE_03","SCALE_OUT_30, PYRAMID_LEVEL2"
2020-01-14 10:00:00,2020-01-14 23:00:00,LONG,8647.293091581127,8734.2528,71.34072967260408,0.9645335529944792,13,2.158003223270996,-0.07571854801251923,70.91465361750001,"EARLY_WAVE_LONG,SHOOTING_SELL,ENERGY_RECOVER,TREND_Q1,TREND_Q2,TREND_Q3,TREND_Q4,HIGHER_HIGH_CONTINUE,SCALE_OUT_30,PYRAMID_LEVEL1,PYRAMID_LEVEL2,TRAIL_ENERGY,TRAIL_DELTA,SCALE_OUT_20","TRAIL_ENERGY, SCALE_OUT_10, SCALE_OUT_20"
2020-01-15 01:00:00,2020-01-15 13:00:00,LONG,8775.90483,8763.446960000001,-4.83652241101533,-0.18189860867028532,12,0.4321511084572739,-2.0327799065250263,79.03221375,"EARLY_WAVE_LONG,ENERGY_RECOVER,CONFLUENCE_02,CONFLUENCE_03,TREND_Q1,TREND_Q2,TREND_Q3,TREND_Q4",SIGNAL_EXIT
2020-01-15 15:00:00,2020-01-16 03:00:00,LONG,8857.461138,8648.27,-127.59976517538587,-2.400805859454397,12,0.028776440114025418,-2.342219003478969,100.0,"FIB_786_LONG,LATE_WAVE_EXIT,STRONG_WAVE,DNA_ACCUMULATION_01,HAMMER_BUY,TREND_Q1,TREND_Q2,TREND_Q3",SIGNAL_EXIT
2020-01-16 11:00:00,2020-01-17 00:00:00,LONG,8660.051663999999,8718.40597,16.659855736248595,0.6346600315108846,13,0.9693745402117651,0.0,70.64905163990626,"BOS_RETEST_SHORT,WAVE_ACCELERATION,TREND_RESUME_02,TREND_RESUME_03,DNA_ACCUMULATION_01,HAMMER_BUY,TREND_Q1,TREND_Q2","SIGNAL_EXIT,SCALE_OUT_10"
2020-01-17 02:00:00,2020-01-17 14:00:00,LONG,8826.920045011759,8849.229800000001,10.062015772069513,0.2126456677133895,12,2.2127015984636786,-0.17424022120206417,73.9004175,"FIB_786_LONG,WAVE_ACCELERATION,ANTI_MOMENTUM,EARLY_EXHAUSTION_SELL,TREND_Q1,TREND_Q2,TREND_Q3,TREND_Q4,TRAIL_DELTA,SCALE_OUT_30,PYRAMID_LEVEL2",SIGNAL_EXIT
2020-01-17 15:00:00,2020-01-18 03:00:00,LONG,8868.470322611962,8919.385766,25.28225366386765,0.5338878900109196,12,2.2608677044818926,0.0,94.42987722,"FIB_786_LONG,LATE_WAVE_EXIT,ANTI_LATE_WAVE,MARUBOZU_BULL,TREND_Q1,TREND_Q2,TREND_Q3,TREND_Q4,TRAIL_DELTA,SCALE_OUT_30,PYRAMID_LEVEL2",SCALE_OUT_10
2020-01-18 05:00:00,2020-01-18 18:00:00,LONG,8844.558558,8903.139016000001,13.098438973658748,0.4967557760885576,13,0.8822536646492009,-0.01049863590039256,99.80967025749999,"FIB_236_LONG,FIB_382_LONG,DNA_TREND_01,DNA_TREND_02,ENERGY_RECOVER,CONFLUENCE_02,CONFLUENCE_03,TREND_Q1","SIGNAL_EXIT,SCALE_OUT_10"
2020-01-18 22:00:00,2020-01-19 11:00:00,LONG,9021.406574462339,8778.754964041713,6.173981224873716,0.12993909958455718,13,2.510021106574414,-0.06852731730598938,94.00218014250001,"FIB_786_LONG,WAVE_ACCELERATION,TREND_Q1,TREND_Q2,TREND_Q3,TREND_Q4,HIGHER_LOW,BULL_STRUCTURE,PYRAMID_LEVEL2","SIGNAL_EXIT,STOP_LOSS"
2020-01-19 18:00:00,2020-01-20 06:00:00,LONG,8660.351724,8673.464960000001,2.9407824145417454,0.1113563319752422,12,0.7133460391544613,-0.21860225315717247,72.45640788749999,"WAVE_ACCELERATION,ANTI_MOMENTUM,EARLY_EXHAUSTION_SELL,TREND_RESUME_02,TREND_RESUME_03,DNA_ACCUMULATION_01,BEAR_STRUCTURE,MOMENTUM_END",SIGNAL_EXIT
2020-01-20 19:00:00,2020-01-21 19:00:00,LONG,8666.592972,8506.09640468807,-7.739400021462009,-0.2930096012737862,24,0.30192981353272497,-0.41980709279352596,94.00218014250001,"FIB_786_LONG,LATE_WAVE_EXIT,WAVE_ACCELERATION,ANTI_MOMENTUM,EARLY_EXHAUSTION_SELL,HIDDEN_EXHAUSTION,SWING_REVERSAL,HIGHER_LOW","SIGNAL_EXIT,DEFENSE_03,STOP_LOSS"
2020-01-21 21:00:00,2020-01-22 10:00:00,LONG,8721.723995999999,8682.823088,-13.712768251847667,-0.5195907425135529,13,0.37075243397785557,-0.49341157802900854,99.87508092667397,"BOS_CONTINUE_LONG,EARLY_WAVE_LONG,FAILED_WAVE,TREND_RESUME_02,TREND_RESUME_03,TREND_RESUME_04,DNA_TREND_01,DNA_TREND_02",SIGNAL_EXIT
2020-01-22 17:00:00,2020-01-23 05:00:00,LONG,8691.357924,8559.166890716837,-34.41242677497888,-1.3057485789704208,12,0.01544149961072085,-1.1550315253131276,78.689905,"FIB_382_LONG,STRONG_WAVE,ENERGY_RECOVER,CONFLUENCE_02,CONFLUENCE_03,BULL_STRUCTURE,MOMENTUM_START,RESISTANCE_MAJOR","SIGNAL_EXIT,STOP_LOSS"
2020-01-24 00:00:00,2020-01-24 10:00:00,LONG,8406.200904,8257.31939651325,-47.55132455168651,-1.8103830372759575,10,0.033297990756665424,-1.7364669922478433,58.21830492187499,"DNA_ACCUMULATION_01,HAMMER_BUY,TREND_Q1,MULTI_SWING_BUY_01,LOWER_LOW_CONTINUE,BEAR_STRUCTURE,MOMENTUM_START,TRIPLE_CONFIRMATION",STOP_LOSS
2020-01-24 11:00:00,2020-01-25 17:00:00,LONG,8247.09909,8348.33,52.26623982249863,1.9991381128743804,30,3.1800383036261164,0.0,57.32031784500001,"EARLY_WAVE_LONG,HIST200_BUY,ANTI_FIBO,SHOOTING_SELL,ENERGY_RECOVER,TREND_Q1,TREND_Q2,BEAR_STRUCTURE","TRAIL_DELTA,TRAIL_ENERGY, TRAIL_DELTA, SCALE_OUT_10, SCALE_OUT_20,SIGNAL_EXIT,SCALE_OUT_10,TRAIL_ENERGY, SCALE_OUT_10, SCALE_OUT_20,TRAIL_ENERGY, SCALE_OUT_10"
2020-01-25 18:00:00,2020-01-26 10:00:00,LONG,8339.047476,8418.286006,38.82013948596458,0.7387997212360127,16,0.9704048841656889,-0.17217165439242818,100.0,"FIB_382_LONG,WAVE_ACCELERATION,ANTI_MOMENTUM,EARLY_EXHAUSTION_SELL,TREND_Q1,TREND_Q2,TREND_Q3,HIGHER_LOW",SIGNAL_EXIT
2020-01-26 11:00:00,2020-01-26 23:00:00,LONG,8448.229308,8574.824692000002,38.436016548110416,1.457884837554909,12,1.8064222269095658,0.0,80.05913999999999,"LATE_WAVE_EXIT,WAVE_ACCELERATION,STRONG_WAVE,ANTI_LATE_WAVE,EMERGENCY_EXIT_04,ENERGY_RECOVER,STRUCTURE_FAILURE_SHORT,CONFLUENCE_02",SIGNAL_EXIT
2020-01-27 00:00:00,2020-01-27 15:00:00,LONG,8616.112878,8754.688712000001,36.96942651608737,1.397303781238146,15,1.629007465284967,-0.0725719136754249,80.05913999999999,"LATE_WAVE_EXIT,STRONG_WAVE,ANTI_LATE_WAVE,EMERGENCY_EXIT_04,DNA_TREND_01,DNA_TREND_02,ENERGY_RECOVER,STRUCTURE_FAILURE_SHORT","TRAIL_ENERGY,SIGNAL_EXIT,TRAIL_ENERGY, SCALE_OUT_10, SCALE_OUT_20"
2020-01-27 17:00:00,2020-01-28 05:00:00,LONG,8870.885013748812,9053.149007999999,74.84401791982175,2.013809607171235,12,3.1393562042866403,-0.2979362041485807,80.05913999999999,"LATE_WAVE_EXIT,STRONG_WAVE,ANTI_LATE_WAVE,ENERGY_RECOVER,CONFLUENCE_02,CONFLUENCE_03,BULL_STRUCTURE,MOMENTUM_START,TRAIL_DELTA,TRAIL_WAVE,SCALE_OUT_30,PYRAMID_LEVEL3","TRAIL_ENERGY, TRAIL_DELTA, SCALE_OUT_10, SCALE_OUT_20"
2020-01-28 06:00:00,2020-01-28 19:00:00,LONG,9059.931624,8996.890262,-21.967687696395068,-0.8218100292629803,13,0.2917061308717868,-1.0016811137911568,74.53782,"LATE_WAVE_EXIT,STRONG_WAVE,ANTI_LATE_WAVE,ENERGY_RECOVER,TREND_Q1,TREND_Q2,TREND_Q3,BULL_STRUCTURE",SIGNAL_EXIT
2020-01-28 20:00:00,2020-01-29 09:00:00,LONG,9178.797038639643,9385.642496,345.55924487416706,2.0900119553094427,13,4.018826743528414,0.0,100.0,"WAVE_ACCELERATION,ANTI_MOMENTUM,EARLY_EXHAUSTION_SELL,TREND_RESUME_02,TREND_RESUME_03,TREND_Q1,TREND_Q2,TREND_Q3,TRAIL_ENERGY,TRAIL_DELTA,TRAIL_WAVE,SCALE_OUT_10,SCALE_OUT_20,SCALE_OUT_30,SCALE_OUT_50,PYRAMID_LEVEL2","SCALE_OUT_30, PYRAMID_LEVEL2"
2020-01-29 10:00:00,2020-01-29 23:00:00,LONG,9334.346496,9340.1316,8.557601281898245,0.31095222393809313,13,0.7883091122826064,-0.581577896462958,94.21825959000002,"EARLY_WAVE_LONG,WAVE_ACCELERATION,TREND_Q1,TREND_Q2,TREND_Q3,TREND_Q4,BULL_STRUCTURE,MOMENTUM_START",SIGNAL_EXIT
2020-01-30 00:00:00,2020-01-30 17:00:00,LONG,9303.430314,9369.055814000001,14.161508719941201,0.5142295865459796,17,0.9414773158261244,-0.5528102244459857,52.80281999999999,"FIB_382_SHORT,TREND_Q1,TREND_Q2,TREND_Q3,TREND_Q4,BULL_STRUCTURE,MOMENTUM_START,SUPPORT_MAJOR","SIGNAL_EXIT,SCALE_OUT_10,DEFENSE_03"
2020-01-30 21:00:00,2020-01-31 05:00:00,LONG,9577.135043999999,9367.180904244398,-61.52307227064481,-2.2313668036996113,8,0.0,-1.6812443727717157,73.08908774999998,"ANTI_MOMENTUM,EARLY_EXHAUSTION_SELL,TREND_RESUME_01,DNA_TREND_01,DNA_TREND_02,TREND_Q1,TREND_Q2,TREND_Q3",STOP_LOSS
2020-01-31 06:00:00,2020-01-31 18:00:00,LONG,9347.399106,9280.773474,-20.62969373949432,-0.7524867676234337,12,0.341494929637799,-0.9009897303512062,74.53782,"WAVE_ACCELERATION,STRONG_WAVE,DNA_TREND_02,ENERGY_RECOVER,TREND_Q1,TREND_Q2,TREND_Q3,TREND_Q4",SIGNAL_EXIT
2020-02-01 17:00:00,2020-02-02 02:00:00,LONG,9407.741172,9256.463137722003,-45.07385055569036,-1.647373335422432,9,0.0,-0.8424038305376991,79.37145603661996,"FIB_236_LONG,TREND_RESUME_01,TREND_RESUME_02,TREND_RESUME_03,DNA_TREND_01,DNA_TREND_02,MARUBOZU_BULL,MARUBOZU_BEAR",STOP_LOSS
2020-02-02 07:00:00,2020-02-02 19:00:00,LONG,9363.27228,9440.121598,21.263149695789856,0.7804244838301392,12,0.8927190996949343,0.0,76.67990811249997,"FIB_236_LONG,FIB_382_LONG,TREND_RESUME_01,ENERGY_RECOVER,CONFLUENCE_02,CONFLUENCE_03,BEAR_STRUCTURE,MOMENTUM_START",SCALE_OUT_10
2020-02-02 21:00:00,2020-02-03 00:00:00,LONG,9439.857594,9312.603232361143,-37.87367403541596,-1.387514606311975,3,0.017398631109062118,-1.147767250947355,74.53782,"BOS_RETEST_LONG,WAVE_ACCELERATION,ANTI_MOMENTUM,EARLY_EXHAUSTION_SELL,TREND_Q1,TREND_Q2,TREND_Q3,TREND_Q4",STOP_LOSS
2020-02-03 01:00:00,2020-02-03 13:00:00,LONG,9462.552136558783,9345.250576,-69.57847244444169,-1.2791439248354897,12,1.0388618996771741,-1.58120277066389,52.08296625000001,"FIB_236_SHORT,EARLY_WAVE_LONG,DNA_TREND_02,ENERGY_RECOVER,BULL_STRUCTURE,MOMENTUM_START,RESISTANCE_MAJOR,TRIPLE_CONFIRMATION,PYRAMID_LEVEL1",SIGNAL_EXIT
2020-02-03 16:00:00,2020-02-04 04:00:00,LONG,9271.854,9281.103407999999,1.6135361145332152,0.059718009330169304,12,0.6280944458357605,-0.08826713621676191,57.270462480000006,"BOS_CONTINUE_SHORT,LATE_WAVE_EXIT,STRONG_WAVE,ANTI_LATE_WAVE,SWING_REVERSAL_BUY,EMERGENCY_EXIT_04,DNA_TREND_01,DNA_TREND_02",SIGNAL_EXIT
2020-02-04 05:00:00,2020-02-04 11:00:00,LONG,9272.124054,9123.69924852212,-44.31709926144271,-1.6401234958853244,6,0.18567424141152739,-1.091487273149029,85.19170218489,"EARLY_WAVE_LONG,SWING_REVERSAL_BUY,DNA_DISTRIBUTION_01,HIGHER_LOW,BULL_STRUCTURE,MOMENTUM_START,RESISTANCE_MAJOR,TRIPLE_CONFIRMATION",STOP_LOSS
2020-02-05 03:00:00,2020-02-05 16:00:00,LONG,9228.825396,9482.323156,67.18485905609833,2.496920109628215,13,2.7766762616515295,0.0,72.0309301425,"EARLY_WAVE_LONG,TREND_RESUME_02,TREND_RESUME_03,BEAR_STRUCTURE,MOMENTUM_START,BARRIER_L1,RESISTANCE_MAJOR,TRIPLE_CONFIRMATION","TRAIL_ENERGY, TRAIL_DELTA, SCALE_OUT_10, SCALE_OUT_20"
2020-02-05 17:00:00,2020-02-06 05:00:00,LONG,9564.9126,9642.901034,20.98198763668512,0.7750334654014588,12,1.3339107771878684,-0.1497410441575756,56.11808124999999,"EARLY_WAVE_LONG,TREND_RESUME_01,DNA_TREND_01,DNA_TREND_02,ENERGY_RECOVER,CONFLUENCE_02,CONFLUENCE_03,TREND_Q1",SCALE_OUT_10
2020-02-06 06:00:00,2020-02-06 18:00:00,LONG,9639.407496,9769.915626000002,35.62110756684393,1.3133604301108381,12,1.9276340799691778,-0.11004302914263413,73.9004175,"WAVE_ACCELERATION,TREND_Q1,TREND_Q2,TREND_Q3,HIGHER_LOW,BULL_STRUCTURE,MOMENTUM_END,RESISTANCE_MAJOR","TRAIL_ENERGY, SCALE_OUT_10, SCALE_OUT_20"
2020-02-06 21:00:00,2020-02-07 14:00:00,LONG,9785.346678,9780.883432,-1.248751724416078,-0.045895728936691575,17,0.3190824303670095,-0.9467899405985578,94.00218014250001,"HIDDEN_EXHAUSTION,PRESSURE_EXHAUSTION,DELTA_EXHAUSTION,TREND_RESUME_02,TREND_RESUME_03,TREND_Q1,TREND_Q2,TREND_Q3","SIGNAL_EXIT,DEFENSE_03"
2020-02-07 15:00:00,2020-02-08 03:00:00,LONG,9825.254658,9727.134184,-28.24328076240648,-1.038256322349252,12,0.0,-0.9788515549741176,52.24621499999999,"ANTI_MOMENTUM,EARLY_EXHAUSTION_BUY,EARLY_EXHAUSTION_SELL,HIDDEN_EXHAUSTION,SWING_REVERSAL,TREND_RESUME_02,TREND_RESUME_03,TREND_Q1",SIGNAL_EXIT
2020-02-08 04:00:00,2020-02-08 16:00:00,LONG,9716.082827999999,9827.5341,30.021844218871035,1.1066214673484265,12,1.2855712966962483,0.0,94.21825959000002,"EARLY_WAVE_LONG,SWING_REVERSAL_BUY,EMERGENCY_EXIT_04,ENERGY_RECOVER,STRUCTURE_FAILURE_LONG,TREND_Q1,TREND_Q2,TREND_Q3","TRAIL_ENERGY, SCALE_OUT_10, SCALE_OUT_20"
2020-02-08 19:00:00,2020-02-09 08:00:00,LONG,9936.49114488127,10125.844426000001,91.3055706418945,1.86487302858201,12,2.120001138235489,0.0,94.42987722,"BOS_RETEST_LONG,EMERGENCY_EXIT_05,ENERGY_RECOVER,TREND_Q1,TREND_Q2,TREND_Q3,TREND_Q4,HIGHER_LOW,PYRAMID_LEVEL2","TRAIL_ENERGY, SCALE_OUT_20"
2020-02-09 13:00:00,2020-02-10 01:00:00,LONG,10128.5253,10182.153162,13.417998792000144,0.489261755955738,12,0.5495834620663008,-0.6341031699846775,50.81926500000001,"TREND_Q1,TREND_Q2,TREND_Q3,TREND_Q4,MULTI_SWING_SELL_01,HIGHER_HIGH_CONTINUE,BULL_STRUCTURE,MOMENTUM_END",DEFENSE_03
2020-02-10 06:00:00,2020-02-10 18:00:00,LONG,9838.107227999999,9843.021002,0.272535985691978,0.009926356529446826,12,1.3303653738139645,-0.16951663174125603,50.81926500000001,"BOS_CONTINUE_SHORT,LATE_WAVE_EXIT,WAVE_ACCELERATION,STRONG_WAVE,ANTI_FIBO,ANTI_LATE_WAVE,EMERGENCY_EXIT_04,DNA_TREND_02",SIGNAL_EXIT
2020-02-10 19:00:00,2020-02-11 08:00:00,LONG,9844.21845,9737.922026,-27.175421146009114,-0.9898626821919062,13,0.25783204760150424,-1.1258227411643926,68.72140625,"DNA_ACCUMULATION_01,BULL_STRUCTURE,MOMENTUM_END,RESISTANCE_MAJOR,TRIPLE_CONFIRMATION,MASTER_EXIT_25,CASCADE_03,CASCADE_05","DEFENSE_03,SIGNAL_EXIT"
2020-02-11 16:00:00,2020-02-12 04:00:00,LONG,10167.033,10261.027384,24.21022064233339,0.8841318115757216,12,1.4944084473808623,0.0,63.14780015929,"BOS_CONTINUE_LONG,LATE_WAVE_EXIT,WAVE_ACCELERATION,STRONG_WAVE,HIST200_SELL,HIST1000_SELL,ANTI_LATE_WAVE,MAJOR_SUPPLY",SCALE_OUT_10
2020-02-12 05:00:00,2020-02-12 20:00:00,LONG,10271.113812,10311.427302,17.87130505754232,0.651266889222838,15,0.9627601232932419,0.0,94.00218014250001,"PRESSURE_EXHAUSTION,DELTA_EXHAUSTION,TREND_RESUME_02,TREND_RESUME_03,TREND_Q1,TREND_Q2,TREND_Q3,TREND_Q4","SIGNAL_EXIT,SCALE_OUT_10,DEFENSE_03"
2020-02-12 21:00:00,2020-02-13 08:00:00,LONG,10378.745334,10186.728525627075,-51.92474228437094,-1.8893565018961749,11,0.7151602974286841,-0.5037731663837755,70.50853761462,"EARLY_WAVE_LONG,TREND_RESUME_02,TREND_RESUME_03,MARUBOZU_BULL,MARUBOZU_BEAR,TREND_Q1,TREND_Q2,TREND_Q3",STOP_LOSS
2020-02-13 10:00:00,2020-02-14 00:00:00,LONG,10166.08281,10225.734444000002,7.110585852353978,0.25998290230827514,14,0.8739569769449911,-0.14728199917151077,73.58171625000001,"EARLY_WAVE_LONG,ANTI_FIBO,EMERGENCY_EXIT_04,ENERGY_RECOVER,STRUCTURE_FAILURE_LONG,TREND_Q1,TREND_Q2,TREND_Q3","SIGNAL_EXIT,SCALE_OUT_10"
2020-02-14 01:00:00,2020-02-14 13:00:00,LONG,10227.635118,10256.508287999999,6.627658016750221,0.24219251468215056,12,0.4067888766072387,-1.0037033665713588,94.428761765625,"WAVE_ACCELERATION,STRONG_WAVE,DNA_ACCUMULATION_01,HAMMER_BUY,BULL_STRUCTURE,MOMENTUM_START,RESISTANCE_MAJOR,TRIPLE_CONFIRMATION",SIGNAL_EXIT
2020-02-14 15:00:00,2020-02-15 09:00:00,LONG,10241.687928,10250.189552,1.3830427303490433,0.050514580587751164,18,1.1248348202940874,-0.19457659850694836,73.9004175,"FIB_786_LONG,ENERGY_RECOVER,TREND_Q1,TREND_Q2,TREND_Q3,TREND_Q4,BULL_STRUCTURE,MOMENTUM_START",SIGNAL_EXIT
2020-02-15 10:00:00,2020-02-15 15:00:00,LONG,10258.951379999999,10109.352507056952,-41.00520414327734,-1.4976444302621235,5,0.0,-0.28844449012290796,90.93140021875,"EARLY_EXHAUSTION_BUY,DNA_ACCUMULATION_01,HAMMER_BUY,BULL_STRUCTURE,MOMENTUM_END,RESISTANCE_MAJOR,TRIPLE_CONFIRMATION,FIVE_CONFIRMATION",STOP_LOSS
2020-02-17 11:00:00,2020-02-17 14:00:00,LONG,9717.163043999999,9486.56790996564,-65.78951974538957,-2.4121213170655986,3,0.0,-1.897601626781951,94.21825959000002,"EARLY_WAVE_LONG,SWING_REVERSAL_BUY,DNA_TREND_02,ENERGY_RECOVER,BULL_STRUCTURE,MOMENTUM_START,BARRIER_L1,BARRIER_L2",STOP_LOSS
2020-02-18 07:00:00,2020-02-18 19:00:00,LONG,9777.595127999999,9985.162568,56.438562696647224,2.082039318541936,12,2.128691864157546,-1.5374448014268258,52.56657,"BOS_RETEST_LONG,EARLY_WAVE_LONG,EMERGENCY_EXIT_04,STRUCTURE_FAILURE_SHORT,BEAR_STRUCTURE,MOMENTUM_START,RESISTANCE_MAJOR,TRIPLE_CONFIRMATION","TRAIL_ENERGY, TRAIL_DELTA, SCALE_OUT_20"
2020-02-18 21:00:00,2020-02-19 10:00:00,LONG,10158.251244,10110.837428,-13.8017361639694,-0.5065650547045911,13,0.09852833681301973,-0.9740972301550987,55.69913999999999,"LATE_WAVE_EXIT,STRONG_WAVE,ANTI_LATE_WAVE,EMERGENCY_EXIT_04,DNA_TREND_01,DNA_TREND_02,MARUBOZU_BULL,MARUBOZU_BEAR",SIGNAL_EXIT
2020-02-20 23:00:00,2020-02-21 13:00:00,LONG,9613.492314,9745.060598,22.65787720275705,0.8327498356951576,14,1.3888572605978062,-0.17758701460796839,71.163365,"FIB_786_LONG,WAVE_ACCELERATION,TREND_Q1,BULL_STRUCTURE,MOMENTUM_START,TRIPLE_CONFIRMATION,FIVE_CONFIRMATION,CASCADE_03","SIGNAL_EXIT,SCALE_OUT_10"
2020-02-21 14:00:00,2020-02-22 12:00:00,LONG,9729.4455,9631.17338,-53.7693326906411,-0.9861435136780989,22,0.0,-1.4239814591694888,100.0,"EARLY_WAVE_LONG,WAVE_ACCELERATION,DNA_ACCUMULATION_01,HAMMER_BUY,BULL_STRUCTURE,MOMENTUM_START,TRIPLE_CONFIRMATION,FIVE_CONFIRMATION","DEFENSE_03,SIGNAL_EXIT"
2020-02-22 13:00:00,2020-02-23 03:00:00,LONG,9650.949804,9680.433526,7.024448336026311,0.2589892108845225,14,0.3218356392976672,-0.21510633068876905,73.263015,"FIB_382_LONG,WAVE_ACCELERATION,HIDDEN_EXHAUSTION,TREND_Q1,TREND_Q2,TREND_Q3,BULL_STRUCTURE,MOMENTUM_END",SIGNAL_EXIT
2020-02-23 04:00:00,2020-02-23 17:00:00,LONG,9788.4573,9867.136178,19.220346595442823,0.7082604078601887,13,1.0948885683957488,0.0,61.62240594999997,"BOS_CONTINUE_LONG,EARLY_WAVE_LONG,EMERGENCY_EXIT_04,DNA_TREND_01,DNA_TREND_02,MARUBOZU_BULL,MARUBOZU_BEAR,ENERGY_WALL","SIGNAL_EXIT,SCALE_OUT_10"
2020-02-25 08:00:00,2020-02-25 16:00:00,LONG,9521.964011999999,9346.401790542906,-51.185723606303476,-1.8830231026639732,8,1.1054020774217648,-1.307440480168864,72.66803709374999,"FIB_786_LONG,WAVE_ACCELERATION,DNA_ACCUMULATION_01,HAMMER_BUY,TREND_Q1,BEAR_STRUCTURE,MOMENTUM_START,BARRIER_L1",STOP_LOSS
2020-02-25 17:00:00,2020-02-26 06:00:00,LONG,9310.701768,9201.249382,-37.226135834473325,-1.376092695753073,13,0.9162384761715353,-1.5097870332731895,71.34458160375002,"EARLY_WAVE_LONG,HIST200_BUY,ANTI_FIBO,ENERGY_RECOVER,TREND_Q1,BULL_STRUCTURE,MOMENTUM_START,BARRIER_L1",SIGNAL_EXIT
2020-02-26 08:00:00,2020-02-26 16:00:00,LONG,9149.909615999999,8926.417998820496,-66.8941353267941,-2.481578440752887,8,1.4801281070927812,-1.6898485612319314,57.79836972000001,"EARLY_WAVE_LONG,HIST200_BUY,SWING_REVERSAL_BUY,TREND_Q1,TREND_Q2,TREND_Q3,LOWER_LOW_CONTINUE,BEAR_STRUCTURE",STOP_LOSS
2020-02-26 19:00:00,2020-02-27 14:00:00,LONG,8844.038454,8821.445357999999,-18.57939908438158,-0.6936143368123155,19,0.0,-2.2293939021807736,53.50778999999999,"LATE_WAVE_EXIT,STRONG_WAVE,ANTI_FIBO,ANTI_LATE_WAVE,MARUBOZU_BULL,TREND_Q1,TREND_Q2,TREND_Q3","SIGNAL_EXIT,DEFENSE_03"
2020-02-27 15:00:00,2020-02-28 09:00:00,LONG,8857.47114,8587.732593106057,-6.523105232166493,-0.24397089844475991,18,0.8327304580977716,-1.7562703568684706,52.252829999999996,"FIB_382_LONG,WAVE_ACCELERATION,STRONG_WAVE,TREND_Q1,TREND_Q2,TREND_Q3,TREND_Q4,BEAR_STRUCTURE","SIGNAL_EXIT,DEFENSE_03,STOP_LOSS"
2020-02-28 10:00:00,2020-02-28 22:00:00,LONG,8608.031261999999,8655.008652,27.013256224192222,0.5055207772223103,12,1.2535820876529935,-0.964579001548689,100.0,"EARLY_WAVE_LONG,ANTI_FIBO,SWING_REVERSAL_BUY,DNA_TREND_02,ENERGY_RECOVER,TREND_Q1,TREND_Q2,TREND_Q3","SCALE_OUT_10, DEFENSE_03, DEFENSE_04"
2020-02-28 23:00:00,2020-02-29 15:00:00,LONG,8780.875824,8620.945466000001,-41.39530682135216,-1.5457294550514538,16,0.0,-1.8039866087964085,57.58420248000001,"EARLY_WAVE_LONG,EMERGENCY_EXIT_04,MARUBOZU_BULL,MARUBOZU_BEAR,STRUCTURE_FAILURE_SHORT,TREND_Q1,TREND_Q2,TREND_Q3",SIGNAL_EXIT
2020-02-29 18:00:00,2020-03-01 14:00:00,LONG,8653.490352,8607.968062,-29.13340651643361,-1.0921913969654584,20,0.20708000206942556,-1.5009013324892895,52.252829999999996,"FIB_382_LONG,EARLY_EXHAUSTION_BUY,TREND_Q1,TREND_Q2,TREND_Q3,TREND_Q4,BEAR_STRUCTURE,MOMENTUM_END","DEFENSE_03,SIGNAL_EXIT"
2020-03-01 15:00:00,2020-03-02 04:00:00,LONG,8566.492956,8600.269602,10.139659632596409,0.38120787482826207,13,0.6953492439199228,-1.2707995740982063,94.00664196000001,"FIB_382_LONG,EARLY_EXHAUSTION_BUY,TREND_Q1,TREND_Q2,TREND_Q3,TREND_Q4,BULL_STRUCTURE,MOMENTUM_END",SIGNAL_EXIT
2020-03-02 09:00:00,2020-03-02 21:00:00,LONG,8752.242926594574,8880.453554,68.24759709449546,1.424302856186025,12,2.2012178359500103,0.0,52.88030999999997,"FIB_786_LONG,WAVE_ACCELERATION,STRONG_WAVE,EARLY_EXHAUSTION_BUY,PRESSURE_EXHAUSTION,DELTA_EXHAUSTION,BEAR_STRUCTURE,MOMENTUM_END,TRAIL_ENERGY,TRAIL_DELTA,SCALE_OUT_10,SCALE_OUT_20,PYRAMID_LEVEL2","TRAIL_ENERGY, SCALE_OUT_10, SCALE_OUT_20"
2020-03-03 00:00:00,2020-03-03 08:00:00,LONG,8912.962236,8740.22715091001,-52.96504636339736,-1.9772458503026613,8,0.0,-1.7601582038162633,73.08908774999998,"LATE_WAVE_EXIT,STRONG_WAVE,ANTI_LATE_WAVE,EMERGENCY_EXIT_04,DNA_ACCUMULATION_01,HAMMER_BUY,STRUCTURE_FAILURE_SHORT,BEAR_STRUCTURE",STOP_LOSS
2020-03-03 09:00:00,2020-03-03 21:00:00,LONG,8773.914432,8703.029046000001,-22.590064115818684,-0.8475874502168625,12,0.9608660838145701,-0.8544012205839444,90.52491448,"FIB_382_LONG,STRONG_WAVE,BULL_STRUCTURE,MOMENTUM_START,SUPPORT_MAJOR,TRIPLE_CONFIRMATION,FIVE_CONFIRMATION,CASCADE_03",SIGNAL_EXIT
2020-03-03 23:00:00,2020-03-04 17:00:00,LONG,8781.936036000001,8713.40697,-20.706246025465003,-0.7786336716265362,17,0.6583282292537872,-0.9330065222989397,52.88030999999997,"FAILED_BOS_SHORT,WAVE_ACCELERATION,ANTI_BOS,TREND_Q1,TREND_Q2,TREND_Q3,BEAR_STRUCTURE,MOMENTUM_START",SIGNAL_EXIT
2020-03-04 21:00:00,2020-03-05 09:00:00,LONG,8704.160484,8920.385566,64.83822301190844,2.4431641416137384,12,2.5140795186652696,0.0,72.93112722000002,"FIB_236_SHORT,TREND_Q1,TREND_Q2,TREND_Q3,HIGHER_LOW,BULL_STRUCTURE,MOMENTUM_START,BARRIER_L1","TRAIL_ENERGY, TRAIL_DELTA, SCALE_OUT_10, SCALE_OUT_20"
2020-03-05 10:00:00,2020-03-05 22:00:00,LONG,9081.896016,9098.449946,3.7964930357252493,0.1422010337802577,12,0.7597971159153495,-0.6483890136625451,80.05913999999999,"LATE_WAVE_EXIT,STRONG_WAVE,ANTI_LATE_WAVE,EMERGENCY_EXIT_04,DNA_TREND_01,DNA_TREND_02,ENERGY_RECOVER,STRUCTURE_FAILURE_SHORT",SIGNAL_EXIT
2020-03-06 16:00:00,2020-03-07 16:00:00,LONG,9003.50034,9111.637308,23.250582143600138,0.8706488446915468,24,1.4258861015381346,0.0,52.56657,"EARLY_WAVE_LONG,FAILED_WAVE,SWING_REVERSAL_BUY,DNA_TREND_01,DNA_TREND_02,ENERGY_RECOVER,TREND_Q1,BEAR_STRUCTURE","SCALE_OUT_10,DEFENSE_03,SIGNAL_EXIT,TRAIL_ENERGY, SCALE_OUT_10, SCALE_OUT_20, DEFENSE_03,TRAIL_ENERGY, SCALE_OUT_10,TRAIL_ENERGY, SCALE_OUT_10, SCALE_OUT_20"
2020-03-07 17:00:00,2020-03-07 17:00:00,LONG,9040.667772,8893.482529195047,-44.61977010608662,-1.667383866084525,0,0.0,0.0,56.32021584000002,"BOS_CONTINUE_SHORT,EARLY_WAVE_LONG,FAILED_WAVE,SWING_REVERSAL_BUY,EMERGENCY_EXIT_04,ENERGY_WALL,ENERGY_EXTREME,ENERGY_RECOVER",STOP_LOSS
2020-03-07 18:00:00,2020-03-08 00:00:00,LONG,8926.785,8773.938398695916,-46.671737005280775,-1.7515396266803973,6,0.0,-0.5618484146308066,73.58171625000001,"EARLY_WAVE_LONG,ANTI_FIBO,EMERGENCY_EXIT_04,DNA_TREND_02,ENERGY_RECOVER,STRUCTURE_FAILURE_LONG,BULL_STRUCTURE,STRUCTURE_WEAKENING",STOP_LOSS
2020-03-08 13:00:00,2020-03-08 15:00:00,LONG,8681.455944,8539.732821661482,-44.34821006223539,-1.6718280482375916,2,0.0,-1.2083911348130905,50.619659999999996,"EARLY_WAVE_LONG,SWING_REVERSAL_BUY,ENERGY_RECOVER,BEAR_STRUCTURE,MOMENTUM_START,BARRIER_L1,TRIPLE_CONFIRMATION,FIVE_CONFIRMATION",STOP_LOSS
2020-03-08 17:00:00,2020-03-08 23:00:00,LONG,8281.766022,8054.737541252724,-73.43435723035778,-2.780208655401885,6,0.33983063425406274,-1.5008395753975037,60.919364212166236,"EARLY_WAVE_LONG,HIST200_BUY,HIST1000_BUY,ANTI_FIBO,MAJOR_DEMAND,TREND_RESUME_05,ENERGY_RECOVER,SMART_DISTRIBUTION",STOP_LOSS
2020-03-09 15:00:00,2020-03-10 11:00:00,LONG,7815.316646569957,8036.622354,32.723784903184544,0.6932043316672127,20,2.8353726848328975,0.0,87.20404736021999,"FAILED_WAVE,HIST200_BUY,HIST1000_BUY,MAJOR_DEMAND,TREND_Q1,TREND_Q2,TREND_Q3,TREND_Q4,TRAIL_DELTA,PYRAMID_LEVEL2","SCALE_OUT_10,TRAIL_ENERGY, SCALE_OUT_10,TRAIL_ENERGY, SCALE_OUT_10, SCALE_OUT_20,DEFENSE_03,PYRAMID_LEVEL2"
2020-03-10 19:00:00,2020-03-11 10:00:00,LONG,7867.223129999999,7815.276632,-33.83448197118309,-0.6431404608522819,15,1.5620107370718526,-0.6386386806344444,100.0,"LATE_WAVE_EXIT,WAVE_ACCELERATION,STRONG_WAVE,EARLY_EXHAUSTION_BUY,DNA_ACCUMULATION_01,HAMMER_BUY,TREND_Q1,TREND_Q2",SIGNAL_EXIT
2020-03-11 17:00:00,2020-03-12 05:00:00,LONG,7847.933414818593,7620.745546000001,-138.42329504665824,-2.93371713121643,12,2.3223047579322023,-2.849583489028134,54.83883999999997,"FIB_786_LONG,LATE_WAVE_EXIT,STRONG_WAVE,SWING_REVERSAL_BUY,ENERGY_RECOVER,CONFLUENCE_02,TREND_Q1,TREND_Q2,TRAIL_DELTA,PYRAMID_LEVEL2",SIGNAL_EXIT
2020-03-12 08:00:00,2020-03-12 10:00:00,LONG,7393.598424,7092.739985076563,-106.23551022557213,-4.107547063033013,2,0.0,-0.5327368588499872,87.20404736021999,"LATE_WAVE_EXIT,STRONG_WAVE,HIST200_BUY,HIST1000_BUY,ANTI_FIBO,ANTI_LATE_WAVE,MAJOR_DEMAND,DNA_TREND_02",STOP_LOSS
2020-03-12 17:00:00,2020-03-12 23:00:00,LONG,6089.807718,5422.690764972148,-281.2993239280393,-10.990265379900142,6,0.4072752892786762,-5.687826841826071,53.19404999999999,"HIDDEN_EXHAUSTION,DNA_ACCUMULATION_01,TREND_Q1,TREND_Q2,TREND_Q3,TREND_Q4,BEAR_STRUCTURE,MOMENTUM_END",STOP_LOSS
2020-03-13 09:00:00,2020-03-15 02:00:00,LONG,5501.336588807707,5151.559482000001,59.36012151371536,0.7015436812699194,41,5.758500937233686,-9.379476795829678,52.252829999999996,"FIB_382_LONG,STRONG_WAVE,TREND_Q1,TREND_Q2,TREND_Q3,TREND_Q4,BEAR_STRUCTURE,MOMENTUM_START,PYRAMID_LEVEL2,PYRAMID_LEVEL3,TRAIL_ENERGY,TRAIL_DELTA,SCALE_OUT_10,SCALE_OUT_20","SIGNAL_EXIT,TRAIL_ENERGY, SCALE_OUT_10, SCALE_OUT_20,TRAIL_ENERGY, SCALE_OUT_10,SCALE_OUT_10,DEFENSE_03"
2020-03-15 05:00:00,2020-03-15 22:00:00,LONG,5333.779038293053,5905.66863,-22.42641083074607,-0.4978004687669373,17,10.686437469846123,-2.7625636014387394,57.80056589999999,"FIB_382_LONG,TREND_Q1,TREND_Q2,TREND_Q3,TREND_Q4,MULTI_SWING_BUY_01,LOWER_LOW_CONTINUE,BEAR_STRUCTURE,PYRAMID_LEVEL2","SIGNAL_EXIT,TRAIL_WHALE, PYRAMID_LEVEL2"
2020-03-15 23:00:00,2020-03-16 07:00:00,LONG,5370.083802,4872.766284616831,-232.14026562882077,-9.297184965923098,8,0.0,-6.61058216387216,58.06142748000001,"FIB_382_SHORT,FAILED_BOS_LONG,WAVE_ACCELERATION,ANTI_BOS,DNA_TREND_01,DNA_TREND_02,MARUBOZU_BULL,ENERGY_RECOVER",STOP_LOSS
2020-03-16 08:00:00,2020-03-16 22:00:00,LONG,4994.003635018538,4961.017598,-85.11087563363043,-0.8311271599782067,14,6.303737525236997,-8.15049519878061,57.11359248000001,"BOS_RETEST_SHORT,LATE_WAVE_EXIT,STRONG_WAVE,ANTI_FIBO,ANTI_LATE_WAVE,DNA_TREND_01,DNA_TREND_02,MARUBOZU_BULL,PYRAMID_LEVEL2,TRAIL_ENERGY,TRAIL_WAVE,SCALE_OUT_30,PYRAMID_LEVEL3,TRAIL_DELTA,SCALE_OUT_10,SCALE_OUT_20","SIGNAL_EXIT,DEFENSE_03, DEFENSE_04"
2020-03-17 01:00:00,2020-03-17 19:00:00,LONG,5231.323957990889,5367.77623,13.411977906375212,0.13217985543026609,18,3.0746164245230925,-2.699392335953187,86.089447812375,"EARLY_WAVE_LONG,DNA_ACCUMULATION_01,HAMMER_BUY,TREND_Q1,TREND_Q2,TREND_Q3,TREND_Q4,BEAR_STRUCTURE,PYRAMID_LEVEL2,TRAIL_DELTA,TRAIL_WAVE,PYRAMID_LEVEL3,TRAIL_ENERGY,SCALE_OUT_10,SCALE_OUT_20","SIGNAL_EXIT,PYRAMID_LEVEL2,TRAIL_ENERGY, SCALE_OUT_10, PYRAMID_LEVEL2,TRAIL_ENERGY, TRAIL_DELTA, SCALE_OUT_10, SCALE_OUT_20, PYRAMID_LEVEL2"
2020-03-17 20:00:00,2020-03-18 10:00:00,LONG,5376.3250499999995,5142.131368,-98.10910259451519,-4.056375638839016,14,0.9898015745904445,-4.337443287585437,51.6929175,"FIB_786_SHORT,LATE_WAVE_EXIT,WAVE_ACCELERATION,ANTI_MOMENTUM,EARLY_EXHAUSTION_SELL,SWING_REVERSAL,HIGHER_LOW,BULL_STRUCTURE",SIGNAL_EXIT
2020-03-18 11:00:00,2020-03-19 00:00:00,LONG,5256.599619087673,5392.181348,206.56474636270465,2.538235095719236,13,5.098747211803141,-0.5270352392417507,74.53782,"LATE_WAVE_EXIT,WAVE_ACCELERATION,STRONG_WAVE,ANTI_LATE_WAVE,SWING_REVERSAL_BUY,ENERGY_RECOVER,TREND_Q1,TREND_Q2,PYRAMID_LEVEL2,TRAIL_DELTA,TRAIL_ENERGY,SCALE_OUT_10,SCALE_OUT_20","TRAIL_ENERGY, TRAIL_DELTA, SCALE_OUT_10, SCALE_OUT_20, PYRAMID_LEVEL2"
2020-03-19 06:00:00,2020-03-19 18:00:00,LONG,5747.837038842233,6306.078532,1559.5333417864922,9.668316237735652,12,9.75345955999284,0.0,70.54957,"EARLY_EXHAUSTION_BUY,HIDDEN_EXHAUSTION,HIGHER_HIGH_CONTINUE,BULL_STRUCTURE,MOMENTUM_END,TRIPLE_CONFIRMATION,FIVE_CONFIRMATION,MASTER_EXIT_25,TRAIL_WAVE,PYRAMID_LEVEL2,TRAIL_DELTA,TRAIL_ENERGY",TRAIL_WAVE
2020-03-20 07:00:00,2020-03-20 20:00:00,LONG,6241.237998,6183.293094,-25.596344242264955,-0.9035168813185799,13,9.341287773144145,-0.8595730208844932,68.4263125,"WAVE_ACCELERATION,HIGHER_LOW,BULL_STRUCTURE,MOMENTUM_START,TRIPLE_CONFIRMATION,CASCADE_03,CASCADE_05,CASCADE_08","SIGNAL_EXIT,DEFENSE_03"
2020-03-21 17:00:00,2020-03-22 13:00:00,LONG,6134.736702,6016.846390000001,73.25331103778363,2.591858029125078,20,3.6536742958654846,-1.9020653643042031,68.4263125,"WAVE_ACCELERATION,HIGHER_LOW,BULL_STRUCTURE,MOMENTUM_START,TRIPLE_CONFIRMATION,CASCADE_03,CASCADE_05,CASCADE_08","TRAIL_ENERGY, TRAIL_DELTA, SCALE_OUT_10, SCALE_OUT_20,TRAIL_ENERGY, SCALE_OUT_10, SCALE_OUT_30,TRAIL_DELTA,DEFENSE_03,SIGNAL_EXIT"
2020-03-22 21:00:00,2020-03-23 12:00:00,LONG,5921.354034,5840.971572,-38.674660795798474,-1.3597172857757898,15,2.182034130337569,-2.589847408539531,57.37258484999998,"BOS_RETEST_SHORT,EARLY_WAVE_LONG,WAVE_ACCELERATION,SWING_REVERSAL_BUY,TREND_RESUME_01,ENERGY_RECOVER,BEAR_STRUCTURE,MOMENTUM_START",SIGNAL_EXIT
2020-03-24 01:00:00,2020-03-25 12:00:00,LONG,6576.645066,6520.6956,34.27925207767498,1.2094163401958447,35,4.44854376454805,-2.2945599843931164,100.0,"EARLY_WAVE_LONG,TREND_RESUME_01,ENERGY_RECOVER,CONFLUENCE_02,CONFLUENCE_03,BULL_STRUCTURE,MOMENTUM_START,BARRIER_L1","SIGNAL_EXIT,DEFENSE_03,SCALE_OUT_10,TRAIL_ENERGY, SCALE_OUT_10,TRAIL_ENERGY, SCALE_OUT_10, SCALE_OUT_30,TRAIL_ENERGY, TRAIL_DELTA, SCALE_OUT_10, SCALE_OUT_20, SCALE_OUT_30,TRAIL_ENERGY, SCALE_OUT_10, DEFENSE_03,TRAIL_WAVE, SCALE_OUT_30"
2020-03-25 14:00:00,2020-03-26 04:00:00,LONG,6575.084754,6724.704790000001,49.11728514992282,1.7278698361657638,14,2.5081843378470854,0.0,72.94431374999999,"FIB_236_LONG,EARLY_EXHAUSTION_BUY,HIDDEN_EXHAUSTION,PRESSURE_EXHAUSTION,DELTA_EXHAUSTION,TREND_Q1,TREND_Q2,BULL_STRUCTURE","TRAIL_ENERGY, SCALE_OUT_10, SCALE_OUT_20,TRAIL_ENERGY, SCALE_OUT_10,TRAIL_ENERGY, TRAIL_DELTA, SCALE_OUT_10, SCALE_OUT_20, PYRAMID_LEVEL2"
2020-03-26 11:00:00,2020-03-27 00:00:00,LONG,6620.633862000001,6735.922546000001,40.631819166579064,1.4233582082355574,13,1.763065900229948,-0.3541029830173833,52.5632625,"FIB_786_LONG,WAVE_ACCELERATION,HIDDEN_EXHAUSTION,DNA_ACCUMULATION_01,TREND_Q1,TREND_Q2,TREND_Q3,TREND_Q4","SIGNAL_EXIT,TRAIL_ENERGY"
2020-03-27 06:00:00,2020-03-27 23:00:00,LONG,6655.960926,6458.922482321012,-7.666379511454477,-0.2676325221187813,17,0.6604466956571843,-0.9481865458895782,73.263015,"DNA_TREND_02,ENERGY_RECOVER,TREND_Q1,TREND_Q2,TREND_Q3,TREND_Q4,HIGHER_HIGH_CONTINUE,BULL_STRUCTURE","SIGNAL_EXIT,STOP_LOSS"
2020-03-28 01:00:00,2020-03-28 03:00:00,LONG,6306.531054,6085.981936933691,-101.20442457910417,-3.5357553610974803,2,0.0,-0.8282057687937908,73.58171625000001,"EARLY_WAVE_LONG,ANTI_FIBO,EMERGENCY_EXIT_04,ENERGY_RECOVER,STRUCTURE_FAILURE_LONG,BULL_STRUCTURE,STRUCTURE_WEAKENING,MOMENTUM_START",STOP_LOSS
2020-03-28 09:00:00,2020-03-28 17:00:00,LONG,6258.2514,6046.388425041054,-97.12907247917008,-3.4239840593326556,8,0.03305396136690203,-0.6911099800177427,76.56693222434374,"TREND_RESUME_01,TREND_RESUME_02,TREND_RESUME_03,DNA_TREND_02,ENERGY_RECOVER,CONFLUENCE_02,CONFLUENCE_03,MULTI_SWING_BUY_01",STOP_LOSS
2020-04-02 07:00:00,2020-04-02 19:00:00,LONG,6740.147623879878,6787.332262,51.94762889398042,0.6597734604175292,12,5.954372805636988,-0.03896819571021398,100.0,"EARLY_WAVE_LONG,TREND_RESUME_02,TREND_RESUME_03,BULL_STRUCTURE,MOMENTUM_START,TRIPLE_CONFIRMATION,FIVE_CONFIRMATION,CASCADE_03,SCALE_OUT_30,PYRAMID_LEVEL3",SIGNAL_EXIT
2020-04-03 02:00:00,2020-04-04 13:00:00,LONG,6836.429308702866,6709.25788,-57.418790562335765,-0.8471048426617995,35,3.1485511055808075,-2.249117218357376,100.0,"TREND_RESUME_02,TREND_RESUME_03,TREND_Q1,TREND_Q2,HIGHER_LOW,BULL_STRUCTURE,MOMENTUM_MIDDLE,TRIPLE_CONFIRMATION,TRAIL_ENERGY,TRAIL_DELTA,SCALE_OUT_10,SCALE_OUT_20,PYRAMID_LEVEL3","SIGNAL_EXIT,DEFENSE_03"
2020-04-04 16:00:00,2020-04-05 19:00:00,LONG,6731.356002,6792.661196000001,21.268623662564032,0.7570716097392323,27,1.9130469100392062,0.0,90.52061791500002,"WAVE_ACCELERATION,HIDDEN_EXHAUSTION,TREND_RESUME_02,TREND_RESUME_03,BULL_STRUCTURE,MOMENTUM_END,TRIPLE_CONFIRMATION,FIVE_CONFIRMATION","SCALE_OUT_10,SIGNAL_EXIT,DEFENSE_03,SCALE_OUT_10, DEFENSE_03"
2020-04-06 15:00:00,2020-04-07 03:00:00,LONG,7222.250646919645,7309.927722,85.86165739588245,1.1734998982305225,12,2.3004642774840907,0.0,52.878656249999985,"LATE_WAVE_EXIT,STRONG_WAVE,ANTI_LATE_WAVE,EMERGENCY_EXIT_01,DNA_ACCUMULATION_01,HAMMER_BUY,TREND_Q1,TREND_Q2,TRAIL_ENERGY,TRAIL_DELTA,SCALE_OUT_20,SCALE_OUT_30,PYRAMID_LEVEL2","TRAIL_ENERGY, SCALE_OUT_20"
2020-04-07 07:00:00,2020-04-07 20:00:00,LONG,7308.571421999999,7096.260181663102,-9.79375404987646,-0.3454467763330393,13,1.5377639693263845,-0.3457778619215209,94.00218014250001,"HIDDEN_EXHAUSTION,PRESSURE_EXHAUSTION,DELTA_EXHAUSTION,TREND_RESUME_02,TREND_RESUME_03,TREND_Q1,TREND_Q2,TREND_Q3","SIGNAL_EXIT,STOP_LOSS"
2020-04-07 21:00:00,2020-04-08 09:00:00,LONG,7277.082506195791,7289.321844,12.336723928203567,0.12812289895944723,12,2.4291763616610864,0.0,51.137966250000005,"BOS_CONTINUE_SHORT,EARLY_WAVE_LONG,ANTI_FIBO,EMERGENCY_EXIT_04,DNA_TREND_01,DNA_TREND_02,ENERGY_WALL,ENERGY_RECOVER,PYRAMID_LEVEL2,TRAIL_ENERGY,TRAIL_DELTA,SCALE_OUT_10,SCALE_OUT_20,SCALE_OUT_30",SIGNAL_EXIT
2020-04-08 19:00:00,2020-04-09 12:00:00,LONG,7320.693845999999,7182.5632000000005,-1.6047915370865233,-0.05661664479011436,17,0.5544031051397766,-1.8674984759088047,73.9004175,"WAVE_ACCELERATION,ANTI_MOMENTUM,EARLY_EXHAUSTION_SELL,TREND_Q1,TREND_Q2,TREND_Q3,TREND_Q4,HIGHER_LOW","SIGNAL_EXIT,DEFENSE_03"
2020-04-09 13:00:00,2020-04-10 04:00:00,LONG,7304.490605999999,7174.334846000001,-33.82211782224766,-0.5967620793911794,15,0.317467640809242,-1.7620750431833692,100.0,"FIB_382_LONG,FAILED_BOS_SHORT,WAVE_ACCELERATION,ANTI_BOS,PRESSURE_EXHAUSTION,DELTA_EXHAUSTION,ENERGY_WALL,ENERGY_RECOVER","SIGNAL_EXIT,DEFENSE_03"
2020-04-10 10:00:00,2020-04-11 15:00:00,LONG,6923.804484,6815.596608,-17.031777444537646,-0.6029416800570734,29,0.15562998673490125,-2.272948122143998,57.811862499999975,"LATE_WAVE_EXIT,STRONG_WAVE,ANTI_FIBO,ANTI_LATE_WAVE,EMERGENCY_EXIT_04,HAMMER_BUY,ENERGY_RECOVER,STRUCTURE_FAILURE_LONG","SIGNAL_EXIT,DEFENSE_03"
2020-04-12 10:00:00,2020-04-12 22:00:00,LONG,6842.818289999999,7110.747566,109.25369866059607,3.873915187270022,12,4.377168840472029,-0.13763758733391146,50.233365,"FIB_382_SHORT,TREND_Q1,HIGHER_LOW,BULL_STRUCTURE,MOMENTUM_START,TRIPLE_CONFIRMATION,FIVE_CONFIRMATION,CASCADE_03","TRAIL_ENERGY, TRAIL_DELTA, TRAIL_WAVE, SCALE_OUT_10, SCALE_OUT_20"
2020-04-14 04:00:00,2020-04-14 16:00:00,LONG,6886.667058,6905.01872,6.445494495514214,0.2263744476203489,12,0.2862479314590978,-1.5178177937116075,51.38531999999999,"BOS_RETEST_LONG,LATE_WAVE_EXIT,STRONG_WAVE,ANTI_LATE_WAVE,EMERGENCY_EXIT_04,STRUCTURE_FAILURE_SHORT,BULL_STRUCTURE,SELL_LIQUIDITY_GRAB",SIGNAL_EXIT
2020-04-15 05:00:00,2020-04-15 12:00:00,LONG,6892.898304,6742.154522840666,-63.41174188980773,-2.22606857378743,7,0.19138097529082396,-1.5943700190125463,67.836125,"FIB_382_LONG,WAVE_ACCELERATION,BULL_STRUCTURE,MOMENTUM_START,TRIPLE_CONFIRMATION,CASCADE_03,CASCADE_05,CASCADE_08",STOP_LOSS
2020-04-18 00:00:00,2020-04-18 15:00:00,LONG,7028.185356,7227.374236,71.9996038082129,2.5419459412893177,15,2.973095236050009,0.0,54.402985,"FIB_236_LONG,FIB_382_LONG,ENERGY_RECOVER,CONFLUENCE_02,CONFLUENCE_03,TREND_Q1,BEAR_STRUCTURE,MOMENTUM_START","SIGNAL_EXIT,SCALE_OUT_30,TRAIL_DELTA, SCALE_OUT_30"
2020-04-19 00:00:00,2020-04-19 05:00:00,LONG,7250.04972,7112.230507487472,-55.29859420153432,-1.9401812421711624,5,0.0,-0.38689003638998465,73.58171625000001,"EARLY_WAVE_LONG,WAVE_ACCELERATION,ENERGY_RECOVER,TREND_Q1,TREND_Q2,TREND_Q3,BULL_STRUCTURE,MOMENTUM_START",STOP_LOSS
2020-04-19 09:00:00,2020-04-20 02:00:00,LONG,7147.669247999999,7154.328848,-4.583395510048563,-0.16161097089252854,17,0.4948571453540308,-0.704275005647258,94.428761765625,"WAVE_ACCELERATION,STRONG_WAVE,EARLY_EXHAUSTION_BUY,HIDDEN_EXHAUSTION,DNA_ACCUMULATION_01,HAMMER_BUY,TREND_Q1,TREND_Q2",SIGNAL_EXIT
2020-04-20 06:00:00,2020-04-20 10:00:00,LONG,7174.654644,7055.276575023038,-48.28012517801531,-1.7032203732505,4,0.14335680963544103,-0.39158183068079383,51.6929175,"FIB_786_SHORT,WAVE_ACCELERATION,ANTI_MOMENTUM,EARLY_EXHAUSTION_SELL,EMERGENCY_EXIT_01,EMERGENCY_EXIT_05,TREND_Q1,TREND_Q2",STOP_LOSS
2020-04-20 11:00:00,2020-04-20 12:00:00,LONG,7077.86529,6931.916699775425,-59.302332701275965,-2.10121768091019,1,0.0,-1.5727240550519088,52.09407,"BOS_CONTINUE_SHORT,LATE_WAVE_EXIT,WAVE_ACCELERATION,STRONG_WAVE,ANTI_LATE_WAVE,SWING_REVERSAL_BUY,EMERGENCY_EXIT_04,ENERGY_RECOVER",STOP_LOSS
2020-04-22 06:00:00,2020-04-22 18:00:00,LONG,6901.940112,7083.28306,145.20787125065382,2.5863689322026318,12,3.1554879420257613,0.0,100.0,"FIB_786_LONG,TREND_Q1,MULTI_SWING_BUY_01,HIGHER_LOW,BULL_STRUCTURE,MOMENTUM_START,TRIPLE_CONFIRMATION,FIVE_CONFIRMATION","TRAIL_ENERGY, SCALE_OUT_10"
2020-04-23 15:00:00,2020-04-24 16:00:00,LONG,7538.777454,7501.629374,-23.101624976396348,-0.2708676377007124,25,0.6757401489941929,-0.802218322122125,100.0,"LATE_WAVE_EXIT,STRONG_WAVE,ANTI_LATE_WAVE,TREND_RESUME_04,DNA_TREND_02,ENERGY_WALL,ENERGY_EXTREME,ENERGY_RECOVER","DEFENSE_03,SIGNAL_EXIT"
2020-04-25 05:00:00,2020-04-25 17:00:00,LONG,7520.45379,7546.100477999999,8.53409141603254,0.300889393654526,12,0.9907142850750829,0.0,57.05197139250001,"EARLY_WAVE_LONG,TREND_RESUME_02,TREND_RESUME_03,TREND_Q1,TREND_Q2,TREND_Q3,TREND_Q4,LOWER_HIGH",SIGNAL_EXIT
2020-04-25 19:00:00,2020-04-26 13:00:00,LONG,7531.175934,7643.560982,7.209191705755393,0.25401127716919136,18,1.71585509530602,-0.10696781048004633,73.9004175,"FIB_786_LONG,LATE_WAVE_EXIT,ANTI_MOMENTUM,EARLY_EXHAUSTION_BUY,EARLY_EXHAUSTION_SELL,SWING_REVERSAL,TREND_Q1,TREND_Q2","DEFENSE_03,SIGNAL_EXIT,TRAIL_ENERGY, SCALE_OUT_20"
2020-04-26 19:00:00,2020-04-27 09:00:00,LONG,7625.544804,7703.518988000001,27.61781993111874,0.97257593591972,14,1.5227134451966133,-0.18339416211499993,93.14232417,"FIB_382_LONG,WAVE_ACCELERATION,EARLY_EXHAUSTION_BUY,HIDDEN_EXHAUSTION,DNA_TREND_02,TREND_Q1,TREND_Q2,TREND_Q3","SIGNAL_EXIT,TRAIL_ENERGY, SCALE_OUT_10, SCALE_OUT_20"
2020-04-27 12:00:00,2020-04-28 00:00:00,LONG,7719.433578,7771.955298000001,18.21933276884513,0.6401109275896232,12,0.7149024788201859,-0.7697919465147564,94.00218014250001,"EARLY_EXHAUSTION_BUY,TREND_RESUME_02,TREND_RESUME_03,TREND_Q1,TREND_Q2,TREND_Q3,TREND_Q4,BULL_STRUCTURE",DEFENSE_03
2020-04-28 05:00:00,2020-04-28 17:00:00,LONG,7688.23734,7723.474996000001,11.919528382065138,0.41814871965959827,12,0.8523756109745796,-0.06278864434744183,51.93247499999999,"FIB_382_LONG,HIDDEN_EXHAUSTION,PRESSURE_EXHAUSTION,DELTA_EXHAUSTION,DNA_ACCUMULATION_01,TREND_Q1,TREND_Q2,TREND_Q3",SIGNAL_EXIT
2020-04-28 21:00:00,2020-04-29 09:00:00,LONG,7822.383530770921,7940.501582,75.46246002620683,1.4693967656294467,12,2.8490758971827694,0.0,73.9004175,"WAVE_ACCELERATION,EARLY_EXHAUSTION_BUY,PRESSURE_EXHAUSTION,DELTA_EXHAUSTION,TREND_Q1,TREND_Q2,TREND_Q3,TREND_Q4,PYRAMID_LEVEL2","TRAIL_ENERGY, SCALE_OUT_10"
2020-04-29 13:00:00,2020-04-30 02:00:00,LONG,8648.632454938175,8846.900266,295.56702255174946,2.0589850424334863,13,4.383339483987379,0.0,77.29197594999998,"LATE_WAVE_EXIT,STRONG_WAVE,ANTI_LATE_WAVE,DNA_TREND_01,DNA_TREND_02,MARUBOZU_BULL,MARUBOZU_BEAR,ENERGY_RECOVER,TRAIL_WAVE,PYRAMID_LEVEL2,SCALE_OUT_30,TRAIL_ENERGY,TRAIL_DELTA,SCALE_OUT_10,SCALE_OUT_20,SCALE_OUT_50","TRAIL_ENERGY, SCALE_OUT_10,TRAIL_ENERGY, SCALE_OUT_10, SCALE_OUT_30, PYRAMID_LEVEL2"
2020-04-30 04:00:00,2020-04-30 09:00:00,LONG,9291.827994,8877.827225498453,-264.59680215675877,-4.493754077899105,5,0.7673625259318365,-1.9141335172675171,100.0,"EARLY_WAVE_LONG,TREND_RESUME_01,DNA_TREND_01,DNA_TREND_02,ENERGY_RECOVER,CONFLUENCE_02,CONFLUENCE_03,TREND_Q1",STOP_LOSS
2020-04-30 11:00:00,2020-04-30 23:00:00,LONG,8897.059056,8758.068036,-46.08270121824841,-1.6015881913058023,12,0.0,-3.8758768917853605,73.58171625000001,"EARLY_WAVE_LONG,DNA_TREND_01,DNA_TREND_02,ENERGY_RECOVER,TREND_Q1,TREND_Q2,TREND_Q3,TREND_Q4",DEFENSE_03
2020-05-01 01:00:00,2020-05-01 15:00:00,LONG,8855.46723868007,8820.28559,-15.100221398370726,-0.20269652939222227,14,2.295866587429129,-0.7144426937036437,52.24621499999999,"WAVE_ACCELERATION,TREND_RESUME_02,TREND_RESUME_03,TREND_Q1,TREND_Q2,TREND_Q3,TREND_Q4,BEAR_STRUCTURE,TRAIL_DELTA,SCALE_OUT_30,PYRAMID_LEVEL2",SIGNAL_EXIT
2020-05-01 17:00:00,2020-05-02 06:00:00,LONG,8737.567164,8815.066634,24.547088351752244,0.8579945082983569,13,1.225774108395741,-0.111554667529882,50.81926500000001,"WAVE_ACCELERATION,ANTI_MOMENTUM,EARLY_EXHAUSTION_SELL,HIDDEN_EXHAUSTION,TREND_Q1,TREND_Q2,TREND_Q3,TREND_Q4","DEFENSE_03,SCALE_OUT_10"
2020-05-02 11:00:00,2020-05-03 01:00:00,LONG,8829.985643999999,9122.595116,50.6697540157024,1.7674457763320215,14,3.3336900858952507,0.0,71.81819127,"FIB_382_LONG,TREND_RESUME_02,TREND_RESUME_03,TREND_Q1,TREND_Q2,TREND_Q3,TREND_Q4,BEAR_STRUCTURE","TRAIL_ENERGY, SCALE_OUT_10, PYRAMID_LEVEL1,SIGNAL_EXIT,TRAIL_WAVE, PYRAMID_LEVEL2"
2020-05-03 07:00:00,2020-05-03 14:00:00,LONG,9004.790598,8783.498833371106,-71.87980243040991,-2.496506295350965,7,1.107181793012975,-0.9325102797909604,73.263015,"ENERGY_RECOVER,TREND_Q1,TREND_Q2,TREND_Q3,TREND_Q4,HIGHER_HIGH_CONTINUE,BULL_STRUCTURE,MOMENTUM_START",STOP_LOSS
2020-05-03 15:00:00,2020-05-04 03:00:00,LONG,8770.303709999998,8744.95066,-9.411485054256566,-0.3289627271527852,12,1.4297827549235742,-0.8733301893829081,51.137966250000005,"BOS_CONTINUE_SHORT,EARLY_WAVE_LONG,ANTI_FIBO,EMERGENCY_EXIT_04,DNA_TREND_01,DNA_TREND_02,ENERGY_RECOVER,STRUCTURE_FAILURE_LONG",SIGNAL_EXIT
2020-05-05 05:00:00,2020-05-05 10:00:00,LONG,9047.65917,8791.759059667487,-81.95445594373305,-2.8672257551052347,5,0.0,-0.5266463855976639,77.82473485937498,"BOS_CONTINUE_LONG,EARLY_WAVE_LONG,TREND_RESUME_01,DNA_TREND_01,DNA_TREND_02,ENERGY_RECOVER,CONFLUENCE_02,CONFLUENCE_03",STOP_LOSS
2020-05-05 11:00:00,2020-05-06 02:00:00,LONG,8850.11967,8978.034034,39.49286324473773,1.3917971593885843,15,1.9402034820168694,-0.08790468705605534,56.89790946000001,"FIB_786_SHORT,FAILED_BOS_LONG,LATE_WAVE_EXIT,WAVE_ACCELERATION,STRONG_WAVE,ANTI_BOS,SWING_REVERSAL_BUY,DNA_TREND_02","SIGNAL_EXIT,TRAIL_ENERGY, SCALE_OUT_10"
2020-05-06 03:00:00,2020-05-06 15:00:00,LONG,9154.854776134507,9227.914048,56.08570798530214,0.7577193515633572,12,2.834152373726274,0.0,52.878656249999985,"STRONG_WAVE,EARLY_EXHAUSTION_BUY,HIDDEN_EXHAUSTION,DNA_ACCUMULATION_01,HAMMER_BUY,TREND_Q1,TREND_Q2,TREND_Q3,PYRAMID_LEVEL2",SCALE_OUT_10
2020-05-06 20:00:00,2020-05-07 09:00:00,LONG,9239.587548,9336.942238,24.303465188453444,0.8496481740875226,13,1.2717283254211407,-1.0462322857790778,94.00218014250001,"WAVE_ACCELERATION,EARLY_EXHAUSTION_BUY,TREND_RESUME_02,TREND_RESUME_03,TREND_Q1,TREND_Q2,TREND_Q3,TREND_Q4","SIGNAL_EXIT,TRAIL_ENERGY, SCALE_OUT_10, SCALE_OUT_20"
2020-05-08 05:00:00,2020-05-08 18:00:00,LONG,9909.341472,9961.627276000001,15.359734956608282,0.53589101378785,13,0.6447303100869415,-1.4396665247948757,50.81926500000001,"ANTI_MOMENTUM,EARLY_EXHAUSTION_SELL,TREND_Q1,TREND_Q2,TREND_Q3,TREND_Q4,MULTI_SWING_SELL_01,HIGHER_HIGH_CONTINUE","SIGNAL_EXIT,SCALE_OUT_10"
2020-05-08 22:00:00,2020-05-09 00:00:00,LONG,9997.389077999998,9728.84411723546,-78.20310845432384,-2.7250764803277465,2,0.0,-1.9743062559638247,52.24621499999999,"EARLY_EXHAUSTION_BUY,SWING_REVERSAL,TREND_RESUME_02,TREND_RESUME_03,TREND_Q1,TREND_Q2,TREND_Q3,TREND_Q4",STOP_LOSS
2020-05-09 06:00:00,2020-05-09 11:00:00,LONG,9832.036014,9556.73635176743,-80.9065933404694,-2.8389069809735235,5,0.0,-2.433534759833101,52.165417500000004,"FIB_382_SHORT,PRESSURE_EXHAUSTION,TREND_Q1,TREND_Q2,TREND_Q3,TREND_Q4,HIGHER_LOW,BULL_STRUCTURE",STOP_LOSS
2020-05-09 12:00:00,2020-05-10 00:00:00,LONG,9640.77777,9537.19218,-31.52026161309766,-1.114022845814447,12,1.3917158262636742,-1.0515517774454515,70.85646750000001,"EARLY_WAVE_LONG,ANTI_FIBO,EMERGENCY_EXIT_04,STRUCTURE_FAILURE_LONG,BULL_STRUCTURE,MOMENTUM_START,TRIPLE_CONFIRMATION,FIVE_CONFIRMATION",SIGNAL_EXIT
2020-05-11 18:00:00,2020-05-12 17:00:00,LONG,8505.250709999998,8922.035236,73.88562257005285,2.618900485799186,23,4.921304547882062,0.0,94.00664196000001,"LATE_WAVE_EXIT,WAVE_ACCELERATION,STRONG_WAVE,ANTI_LATE_WAVE,SWING_REVERSAL_BUY,EMERGENCY_EXIT_01,HIGHER_HIGH_CONTINUE,BULL_STRUCTURE","DEFENSE_03,SIGNAL_EXIT,TRAIL_DELTA,TRAIL_ENERGY, SCALE_OUT_10,TRAIL_DELTA, DEFENSE_03,TRAIL_ENERGY, SCALE_OUT_10, DEFENSE_03"
2020-05-13 07:00:00,2020-05-13 19:00:00,LONG,8914.472538,9075.78448,50.224706012258466,1.7688273482906127,12,2.4945666841427245,-0.5302897933499614,71.163365,"FIB_786_LONG,WAVE_ACCELERATION,PRESSURE_EXHAUSTION,DELTA_EXHAUSTION,BULL_STRUCTURE,MOMENTUM_START,TRIPLE_CONFIRMATION,FIVE_CONFIRMATION","TRAIL_ENERGY, SCALE_OUT_10, SCALE_OUT_20"
2020-05-14 08:00:00,2020-05-14 22:00:00,LONG,9558.371814694297,9773.284952,88.47624235193211,1.2927809382340385,14,3.0816410062426893,0.0,100.0,"EARLY_WAVE_LONG,TREND_RESUME_02,TREND_RESUME_03,ENERGY_RECOVER,CONFLUENCE_02,CONFLUENCE_03,BULL_STRUCTURE,MOMENTUM_START,PYRAMID_LEVEL3","TRAIL_ENERGY, SCALE_OUT_10,TRAIL_DELTA"
2020-05-15 00:00:00,2020-05-15 02:00:00,LONG,9793.928393999999,9449.571432274268,-102.1292400852389,-3.554618497230567,2,0.0,-0.5629854720377262,94.00218014250001,"EARLY_EXHAUSTION_BUY,HIDDEN_EXHAUSTION,TREND_RESUME_02,TREND_RESUME_03,TREND_Q1,TREND_Q2,BULL_STRUCTURE,MOMENTUM_MIDDLE",STOP_LOSS
2020-05-15 08:00:00,2020-05-15 20:00:00,LONG,9675.38469,9314.436550790719,-104.14761453153022,-3.6577386609358564,12,0.0,-3.4887986453797613,94.21602868125,"WAVE_ACCELERATION,STRONG_WAVE,TREND_Q1,TREND_Q2,MULTI_SWING_BUY_01,HIGHER_LOW,BULL_STRUCTURE,MOMENTUM_START","SIGNAL_EXIT,STOP_LOSS"
2020-05-15 21:00:00,2020-05-16 19:00:00,LONG,9252.140058,9285.102608,49.900194978815456,1.768882678043204,22,2.629445084865999,0.0,71.77450959000001,"BOS_CONTINUE_SHORT,EARLY_WAVE_LONG,SWING_REVERSAL_BUY,EMERGENCY_EXIT_04,ENERGY_RECOVER,STRUCTURE_FAILURE_LONG,BULL_STRUCTURE,STRUCTURE_WEAKENING","TRAIL_ENERGY, SCALE_OUT_10,TRAIL_ENERGY, SCALE_OUT_10, SCALE_OUT_20,TRAIL_DELTA, DEFENSE_03,SIGNAL_EXIT,DEFENSE_03"
2020-05-17 09:00:00,2020-05-18 00:00:00,LONG,9582.244421381416,9679.173778,64.03233808993565,1.6143862647263183,15,3.339353876119989,-0.012411391482251323,51.76426499999999,"FIB_236_SHORT,TREND_Q1,TREND_Q2,HIGHER_HIGH_CONTINUE,BULL_STRUCTURE,MOMENTUM_START,BARRIER_L1,TRIPLE_CONFIRMATION,TRAIL_WAVE,PYRAMID_LEVEL3","TRAIL_ENERGY, SCALE_OUT_10, SCALE_OUT_20,TRAIL_ENERGY, SCALE_OUT_10,SIGNAL_EXIT"
2020-05-18 01:00:00,2020-05-18 08:00:00,LONG,9780.295668,9525.017385359553,-75.46725559917276,-2.6490844284217103,7,1.2454054165103559,-0.01437244892913029,57.68632484999998,"FIB_236_SHORT,TREND_RESUME_01,DNA_TREND_01,DNA_TREND_02,MARUBOZU_BULL,MARUBOZU_BEAR,ENERGY_RECOVER,TREND_Q1",STOP_LOSS
2020-05-18 11:00:00,2020-05-18 23:00:00,LONG,9631.165847999999,9721.845242000001,25.49924793457266,0.9011438207268062,12,0.9626472377614952,-0.06329293977701446,71.77716,"LATE_WAVE_EXIT,STRONG_WAVE,ANTI_LATE_WAVE,SWING_REVERSAL_BUY,BULL_STRUCTURE,MOMENTUM_START,TRIPLE_CONFIRMATION,FIVE_CONFIRMATION",SCALE_OUT_10
2020-05-19 05:00:00,2020-05-20 06:00:00,LONG,9538.727364,9752.409128000001,42.20652119147937,1.4883748568419428,25,2.780377569034378,0.0,94.00664196000001,"LATE_WAVE_EXIT,WAVE_ACCELERATION,ANTI_LATE_WAVE,SWING_REVERSAL_BUY,EMERGENCY_EXIT_04,STRUCTURE_FAILURE_LONG,HIGHER_HIGH_CONTINUE,BULL_STRUCTURE","TRAIL_ENERGY, SCALE_OUT_10,TRAIL_ENERGY, SCALE_OUT_10, SCALE_OUT_20,SIGNAL_EXIT,TRAIL_DELTA,TRAIL_ENERGY, TRAIL_DELTA, SCALE_OUT_10, SCALE_OUT_20, DEFENSE_03,TRAIL_ENERGY, TRAIL_DELTA, SCALE_OUT_10, SCALE_OUT_20,TRAIL_ENERGY, SCALE_OUT_10, DEFENSE_03,TRAIL_ENERGY, SCALE_OUT_10, SCALE_OUT_30, DEFENSE_03, DEFENSE_04"
2020-05-20 10:00:00,2020-05-20 15:00:00,LONG,9790.227654,9581.746164731014,-61.71960975363925,-2.168633817704265,5,0.0,-0.602822080198393,85.94671163990625,"EARLY_EXHAUSTION_BUY,SWING_REVERSAL,TREND_RESUME_02,TREND_RESUME_03,DNA_ACCUMULATION_01,HAMMER_BUY,TREND_Q1,TREND_Q2",STOP_LOSS
2020-05-20 17:00:00,2020-05-21 10:00:00,LONG,9499.889598,9296.930242,-5.85592499412826,-0.20690128999117333,17,0.9335940284892581,-2.1168624743000817,73.58171625000001,"EARLY_WAVE_LONG,ANTI_FIBO,EMERGENCY_EXIT_01,EMERGENCY_EXIT_04,ENERGY_RECOVER,STRUCTURE_FAILURE_LONG,BULL_STRUCTURE,STRUCTURE_WEAKENING","SIGNAL_EXIT,DEFENSE_03"
2020-05-22 13:00:00,2020-05-23 03:00:00,LONG,9174.984629999999,9269.415746,27.96906099750364,0.9888120074333201,14,1.0494335836288091,-0.642013391579917,74.53782,"BOS_RETEST_LONG,LATE_WAVE_EXIT,WAVE_ACCELERATION,STRONG_WAVE,ANTI_LATE_WAVE,EMERGENCY_EXIT_04,STRUCTURE_FAILURE_SHORT,TREND_Q1",SIGNAL_EXIT
2020-05-23 07:00:00,2020-05-23 12:00:00,LONG,9246.568943999999,9074.466467992514,-107.76903112284482,-1.9005131920712384,5,0.09420852267212511,-1.1657182751007462,100.0,"FIB_786_LONG,LATE_WAVE_EXIT,DNA_ACCUMULATION_01,HAMMER_BUY,BULL_STRUCTURE,MOMENTUM_START,TRIPLE_CONFIRMATION,FIVE_CONFIRMATION",STOP_LOSS
2020-05-23 13:00:00,2020-05-24 02:00:00,LONG,9133.8264,9170.11561,13.780451747594629,0.49080017256732344,13,1.0483404852100102,0.0,74.53782,"LATE_WAVE_EXIT,WAVE_ACCELERATION,STRONG_WAVE,ANTI_LATE_WAVE,SWING_REVERSAL_BUY,TREND_Q1,TREND_Q2,BULL_STRUCTURE",SIGNAL_EXIT
2020-05-24 04:00:00,2020-05-24 13:00:00,LONG,9194.608554,9041.851646419449,-47.80554199732526,-1.700710229486504,9,0.872266019036868,-0.8223140066915389,73.263015,"FIB_382_LONG,WAVE_ACCELERATION,EARLY_EXHAUSTION_BUY,PRESSURE_EXHAUSTION,DELTA_EXHAUSTION,TREND_Q1,TREND_Q2,TREND_Q3",STOP_LOSS
2020-05-24 14:00:00,2020-05-24 16:00:00,LONG,9088.937424,8909.802680517178,-56.25693997044158,-2.0101212719607897,2,0.0,-0.3652508808382787,71.77450959000001,"BOS_CONTINUE_SHORT,EARLY_WAVE_LONG,ANTI_FIBO,SWING_REVERSAL_BUY,DNA_TREND_02,ENERGY_RECOVER,TREND_Q1,TREND_Q2",STOP_LOSS
2020-05-25 01:00:00,2020-05-25 17:00:00,LONG,8812.772202,8808.757896000001,-14.179755989716472,-0.5092681618099014,16,0.6188495146580821,-1.4044638754183483,52.56657,"EARLY_WAVE_LONG,ANTI_FIBO,SWING_REVERSAL_BUY,EMERGENCY_EXIT_01,ENERGY_RECOVER,TREND_Q1,TREND_Q2,BEAR_STRUCTURE",SIGNAL_EXIT
2020-05-25 18:00:00,2020-05-26 10:00:00,LONG,8895.338711999999,8891.921260000001,8.708278484501335,0.313189250700131,16,0.7270244573459406,-0.3291466794907063,79.71683125,"BOS_CONTINUE_LONG,LATE_WAVE_EXIT,WAVE_ACCELERATION,STRONG_WAVE,ANTI_LATE_WAVE,EMERGENCY_EXIT_04,DNA_TREND_02,ENERGY_RECOVER","SIGNAL_EXIT,DEFENSE_03"
2020-05-26 13:00:00,2020-05-27 06:00:00,LONG,8818.523352,8876.224400000001,9.657458890048252,0.347089037146259,17,0.7750350628090126,-1.0423893925410088,71.77450959000001,"BOS_CONTINUE_SHORT,EARLY_WAVE_LONG,FAILED_WAVE,SWING_REVERSAL_BUY,ENERGY_RECOVER,TREND_Q1,TREND_Q2,TREND_Q3","SIGNAL_EXIT,DEFENSE_03,SCALE_OUT_10, DEFENSE_03"
2020-05-28 00:00:00,2020-05-28 13:00:00,LONG,9205.910813999999,9421.735276000001,64.14142257171531,2.3034740632846016,13,2.3648848049767985,-0.602556500065594,76.83738993,"EARLY_WAVE_LONG,FAILED_WAVE,DNA_TREND_01,DNA_TREND_02,MARUBOZU_BULL,MARUBOZU_BEAR,ENERGY_RECOVER,CONFLUENCE_02",SIGNAL_EXIT
2020-05-28 23:00:00,2020-05-29 11:00:00,LONG,9491.928006,9363.127,-39.103794490936224,-1.3964102626591255,12,0.8845620610156926,-1.3372204879742753,100.0,"EARLY_WAVE_LONG,TREND_RESUME_01,ENERGY_RECOVER,CONFLUENCE_02,CONFLUENCE_03,BULL_STRUCTURE,MOMENTUM_START,BARRIER_L1",SIGNAL_EXIT
2020-05-29 19:00:00,2020-05-30 15:00:00,LONG,9436.33689,9544.670684,28.92820809290481,1.0367595214394125,20,1.3506629901595255,-0.701510456564476,72.66803709374999,"FIB_786_LONG,EARLY_EXHAUSTION_BUY,HIDDEN_EXHAUSTION,DNA_ACCUMULATION_01,HAMMER_BUY,TREND_Q1,TREND_Q2,BEAR_STRUCTURE","SIGNAL_EXIT,SCALE_OUT_10,TRAIL_ENERGY, SCALE_OUT_10, SCALE_OUT_20,TRAIL_ENERGY, SCALE_OUT_10"
2020-05-30 16:00:00,2020-05-31 08:00:00,LONG,9542.50812,9563.216973999999,5.407206597508695,0.19330744971375596,16,1.9543277056179185,-1.067833725877928,94.428761765625,"WAVE_ACCELERATION,PRESSURE_EXHAUSTION,DELTA_EXHAUSTION,DNA_ACCUMULATION_01,HAMMER_BUY,TREND_Q1,TREND_Q2,TREND_Q3",SIGNAL_EXIT
2020-05-31 11:00:00,2020-05-31 21:00:00,LONG,9601.16985,9433.079601744721,-50.089908760485336,-1.7900264528283194,10,0.0,-1.3546250304070981,73.263015,"FIB_382_LONG,TREND_Q1,TREND_Q2,TREND_Q3,TREND_Q4,BULL_STRUCTURE,MOMENTUM_START,TRIPLE_CONFIRMATION",STOP_LOSS
2020-05-31 22:00:00,2020-06-01 14:00:00,LONG,9471.24387,9551.229372,18.443067305030745,0.6621156369210747,16,1.058215070540667,-0.24256444364999552,70.02619442000001,"FIB_236_SHORT,EARLY_WAVE_LONG,SWING_REVERSAL_BUY,ENERGY_RECOVER,BULL_STRUCTURE,MOMENTUM_START,TRIPLE_CONFIRMATION,FIVE_CONFIRMATION","SIGNAL_EXIT,SCALE_OUT_10, DEFENSE_03"
2020-06-01 15:00:00,2020-06-02 03:00:00,LONG,9874.097874651206,10088.321932,130.63987226135274,2.12868791908161,12,6.646362163321132,-0.18883999482553904,52.24621499999999,"TREND_RESUME_02,TREND_RESUME_03,TREND_Q1,TREND_Q2,TREND_Q3,TREND_Q4,BEAR_STRUCTURE,MOMENTUM_START,TRAIL_WAVE,PYRAMID_LEVEL3,TRAIL_ENERGY,TRAIL_DELTA,SCALE_OUT_10,SCALE_OUT_20","TRAIL_ENERGY, TRAIL_DELTA, SCALE_OUT_10, SCALE_OUT_20"
2020-06-02 05:00:00,2020-06-02 14:00:00,LONG,10095.988793999999,9861.815454587131,-66.55458603525601,-2.358541302425129,9,0.5940102274642063,-0.10339545945418854,93.7905625125,"STRONG_WAVE,ANTI_MOMENTUM,EARLY_EXHAUSTION_SELL,DNA_ACCUMULATION_01,TREND_Q1,TREND_Q2,TREND_Q3,TREND_Q4",STOP_LOSS
2020-06-02 17:00:00,2020-06-03 14:00:00,LONG,9479.925606,9581.903236,9.117803050907016,0.32506314190395186,21,1.4625050845572953,0.0,74.53782,"LATE_WAVE_EXIT,STRONG_WAVE,ANTI_LATE_WAVE,SWING_REVERSAL_BUY,EMERGENCY_EXIT_01,EMERGENCY_EXIT_04,STRUCTURE_FAILURE_LONG,BULL_STRUCTURE","SIGNAL_EXIT,DEFENSE_03,TRAIL_ENERGY, SCALE_OUT_10, SCALE_OUT_20"
2020-06-03 15:00:00,2020-06-04 03:00:00,LONG,9582.626142,9668.066,23.89416177707177,0.8512554950096013,12,0.9117944987652931,-0.2435255393896415,73.08908774999998,"BOS_RETEST_LONG,LATE_WAVE_EXIT,STRONG_WAVE,ANTI_LATE_WAVE,DNA_ACCUMULATION_01,HAMMER_BUY,BEAR_STRUCTURE,MOMENTUM_START",SCALE_OUT_10
2020-06-04 05:00:00,2020-06-04 11:00:00,LONG,9646.57893,9488.81014867191,-47.10683050593313,-1.6748352608727242,6,0.03131752740451263,-1.024808180364936,51.76426499999999,"FIB_236_SHORT,PRESSURE_EXHAUSTION,DELTA_EXHAUSTION,TREND_Q1,TREND_Q2,HIGHER_HIGH_CONTINUE,BULL_STRUCTURE,MOMENTUM_START",STOP_LOSS
2020-06-04 14:00:00,2020-06-05 10:00:00,LONG,9764.232456,9822.495108,11.153453015100217,0.39825699672799386,20,0.7086839064086345,-0.1802748560045192,100.0,"EARLY_WAVE_LONG,FAILED_WAVE,TREND_RESUME_01,DNA_TREND_01,DNA_TREND_02,ENERGY_RECOVER,CONFLUENCE_02,CONFLUENCE_03","SCALE_OUT_10,SIGNAL_EXIT"
2020-06-05 17:00:00,2020-06-06 11:00:00,LONG,9727.135038,9672.895034000001,-34.44052579420457,-1.228669412867383,18,0.1298939713558039,-1.5323632027077079,73.9004175,"WAVE_ACCELERATION,HIDDEN_EXHAUSTION,PRESSURE_EXHAUSTION,DELTA_EXHAUSTION,HIGHER_LOW,BULL_STRUCTURE,MOMENTUM_MIDDLE,TRIPLE_CONFIRMATION","SIGNAL_EXIT,DEFENSE_03"
2020-06-06 21:00:00,2020-06-07 08:00:00,LONG,9702.9402,9559.02665937479,-42.5443078618488,-1.5226018943099309,11,0.0,-0.6009539252854501,100.0,"FIB_236_LONG,EARLY_WAVE_LONG,TREND_RESUME_01,TREND_RESUME_02,TREND_RESUME_03,ENERGY_RECOVER,CONFLUENCE_02,CONFLUENCE_03",STOP_LOSS
2020-06-08 07:00:00,2020-06-09 00:00:00,LONG,9733.836378,9578.885140734206,-11.296957843536463,-0.4058880892448366,17,0.4949088943890634,-0.64554586249282,70.85646750000001,"EARLY_WAVE_LONG,WAVE_ACCELERATION,PRESSURE_EXHAUSTION,DELTA_EXHAUSTION,BULL_STRUCTURE,MOMENTUM_START,TRIPLE_CONFIRMATION,FIVE_CONFIRMATION","SIGNAL_EXIT,DEFENSE_03,STOP_LOSS"
2020-06-09 01:00:00,2020-06-09 18:00:00,LONG,9705.170645999999,9701.449322,1.0469834484975347,0.018829509471371304,17,0.16557518240675265,-0.36548194043983373,100.0,"FIB_236_LONG,FIB_382_LONG,PRESSURE_EXHAUSTION,DELTA_EXHAUSTION,ENERGY_WALL,ENERGY_EXTREME,ENERGY_RECOVER,CONFLUENCE_02","SIGNAL_EXIT,DEFENSE_03, DEFENSE_04"
2020-06-09 22:00:00,2020-06-10 19:00:00,LONG,9811.962,9821.665273999999,-17.971972733127142,-0.6465035448431897,21,0.1184064919941638,-0.8939292671537001,92.00809081883122,"EARLY_WAVE_LONG,TREND_RESUME_01,TREND_RESUME_02,TREND_RESUME_03,DNA_TREND_01,DNA_TREND_02,ENERGY_RECOVER,CONFLUENCE_02",SIGNAL_EXIT
2020-06-11 05:00:00,2020-06-11 12:00:00,LONG,9890.357676,9742.94471964248,-42.45558771681878,-1.529875250240402,7,0.0,-1.0291607172812212,74.21911875,"WAVE_ACCELERATION,STRONG_WAVE,EARLY_EXHAUSTION_BUY,DNA_ACCUMULATION_01,TREND_Q1,TREND_Q2,BULL_STRUCTURE,MOMENTUM_MIDDLE",STOP_LOSS
2020-06-13 04:00:00,2020-06-13 22:00:00,LONG,9410.421708,9422.16519,5.379478968158732,0.19461181339913147,18,0.40559597841988965,-0.077379189009246,73.263015,"FIB_382_LONG,EARLY_EXHAUSTION_BUY,HIDDEN_EXHAUSTION,TREND_Q1,TREND_Q2,BULL_STRUCTURE,MOMENTUM_MIDDLE,TRIPLE_CONFIRMATION",SIGNAL_EXIT
2020-06-13 23:00:00,2020-06-14 12:00:00,LONG,9439.797582,9424.724678,-5.755450010592699,-0.20813275671358675,13,0.3553298437665685,-0.4036906688832296,73.9004175,"FIB_786_LONG,WAVE_ACCELERATION,ANTI_MOMENTUM,EARLY_EXHAUSTION_BUY,EARLY_EXHAUSTION_SELL,HIDDEN_EXHAUSTION,TREND_Q1,TREND_Q2",SIGNAL_EXIT
2020-06-14 14:00:00,2020-06-14 22:00:00,LONG,9408.811386,9295.71635021634,-34.31049414378621,-1.241531130037956,8,0.11211420409274193,-0.6666239063238807,52.08296625000001,"FIB_236_SHORT,EARLY_WAVE_LONG,ENERGY_RECOVER,TREND_Q1,TREND_Q2,TREND_Q3,TREND_Q4,BULL_STRUCTURE",STOP_LOSS
2020-06-16 03:00:00,2020-06-17 16:00:00,LONG,9460.421706000001,9397.320160000001,-0.9250811456859913,-0.03358181065716112,37,1.1054295173086548,-0.6467122492139908,86.4429663125,"EARLY_WAVE_LONG,HIGHER_HIGH_CONTINUE,BULL_STRUCTURE,MOMENTUM_START,TRIPLE_CONFIRMATION,CASCADE_03,CASCADE_05,CASCADE_08","SIGNAL_EXIT,SCALE_OUT_10,DEFENSE_03"
2020-06-17 20:00:00,2020-06-18 23:00:00,LONG,9303.990425999998,9377.754073999999,36.601325513428414,1.3289265878673722,27,1.732047934504194,0.0,51.85782,"LATE_WAVE_EXIT,WAVE_ACCELERATION,STRONG_WAVE,ANTI_FIBO,ANTI_LATE_WAVE,DNA_TREND_01,DNA_TREND_02,MARUBOZU_BULL","DEFENSE_03,SIGNAL_EXIT,TRAIL_ENERGY, SCALE_OUT_10, SCALE_OUT_20,TRAIL_ENERGY,SCALE_OUT_10"
2020-06-19 02:00:00,2020-06-19 20:00:00,LONG,9325.944816,9305.498528,12.075768324905026,0.4370405810371518,18,0.7053996704670218,-0.5542046089670862,50.90171625000001,"BOS_RETEST_SHORT,EARLY_WAVE_LONG,ANTI_FIBO,DNA_TREND_01,DNA_TREND_02,ENERGY_RECOVER,BULL_STRUCTURE,MOMENTUM_START","SIGNAL_EXIT,DEFENSE_03,SCALE_OUT_10"
2020-06-20 11:00:00,2020-06-21 00:00:00,LONG,9293.70837,9357.078210000001,20.133380586671166,0.7279353802060418,13,0.8746952966848874,-0.36506815847073576,52.5632625,"FIB_786_LONG,WAVE_ACCELERATION,EARLY_EXHAUSTION_BUY,DNA_ACCUMULATION_01,TREND_Q1,TREND_Q2,BEAR_STRUCTURE,MOMENTUM_MIDDLE","SIGNAL_EXIT,SCALE_OUT_10"
2020-06-21 12:00:00,2020-06-22 05:00:00,LONG,9360.3717,9409.407742000001,5.735563590048836,0.10350848536081422,17,0.5417338287965663,-0.7016996985279889,100.0,"PRESSURE_EXHAUSTION,DELTA_EXHAUSTION,DNA_ACCUMULATION_01,HAMMER_BUY,HIGHER_HIGH_CONTINUE,BULL_STRUCTURE,MOMENTUM_START,TRIPLE_CONFIRMATION",SIGNAL_EXIT
2020-06-22 06:00:00,2020-06-22 18:00:00,LONG,9416.552934,9585.282560000001,48.5316348029567,1.7511239423995588,12,1.812309315267741,-0.0056595444610594865,100.0,"LATE_WAVE_EXIT,WAVE_ACCELERATION,STRONG_WAVE,ANTI_LATE_WAVE,EMERGENCY_EXIT_04,ENERGY_RECOVER,STRUCTURE_FAILURE_SHORT,CONFLUENCE_02",SIGNAL_EXIT
2020-06-23 02:00:00,2020-06-23 18:00:00,LONG,9648.749364,9662.597094,-0.9555218108054833,-0.03433038730602247,16,0.4481475719675503,-0.6323033348511338,68.13121875,"EARLY_WAVE_LONG,ENERGY_RECOVER,BULL_STRUCTURE,MOMENTUM_START,TRIPLE_CONFIRMATION,CASCADE_03,CASCADE_05,CASCADE_08",SIGNAL_EXIT
2020-06-23 22:00:00,2020-06-24 07:00:00,LONG,9641.958006,9524.875129780763,-34.891246588725515,-1.2538202945493104,9,0.20516573488174378,-0.32325390735579473,51.528014999999996,"FIB_382_SHORT,WAVE_ACCELERATION,TREND_Q1,TREND_Q2,TREND_Q3,HIGHER_HIGH_CONTINUE,BULL_STRUCTURE,MOMENTUM_START",STOP_LOSS
2020-06-24 08:00:00,2020-06-24 10:00:00,LONG,9514.722564,9390.185050416107,-37.400980453568835,-1.3483691903899802,2,0.10402232890582798,0.0,56.63560959000001,"BOS_CONTINUE_SHORT,EARLY_WAVE_LONG,FAILED_WAVE,ANTI_FIBO,EMERGENCY_EXIT_04,DNA_TREND_01,DNA_TREND_02,MARUBOZU_BULL",STOP_LOSS
2020-06-26 07:00:00,2020-06-26 14:00:00,LONG,9213.582348,9055.59708538867,-48.4838541332911,-1.754013752105504,7,0.04002408466888026,-0.8493151202690046,72.71950959000002,"FIB_236_SHORT,EARLY_WAVE_LONG,SWING_REVERSAL_BUY,TREND_Q1,TREND_Q2,BULL_STRUCTURE,MOMENTUM_START,BARRIER_L1",STOP_LOSS
2020-06-26 15:00:00,2020-06-27 05:00:00,LONG,9091.077852,9157.808072,18.749240892807542,0.6813523433586365,14,1.129042668768018,0.0,73.58171625000001,"EARLY_WAVE_LONG,ANTI_FIBO,ENERGY_RECOVER,TREND_Q1,TREND_Q2,BULL_STRUCTURE,MOMENTUM_START,TRIPLE_CONFIRMATION","SIGNAL_EXIT,SCALE_OUT_10,SCALE_OUT_10, DEFENSE_03"
2020-06-27 07:00:00,2020-06-27 17:00:00,LONG,9186.796992,9053.571084629248,-82.11262572368156,-1.4896087931819142,10,0.0,-0.9294533456476289,100.0,"FIB_786_LONG,WAVE_ACCELERATION,TREND_Q1,TREND_Q2,TREND_Q3,MULTI_SWING_BUY_01,HIGHER_LOW,BULL_STRUCTURE",STOP_LOSS
2020-06-27 18:00:00,2020-06-27 19:00:00,LONG,9082.116059999998,8949.195448062386,-41.107396683431155,-1.5029569013990025,1,0.06225355371644489,0.0,73.58171625000001,"EARLY_WAVE_LONG,ANTI_FIBO,ENERGY_RECOVER,TREND_Q1,TREND_Q2,TREND_Q3,TREND_Q4,BULL_STRUCTURE",STOP_LOSS
2020-06-27 21:00:00,2020-06-28 12:00:00,LONG,8954.99064,9050.98944,28.1060803169897,1.0315857150242582,12,1.340251093774457,0.0,73.58171625000001,"EARLY_WAVE_LONG,ANTI_FIBO,EMERGENCY_EXIT_01,ENERGY_RECOVER,TREND_Q1,TREND_Q2,TREND_Q3,BULL_STRUCTURE","TRAIL_ENERGY, SCALE_OUT_10, SCALE_OUT_20, DEFENSE_03"
2020-06-29 04:00:00,2020-06-29 17:00:00,LONG,9098.829402,9121.265382,5.679862549002863,0.20795415126435005,13,0.39676090632126465,-0.5518226552193861,86.13670218489001,"FIB_236_SHORT,EARLY_WAVE_LONG,SWING_REVERSAL_BUY,HIGHER_LOW,BULL_STRUCTURE,MOMENTUM_START,BARRIER_L1,TRIPLE_CONFIRMATION","SIGNAL_EXIT,DEFENSE_03, DEFENSE_04"
2020-06-30 11:00:00,2020-07-01 02:00:00,LONG,9153.970427999999,9123.175000000001,-7.9847220423624545,-0.29221819585736514,15,0.29757111642703693,-0.35176460589717656,70.54957,"FIB_382_LONG,WAVE_ACCELERATION,PRESSURE_EXHAUSTION,DELTA_EXHAUSTION,BULL_STRUCTURE,MOMENTUM_END,TRIPLE_CONFIRMATION,FIVE_CONFIRMATION","SIGNAL_EXIT,DEFENSE_03"
2020-07-01 06:00:00,2020-07-01 18:00:00,LONG,9144.438522,9277.1442,38.512962213211175,1.410636858782091,12,1.5371252992934674,-0.10605924001421804,94.21602868125,"WAVE_ACCELERATION,ANTI_MOMENTUM,EARLY_EXHAUSTION_BUY,EARLY_EXHAUSTION_SELL,DNA_ACCUMULATION_01,HIGHER_LOW,BULL_STRUCTURE,MOMENTUM_MIDDLE","TRAIL_ENERGY, SCALE_OUT_10, SCALE_OUT_20"
2020-07-02 06:00:00,2020-07-02 15:00:00,LONG,9211.521936,9118.545908606002,-28.736140130678706,-1.048941167689358,9,0.3842802985862736,-0.17936163117007844,71.77450959000001,"BOS_CONTINUE_SHORT,EARLY_WAVE_LONG,SWING_REVERSAL_BUY,ENERGY_RECOVER,BULL_STRUCTURE,MOMENTUM_START,BARRIER_L1,TRIPLE_CONFIRMATION",STOP_LOSS
2020-07-03 16:00:00,2020-07-04 04:00:00,LONG,9102.200076,9083.143008,-6.810636947024193,-0.2492839644673185,12,0.0,-0.48274126731027217,71.163365,"FIB_786_LONG,WAVE_ACCELERATION,TREND_Q1,BULL_STRUCTURE,MOMENTUM_START,TRIPLE_CONFIRMATION,FIVE_CONFIRMATION,CASCADE_03","DEFENSE_03, DEFENSE_04"
2020-07-04 16:00:00,2020-07-05 09:00:00,LONG,9067.8132,9004.444529713535,13.778364501796327,0.5046827747230516,17,1.124160784432563,-0.09719212124926113,72.2469864375,"FIB_382_LONG,EARLY_EXHAUSTION_BUY,HIDDEN_EXHAUSTION,PRESSURE_EXHAUSTION,DELTA_EXHAUSTION,DNA_ACCUMULATION_01,HAMMER_BUY,TREND_Q1","SCALE_OUT_10,SIGNAL_EXIT,STOP_LOSS"
2020-07-05 11:00:00,2020-07-05 21:00:00,LONG,9033.176274000001,8944.13191710421,-28.025742817361113,-1.0253537277826008,10,0.103105770522889,-0.23442777332877365,74.53782,"LATE_WAVE_EXIT,STRONG_WAVE,ANTI_LATE_WAVE,SWING_REVERSAL_BUY,ENERGY_RECOVER,TREND_Q1,TREND_Q2,BULL_STRUCTURE",STOP_LOSS
2020-07-05 23:00:00,2020-07-06 11:00:00,LONG,9074.384514,9190.81147,33.87091945800099,1.2425154702013013,12,1.6595669465809038,-0.10782564905535406,56.11808124999999,"BOS_CONTINUE_LONG,EARLY_WAVE_LONG,FAILED_WAVE,EMERGENCY_EXIT_01,EMERGENCY_EXIT_04,ENERGY_RECOVER,STRUCTURE_FAILURE_SHORT,CONFLUENCE_02","TRAIL_ENERGY, SCALE_OUT_10, SCALE_OUT_20"
2020-07-07 07:00:00,2020-07-08 00:00:00,LONG,9273.224274,9255.54852,-5.736792045408984,-0.20981680519703075,17,0.091507826719893,-0.48466717370368106,90.93140021875,"WAVE_ACCELERATION,STRONG_WAVE,DNA_ACCUMULATION_01,HAMMER_BUY,BULL_STRUCTURE,MOMENTUM_START,TRIPLE_CONFIRMATION,FIVE_CONFIRMATION","DEFENSE_03,SIGNAL_EXIT,DEFENSE_03, DEFENSE_04"
2020-07-08 09:00:00,2020-07-08 22:00:00,LONG,9286.726974000001,9428.114,40.742846803117565,1.491055652395869,13,1.6288087980134334,-0.03453287696493259,57.4794100125,"FIB_236_SHORT,FIB_382_SHORT,TREND_RESUME_01,ENERGY_RECOVER,TREND_Q1,HIGHER_HIGH_CONTINUE,BULL_STRUCTURE,MOMENTUM_START","SIGNAL_EXIT,TRAIL_ENERGY, SCALE_OUT_10, SCALE_OUT_20"
2020-07-08 23:00:00,2020-07-09 10:00:00,LONG,9450.769776,9345.635648674188,-94.77677454974587,-1.1519948550832306,11,0.0,-0.7321073059646952,100.0,"EARLY_WAVE_LONG,TREND_RESUME_01,TREND_RESUME_02,TREND_RESUME_03,ENERGY_RECOVER,CONFLUENCE_02,CONFLUENCE_03,TREND_Q1",STOP_LOSS
2020-07-09 11:00:00,2020-07-09 14:00:00,LONG,9366.412908,9270.74707500406,-28.835676432054616,-1.0609625349856782,3,0.5999852083394863,0.0,94.21825959000002,"EARLY_WAVE_LONG,SWING_REVERSAL_BUY,ENERGY_RECOVER,TREND_Q1,TREND_Q2,TREND_Q3,TREND_Q4,BULL_STRUCTURE",STOP_LOSS
2020-07-17 06:00:00,2020-07-18 07:00:00,LONG,9104.210477999999,9131.653304,13.964662188662118,0.5152254912188193,25,0.6649618014246546,0.0,72.71950959000002,"FIB_236_SHORT,EARLY_WAVE_LONG,SWING_REVERSAL_BUY,TREND_Q1,TREND_Q2,BULL_STRUCTURE,MOMENTUM_START,BARRIER_L1","SIGNAL_EXIT,SCALE_OUT_10,SCALE_OUT_10, DEFENSE_03,DEFENSE_03"
2020-07-18 15:00:00,2020-07-19 08:00:00,LONG,9165.492731999999,9152.959042,-9.538244014489024,-0.17574771100757483,17,0.1910128403558392,-0.2367874006841548,100.0,"WAVE_ACCELERATION,STRONG_WAVE,EARLY_EXHAUSTION_BUY,HIDDEN_EXHAUSTION,PRESSURE_EXHAUSTION,DELTA_EXHAUSTION,DNA_ACCUMULATION_01,HAMMER_BUY",SIGNAL_EXIT
2020-07-19 09:00:00,2020-07-19 10:00:00,LONG,9157.561146,9111.786547966063,-14.628401985954177,-0.5396558304686779,1,0.0,-0.040088686730791176,72.71950959000002,"FIB_236_SHORT,EARLY_WAVE_LONG,WAVE_ACCELERATION,SWING_REVERSAL_BUY,ENERGY_RECOVER,TREND_Q1,TREND_Q2,BULL_STRUCTURE",STOP_LOSS
2020-07-19 11:00:00,2020-07-20 00:00:00,LONG,9126.754986,9207.148202,19.30768960969332,0.7133129451800134,13,0.9010323398200608,-0.07521825676849062,52.786965,"BOS_RETEST_SHORT,EARLY_WAVE_LONG,ANTI_FIBO,ENERGY_WALL,ENERGY_RECOVER,CONFLUENCE_02,TREND_Q1,TREND_Q2",SIGNAL_EXIT
2020-07-20 07:00:00,2020-07-21 02:00:00,LONG,9182.426118,9176.724288,-5.858426168307947,-0.2160729157871056,19,0.10491652071248482,-0.37763568750120385,50.84715999999999,"FIB_382_SHORT,WAVE_ACCELERATION,MARUBOZU_BULL,BULL_STRUCTURE,MOMENTUM_START,TRIPLE_CONFIRMATION,FIVE_CONFIRMATION,CASCADE_03","SIGNAL_EXIT,DEFENSE_03,DEFENSE_03, DEFENSE_04"
2020-07-22 11:00:00,2020-07-23 00:00:00,LONG,9339.8676,9516.256368,46.11881697260603,1.7020630609710223,13,1.9089392659056565,-0.12556494912197863,52.24621499999999,"FIB_786_LONG,FAILED_BOS_SHORT,ANTI_BOS,EARLY_EXHAUSTION_BUY,MAJOR_STRUCTURE_FAILURE,TREND_Q1,TREND_Q2,BEAR_STRUCTURE",SIGNAL_EXIT
2020-07-23 04:00:00,2020-07-23 16:00:00,LONG,9493.8984,9523.095,7.275725926830695,0.267407138041411,12,0.3274903384262016,-0.04811932682995755,50.81926500000001,"ANTI_MOMENTUM,EARLY_EXHAUSTION_SELL,HIDDEN_EXHAUSTION,TREND_Q1,TREND_Q2,TREND_Q3,TREND_Q4,MULTI_SWING_SELL_01",SIGNAL_EXIT
2020-07-23 17:00:00,2020-07-24 06:00:00,LONG,9620.67375,9496.928065504739,-72.18322178693195,-1.3257330935004747,13,0.0,-0.8877106969769085,100.0,"EARLY_WAVE_LONG,TREND_RESUME_02,TREND_RESUME_03,DNA_TREND_01,DNA_TREND_02,MARUBOZU_BULL,ENERGY_RECOVER,CONFLUENCE_02",STOP_LOSS
2020-07-24 10:00:00,2020-07-25 05:00:00,LONG,9528.195258000002,9583.003016,4.462974502498584,0.16506312400361728,19,0.9140738580779333,-0.2542481272060662,51.85782,"STRONG_WAVE,EARLY_EXHAUSTION_BUY,MARUBOZU_BULL,MARUBOZU_BEAR,TREND_Q1,TREND_Q2,TREND_Q3,TREND_Q4","SIGNAL_EXIT,DEFENSE_03,SCALE_OUT_10"
2020-07-25 17:00:00,2020-07-26 09:00:00,LONG,9617.453106,9768.105988,15.954406216226584,0.589889323403804,16,1.5865623915005758,0.0,92.00809081883122,"EARLY_WAVE_LONG,TREND_RESUME_01,TREND_RESUME_02,TREND_RESUME_03,ENERGY_RECOVER,CONFLUENCE_02,CONFLUENCE_03,TREND_Q1","SCALE_OUT_10,SIGNAL_EXIT,DEFENSE_03"
2020-07-26 11:00:00,2020-07-26 12:00:00,LONG,10006.010802,9846.43402877785,-88.51854822875222,-1.6341712003846522,1,0.0,-0.3511969224835931,100.0,"LATE_WAVE_EXIT,STRONG_WAVE,ANTI_LATE_WAVE,TREND_RESUME_04,DNA_TREND_02,ENERGY_WALL,ENERGY_EXTREME,ENERGY_RECOVER",STOP_LOSS
2020-07-26 16:00:00,2020-07-27 05:00:00,LONG,9963.822366,10205.318528000002,72.37609398174534,2.6948780971292625,13,2.8605250428046403,-0.9817754914399518,93.7905625125,"EARLY_EXHAUSTION_BUY,HIDDEN_EXHAUSTION,DNA_ACCUMULATION_01,TREND_Q1,TREND_Q2,TREND_Q3,TREND_Q4,HIGHER_HIGH_CONTINUE","PYRAMID_LEVEL2,TRAIL_ENERGY, TRAIL_DELTA, SCALE_OUT_20, PYRAMID_LEVEL2"
2020-07-27 11:00:00,2020-07-28 01:00:00,LONG,10750.580327534859,11152.96896,494.8590418529542,3.661616429488183,14,4.48138469159602,-0.04806384611485203,50.81926500000001,"TREND_Q1,TREND_Q2,TREND_Q3,TREND_Q4,MULTI_SWING_SELL_01,HIGHER_HIGH_CONTINUE,BULL_STRUCTURE,MOMENTUM_END,PYRAMID_LEVEL2,PYRAMID_LEVEL3,SCALE_OUT_30,TRAIL_ENERGY,TRAIL_DELTA,SCALE_OUT_10,SCALE_OUT_20","TRAIL_DELTA, SCALE_OUT_30, PYRAMID_LEVEL2, PYRAMID_LEVEL3,TRAIL_DELTA, PYRAMID_LEVEL2,TRAIL_ENERGY, TRAIL_DELTA, SCALE_OUT_10, SCALE_OUT_20, PYRAMID_LEVEL2, PYRAMID_LEVEL3"
2020-07-28 03:00:00,2020-07-28 18:00:00,LONG,10976.524866,10934.452672,43.35153086924064,1.5340898223395498,15,1.753516129646786,-2.282734007883772,51.85782,"HIDDEN_EXHAUSTION,MARUBOZU_BULL,MARUBOZU_BEAR,TREND_Q1,TREND_Q2,TREND_Q3,TREND_Q4,BULL_STRUCTURE","TRAIL_ENERGY, SCALE_OUT_10,SIGNAL_EXIT"
2020-07-28 22:00:00,2020-07-29 11:00:00,LONG,10996.1988,11048.319894,8.401547922864754,0.296200982026624,13,1.1942417774404035,-1.1926739629334535,71.81819127,"FIB_382_LONG,TREND_RESUME_02,TREND_RESUME_03,TREND_Q1,TREND_Q2,TREND_Q3,TREND_Q4,BEAR_STRUCTURE",SIGNAL_EXIT
2020-07-29 22:00:00,2020-07-30 00:00:00,LONG,11290.557659999999,10971.593762189808,-243.85576361451695,-2.8639199679271305,2,0.0,-1.6830670877597549,100.0,"EARLY_WAVE_LONG,TREND_RESUME_01,TREND_RESUME_02,TREND_RESUME_03,ENERGY_RECOVER,CONFLUENCE_02,CONFLUENCE_03,TREND_Q1",STOP_LOSS
2020-07-30 03:00:00,2020-07-30 15:00:00,LONG,10979.975556000001,10964.916578,-4.916918780044001,-0.17709460765215693,12,0.4161616186388424,-0.4913085254595313,50.81926500000001,"WAVE_ACCELERATION,STRONG_WAVE,HIDDEN_EXHAUSTION,TREND_Q1,TREND_Q2,TREND_Q3,TREND_Q4,MULTI_SWING_SELL_01",SIGNAL_EXIT
2020-07-30 19:00:00,2020-07-31 12:00:00,LONG,11091.917940000001,11216.616228,9.191582956420127,0.33123665154972,17,1.144455455645026,-1.0353298737080383,73.9004175,"STRONG_WAVE,DNA_TREND_01,DNA_TREND_02,ENERGY_RECOVER,TREND_Q1,TREND_Q2,TREND_Q3,TREND_Q4","SIGNAL_EXIT,TRAIL_ENERGY"
2020-07-31 15:00:00,2020-08-01 04:00:00,LONG,11247.078966,11363.886768,23.862445364771016,0.859304192092585,13,1.1618219663525113,-0.06489654800204835,80.05913999999999,"LATE_WAVE_EXIT,WAVE_ACCELERATION,STRONG_WAVE,ANTI_LATE_WAVE,EMERGENCY_EXIT_05,DNA_TREND_01,DNA_TREND_02,MARUBOZU_BULL","SIGNAL_EXIT,TRAIL_ENERGY, SCALE_OUT_10"
2020-08-01 05:00:00,2020-08-01 18:00:00,LONG,11503.780014272335,11730.273476,64.02872069636636,1.2783947161038198,13,2.243822793482484,0.0,94.003295596875,"EARLY_WAVE_LONG,TREND_RESUME_01,ENERGY_RECOVER,TREND_Q1,TREND_Q2,TREND_Q3,TREND_Q4,BULL_STRUCTURE,SCALE_OUT_30,PYRAMID_LEVEL2","TRAIL_ENERGY, SCALE_OUT_10,DEFENSE_03"
2020-08-01 19:00:00,2020-08-02 04:00:00,LONG,11789.217245563914,11369.328061231436,-181.32239091547578,-3.6002128616018108,9,2.3569376969013835,0.0,51.6929175,"FIB_786_SHORT,WAVE_ACCELERATION,ENERGY_RECOVER,TREND_Q1,TREND_Q2,TREND_Q3,TREND_Q4,HIGHER_LOW,SCALE_OUT_30,PYRAMID_LEVEL2",STOP_LOSS
2020-08-02 06:00:00,2020-08-02 20:00:00,LONG,11254.010352,11200.559439999999,-10.408894340864439,-0.18909380457800049,14,0.6199536504567215,-2.290386661624064,100.0,"EARLY_WAVE_LONG,ANTI_FIBO,TREND_RESUME_02,TREND_RESUME_03,EMERGENCY_EXIT_01,EMERGENCY_EXIT_04,EMERGENCY_EXIT_05,ENERGY_RECOVER",SIGNAL_EXIT
2020-08-02 21:00:00,2020-08-03 13:00:00,LONG,11090.197596,11215.7564,21.674566328955883,0.7884077201676709,16,1.2708736952607083,-0.16994824336400952,68.13121875,"EARLY_WAVE_LONG,BULL_STRUCTURE,MOMENTUM_START,RESISTANCE_MAJOR,TRIPLE_CONFIRMATION,CASCADE_03,CASCADE_05,CASCADE_08","DEFENSE_03,SIGNAL_EXIT,TRAIL_ENERGY, SCALE_OUT_10"
2020-08-03 16:00:00,2020-08-04 06:00:00,LONG,11384.646474000001,11275.574434,-27.395070002282026,-0.9946288495159201,14,0.2848004641518451,-1.6984846603854267,85.38143847408001,"BOS_RETEST_LONG,LATE_WAVE_EXIT,WAVE_ACCELERATION,STRONG_WAVE,ANTI_LATE_WAVE,MARUBOZU_BULL,MARUBOZU_BEAR,TREND_Q1",SIGNAL_EXIT
2020-08-04 12:00:00,2020-08-05 03:00:00,LONG,11120.133582,11189.391673999999,15.489081446974424,0.5638181992254757,15,1.1563387890244405,0.0,71.77450959000001,"BOS_CONTINUE_SHORT,EARLY_WAVE_LONG,SWING_REVERSAL_BUY,EMERGENCY_EXIT_04,ENERGY_WALL,ENERGY_RECOVER,STRUCTURE_FAILURE_LONG,BULL_STRUCTURE","SCALE_OUT_10,SIGNAL_EXIT,DEFENSE_03,SCALE_OUT_10, DEFENSE_03"
2020-08-05 04:00:00,2020-08-05 16:00:00,LONG,11242.808111999999,11659.677598,100.8542106334468,3.6663937590541473,12,3.722307486092586,0.0,57.37148675999998,"EARLY_EXHAUSTION_BUY,HIDDEN_EXHAUSTION,SWING_REVERSAL,TREND_RESUME_02,TREND_RESUME_03,MARUBOZU_BULL,MARUBOZU_BEAR,BEAR_STRUCTURE","TRAIL_ENERGY, TRAIL_DELTA, TRAIL_WAVE, SCALE_OUT_20"
2020-08-06 00:00:00,2020-08-06 12:00:00,LONG,11747.258982,11690.151502,-14.598584405119489,-0.5259400571270965,12,0.0,-1.1907371942197995,51.85782,"LATE_WAVE_EXIT,STRONG_WAVE,ANTI_LATE_WAVE,EMERGENCY_EXIT_01,DNA_TREND_01,DNA_TREND_02,MARUBOZU_BULL,MARUBOZU_BEAR",SIGNAL_EXIT
2020-08-07 02:00:00,2020-08-07 14:00:00,LONG,11825.274582,11583.816146773901,-39.89735858360572,-1.4394100969316868,12,0.2682002669796423,-0.7382034251693154,94.00218014250001,"TREND_RESUME_02,TREND_RESUME_03,TREND_Q1,TREND_Q2,TREND_Q3,TREND_Q4,BULL_STRUCTURE,MOMENTUM_END","SIGNAL_EXIT,STOP_LOSS"
2020-08-08 10:00:00,2020-08-09 01:00:00,LONG,11744.478426,11750.639402,0.902603822067047,0.032684872544464304,15,0.2643078123527456,-0.5464561615432985,76.035623946625,"BOS_CONTINUE_LONG,EARLY_WAVE_LONG,TREND_RESUME_01,DNA_TREND_01,DNA_TREND_02,MARUBOZU_BULL,MARUBOZU_BEAR,ENERGY_RECOVER",SIGNAL_EXIT
2020-08-09 02:00:00,2020-08-09 15:00:00,LONG,11699.469426,11570.705396000001,-26.499638708773993,-0.9596160935135947,13,0.26540155685176947,-1.0808133377312628,73.263015,"FIB_382_LONG,TREND_Q1,TREND_Q2,TREND_Q3,TREND_Q4,BULL_STRUCTURE,MOMENTUM_START,RESISTANCE_MAJOR",SIGNAL_EXIT
2020-08-09 19:00:00,2020-08-10 07:00:00,LONG,11737.895226299119,11985.492422,79.76919271947447,2.068539495803923,12,3.091891656616932,-0.06605730048987672,78.50904113499998,"FIB_786_LONG,FAILED_BOS_SHORT,ANTI_BOS,DNA_TREND_01,DNA_TREND_02,ENERGY_RECOVER,CONFLUENCE_02,CONFLUENCE_03,TRAIL_WAVE,PYRAMID_LEVEL3","TRAIL_ENERGY, TRAIL_DELTA, SCALE_OUT_10, SCALE_OUT_20, PYRAMID_LEVEL2"
2020-08-10 08:00:00,2020-08-10 10:00:00,LONG,11971.283777999999,11773.570676847714,-46.90793710327865,-1.69090076867965,2,0.04382338684212571,-0.012979209488417083,50.81926500000001,"ANTI_MOMENTUM,EARLY_EXHAUSTION_SELL,HIDDEN_EXHAUSTION,TREND_Q1,TREND_Q2,TREND_Q3,TREND_Q4,MULTI_SWING_SELL_01",STOP_LOSS
2020-08-10 13:00:00,2020-08-11 07:00:00,LONG,11872.934111999999,11749.419646,-6.959795951281254,-0.25197164656306487,18,0.46370920179162517,-1.0203384509441311,78.689905,"FIB_382_LONG,DNA_TREND_02,ENERGY_RECOVER,CONFLUENCE_02,CONFLUENCE_03,TREND_Q1,TREND_Q2,TREND_Q3",SIGNAL_EXIT
2020-08-14 13:00:00,2020-08-15 02:00:00,LONG,11741.3478,11919.375648000001,40.19964826020527,1.4564465125579646,13,1.536639601119736,-0.2950070178484997,68.4263125,"WAVE_ACCELERATION,HIGHER_LOW,BULL_STRUCTURE,MOMENTUM_START,TRIPLE_CONFIRMATION,CASCADE_03,CASCADE_05,CASCADE_08",SIGNAL_EXIT
2020-08-15 03:00:00,2020-08-15 12:00:00,LONG,11891.367798,11677.710169726843,-50.85596801962162,-1.836026906658862,9,0.03954298681091386,-0.406578947193362,73.9004175,"LATE_WAVE_EXIT,WAVE_ACCELERATION,ANTI_LATE_WAVE,TREND_Q1,HIGHER_LOW,BULL_STRUCTURE,MOMENTUM_START,BARRIER_L1",STOP_LOSS
2020-08-16 03:00:00,2020-08-16 17:00:00,LONG,11871.453816,11862.307064,-3.779591150466116,-0.1370956267754171,14,0.48465996576135356,-1.017599174224001,71.13073306499999,"PRESSURE_EXHAUSTION,DELTA_EXHAUSTION,EMERGENCY_EXIT_01,TREND_Q1,TREND_Q2,MULTI_SWING_SELL_01,HIGHER_LOW,HIGHER_HIGH_CONTINUE","SIGNAL_EXIT,DEFENSE_03, DEFENSE_04"
2020-08-16 23:00:00,2020-08-17 12:00:00,LONG,11909.541432,11906.288266,-1.8547026930549753,-0.06730470146283649,13,0.012247054249133022,-0.9196947894710492,72.0309301425,"EARLY_WAVE_LONG,TREND_RESUME_02,TREND_RESUME_03,TREND_Q1,TREND_Q2,BEAR_STRUCTURE,MOMENTUM_START,BARRIER_L1",SIGNAL_EXIT
2020-08-17 13:00:00,2020-08-18 01:00:00,LONG,12032.981539581422,12334.512604,95.06527098524035,2.4648692296364554,12,4.529675249877096,0.0,79.3745225,"FIB_786_LONG,ENERGY_RECOVER,CONFLUENCE_02,CONFLUENCE_03,TREND_Q1,TREND_Q2,BULL_STRUCTURE,MOMENTUM_START,TRAIL_WAVE,PYRAMID_LEVEL3",TRAIL_DELTA
2020-08-18 05:00:00,2020-08-18 14:00:00,LONG,12248.719254,12001.389859272844,-57.18950749194325,-2.058418888068875,9,0.2190493997259155,-0.7688906247830208,71.00229093489,"FIB_236_SHORT,EARLY_WAVE_LONG,SWING_REVERSAL_BUY,TREND_Q1,TREND_Q2,TREND_Q3,TREND_Q4,HIGHER_LOW",STOP_LOSS
2020-08-18 15:00:00,2020-08-19 05:00:00,LONG,11943.758274,11751.819166000001,-22.447716401860234,-0.8122204038772013,14,0.9800242378883873,-1.5863371449206787,73.58171625000001,"EARLY_WAVE_LONG,ANTI_FIBO,EMERGENCY_EXIT_04,ENERGY_RECOVER,STRUCTURE_FAILURE_LONG,TREND_Q1,TREND_Q2,TREND_Q3","DEFENSE_03,SIGNAL_EXIT"
2020-08-22 02:00:00,2020-08-22 22:00:00,LONG,11455.860713999999,11664.676598,66.00060956988028,1.1965916085047767,20,1.8432424352187522,-0.28833026888701946,100.0,"EARLY_WAVE_LONG,ANTI_FIBO,ENERGY_RECOVER,CONFLUENCE_02,CONFLUENCE_03,BULL_STRUCTURE,BUY_LIQUIDITY_GRAB,MOMENTUM_START","TRAIL_ENERGY, SCALE_OUT_10, SCALE_OUT_20, DEFENSE_03,SIGNAL_EXIT,TRAIL_ENERGY, SCALE_OUT_10, SCALE_OUT_20,TRAIL_ENERGY, SCALE_OUT_10, DEFENSE_03,TRAIL_ENERGY, SCALE_OUT_10"
2020-08-23 01:00:00,2020-08-23 15:00:00,LONG,11647.539041999999,11617.755984,-16.924553190271975,-0.6101560773493249,14,0.0,-1.0389236864856166,50.42921625000001,"EARLY_WAVE_LONG,EMERGENCY_EXIT_04,ENERGY_RECOVER,STRUCTURE_FAILURE_SHORT,BULL_STRUCTURE,SELL_LIQUIDITY_GRAB,MOMENTUM_START,TRIPLE_CONFIRMATION",SIGNAL_EXIT
2020-08-23 16:00:00,2020-08-24 07:00:00,LONG,11655.590652,11750.369456,4.616111180439386,0.16668881605639965,15,0.8333284078000113,-0.21998586571501055,70.85646750000001,"EARLY_WAVE_LONG,FAILED_WAVE,TREND_Q1,TREND_Q2,BULL_STRUCTURE,MOMENTUM_START,TRIPLE_CONFIRMATION,FIVE_CONFIRMATION",SIGNAL_EXIT
2020-08-24 09:00:00,2020-08-25 03:00:00,LONG,11783.316191999998,11659.667260385404,-10.0317684858921,-0.3621347270040173,18,0.08260669442622103,-0.8759519842985645,80.05913999999999,"BOS_RETEST_LONG,LATE_WAVE_EXIT,STRONG_WAVE,ANTI_LATE_WAVE,EMERGENCY_EXIT_04,ENERGY_RECOVER,STRUCTURE_FAILURE_SHORT,CONFLUENCE_02","SIGNAL_EXIT,STOP_LOSS"
2020-08-26 15:00:00,2020-08-27 14:00:00,LONG,11442.53805,11398.479848,-18.140637491078305,-0.6555141175112142,23,0.5353877761411514,-1.1582050190342081,56.11808124999999,"BOS_CONTINUE_LONG,EARLY_WAVE_LONG,EMERGENCY_EXIT_04,ENERGY_RECOVER,STRUCTURE_FAILURE_SHORT,CONFLUENCE_02,CONFLUENCE_03,TREND_Q1","SIGNAL_EXIT,DEFENSE_03"
2020-08-27 15:00:00,2020-08-28 14:00:00,LONG,11312.71209,11458.347872,15.280549966648021,0.5531262786726892,23,1.4079551281146312,-1.0727939421995891,71.77450959000001,"BOS_CONTINUE_SHORT,EARLY_WAVE_LONG,PRESSURE_EXHAUSTION,SWING_REVERSAL_BUY,EMERGENCY_EXIT_05,ENERGY_RECOVER,TREND_Q1,TREND_Q2","SCALE_OUT_10,SIGNAL_EXIT,TRAIL_ENERGY, SCALE_OUT_10,TRAIL_ENERGY, SCALE_OUT_10, SCALE_OUT_20"
2020-08-29 04:00:00,2020-08-30 02:00:00,LONG,11503.910322,11619.185698000001,-0.04999500743661578,-0.001807403759264578,22,1.022171372243076,-0.5705913916459274,50.233365,"FIB_382_SHORT,HIDDEN_EXHAUSTION,HIGHER_LOW,BULL_STRUCTURE,MOMENTUM_MIDDLE,BARRIER_L1,TRIPLE_CONFIRMATION,FIVE_CONFIRMATION","SIGNAL_EXIT,DEFENSE_03"
2020-08-31 06:00:00,2020-09-01 00:00:00,LONG,11670.383609999999,11552.771181662803,6.052513106045308,0.21883141906182912,18,0.6150302543482622,-0.7730989230096019,86.24289274999998,"FIB_382_LONG,HIGHER_HIGH_CONTINUE,BULL_STRUCTURE,MOMENTUM_START,TRIPLE_CONFIRMATION,CASCADE_03,CASCADE_05,CASCADE_08","SIGNAL_EXIT,DEFENSE_03,STOP_LOSS"
2020-09-01 07:00:00,2020-09-01 19:00:00,LONG,11864.192363999999,11981.163288,26.163236751319925,0.9455212393992258,12,1.4761867527656458,0.0,56.79559374999998,"BOS_CONTINUE_LONG,LATE_WAVE_EXIT,STRONG_WAVE,ANTI_LATE_WAVE,DNA_TREND_01,DNA_TREND_02,ENERGY_RECOVER,CONFLUENCE_02","TRAIL_ENERGY, SCALE_OUT_10, SCALE_OUT_20"
2020-09-01 22:00:00,2020-09-02 03:00:00,LONG,12018.543227999999,11833.115006734512,-43.88063646137205,-1.5822339168790058,5,0.0,-1.3357960690774549,71.1509036175,"EARLY_WAVE_LONG,HIST200_SELL,TREND_Q1,TREND_Q2,TREND_Q3,HIGHER_HIGH_CONTINUE,BULL_STRUCTURE,MOMENTUM_START",STOP_LOSS
2020-09-03 14:00:00,2020-09-03 15:00:00,LONG,10919.213406,10583.406872412394,-86.01532805757151,-3.114142783854042,1,0.0,-0.6530086311970089,73.263015,"LATE_WAVE_EXIT,STRONG_WAVE,ANTI_FIBO,ANTI_LATE_WAVE,EMERGENCY_EXIT_01,HIGHER_HIGH_CONTINUE,BULL_STRUCTURE,MOMENTUM_START",STOP_LOSS
2020-09-04 13:00:00,2020-09-04 14:00:00,LONG,10466.562893999999,10105.535418334384,-95.58084768974314,-3.4879615546210103,1,0.0,-0.895354998093211,73.9004175,"STRONG_WAVE,ANTI_MOMENTUM,EARLY_EXHAUSTION_SELL,TREND_Q1,TREND_Q2,TREND_Q3,TREND_Q4,HIGHER_LOW",STOP_LOSS
2020-09-05 03:00:00,2020-09-05 12:00:00,LONG,10434.616506,10088.717883432597,-91.08807954295085,-3.3535886011676723,9,0.43934047766526346,-2.002531725817126,51.76426499999999,"FIB_236_SHORT,PRESSURE_EXHAUSTION,DELTA_EXHAUSTION,TREND_Q1,TREND_Q2,TREND_Q3,TREND_Q4,HIGHER_HIGH_CONTINUE",STOP_LOSS
2020-09-05 18:00:00,2020-09-06 08:00:00,LONG,10131.815958000001,10228.313928000001,4.458104685291401,0.16553840342073098,14,0.9727184387136668,-1.7287716113881781,52.40166750000001,"FIB_236_SHORT,ENERGY_RECOVER,TREND_Q1,TREND_Q2,TREND_Q3,TREND_Q4,HIGHER_LOW,BULL_STRUCTURE","DEFENSE_03,SIGNAL_EXIT,SCALE_OUT_10"
2020-09-06 11:00:00,2020-09-07 01:00:00,LONG,10233.556302,10277.664056,4.4954042790956485,0.055623680210629654,14,0.8307346487494689,-0.5881269445719229,100.0,"FIB_786_LONG,LATE_WAVE_EXIT,WAVE_ACCELERATION,ANTI_LATE_WAVE,EARLY_EXHAUSTION_BUY,PRESSURE_EXHAUSTION,DELTA_EXHAUSTION,SWING_REVERSAL",SIGNAL_EXIT
2020-09-07 03:00:00,2020-09-07 12:00:00,LONG,10211.371866,9950.91854249086,-69.7704239177533,-2.5896000497895946,9,0.0,-1.8108425432599007,50.81926500000001,"ANTI_MOMENTUM,EARLY_EXHAUSTION_SELL,HIDDEN_EXHAUSTION,TREND_Q1,TREND_Q2,TREND_Q3,TREND_Q4,MULTI_SWING_SELL_01",STOP_LOSS
2020-09-07 14:00:00,2020-09-08 02:00:00,LONG,10213.437721117127,10310.23754,43.7140891525168,0.9073901109247338,12,3.05988995327762,-0.6321034895467553,80.05913999999999,"LATE_WAVE_EXIT,ANTI_FIBO,ANTI_LATE_WAVE,PRESSURE_EXHAUSTION,DELTA_EXHAUSTION,SWING_REVERSAL_BUY,ENERGY_RECOVER,CONFLUENCE_02,PYRAMID_LEVEL2","SCALE_OUT_10, DEFENSE_03"
2020-09-08 07:00:00,2020-09-08 09:00:00,LONG,10307.271041999998,10070.384244372324,-62.80381614597815,-2.33733012689532,2,0.0,-1.304720148058736,57.897942480000005,"FIB_236_SHORT,BOS_RETEST_LONG,DNA_TREND_01,DNA_TREND_02,MARUBOZU_BULL,MARUBOZU_BEAR,ENERGY_RECOVER,BULL_STRUCTURE",STOP_LOSS
2020-09-08 18:00:00,2020-09-08 22:00:00,LONG,10161.091811999999,9865.525946547556,-78.73196377876124,-2.9476367438914957,4,0.0,-1.7736461330578712,73.9004175,"ANTI_MOMENTUM,EARLY_EXHAUSTION_SELL,TREND_Q1,TREND_Q2,TREND_Q3,TREND_Q4,HIGHER_LOW,BULL_STRUCTURE",STOP_LOSS
2020-09-09 04:00:00,2020-09-09 16:00:00,LONG,10119.895480577248,10244.060778000001,56.61407710897965,1.18645171130467,12,2.0492661814271935,0.0,71.40732417,"FIB_382_LONG,WAVE_ACCELERATION,EARLY_EXHAUSTION_BUY,TREND_Q1,TREND_Q2,TREND_Q3,TREND_Q4,HIGHER_HIGH_CONTINUE,TRAIL_ENERGY,TRAIL_DELTA,SCALE_OUT_10,SCALE_OUT_20,PYRAMID_LEVEL2","TRAIL_ENERGY, SCALE_OUT_10, SCALE_OUT_20, DEFENSE_03"
2020-09-09 19:00:00,2020-09-10 00:00:00,LONG,10328.455278,10113.988555968052,-56.37627703022063,-2.115634057299688,5,0.0,-1.0578085014582637,80.05913999999999,"BOS_RETEST_LONG,LATE_WAVE_EXIT,STRONG_WAVE,ANTI_LATE_WAVE,EMERGENCY_EXIT_04,DNA_TREND_02,ENERGY_RECOVER,STRUCTURE_FAILURE_SHORT",STOP_LOSS
2020-09-10 01:00:00,2020-09-10 14:00:00,LONG,10274.934576,10435.862410000002,40.43404729592596,1.525591115705435,13,1.5864375855078037,-0.09221057253377615,89.90068496500001,"EARLY_WAVE_LONG,ENERGY_RECOVER,HIGHER_HIGH_CONTINUE,BULL_STRUCTURE,MOMENTUM_START,TRIPLE_CONFIRMATION,FIVE_CONFIRMATION,CASCADE_03",SIGNAL_EXIT
2020-09-11 03:00:00,2020-09-11 15:00:00,LONG,10260.971784,10287.402108,5.785414790481313,0.21747806763875252,12,0.5660108732640863,-0.39189060107056983,90.72869442000001,"EARLY_WAVE_LONG,SWING_REVERSAL_BUY,BULL_STRUCTURE,MOMENTUM_START,BARRIER_L1,TRIPLE_CONFIRMATION,FIVE_CONFIRMATION,CASCADE_03","DEFENSE_03, DEFENSE_04"
2020-09-11 22:00:00,2020-09-12 18:00:00,LONG,10345.248636,10375.07457,-0.7088849259409102,-0.02663569625858515,20,0.4121830755387865,-0.4952866557667531,70.54957,"ANTI_MOMENTUM,EARLY_EXHAUSTION_SELL,SWING_REVERSAL,HIGHER_HIGH_CONTINUE,BULL_STRUCTURE,MOMENTUM_END,TRIPLE_CONFIRMATION,FIVE_CONFIRMATION",SIGNAL_EXIT
2020-09-12 19:00:00,2020-09-13 07:00:00,LONG,10454.0904,10521.415296000001,16.065521177394615,0.6037476955584954,12,0.9773169744160725,-0.30753895145194676,100.0,"LATE_WAVE_EXIT,WAVE_ACCELERATION,STRONG_WAVE,ANTI_LATE_WAVE,EMERGENCY_EXIT_04,DNA_TREND_01,DNA_TREND_02,ENERGY_WALL",SCALE_OUT_10
2020-09-15 00:00:00,2020-09-15 13:00:00,LONG,10673.904354,10905.758412000001,40.5523592136689,1.5218264989129913,13,2.1925964318042293,-0.27885160867913117,68.13121875,"EARLY_WAVE_LONG,BULL_STRUCTURE,MOMENTUM_START,TRIPLE_CONFIRMATION,CASCADE_03,CASCADE_05,CASCADE_08,CASCADE_10","TRAIL_ENERGY,SCALE_OUT_30"
2020-09-15 21:00:00,2020-09-16 10:00:00,LONG,10862.182002,10863.026960000001,5.116072951717424,0.19128452879518934,13,0.49076693789686904,-1.334464861418366,94.00218014250001,"TREND_RESUME_02,TREND_RESUME_03,TREND_Q1,TREND_Q2,BULL_STRUCTURE,MOMENTUM_START,BARRIER_L1,BARRIER_L2",SIGNAL_EXIT
2020-09-17 00:00:00,2020-09-17 14:00:00,LONG,10956.200802,10817.73602,-24.786673269216745,-0.9263969891275808,14,0.3419907929504256,-1.3896313580908999,73.263015,"FIB_382_LONG,WAVE_ACCELERATION,HIDDEN_EXHAUSTION,TREND_Q1,TREND_Q2,TREND_Q3,TREND_Q4,BULL_STRUCTURE",SIGNAL_EXIT
2020-09-17 19:00:00,2020-09-18 08:00:00,LONG,10907.43105,10951.949172,11.365108376915725,0.42579739099979036,13,0.5439314695461769,-0.058135137145781786,94.21602868125,"TREND_Q1,TREND_Q2,TREND_Q3,TREND_Q4,MULTI_SWING_BUY_01,HIGHER_LOW,BULL_STRUCTURE,MOMENTUM_START",SIGNAL_EXIT
2020-09-18 10:00:00,2020-09-18 15:00:00,LONG,11010.571674,10869.346394872093,-35.32321903445298,-1.3221204311271872,5,0.0,-0.8724494680583875,100.0,"LATE_WAVE_EXIT,WAVE_ACCELERATION,STRONG_WAVE,ANTI_LATE_WAVE,ENERGY_RECOVER,CONFLUENCE_02,CONFLUENCE_03,TREND_Q1",STOP_LOSS
2020-09-18 22:00:00,2020-09-19 12:00:00,LONG,10943.578277999999,11137.462062,13.439323283332993,0.5047421467660592,14,1.7948582904996422,-0.39555871855023045,73.9004175,"FAILED_BOS_SHORT,ANTI_BOS,TREND_Q1,TREND_Q2,TREND_Q3,TREND_Q4,BULL_STRUCTURE,MOMENTUM_END","DEFENSE_03,SIGNAL_EXIT"
2020-09-19 13:00:00,2020-09-20 01:00:00,LONG,11101.209798,11053.7888,-12.448810736640002,-0.46699877277645524,12,0.03414224277324243,-0.47832442559157623,56.46038999999999,"BOS_RETEST_LONG,EARLY_WAVE_LONG,ENERGY_RECOVER,CONFLUENCE_02,CONFLUENCE_03,TREND_Q1,TREND_Q2,TREND_Q3",SIGNAL_EXIT
2020-09-20 02:00:00,2020-09-20 13:00:00,LONG,10941.817926,10789.987164843364,-37.993105296167045,-1.4270641046908372,11,0.3822223535690709,-0.833297781197244,71.77450959000001,"BOS_CONTINUE_SHORT,EARLY_WAVE_LONG,ANTI_FIBO,EMERGENCY_EXIT_04,DNA_TREND_01,DNA_TREND_02,MARUBOZU_BULL,ENERGY_RECOVER",STOP_LOSS
2020-09-20 23:00:00,2020-09-21 09:00:00,LONG,10876.834932,10726.033241712557,-37.82271366934004,-1.4258936956728232,10,0.7899822745972374,-0.22989161972509584,52.878656249999985,"WAVE_ACCELERATION,STRONG_WAVE,PRESSURE_EXHAUSTION,DELTA_EXHAUSTION,DNA_ACCUMULATION_01,HAMMER_BUY,BEAR_STRUCTURE,MOMENTUM_START",STOP_LOSS
2020-09-22 08:00:00,2020-09-22 20:00:00,LONG,10374.984582,10489.881604,28.199109562732506,1.066999844515056,12,1.1275719696293638,0.0,94.21825959000002,"EARLY_WAVE_LONG,FAILED_WAVE,SWING_REVERSAL_BUY,TREND_Q1,BULL_STRUCTURE,MOMENTUM_START,BARRIER_L1,RESISTANCE_MAJOR","TRAIL_ENERGY, SCALE_OUT_10"
2020-09-22 22:00:00,2020-09-23 07:00:00,LONG,10549.279434,10389.009827438906,-41.29811895894372,-1.55863925608163,9,0.0,-1.0692619785617907,56.11808124999999,"BOS_CONTINUE_LONG,EARLY_WAVE_LONG,EMERGENCY_EXIT_04,ENERGY_RECOVER,STRUCTURE_FAILURE_SHORT,CONFLUENCE_02,CONFLUENCE_03,TREND_Q1",STOP_LOSS
2020-09-23 08:00:00,2020-09-23 19:00:00,LONG,10430.715725999999,10290.909656891119,-109.2398561822591,-1.3797944144224867,11,0.7162909618346334,-0.2068479917079769,100.0,"LATE_WAVE_EXIT,WAVE_ACCELERATION,STRONG_WAVE,ANTI_LATE_WAVE,DNA_ACCUMULATION_01,HAMMER_BUY,TREND_Q1,TREND_Q2",STOP_LOSS
2020-09-24 23:00:00,2020-09-25 09:00:00,LONG,10764.542478,10564.558703093826,-49.530953985358984,-1.8970578527119362,10,0.0,-1.5314397089975318,79.03221375,"EARLY_WAVE_LONG,EMERGENCY_EXIT_04,DNA_TREND_02,ENERGY_RECOVER,STRUCTURE_FAILURE_SHORT,CONFLUENCE_02,CONFLUENCE_03,BULL_STRUCTURE",STOP_LOSS
2020-09-27 01:00:00,2020-09-27 06:00:00,LONG,10777.695108,10658.306862712132,-29.809974816089824,-1.147291390170886,5,0.03251986593496459,-0.049315813323160596,92.00809081883122,"EARLY_WAVE_LONG,TREND_RESUME_01,TREND_RESUME_02,TREND_RESUME_03,DNA_TREND_01,DNA_TREND_02,ENERGY_RECOVER,CONFLUENCE_02",STOP_LOSS
2020-09-27 07:00:00,2020-09-28 01:00:00,LONG,10662.692111999999,10886.502264,16.344768109861338,0.6309310355883397,18,2.11032903919978,-0.3675630093069203,71.56289196,"BOS_CONTINUE_SHORT,LATE_WAVE_EXIT,WAVE_ACCELERATION,STRONG_WAVE,ANTI_LATE_WAVE,SWING_REVERSAL_BUY,EMERGENCY_EXIT_04,DNA_TREND_01","SIGNAL_EXIT,SCALE_OUT_10"
2020-09-28 06:00:00,2020-09-28 18:00:00,LONG,10881.72591,10887.062152,0.233988142449308,0.00901894742909602,12,0.1853942119738654,-0.25479331338900824,99.80967025749999,"FIB_236_LONG,WAVE_ACCELERATION,ENERGY_RECOVER,CONFLUENCE_02,CONFLUENCE_03,TREND_Q1,HIGHER_HIGH_CONTINUE,BULL_STRUCTURE","DEFENSE_03, DEFENSE_04"
2020-09-28 21:00:00,2020-09-28 23:00:00,LONG,10871.583881999999,10747.333132008138,-30.674856904815428,-1.1824374869378793,2,0.12414123044523766,-0.04216388384390331,72.66803709374999,"FIB_786_LONG,WAVE_ACCELERATION,EARLY_EXHAUSTION_BUY,DNA_ACCUMULATION_01,HAMMER_BUY,TREND_Q1,TREND_Q2,TREND_Q3",STOP_LOSS
2020-09-30 00:00:00,2020-09-30 04:00:00,LONG,10842.748115999999,10704.879897494335,-33.906510359596666,-1.3110160721607034,4,0.0,-0.9284372829010845,79.71683125,"BOS_CONTINUE_LONG,LATE_WAVE_EXIT,WAVE_ACCELERATION,STRONG_WAVE,ANTI_LATE_WAVE,DNA_TREND_01,DNA_TREND_02,ENERGY_RECOVER",STOP_LOSS
2020-09-30 05:00:00,2020-10-01 04:00:00,LONG,10754.95056,10796.220324,-2.1212625955438895,-0.08229788704092186,23,0.7803795985092831,-0.6875955364689218,67.836125,"WAVE_ACCELERATION,HIGHER_HIGH_CONTINUE,BULL_STRUCTURE,MOMENTUM_START,TRIPLE_CONFIRMATION,CASCADE_03,CASCADE_05,CASCADE_08","SIGNAL_EXIT,DEFENSE_03"
2020-10-01 08:00:00,2020-10-01 16:00:00,LONG,10826.91495,10697.31075863188,-31.86354051653517,-1.236576774546224,8,0.7042176866827566,-1.0223129165709457,69.19818496500001,"FIB_236_SHORT,EARLY_WAVE_LONG,HIGHER_HIGH_CONTINUE,BULL_STRUCTURE,MOMENTUM_START,BARRIER_L1,TRIPLE_CONFIRMATION,FIVE_CONFIRMATION",STOP_LOSS
2020-10-03 12:00:00,2020-10-04 07:00:00,LONG,10538.757329999999,10615.876400000001,-0.08815299672263122,-0.003432040286560403,19,0.7519166398720128,-0.10017623206812962,52.165417500000004,"FIB_382_SHORT,WAVE_ACCELERATION,HIDDEN_EXHAUSTION,TREND_Q1,TREND_Q2,HIGHER_LOW,BULL_STRUCTURE,MOMENTUM_MIDDLE",SIGNAL_EXIT
2020-10-04 10:00:00,2020-10-04 22:00:00,LONG,10597.639104,10642.880998,19.864636221727963,0.38673464154229686,12,0.7135636084404668,-0.10426005161686733,100.0,"FIB_786_LONG,LATE_WAVE_EXIT,ANTI_LATE_WAVE,ANTI_MOMENTUM,EARLY_EXHAUSTION_BUY,EARLY_EXHAUSTION_SELL,SWING_REVERSAL,DNA_ACCUMULATION_01",SIGNAL_EXIT
2020-10-05 01:00:00,2020-10-05 16:00:00,LONG,10705.750722,10723.864798,2.5285497629708518,0.09828374291227808,15,0.1933472816386771,-0.6232231978173275,79.03221375,"EARLY_WAVE_LONG,EMERGENCY_EXIT_04,ENERGY_WALL,ENERGY_RECOVER,STRUCTURE_FAILURE_SHORT,CONFLUENCE_02,CONFLUENCE_03,BULL_STRUCTURE","SIGNAL_EXIT,DEFENSE_03"
2020-10-06 09:00:00,2020-10-06 15:00:00,LONG,10744.158402,10648.31204369093,-23.973940611882455,-0.9317219588638116,6,0.018536565875925573,-0.6788656614223265,70.54957,"FIB_382_LONG,PRESSURE_EXHAUSTION,DELTA_EXHAUSTION,BULL_STRUCTURE,MOMENTUM_START,TRIPLE_CONFIRMATION,FIVE_CONFIRMATION,MASTER_EXIT_25",STOP_LOSS
2020-10-08 23:00:00,2020-10-09 14:00:00,LONG,10897.969158,11073.13493,32.083172179664714,1.2499151301933824,15,1.627558671055658,-0.4218139850969826,89.90068496500001,"EARLY_WAVE_LONG,HIGHER_HIGH_CONTINUE,BULL_STRUCTURE,MOMENTUM_START,BARRIER_L1,BARRIER_L2,TRIPLE_CONFIRMATION,FIVE_CONFIRMATION","SIGNAL_EXIT,TRAIL_ENERGY, SCALE_OUT_10, SCALE_OUT_20"
2020-10-09 18:00:00,2020-10-10 06:00:00,LONG,11247.54419739821,11369.7256,59.234465436621505,1.045859525397555,12,3.1879461250490753,-0.26817956765124956,73.263015,"EARLY_EXHAUSTION_BUY,PRESSURE_EXHAUSTION,DELTA_EXHAUSTION,TREND_Q1,TREND_Q2,TREND_Q3,HIGHER_HIGH_CONTINUE,BULL_STRUCTURE,TRAIL_DELTA,TRAIL_WAVE,SCALE_OUT_30,PYRAMID_LEVEL3,DEFENSE_03,PYRAMID_LEVEL2","TRAIL_ENERGY, SCALE_OUT_10, SCALE_OUT_20"
2020-10-10 09:00:00,2020-10-10 21:00:00,LONG,11376.044754,11360.7274,-4.519893421640574,-0.1745918321305569,12,0.0,-0.544519253743436,73.263015,"EARLY_EXHAUSTION_BUY,HIDDEN_EXHAUSTION,PRESSURE_EXHAUSTION,DELTA_EXHAUSTION,TREND_Q1,TREND_Q2,TREND_Q3,TREND_Q4",SIGNAL_EXIT
2020-10-11 05:00:00,2020-10-11 19:00:00,LONG,11324.494445999999,11406.588226000002,17.081115168095938,0.6601536085711002,14,0.8810596753415695,0.0,52.165417500000004,"FIB_382_SHORT,ANTI_MOMENTUM,EARLY_EXHAUSTION_SELL,TREND_Q1,TREND_Q2,TREND_Q3,TREND_Q4,HIGHER_LOW","SIGNAL_EXIT,SCALE_OUT_10"
2020-10-11 20:00:00,2020-10-12 10:00:00,LONG,11336.296806,11196.698943718337,5.959424131009776,0.2299642223393706,14,0.570320229845969,-0.08836047760056887,73.263015,"LATE_WAVE_EXIT,WAVE_ACCELERATION,DNA_TREND_01,DNA_TREND_02,ENERGY_RECOVER,TREND_Q1,TREND_Q2,TREND_Q3","SIGNAL_EXIT,STOP_LOSS"
2020-10-12 12:00:00,2020-10-13 03:00:00,LONG,11470.62162880418,11485.342472,21.494099549264742,0.2961088103104971,15,2.906806756510192,0.0,56.797369999999965,"FIB_786_LONG,LATE_WAVE_EXIT,WAVE_ACCELERATION,STRONG_WAVE,SWING_REVERSAL_BUY,EMERGENCY_EXIT_01,ENERGY_RECOVER,CONFLUENCE_02,SCALE_OUT_30,PYRAMID_LEVEL2,PYRAMID_LEVEL1",SIGNAL_EXIT
2020-10-13 09:00:00,2020-10-13 13:00:00,LONG,11490.737688000001,11325.0818985843,-38.46834540545514,-1.4810695953216595,4,0.22759471767691392,-0.3722797366149565,52.40166750000001,"FIB_236_SHORT,TREND_Q1,TREND_Q2,TREND_Q3,TREND_Q4,HIGHER_LOW,BULL_STRUCTURE,MOMENTUM_START",STOP_LOSS
2020-10-13 15:00:00,2020-10-14 04:00:00,LONG,11392.528049999999,11387.722,1.5850748361324594,0.06125991068330946,13,0.728477030170678,-0.33555370530774964,94.21825959000002,"EARLY_WAVE_LONG,SWING_REVERSAL_BUY,EMERGENCY_EXIT_04,ENERGY_RECOVER,STRUCTURE_FAILURE_LONG,BULL_STRUCTURE,MOMENTUM_START,RESISTANCE_MAJOR",SIGNAL_EXIT
2020-10-14 10:00:00,2020-10-14 23:00:00,LONG,11419.673477999999,11392.001144000002,-10.20146018366111,-0.3942446828127901,13,0.9746909332778454,-0.8661673049632758,52.165417500000004,"FIB_382_SHORT,WAVE_ACCELERATION,TREND_Q1,TREND_Q2,TREND_Q3,TREND_Q4,HIGHER_LOW,BULL_STRUCTURE","DEFENSE_03,SIGNAL_EXIT"
2020-10-15 06:00:00,2020-10-15 09:00:00,LONG,11406.070758,11271.901266500567,-31.426575576732247,-1.2158284386300793,3,0.0,-0.5580428120293427,72.0309301425,"EARLY_WAVE_LONG,TREND_RESUME_02,TREND_RESUME_03,BEAR_STRUCTURE,MOMENTUM_START,BARRIER_L1,RESISTANCE_MAJOR,TRIPLE_CONFIRMATION",STOP_LOSS
2020-10-15 15:00:00,2020-10-16 04:00:00,LONG,11390.97774,11248.063420406379,18.804813748761422,0.7298101796349981,13,1.3343214557102547,-0.08460854037276103,58.007779593749994,"FIB_786_LONG,LATE_WAVE_EXIT,WAVE_ACCELERATION,HAMMER_BUY,TREND_Q1,TREND_Q2,TREND_Q3,TREND_Q4","TRAIL_ENERGY, SCALE_OUT_10,SIGNAL_EXIT,STOP_LOSS"
2020-10-16 08:00:00,2020-10-17 12:00:00,LONG,11308.131174,11341.021342000002,0.15999830359258588,0.006198804670556485,28,0.5412815350137894,-0.4965557361865861,73.9004175,"FIB_786_LONG,LATE_WAVE_EXIT,STRONG_WAVE,EARLY_EXHAUSTION_BUY,BULL_STRUCTURE,MOMENTUM_MIDDLE,RESISTANCE_MAJOR,TRIPLE_CONFIRMATION","DEFENSE_03,SIGNAL_EXIT,DEFENSE_03, DEFENSE_04"
2020-10-17 16:00:00,2020-10-18 06:00:00,LONG,11339.807508,11389.051734,5.34227293200089,0.20699285099452677,14,0.45435067538538026,-0.11197287071267707,54.402985,"FIB_236_LONG,FIB_382_LONG,WAVE_ACCELERATION,PRESSURE_EXHAUSTION,DELTA_EXHAUSTION,ENERGY_RECOVER,CONFLUENCE_02,CONFLUENCE_03","SIGNAL_EXIT,DEFENSE_03"
2020-10-18 07:00:00,2020-10-19 02:00:00,LONG,11452.520046,11459.80758,-13.544531594099421,-0.1748601062016476,19,0.44199838809869374,-0.40480213799051035,100.0,"EARLY_WAVE_LONG,TREND_RESUME_01,TREND_RESUME_02,TREND_RESUME_03,DNA_TREND_01,DNA_TREND_02,ENERGY_RECOVER,CONFLUENCE_02",SIGNAL_EXIT
2020-10-19 14:00:00,2020-10-20 09:00:00,LONG,11643.128159999998,11737.751980000001,12.41147102083052,0.4814727011436588,19,1.3473341343002243,0.0,62.86815500000001,"LATE_WAVE_EXIT,WAVE_ACCELERATION,STRONG_WAVE,ANTI_LATE_WAVE,TREND_RESUME_04,DNA_TREND_01,DNA_TREND_02,ENERGY_WALL","SIGNAL_EXIT,SCALE_OUT_10"
2020-10-20 10:00:00,2020-10-20 22:00:00,LONG,11787.55704,11920.145494,27.983820001499726,1.0843671455302721,12,1.5024568653115946,-0.07378153056215545,72.0309301425,"EARLY_WAVE_LONG,TREND_RESUME_02,TREND_RESUME_03,TREND_Q1,TREND_Q2,TREND_Q3,TREND_Q4,BEAR_STRUCTURE","TRAIL_ENERGY, SCALE_OUT_10, SCALE_OUT_20"
2020-10-21 01:00:00,2020-10-21 13:00:00,LONG,12106.35884283838,12407.557992000002,113.9569342707677,2.446946516376092,12,2.5085259829487976,0.0,52.08296625000001,"FIB_236_SHORT,EARLY_WAVE_LONG,TREND_Q1,TREND_Q2,TREND_Q3,TREND_Q4,BULL_STRUCTURE,MOMENTUM_START,SCALE_OUT_30,PYRAMID_LEVEL2","TRAIL_DELTA, SCALE_OUT_30, PYRAMID_LEVEL2"
2020-10-21 15:00:00,2020-10-22 03:00:00,LONG,12828.399060264106,12791.031282,-32.9118723611993,-0.33117297472060025,12,3.6594694570894584,-0.4068782575302381,100.0,"EARLY_WAVE_LONG,TREND_RESUME_01,TREND_RESUME_02,TREND_RESUME_03,DNA_TREND_02,ENERGY_RECOVER,CONFLUENCE_02,TREND_Q1,PYRAMID_LEVEL2",SIGNAL_EXIT
2020-10-22 05:00:00,2020-10-22 20:00:00,LONG,12755.040498,13069.855506,57.67072127335025,2.2128289392993783,15,2.488737703731901,-0.02736563635802127,93.14232417,"FIB_382_LONG,LATE_WAVE_EXIT,WAVE_ACCELERATION,STRONG_WAVE,ANTI_LATE_WAVE,TREND_Q1,TREND_Q2,TREND_Q3","PYRAMID_LEVEL2,TRAIL_ENERGY, TRAIL_DELTA, SCALE_OUT_10, SCALE_OUT_20, PYRAMID_LEVEL2"
2020-10-22 22:00:00,2020-10-23 16:00:00,LONG,13135.166508,12780.621580737357,-34.81389879137942,-1.3285943069879647,18,0.0,-1.9631004132528713,73.58171625000001,"EARLY_WAVE_LONG,FAILED_WAVE,TREND_Q1,TREND_Q2,TREND_Q3,TREND_Q4,BULL_STRUCTURE,MOMENTUM_START","SIGNAL_EXIT,STOP_LOSS"
2020-10-24 10:00:00,2020-10-25 05:00:00,LONG,12952.159914,13309.137639999999,23.964674946085125,0.9176979205729188,19,2.776757609449012,0.0,52.24621499999999,"PRESSURE_EXHAUSTION,DELTA_EXHAUSTION,TREND_RESUME_02,TREND_RESUME_03,TREND_Q1,TREND_Q2,TREND_Q3,TREND_Q4","SIGNAL_EXIT,SCALE_OUT_10,TRAIL_ENERGY, SCALE_OUT_10,PYRAMID_LEVEL1, PYRAMID_LEVEL2,TRAIL_DELTA, SCALE_OUT_30, PYRAMID_LEVEL2"
2020-10-25 06:00:00,2020-10-25 20:00:00,LONG,12957.140909999998,13039.561566,8.083283954337457,0.30886175565255397,14,0.6561562507542539,-0.12657815573604406,52.33032,"FIB_786_SHORT,LATE_WAVE_EXIT,WAVE_ACCELERATION,SWING_REVERSAL_BUY,DNA_TREND_01,DNA_TREND_02,ENERGY_WALL,ENERGY_RECOVER","SIGNAL_EXIT,SCALE_OUT_10"
2020-10-26 02:00:00,2020-10-26 15:00:00,LONG,13076.674812,12899.134474957424,18.757056760198857,0.7162245088680278,13,0.9741405199057436,-0.30278960492054613,73.263015,"FIB_382_LONG,WAVE_ACCELERATION,STRONG_WAVE,TREND_Q1,TREND_Q2,TREND_Q3,TREND_Q4,BULL_STRUCTURE","SIGNAL_EXIT,STOP_LOSS"
2020-10-26 19:00:00,2020-10-27 12:00:00,LONG,12965.832648,13447.11004,32.6887097348199,1.2460879115595969,17,3.732636114770866,0.0,93.574483065,"FIB_786_LONG,LATE_WAVE_EXIT,WAVE_ACCELERATION,STRONG_WAVE,EARLY_EXHAUSTION_BUY,PRESSURE_EXHAUSTION,DELTA_EXHAUSTION,HIGHER_HIGH_CONTINUE","SIGNAL_EXIT,DEFENSE_03,SCALE_OUT_30, PYRAMID_LEVEL2,TRAIL_WAVE, PYRAMID_LEVEL2, PYRAMID_LEVEL3"
2020-10-28 08:00:00,2020-10-28 11:00:00,LONG,13667.092872000001,13335.596759665734,-64.84726906909114,-2.464535466267326,3,0.13548695522466117,-0.7753870775043071,93.35840361750002,"EARLY_WAVE_LONG,ENERGY_RECOVER,TREND_Q1,TREND_Q2,TREND_Q3,TREND_Q4,HIGHER_HIGH_CONTINUE,BULL_STRUCTURE",STOP_LOSS
2020-10-28 12:00:00,2020-10-28 14:00:00,LONG,13320.993666,12952.955719238358,-73.25817216138006,-2.8017364050095446,2,0.0,-1.6116190081821844,51.85782,"WAVE_ACCELERATION,STRONG_WAVE,DNA_TREND_01,DNA_TREND_02,MARUBOZU_BULL,MARUBOZU_BEAR,ENERGY_RECOVER,TREND_Q1",STOP_LOSS
2020-10-28 20:00:00,2020-10-29 16:00:00,LONG,13167.953064,13434.252612,-6.367682147940112,-0.24527255753453395,20,2.0428151185882855,-0.8801144979536805,52.40166750000001,"FIB_236_SHORT,HIDDEN_EXHAUSTION,PRESSURE_EXHAUSTION,DELTA_EXHAUSTION,HIGHER_LOW,BULL_STRUCTURE,MOMENTUM_END,RESISTANCE_MAJOR","SIGNAL_EXIT,TRAIL_ENERGY, TRAIL_DELTA, SCALE_OUT_10, SCALE_OUT_20, SCALE_OUT_30"
2020-10-29 17:00:00,2020-10-30 05:00:00,LONG,13546.35873,13185.433055797845,-47.85354797100571,-1.8445548199168111,12,0.3085055610364728,-1.0880320899341827,94.003295596875,"EARLY_WAVE_LONG,TREND_RESUME_01,ENERGY_RECOVER,TREND_Q1,TREND_Q2,TREND_Q3,BULL_STRUCTURE,MOMENTUM_START","SIGNAL_EXIT,STOP_LOSS"
2020-10-30 08:00:00,2020-10-30 20:00:00,LONG,13221.603791999998,13533.732712,59.89948562478324,2.319805008079181,12,2.4836337040949017,0.0,68.72140625,"STRONG_WAVE,DNA_ACCUMULATION_01,BULL_STRUCTURE,MOMENTUM_START,TRIPLE_CONFIRMATION,CASCADE_03,CASCADE_05,CASCADE_08","TRAIL_ENERGY, SCALE_OUT_10"
2020-10-30 23:00:00,2020-10-31 11:00:00,LONG,13555.81062,13818.955656,49.350282307661914,1.9004208671779146,12,2.4891862940469403,-0.6089685251150254,73.9004175,"FIB_786_LONG,STRONG_WAVE,ANTI_MOMENTUM,EARLY_EXHAUSTION_BUY,EARLY_EXHAUSTION_SELL,EMERGENCY_EXIT_01,TREND_Q1,TREND_Q2",SIGNAL_EXIT
2020-10-31 16:00:00,2020-11-01 15:00:00,LONG,13854.780402,13792.330982000001,-32.49281513039141,-1.2454670583546341,23,0.08812552523919433,-1.2813656864194902,51.528014999999996,"FIB_382_SHORT,TREND_Q1,TREND_Q2,TREND_Q3,HIGHER_HIGH_CONTINUE,BULL_STRUCTURE,MOMENTUM_START,RESISTANCE_MAJOR","SIGNAL_EXIT,DEFENSE_03"
2020-11-01 17:00:00,2020-11-02 08:00:00,LONG,13803.750198,13560.808201765136,-22.06394129397721,-0.8484493562947925,15,0.09931940091168694,-0.8475971842561427,51.6929175,"FIB_786_SHORT,LATE_WAVE_EXIT,WAVE_ACCELERATION,ANTI_LATE_WAVE,ANTI_MOMENTUM,EARLY_EXHAUSTION_SELL,SWING_REVERSAL,DNA_EXHAUSTION","DEFENSE_03,SIGNAL_EXIT,STOP_LOSS"
2020-11-03 21:00:00,2020-11-04 09:00:00,LONG,13734.386327999999,13642.490956,-36.78398121499972,-0.7088221203151164,12,2.1052536683821903,-0.9751169422616781,100.0,"BOS_RETEST_LONG,EARLY_WAVE_LONG,TREND_Q1,TREND_Q2,HIGHER_HIGH_CONTINUE,BULL_STRUCTURE,MOMENTUM_START,BARRIER_L1",SIGNAL_EXIT
2020-11-04 12:00:00,2020-11-05 00:00:00,LONG,13841.19985711904,14141.181198,76.95400408566728,2.1264404201950624,12,3.039956107605105,0.0,94.00218014250001,"FIB_786_LONG,FAILED_BOS_SHORT,LATE_WAVE_EXIT,STRONG_WAVE,ANTI_BOS,MAJOR_STRUCTURE_FAILURE,TREND_Q1,TREND_Q2,TRAIL_DELTA,SCALE_OUT_30,PYRAMID_LEVEL3","TRAIL_ENERGY, SCALE_OUT_10, SCALE_OUT_30"
2020-11-05 05:00:00,2020-11-05 17:00:00,LONG,14735.34977987689,15152.848823999999,218.09205134261515,2.7921828171013856,12,4.0286169372019165,0.0,73.58171625000001,"EARLY_WAVE_LONG,EMERGENCY_EXIT_05,TREND_Q1,TREND_Q2,TREND_Q3,BULL_STRUCTURE,MOMENTUM_START,BARRIER_L1,SCALE_OUT_30,PYRAMID_LEVEL3,TRAIL_ENERGY,SCALE_OUT_10,PYRAMID_LEVEL2","TRAIL_ENERGY, SCALE_OUT_30, PYRAMID_LEVEL2"
2020-11-05 18:00:00,2020-11-06 06:00:00,LONG,15451.304489695178,15625.764222,98.3565617959772,1.0886422355355472,12,3.293747195646004,-0.676349848060713,73.58171625000001,"EARLY_WAVE_LONG,ENERGY_WALL,ENERGY_RECOVER,TREND_Q1,TREND_Q2,TREND_Q3,BULL_STRUCTURE,STRUCTURE_WEAKENING,TRAIL_WAVE,PYRAMID_LEVEL2,SCALE_OUT_30,TRAIL_ENERGY,TRAIL_DELTA,SCALE_OUT_10,SCALE_OUT_20","TRAIL_ENERGY, SCALE_OUT_10"
2020-11-06 09:00:00,2020-11-06 22:00:00,LONG,15481.415664,15530.123354,3.1236410540972965,0.11649660529649511,13,1.3152824032333323,-0.5064502220060014,52.80281999999999,"FIB_382_SHORT,WAVE_ACCELERATION,MARUBOZU_BULL,TREND_Q1,TREND_Q2,TREND_Q3,TREND_Q4,BULL_STRUCTURE",SIGNAL_EXIT
2020-11-06 23:00:00,2020-11-07 12:00:00,LONG,15599.229222,15512.846810000001,-12.83959275426553,-0.4787627467225814,13,0.5459293968184981,-0.9924799475454499,73.263015,"FIB_382_LONG,WAVE_ACCELERATION,TREND_Q1,TREND_Q2,TREND_Q3,TREND_Q4,BULL_STRUCTURE,MOMENTUM_START",SIGNAL_EXIT
2020-11-07 15:00:00,2020-11-07 18:00:00,LONG,15300.829554,14889.427661712607,-73.05681067994094,-2.7276799723775156,3,0.3867793297816923,-0.5013424515924068,71.77450959000001,"BOS_CONTINUE_SHORT,EARLY_WAVE_LONG,ANTI_FIBO,EMERGENCY_EXIT_04,DNA_TREND_01,DNA_TREND_02,MARUBOZU_BULL,ENERGY_RECOVER",STOP_LOSS
2020-11-08 11:00:00,2020-11-08 23:00:00,LONG,15345.249419188556,15496.909998000001,45.38163432496325,0.9479273411506184,12,2.7013522059678228,-0.1185996961756735,72.0309301425,"EARLY_WAVE_LONG,TREND_RESUME_02,TREND_RESUME_03,BEAR_STRUCTURE,MOMENTUM_START,BARRIER_L1,RESISTANCE_MAJOR,TRIPLE_CONFIRMATION,PYRAMID_LEVEL2","TRAIL_ENERGY, SCALE_OUT_10"
2020-11-09 00:00:00,2020-11-09 14:00:00,LONG,15478.19502,15036.025183080208,16.328971423752705,0.6114152372908451,14,2.0945270400139995,-1.28965308772805,93.7905625125,"DNA_ACCUMULATION_01,TREND_Q1,TREND_Q2,TREND_Q3,TREND_Q4,HIGHER_HIGH_CONTINUE,BULL_STRUCTURE,MOMENTUM_START","SCALE_OUT_30, PYRAMID_LEVEL2,SIGNAL_EXIT,STOP_LOSS"
2020-11-10 05:00:00,2020-11-10 18:00:00,LONG,15390.817547999999,15306.218144,-21.45867334633811,-0.8023434914699883,13,0.0,-1.4510440871870396,52.24621499999999,"PRESSURE_EXHAUSTION,DELTA_EXHAUSTION,TREND_RESUME_02,TREND_RESUME_03,TREND_Q1,TREND_Q2,TREND_Q3,TREND_Q4",SIGNAL_EXIT
2020-11-11 08:00:00,2020-11-11 21:00:00,LONG,15559.792625365777,15709.95738,66.28342378056068,1.3798272671129235,13,2.2907005884950156,-0.04492527032724922,94.00218014250001,"EARLY_EXHAUSTION_BUY,HIDDEN_EXHAUSTION,TREND_RESUME_02,TREND_RESUME_03,TREND_Q1,TREND_Q2,TREND_Q3,TREND_Q4,PYRAMID_LEVEL2","TRAIL_ENERGY, SCALE_OUT_20,SIGNAL_EXIT"
2020-11-12 00:00:00,2020-11-12 12:00:00,LONG,15847.453241804078,15759.39749,-28.775103363811645,-0.5954238158038367,12,2.305056625794887,-0.8995340742071823,71.56289196,"WAVE_ACCELERATION,DELTA_EXHAUSTION,MARUBOZU_BULL,TREND_Q1,TREND_Q2,TREND_Q3,TREND_Q4,MULTI_SWING_SELL_01,SCALE_OUT_30,PYRAMID_LEVEL2",SIGNAL_EXIT
2020-11-12 13:00:00,2020-11-13 01:00:00,LONG,16038.085159577064,16387.931758,103.14723334623022,2.140476386700942,12,2.201789284128278,0.0,73.9004175,"FIB_786_LONG,LATE_WAVE_EXIT,WAVE_ACCELERATION,STRONG_WAVE,ANTI_MOMENTUM,EARLY_EXHAUSTION_BUY,EARLY_EXHAUSTION_SELL,SWING_REVERSAL,SCALE_OUT_30,PYRAMID_LEVEL2","SCALE_OUT_30, PYRAMID_LEVEL2"
2020-11-13 10:00:00,2020-11-14 08:00:00,LONG,16327.86492,15919.823610403919,-33.87837784188141,-0.41785139739251,22,0.0,-1.462928075228099,100.0,"EARLY_WAVE_LONG,TREND_RESUME_02,TREND_RESUME_03,TREND_Q1,TREND_Q2,TREND_Q3,TREND_Q4,HIGHER_HIGH_CONTINUE","SIGNAL_EXIT,DEFENSE_03,STOP_LOSS"
2020-11-15 09:00:00,2020-11-15 20:00:00,LONG,16121.2236,15823.44010490275,-101.61373273737502,-1.8864130830566186,11,0.0,-1.6495869457452257,100.0,"FIB_786_LONG,LATE_WAVE_EXIT,WAVE_ACCELERATION,ANTI_LATE_WAVE,ENERGY_RECOVER,CONFLUENCE_02,CONFLUENCE_03,TREND_Q1",STOP_LOSS
2020-11-15 23:00:00,2020-11-16 13:00:00,LONG,15928.365036,16302.618824,69.99137032104473,2.623990847750315,14,2.8642297120192706,0.0,50.39216,"FIB_786_SHORT,LATE_WAVE_EXIT,SWING_REVERSAL_BUY,ENERGY_RECOVER,BULL_STRUCTURE,MOMENTUM_START,TRIPLE_CONFIRMATION,FIVE_CONFIRMATION","SCALE_OUT_30, PYRAMID_LEVEL2,DEFENSE_03,TRAIL_ENERGY, SCALE_OUT_10, PYRAMID_LEVEL2"
2020-11-17 03:00:00,2020-11-17 15:00:00,LONG,16858.986477217037,17150.499214,81.58597149145048,1.688432086246926,12,2.4077428880015344,-0.6461437783081082,93.35840361750002,"EARLY_WAVE_LONG,TREND_Q1,TREND_Q2,TREND_Q3,TREND_Q4,HIGHER_HIGH_CONTINUE,BULL_STRUCTURE,MOMENTUM_START,SCALE_OUT_30,PYRAMID_LEVEL2","TRAIL_ENERGY, SCALE_OUT_20"
2020-11-17 17:00:00,2020-11-18 06:00:00,LONG,17752.961267673472,17624.174460000002,100.03270375096068,1.32105397884453,13,3.4719206730252985,-0.7298572092837852,100.0,"LATE_WAVE_EXIT,STRONG_WAVE,ANTI_LATE_WAVE,TREND_RESUME_04,DNA_TREND_02,ENERGY_WALL,ENERGY_EXTREME,ENERGY_RECOVER,SCALE_OUT_30,PYRAMID_LEVEL2","PYRAMID_LEVEL2, PYRAMID_LEVEL3,SIGNAL_EXIT"
2020-11-18 07:00:00,2020-11-18 20:00:00,LONG,17972.70549581928,17656.36802,-72.53616554734592,-1.47684955639328,13,2.402609445091104,-1.740447457351595,94.00218014250001,"ANTI_MOMENTUM,EARLY_EXHAUSTION_BUY,EARLY_EXHAUSTION_SELL,SWING_REVERSAL,TREND_RESUME_02,TREND_RESUME_03,EMERGENCY_EXIT_01,TREND_Q1,TRAIL_ENERGY,SCALE_OUT_10,SCALE_OUT_30,PYRAMID_LEVEL2",SIGNAL_EXIT
2020-11-18 22:00:00,2020-11-19 17:00:00,LONG,17766.192528,18006.288022,-35.81789175800242,-1.3216283119452614,19,1.973734504156438,-1.9119039009887238,73.263015,"FIB_382_LONG,WAVE_ACCELERATION,EARLY_EXHAUSTION_BUY,PRESSURE_EXHAUSTION,DELTA_EXHAUSTION,TREND_Q1,TREND_Q2,TREND_Q3","SIGNAL_EXIT,TRAIL_ENERGY, SCALE_OUT_10, SCALE_OUT_20"
2020-11-19 18:00:00,2020-11-20 09:00:00,LONG,17972.883858,18300.969074,23.927980988047317,0.8859235775198904,15,1.8458147541655356,-1.088494531793914,73.9004175,"FIB_786_LONG,LATE_WAVE_EXIT,STRONG_WAVE,ANTI_MOMENTUM,EARLY_EXHAUSTION_BUY,EARLY_EXHAUSTION_SELL,SWING_REVERSAL,DNA_EXHAUSTION",SIGNAL_EXIT
2020-11-20 14:00:00,2020-11-21 02:00:00,LONG,18418.202513684966,18826.68391,271.00512398095475,2.176926453344847,12,2.911418602552718,0.0,100.0,"ANTI_MOMENTUM,EARLY_EXHAUSTION_SELL,TREND_RESUME_02,TREND_RESUME_03,DNA_ACCUMULATION_01,HAMMER_BUY,TREND_Q1,TREND_Q2,SCALE_OUT_30,PYRAMID_LEVEL2","SCALE_OUT_30, PYRAMID_LEVEL2"
2020-11-21 03:00:00,2020-11-21 16:00:00,LONG,18744.368123999997,18786.242000000002,0.8701317627123821,0.03137728560117814,13,0.2691575179608483,-1.1379851408641468,50.42921625000001,"EARLY_WAVE_LONG,WAVE_ACCELERATION,ENERGY_RECOVER,TREND_Q1,TREND_Q2,TREND_Q3,TREND_Q4,BULL_STRUCTURE",SIGNAL_EXIT
2020-11-22 00:00:00,2020-11-22 07:00:00,LONG,18707.54076,18268.516165110264,-66.16093214662943,-2.385840058197899,7,0.0,-1.2676212391692172,71.81819127,"FIB_382_LONG,TREND_RESUME_02,TREND_RESUME_03,TREND_Q1,TREND_Q2,TREND_Q3,TREND_Q4,BEAR_STRUCTURE",STOP_LOSS
2020-11-22 08:00:00,2020-11-22 11:00:00,LONG,18502.009662,18027.42282663536,-71.77353904294652,-2.6040295800127353,3,0.0,-1.7812100848528876,52.720368750000006,"FIB_236_SHORT,WAVE_ACCELERATION,TREND_RESUME_01,ENERGY_RECOVER,TREND_Q1,TREND_Q2,TREND_Q3,TREND_Q4",STOP_LOSS
2020-11-22 12:00:00,2020-11-23 08:00:00,LONG,18311.40713552755,18454.428376,15.035898679294823,0.1615353047593317,20,2.6691698247330025,-0.9562735088108463,73.58171625000001,"EARLY_WAVE_LONG,ANTI_FIBO,EMERGENCY_EXIT_04,ENERGY_WALL,ENERGY_EXTREME,ENERGY_RECOVER,STRUCTURE_FAILURE_LONG,BULL_STRUCTURE,TRAIL_ENERGY,SCALE_OUT_10,PYRAMID_LEVEL2,DEFENSE_03,TRAIL_DELTA,SCALE_OUT_20","SIGNAL_EXIT,DEFENSE_03,SCALE_OUT_10,TRAIL_ENERGY, SCALE_OUT_10"
2020-11-23 09:00:00,2020-11-23 21:00:00,LONG,18578.725002,18369.3254,-31.976020456251188,-1.1666426632433864,12,0.9059555915805986,-1.7055260894700153,79.3745225,"FIB_786_LONG,LATE_WAVE_EXIT,WAVE_ACCELERATION,STRONG_WAVE,ENERGY_RECOVER,CONFLUENCE_02,CONFLUENCE_03,TREND_Q1",SIGNAL_EXIT
2020-11-23 22:00:00,2020-11-24 10:00:00,LONG,18413.972058,18979.363368000002,82.77614072752192,3.029219132601351,12,3.091011218042558,-0.4974052187735668,50.233365,"FIB_382_SHORT,HIGHER_LOW,BULL_STRUCTURE,MOMENTUM_START,RESISTANCE_MAJOR,TRIPLE_CONFIRMATION,FIVE_CONFIRMATION,CASCADE_03","SCALE_OUT_30, PYRAMID_LEVEL2, PYRAMID_LEVEL3, DEFENSE_03"
2020-11-24 11:00:00,2020-11-25 04:00:00,LONG,19108.6949039682,18804.278392,2.281171425933194,0.046035917212582794,17,2.613248004166656,-1.573445520372844,56.46038999999999,"BOS_RETEST_LONG,EARLY_WAVE_LONG,ENERGY_RECOVER,CONFLUENCE_02,CONFLUENCE_03,TREND_Q1,TREND_Q2,TREND_Q3,SCALE_OUT_30,PYRAMID_LEVEL2,DEFENSE_03",SIGNAL_EXIT
2020-11-25 05:00:00,2020-11-25 17:00:00,LONG,19003.393289653424,18984.852270000003,-9.843427324570937,-0.13752786232999065,12,2.2773296994957217,-0.07774027210955406,73.58171625000001,"EARLY_WAVE_LONG,ANTI_FIBO,EMERGENCY_EXIT_04,STRUCTURE_FAILURE_LONG,TREND_Q1,TREND_Q2,TREND_Q3,TREND_Q4,PYRAMID_LEVEL2,SCALE_OUT_30",SIGNAL_EXIT
2020-11-26 00:00:00,2020-11-26 03:00:00,LONG,18722.573766,18117.735544043946,-89.90104374295541,-3.2692370387943854,3,0.7475800910138581,-1.7176792572397963,74.53782,"LATE_WAVE_EXIT,STRONG_WAVE,SWING_REVERSAL_BUY,ENERGY_RECOVER,BULL_STRUCTURE,STRUCTURE_WEAKENING,MOMENTUM_START,RESISTANCE_MAJOR",STOP_LOSS
2020-11-27 15:00:00,2020-11-28 05:00:00,LONG,16771.863702,16957.977726,32.21487407143299,1.1812614145557108,14,2.2545872344223112,-1.6278077788543204,86.13670218489001,"FIB_236_SHORT,EARLY_WAVE_LONG,SWING_REVERSAL_BUY,TREND_Q1,HIGHER_LOW,BULL_STRUCTURE,MOMENTUM_START,BARRIER_L1","TRAIL_ENERGY, SCALE_OUT_10, SCALE_OUT_20,TRAIL_ENERGY, SCALE_OUT_10,TRAIL_ENERGY, SCALE_OUT_10, DEFENSE_03, DEFENSE_04"
2020-11-28 16:00:00,2020-11-29 09:00:00,LONG,17520.543408,18141.351004,49.57377783599811,1.8126094997368292,17,3.564082331572396,0.0,77.51926896,"BOS_RETEST_LONG,LATE_WAVE_EXIT,WAVE_ACCELERATION,STRONG_WAVE,ANTI_LATE_WAVE,EMERGENCY_EXIT_04,EMERGENCY_EXIT_05,DNA_TREND_01","TRAIL_ENERGY, SCALE_OUT_10,TRAIL_ENERGY, SCALE_OUT_10, SCALE_OUT_20,SIGNAL_EXIT,TRAIL_WAVE"
2020-11-30 08:00:00,2020-12-01 03:00:00,LONG,18839.208533203353,19677.023807999998,314.060914830175,2.7223169754278405,19,4.584934364006882,-0.882947334917041,100.0,"EARLY_WAVE_LONG,TREND_RESUME_01,TREND_RESUME_02,TREND_RESUME_03,EMERGENCY_EXIT_05,DNA_TREND_02,ENERGY_RECOVER,CONFLUENCE_02,TRAIL_WAVE,SCALE_OUT_30,PYRAMID_LEVEL3,TRAIL_DELTA,TRAIL_ENERGY,SCALE_OUT_20","TRAIL_ENERGY, SCALE_OUT_10,TRAIL_ENERGY, SCALE_OUT_10, PYRAMID_LEVEL3,SCALE_OUT_30, PYRAMID_LEVEL3,TRAIL_DELTA, PYRAMID_LEVEL3,TRAIL_ENERGY, TRAIL_DELTA, SCALE_OUT_10, SCALE_OUT_20, SCALE_OUT_30, PYRAMID_LEVEL3"
2020-12-01 11:00:00,2020-12-01 11:00:00,LONG,19743.457902,18999.09533586544,-107.57274961448412,-3.8086651689962103,0,0.0,0.0,100.0,"LATE_WAVE_EXIT,WAVE_ACCELERATION,ANTI_LATE_WAVE,DNA_TREND_01,DNA_TREND_02,ENERGY_RECOVER,CONFLUENCE_02,CONFLUENCE_03",STOP_LOSS
2020-12-01 13:00:00,2020-12-02 23:00:00,LONG,18553.960049999998,19107.307774,23.29689530848387,0.8328512472004308,34,3.941745848482645,-0.016169324456418332,51.137966250000005,"BOS_CONTINUE_SHORT,EARLY_WAVE_LONG,FAILED_WAVE,ANTI_FIBO,EMERGENCY_EXIT_04,DNA_TREND_01,DNA_TREND_02,ENERGY_RECOVER","SIGNAL_EXIT,SCALE_OUT_10,TRAIL_ENERGY, SCALE_OUT_10,TRAIL_DELTA,SCALE_OUT_30,TRAIL_ENERGY, SCALE_OUT_10, SCALE_OUT_20,TRAIL_ENERGY, SCALE_OUT_10, SCALE_OUT_20, DEFENSE_03,TRAIL_ENERGY, TRAIL_DELTA, SCALE_OUT_10, SCALE_OUT_20, DEFENSE_03,TRAIL_ENERGY, SCALE_OUT_10, SCALE_OUT_30,TRAIL_ENERGY, TRAIL_DELTA, SCALE_OUT_10, SCALE_OUT_20, SCALE_OUT_30"
2020-12-03 00:00:00,2020-12-03 12:00:00,LONG,19207.920816,19392.610702,25.81776711478971,0.9211452057414607,12,0.9817782247567045,-1.484235689697982,73.9004175,"FIB_786_LONG,WAVE_ACCELERATION,TREND_Q1,TREND_Q2,TREND_Q3,BULL_STRUCTURE,MOMENTUM_START,BARRIER_L1",SCALE_OUT_10
2020-12-03 15:00:00,2020-12-04 03:00:00,LONG,19355.190264,19248.069615999997,-33.32697116504314,-0.5932252500765379,12,0.9290000953100384,-0.533553339395902,100.0,"BOS_RETEST_LONG,ANTI_MOMENTUM,EARLY_EXHAUSTION_SELL,SWING_REVERSAL,TREND_RESUME_02,TREND_RESUME_03,TREND_Q1,TREND_Q2",SIGNAL_EXIT
2020-12-04 04:00:00,2020-12-04 11:00:00,LONG,19166.452524,18718.54156020147,-66.53018843258513,-2.376018096475429,7,1.160556319545652,-0.9814154380653488,71.77450959000001,"BOS_CONTINUE_SHORT,EARLY_WAVE_LONG,SWING_REVERSAL_BUY,EMERGENCY_EXIT_04,ENERGY_RECOVER,STRUCTURE_FAILURE_LONG,TREND_Q1,TREND_Q2",STOP_LOSS
2020-12-04 23:00:00,2020-12-05 18:00:00,LONG,18669.043062,19121.944846000002,58.539373248061764,2.10334334274627,19,2.5756914074442494,-0.1293749332506694,52.56657,"EARLY_WAVE_LONG,SWING_REVERSAL_BUY,EMERGENCY_EXIT_04,ENERGY_RECOVER,STRUCTURE_FAILURE_LONG,BEAR_STRUCTURE,STRUCTURE_WEAKENING,MOMENTUM_START","SIGNAL_EXIT,TRAIL_ENERGY, SCALE_OUT_10, SCALE_OUT_20,TRAIL_DELTA,DEFENSE_03,TRAIL_ENERGY, SCALE_OUT_10, SCALE_OUT_30,SCALE_OUT_30,TRAIL_ENERGY, TRAIL_DELTA, SCALE_OUT_10, SCALE_OUT_20, SCALE_OUT_30"
2020-12-06 00:00:00,2020-12-06 14:00:00,LONG,19151.489532,18949.279386,-19.080397670340094,-0.6820481519149935,14,0.6125918707470367,-1.03605273975407,70.50853761462,"EARLY_WAVE_LONG,TREND_RESUME_02,TREND_RESUME_03,MARUBOZU_BULL,MARUBOZU_BEAR,TREND_Q1,TREND_Q2,TREND_Q3",SIGNAL_EXIT
2020-12-06 15:00:00,2020-12-07 12:00:00,LONG,19124.094054,19099.969242000003,12.394798192694854,0.44386585430933323,21,1.2926413418694338,-0.10726810871184028,73.9004175,"FAILED_BOS_SHORT,ANTI_BOS,DNA_TREND_01,DNA_TREND_02,ENERGY_RECOVER,BULL_STRUCTURE,MOMENTUM_START,TRIPLE_CONFIRMATION","DEFENSE_03,SIGNAL_EXIT,SCALE_OUT_10"
2020-12-07 19:00:00,2020-12-08 10:00:00,LONG,18942.297701999996,18788.021644,23.89708168843476,0.8549070024608342,15,1.8554364603977982,-0.794664429670021,51.137966250000005,"BOS_CONTINUE_SHORT,EARLY_WAVE_LONG,ANTI_FIBO,EMERGENCY_EXIT_04,DNA_TREND_01,DNA_TREND_02,ENERGY_WALL,ENERGY_RECOVER","DEFENSE_03,SIGNAL_EXIT"
2020-12-09 10:00:00,2020-12-09 23:00:00,LONG,18044.588196,18552.408776,77.1038624660482,2.752746800313845,13,2.834765739422031,0.0,52.56657,"EARLY_WAVE_LONG,WAVE_ACCELERATION,SWING_REVERSAL_BUY,EMERGENCY_EXIT_01,BEAR_STRUCTURE,MOMENTUM_START,BARRIER_L1,TRIPLE_CONFIRMATION",SIGNAL_EXIT
2020-12-10 03:00:00,2020-12-10 15:00:00,LONG,18389.697204,18076.384000000002,-49.15390185331251,-1.7430616395917369,12,0.23710448038543583,-1.6841343311114068,68.4263125,"FIB_786_LONG,TREND_Q1,BULL_STRUCTURE,MOMENTUM_START,TRIPLE_CONFIRMATION,CASCADE_03,CASCADE_05,CASCADE_08",SIGNAL_EXIT
2020-12-10 16:00:00,2020-12-11 05:00:00,LONG,18135.736422,17956.138054,-26.51873411877165,-0.9445996897892247,13,1.4742361257283427,-1.8238378321310196,74.53782,"LATE_WAVE_EXIT,STRONG_WAVE,ANTI_LATE_WAVE,SWING_REVERSAL_BUY,ENERGY_RECOVER,TREND_Q1,TREND_Q2,BULL_STRUCTURE",SIGNAL_EXIT
2020-12-12 01:00:00,2020-12-12 13:00:00,LONG,18345.718409999998,18441.450972,13.48763764988539,0.48161636212098086,12,0.8742180950110904,-0.34721131425017465,61.62240594999997,"BOS_CONTINUE_LONG,EARLY_WAVE_LONG,EMERGENCY_EXIT_04,DNA_TREND_01,DNA_TREND_02,MARUBOZU_BULL,MARUBOZU_BEAR,ENERGY_WALL",SCALE_OUT_10
2020-12-12 20:00:00,2020-12-13 08:00:00,LONG,18809.051058,19245.360158,63.886670347440194,2.2787484313542694,12,2.332009949079481,-0.3139502243781985,100.0,"LATE_WAVE_EXIT,WAVE_ACCELERATION,STRONG_WAVE,ANTI_LATE_WAVE,EMERGENCY_EXIT_04,DNA_TREND_01,DNA_TREND_02,ENERGY_RECOVER",SIGNAL_EXIT
2020-12-13 16:00:00,2020-12-14 06:00:00,LONG,19215.182268,19081.712894,-7.5577391755616485,-0.26807364232908926,14,0.5877525928446661,-0.822226226097861,68.13121875,"EARLY_WAVE_LONG,ENERGY_RECOVER,BULL_STRUCTURE,MOMENTUM_START,TRIPLE_CONFIRMATION,CASCADE_03,CASCADE_05,CASCADE_08",SIGNAL_EXIT
2020-12-14 23:00:00,2020-12-15 12:00:00,LONG,19295.848398000002,19289.681292,-2.0268515549577373,-0.07194800783281312,13,0.9528039307100633,-0.8470651024442218,70.50853761462,"EARLY_WAVE_LONG,TREND_RESUME_02,TREND_RESUME_03,MARUBOZU_BULL,MARUBOZU_BEAR,TREND_Q1,TREND_Q2,TREND_Q3",SIGNAL_EXIT
2020-12-16 03:00:00,2020-12-16 16:00:00,LONG,19689.22403760021,20657.237726,190.4832827620933,4.831251362731366,13,4.93745187998927,-0.5114089145499888,94.21602868125,"WAVE_ACCELERATION,PRESSURE_EXHAUSTION,DELTA_EXHAUSTION,TREND_Q1,TREND_Q2,TREND_Q3,TREND_Q4,MULTI_SWING_BUY_01,TRAIL_WAVE,PYRAMID_LEVEL3","TRAIL_WAVE, SCALE_OUT_30, PYRAMID_LEVEL3,TRAIL_ENERGY, TRAIL_DELTA, TRAIL_WAVE, SCALE_OUT_20, SCALE_OUT_30, SCALE_OUT_50, PYRAMID_LEVEL3"
2020-12-16 22:00:00,2020-12-17 10:00:00,LONG,22035.501785059194,22644.330228000003,389.6241260824697,2.7218382258772666,12,4.699493914695284,0.0,79.71683125,"LATE_WAVE_EXIT,STRONG_WAVE,ANTI_LATE_WAVE,DNA_TREND_02,ENERGY_RECOVER,CONFLUENCE_02,CONFLUENCE_03,TREND_Q1,TRAIL_DELTA,SCALE_OUT_30,PYRAMID_LEVEL2,TRAIL_ENERGY,SCALE_OUT_10,TRAIL_WAVE,PYRAMID_LEVEL3,DEFENSE_03","SCALE_OUT_30, PYRAMID_LEVEL2"
2020-12-17 15:00:00,2020-12-18 04:00:00,LONG,23312.91937610425,22807.017684000002,-95.78919087610205,-1.7982175623115986,13,2.168035594994832,-2.3512686989605616,93.35840361750002,"EARLY_WAVE_LONG,TREND_Q1,TREND_Q2,TREND_Q3,TREND_Q4,HIGHER_HIGH_CONTINUE,BULL_STRUCTURE,MOMENTUM_START,TRAIL_ENERGY,SCALE_OUT_10,SCALE_OUT_30,PYRAMID_LEVEL2",SIGNAL_EXIT
2020-12-18 06:00:00,2020-12-19 05:00:00,LONG,22960.101101999997,23038.801318,-26.905670120849845,-0.9167058454941238,23,1.1319588569989527,-1.7905021418402505,73.263015,"FIB_382_LONG,WAVE_ACCELERATION,ANTI_MOMENTUM,EARLY_EXHAUSTION_SELL,PRESSURE_EXHAUSTION,TREND_Q1,TREND_Q2,TREND_Q3","SIGNAL_EXIT,SCALE_OUT_10"
2020-12-19 13:00:00,2020-12-20 02:00:00,LONG,23596.82795467929,23481.722716,-53.21546529314978,-0.5346139537923535,13,2.9917649767384913,-0.48912487263527965,91.70304691331874,"FIB_236_LONG,TREND_RESUME_01,TREND_RESUME_02,TREND_RESUME_03,DNA_TREND_02,ENERGY_RECOVER,CONFLUENCE_02,CONFLUENCE_03,TRAIL_DELTA,SCALE_OUT_30,PYRAMID_LEVEL2,TRAIL_ENERGY",SIGNAL_EXIT
2020-12-20 08:00:00,2020-12-20 20:00:00,LONG,23633.615778,23924.01424,34.6225685015343,1.1882602262046515,12,1.2540790405668605,-1.0106611711202755,73.263015,"FIB_382_LONG,EARLY_EXHAUSTION_BUY,HIDDEN_EXHAUSTION,TREND_Q1,TREND_Q2,TREND_Q3,TREND_Q4,BULL_STRUCTURE","TRAIL_ENERGY, SCALE_OUT_10"
2020-12-20 22:00:00,2020-12-21 10:00:00,LONG,23592.333980770614,22557.38400572082,-132.5841825092683,-2.520843405145461,12,2.0305038985615305,-0.5551972131175185,70.96575436776001,"FIB_236_SHORT,EARLY_WAVE_LONG,FAILED_WAVE,SWING_REVERSAL_BUY,DNA_TREND_01,DNA_TREND_02,MARUBOZU_BULL,MARUBOZU_BEAR,PYRAMID_LEVEL2","SIGNAL_EXIT,STOP_LOSS"
2020-12-22 07:00:00,2020-12-22 19:00:00,LONG,23076.932372345214,23430.582946000002,77.56109195342887,1.4918722078024633,12,3.215939181613626,-0.4375672115459679,50.233365,"FIB_382_SHORT,HIGHER_LOW,BULL_STRUCTURE,MOMENTUM_START,RESISTANCE_MAJOR,TRIPLE_CONFIRMATION,FIVE_CONFIRMATION,CASCADE_03,TRAIL_WAVE,SCALE_OUT_30,PYRAMID_LEVEL2","TRAIL_ENERGY, SCALE_OUT_10, SCALE_OUT_20"
2020-12-22 20:00:00,2020-12-23 15:00:00,LONG,23664.79106018194,23754.928064,-32.33966303182369,-0.6180094600132257,19,2.4727684278131146,-2.538712717361812,57.212476335000005,"FIB_236_SHORT,BOS_RETEST_LONG,DELTA_EXHAUSTION,TREND_Q1,TREND_Q2,TREND_Q3,TREND_Q4,MULTI_SWING_SELL_01,PYRAMID_LEVEL2",SIGNAL_EXIT
2020-12-23 17:00:00,2020-12-24 05:00:00,LONG,23411.591382,23018.715336,-49.783416851001405,-1.7174549374868189,12,0.8264223257747316,-2.5871431468160813,93.574483065,"FIB_382_LONG,WAVE_ACCELERATION,ANTI_MOMENTUM,EARLY_EXHAUSTION_SELL,HIDDEN_EXHAUSTION,TREND_Q1,TREND_Q2,TREND_Q3",SIGNAL_EXIT
2020-12-24 14:00:00,2020-12-25 03:00:00,LONG,23383.695804,23592.48056,24.602839240923604,0.8525075139828865,12,1.4775431518438586,-0.7205268380679963,57.05197139250001,"EARLY_WAVE_LONG,TREND_RESUME_02,TREND_RESUME_03,LOWER_HIGH,BEAR_STRUCTURE,MOMENTUM_START,BARRIER_L1,RESISTANCE_MAJOR",SCALE_OUT_10
2020-12-25 05:00:00,2020-12-25 20:00:00,LONG,24003.80514341002,24444.770068,55.230747583752695,1.0611076159138368,15,4.051689415428369,-0.07736872980152361,52.24621499999999,"EARLY_EXHAUSTION_BUY,PRESSURE_EXHAUSTION,DELTA_EXHAUSTION,TREND_RESUME_02,TREND_RESUME_03,TREND_Q1,TREND_Q2,TREND_Q3,TRAIL_ENERGY,TRAIL_DELTA,SCALE_OUT_10,SCALE_OUT_20,SCALE_OUT_30,PYRAMID_LEVEL2","SIGNAL_EXIT,SCALE_OUT_10,TRAIL_ENERGY, SCALE_OUT_10"
2020-12-25 21:00:00,2020-12-26 14:00:00,LONG,24459.94101,24937.431516,47.939640464734055,1.6501961441371928,17,1.972527201937024,-0.16578539573509474,94.428761765625,"WAVE_ACCELERATION,EARLY_EXHAUSTION_BUY,DNA_ACCUMULATION_01,HAMMER_BUY,TREND_Q1,TREND_Q2,TREND_Q3,TREND_Q4","SIGNAL_EXIT,TRAIL_ENERGY, SCALE_OUT_10"
2020-12-26 15:00:00,2020-12-27 04:00:00,LONG,26155.070520267796,26562.926352000002,304.362263486958,1.5349724032282754,13,3.7714178743979123,0.0,100.0,"EARLY_WAVE_LONG,TREND_RESUME_01,DNA_TREND_01,DNA_TREND_02,ENERGY_RECOVER,CONFLUENCE_02,CONFLUENCE_03,TREND_Q1,TRAIL_ENERGY,SCALE_OUT_10,SCALE_OUT_30,PYRAMID_LEVEL2,DEFENSE_03,TRAIL_WAVE,TRAIL_DELTA,SCALE_OUT_20","SIGNAL_EXIT,TRAIL_ENERGY, SCALE_OUT_10, SCALE_OUT_20"
2020-12-27 07:00:00,2020-12-27 11:00:00,LONG,27640.807055999998,26683.14734022544,-104.77903007138367,-3.503273159675887,4,0.6561058207619725,-0.6649844037752102,55.356831250000006,"LATE_WAVE_EXIT,STRONG_WAVE,ANTI_LATE_WAVE,DNA_TREND_01,DNA_TREND_02,MARUBOZU_BEAR,ENERGY_RECOVER,CONFLUENCE_02",STOP_LOSS
2020-12-27 17:00:00,2020-12-27 21:00:00,LONG,27094.86789,25705.865370919142,-153.09297792523512,-5.164390802383894,4,0.0,-3.2159517940354974,57.26333056499998,"FIB_236_SHORT,FIB_382_SHORT,ENERGY_RECOVER,TREND_Q1,TREND_Q2,TREND_Q3,TREND_Q4,HIGHER_LOW",STOP_LOSS
2020-12-27 22:00:00,2020-12-28 12:00:00,LONG,26874.271593604353,26853.698186,-21.982173582567075,-0.28899225721688265,14,2.4698059693102805,-0.5718911973819885,94.21825959000002,"EARLY_WAVE_LONG,SWING_REVERSAL_BUY,EMERGENCY_EXIT_04,ENERGY_RECOVER,STRUCTURE_FAILURE_LONG,TREND_Q1,TREND_Q2,TREND_Q3,PYRAMID_LEVEL2,TRAIL_ENERGY,TRAIL_DELTA,SCALE_OUT_10,SCALE_OUT_20","SIGNAL_EXIT,DEFENSE_03"
2020-12-28 13:00:00,2020-12-29 02:00:00,LONG,27102.689454,26824.274072,-32.13627346051141,-1.1007194760871606,13,0.6398647126674973,-1.7540305540778682,72.0309301425,"EARLY_WAVE_LONG,TREND_RESUME_02,TREND_RESUME_03,TREND_Q1,TREND_Q2,TREND_Q3,TREND_Q4,BEAR_STRUCTURE",SIGNAL_EXIT
2020-12-29 03:00:00,2020-12-29 05:00:00,LONG,26863.741673999997,25921.489775699145,-103.23619552721533,-3.5461199179603606,2,0.0,-1.5602505380166896,73.9004175,"FIB_786_LONG,TREND_Q1,TREND_Q2,TREND_Q3,TREND_Q4,BULL_STRUCTURE,MOMENTUM_END,RESISTANCE_MAJOR",STOP_LOSS
2020-12-29 06:00:00,2020-12-29 19:00:00,LONG,26457.69048,26586.061724000003,15.266474252227539,0.5291408794665144,13,1.6461358194859343,-0.3835197939015271,52.56657,"EARLY_WAVE_LONG,SWING_REVERSAL_BUY,EMERGENCY_EXIT_05,ENERGY_RECOVER,BEAR_STRUCTURE,MOMENTUM_START,RESISTANCE_MAJOR,TRIPLE_CONFIRMATION","SIGNAL_EXIT,SCALE_OUT_10, DEFENSE_03"
2020-12-29 20:00:00,2020-12-30 08:00:00,LONG,27756.022160116532,28383.342196,269.19977380612073,2.219218213084475,12,2.7816241628264136,-0.08826667234945351,72.45640788749999,"EARLY_EXHAUSTION_BUY,HIDDEN_EXHAUSTION,SWING_REVERSAL,TREND_RESUME_01,TREND_RESUME_02,TREND_RESUME_03,DNA_TREND_01,DNA_TREND_02,TRAIL_DELTA,PYRAMID_LEVEL2,TRAIL_ENERGY,SCALE_OUT_20,SCALE_OUT_30","TRAIL_ENERGY, TRAIL_DELTA, SCALE_OUT_20, SCALE_OUT_30, PYRAMID_LEVEL2"
2020-12-30 13:00:00,2020-12-31 01:00:00,LONG,28341.84558618731,29114.675900000002,206.30973215359214,2.685726450445631,12,2.747401934164008,0.0,50.81926500000001,"DELTA_EXHAUSTION,TREND_Q1,TREND_Q2,TREND_Q3,TREND_Q4,MULTI_SWING_SELL_01,HIGHER_HIGH_CONTINUE,BULL_STRUCTURE,SCALE_OUT_30,PYRAMID_LEVEL2,DEFENSE_03","SCALE_OUT_30, PYRAMID_LEVEL2"
2020-12-31 06:00:00,2020-12-31 13:00:00,LONG,28977.99444,27996.45456304785,-102.96581526029682,-3.4258356313542317,7,0.611690227103244,-1.2436831705044666,71.85965361750002,"FIB_236_SHORT,EARLY_WAVE_LONG,TREND_Q1,TREND_Q2,TREND_Q3,TREND_Q4,HIGHER_HIGH_CONTINUE,BULL_STRUCTURE",STOP_LOSS
2020-12-31 20:00:00,2021-01-01 10:00:00,LONG,28903.619568,29196.369558,18.132584802222723,0.6085728271650274,14,1.7519274041394461,0.0,52.5632625,"FIB_786_LONG,WAVE_ACCELERATION,STRONG_WAVE,EARLY_EXHAUSTION_BUY,DNA_ACCUMULATION_01,TREND_Q1,TREND_Q2,TREND_Q3",SIGNAL_EXIT
2021-01-01 11:00:00,2021-01-02 00:00:00,LONG,29229.664763999997,29325.83366,5.080452362885109,0.17027008062747276,13,0.8044062013656406,-0.6863738110574948,73.263015,"FIB_382_LONG,EARLY_EXHAUSTION_BUY,TREND_Q1,TREND_Q2,TREND_Q3,TREND_Q4,BULL_STRUCTURE,MOMENTUM_END",SIGNAL_EXIT
2021-01-02 05:00:00,2021-01-02 18:00:00,LONG,30801.77433228232,32850.37861,714.5994994828392,5.701390077301296,13,6.6722963604200825,0.0,72.66803709374999,"FIB_786_LONG,WAVE_ACCELERATION,STRONG_WAVE,PRESSURE_EXHAUSTION,DELTA_EXHAUSTION,DNA_ACCUMULATION_01,HAMMER_BUY,TREND_Q1,TRAIL_WAVE,PYRAMID_LEVEL2,PYRAMID_LEVEL3,TRAIL_DELTA,SCALE_OUT_30,TRAIL_ENERGY,SCALE_OUT_20,SCALE_OUT_50,DEFENSE_03","TRAIL_DELTA, TRAIL_WAVE, PYRAMID_LEVEL2, PYRAMID_LEVEL3,TRAIL_ENERGY, TRAIL_WAVE, SCALE_OUT_30, SCALE_OUT_80, PYRAMID_LEVEL2, PYRAMID_LEVEL3, DEFENSE_03"
2021-01-03 01:00:00,2021-01-03 13:00:00,LONG,33744.11070099686,34096.909254000006,184.29186430497543,1.005093280741058,12,3.5089608282170053,0.0,94.00218014250001,"ANTI_MOMENTUM,EARLY_EXHAUSTION_SELL,TREND_RESUME_02,TREND_RESUME_03,TREND_Q1,TREND_Q2,TREND_Q3,TREND_Q4,SCALE_OUT_30,PYRAMID_LEVEL2,TRAIL_DELTA,TRAIL_WAVE,PYRAMID_LEVEL3,TRAIL_ENERGY,SCALE_OUT_10,SCALE_OUT_20","TRAIL_ENERGY, SCALE_OUT_10"
2021-01-03 19:00:00,2021-01-04 08:00:00,LONG,33194.486318203904,32062.426232,-109.4632759876261,-1.8967136994200982,13,2.8980231694455347,-3.3910641285826983,94.428761765625,"WAVE_ACCELERATION,STRONG_WAVE,EARLY_EXHAUSTION_BUY,DNA_ACCUMULATION_01,HAMMER_BUY,TREND_Q1,TREND_Q2,TREND_Q3,TRAIL_ENERGY,SCALE_OUT_10,PYRAMID_LEVEL2",SIGNAL_EXIT
2021-01-04 09:00:00,2021-01-04 10:00:00,LONG,32051.55903,29904.150517884595,-214.13615898303283,-6.737176716743815,1,0.0,-3.1603112630243855,94.21825959000002,"EARLY_WAVE_LONG,ANTI_FIBO,SWING_REVERSAL_BUY,EMERGENCY_EXIT_04,STRUCTURE_FAILURE_LONG,BULL_STRUCTURE,MOMENTUM_START,RESISTANCE_MAJOR",STOP_LOSS
2021-01-04 23:00:00,2021-01-05 13:00:00,LONG,31338.31641,31578.683,15.659357292656544,0.5011677752168083,14,4.61972357116806,-2.8784775742201383,52.24621499999999,"EARLY_EXHAUSTION_BUY,TREND_RESUME_02,TREND_RESUME_03,BEAR_STRUCTURE,MOMENTUM_END,BARRIER_L1,RESISTANCE_MAJOR,TRIPLE_CONFIRMATION","SIGNAL_EXIT,TRAIL_ENERGY, SCALE_OUT_10,SCALE_OUT_10"
2021-01-05 15:00:00,2021-01-06 03:00:00,LONG,32986.42783788462,33866.52534,147.9119293223974,2.626992217035859,12,5.6671926326819655,-0.7731008142181633,79.3745225,"FIB_786_LONG,LATE_WAVE_EXIT,WAVE_ACCELERATION,STRONG_WAVE,DNA_TREND_02,ENERGY_RECOVER,CONFLUENCE_02,CONFLUENCE_03,TRAIL_ENERGY,TRAIL_DELTA,TRAIL_WAVE,SCALE_OUT_10,SCALE_OUT_20,PYRAMID_LEVEL2","TRAIL_ENERGY, SCALE_OUT_10, PYRAMID_LEVEL2"
2021-01-06 04:00:00,2021-01-06 19:00:00,LONG,34651.07109899295,35208.70685,-6.25871452984504,-0.10987890621685822,15,3.5234478032317584,-2.11125104012791,73.263015,"EARLY_EXHAUSTION_BUY,SWING_REVERSAL,TREND_Q1,TREND_Q2,TREND_Q3,TREND_Q4,HIGHER_HIGH_CONTINUE,BULL_STRUCTURE,SCALE_OUT_30,PYRAMID_LEVEL2","SIGNAL_EXIT,SCALE_OUT_10,TRAIL_ENERGY, SCALE_OUT_10"
2021-01-07 11:00:00,2021-01-07 23:00:00,LONG,38562.68144480288,39658.0668,584.1274154635897,2.799395913435907,12,3.9933411195869373,0.0,50.81926500000001,"TREND_Q1,TREND_Q2,TREND_Q3,TREND_Q4,MULTI_SWING_SELL_01,HIGHER_HIGH_CONTINUE,BULL_STRUCTURE,MOMENTUM_END,TRAIL_ENERGY,SCALE_OUT_10,SCALE_OUT_30,PYRAMID_LEVEL2,DEFENSE_03,TRAIL_DELTA,SCALE_OUT_20,TRAIL_WAVE","TRAIL_ENERGY, SCALE_OUT_10, SCALE_OUT_30, PYRAMID_LEVEL2"
2021-01-08 00:00:00,2021-01-08 02:00:00,LONG,39440.366496,36970.75771135088,-624.8229837589978,-6.299122722365235,2,0.0,-1.9244154236674658,100.0,"FIB_786_LONG,STRONG_WAVE,DNA_ACCUMULATION_01,HAMMER_BUY,TREND_Q1,TREND_Q2,TREND_Q3,TREND_Q4",STOP_LOSS
2021-01-08 03:00:00,2021-01-08 15:00:00,LONG,39565.16970133859,41445.839174,1097.599651548254,4.711444816395519,12,6.470791979575662,-0.04937637886904219,52.08296625000001,"FIB_236_SHORT,EARLY_WAVE_LONG,FAILED_WAVE,DNA_TREND_02,ENERGY_RECOVER,TREND_Q1,TREND_Q2,TREND_Q3,TRAIL_DELTA,PYRAMID_LEVEL2,TRAIL_ENERGY,SCALE_OUT_10,SCALE_OUT_20,SCALE_OUT_30,TRAIL_WAVE,SCALE_OUT_80,DEFENSE_03,SCALE_OUT_50","TRAIL_ENERGY, TRAIL_DELTA, TRAIL_WAVE, SCALE_OUT_10, SCALE_OUT_20, SCALE_OUT_30, SCALE_OUT_50, PYRAMID_LEVEL2"
2021-01-08 21:00:00,2021-01-09 13:00:00,LONG,39865.992574466385,40866.815001999996,74.76696356414546,0.84059318036289,16,2.9353523346563395,-2.2102361375312594,73.263015,"STRONG_WAVE,DNA_TREND_01,DNA_TREND_02,ENERGY_RECOVER,TREND_Q1,TREND_Q2,TREND_Q3,TREND_Q4,TRAIL_ENERGY,SCALE_OUT_10,PYRAMID_LEVEL2","SCALE_OUT_10,TRAIL_ENERGY, SCALE_OUT_10,SIGNAL_EXIT,TRAIL_ENERGY, TRAIL_DELTA, SCALE_OUT_10, SCALE_OUT_20, SCALE_OUT_30, PYRAMID_LEVEL2"
2021-01-09 22:00:00,2021-01-10 10:00:00,LONG,40726.953762,40760.14634000001,1.4261051659194832,0.04146767166211912,12,1.018014360766765,-1.5683317876721787,73.9004175,"WAVE_ACCELERATION,EARLY_EXHAUSTION_BUY,PRESSURE_EXHAUSTION,DELTA_EXHAUSTION,TREND_Q1,TREND_Q2,TREND_Q3,TREND_Q4",DEFENSE_03
2021-01-11 04:00:00,2021-01-11 14:00:00,LONG,35445.317646,32312.123644788724,-305.25286420126224,-8.875978717669168,10,0.9046677397633273,-7.424415468024394,52.56657,"EARLY_WAVE_LONG,SWING_REVERSAL_BUY,ENERGY_RECOVER,BEAR_STRUCTURE,STRUCTURE_WEAKENING,MOMENTUM_START,RESISTANCE_MAJOR,TRIPLE_CONFIRMATION",STOP_LOSS
2021-01-11 15:00:00,2021-01-12 05:00:00,LONG,33298.218312,35276.99319,284.9251673936283,4.236890501677612,14,6.325418580251646,-5.160090836994683,100.0,"EARLY_WAVE_LONG,WAVE_ACCELERATION,SWING_REVERSAL_BUY,TREND_RESUME_02,TREND_RESUME_03,HAMMER_BUY,ENERGY_RECOVER,CONFLUENCE_02","TRAIL_ENERGY, SCALE_OUT_10,TRAIL_ENERGY, TRAIL_DELTA, SCALE_OUT_10, SCALE_OUT_20, SCALE_OUT_30,TRAIL_ENERGY, SCALE_OUT_10, SCALE_OUT_30"
2021-01-13 19:00:00,2021-01-14 10:00:00,LONG,35726.503872,37930.51238,216.943303692943,6.319366513998369,15,7.399285800455277,0.0,56.11808124999999,"BOS_CONTINUE_LONG,EARLY_WAVE_LONG,EMERGENCY_EXIT_04,DNA_TREND_01,DNA_TREND_02,ENERGY_RECOVER,STRUCTURE_FAILURE_SHORT,CONFLUENCE_02","SCALE_OUT_30,TRAIL_ENERGY, TRAIL_DELTA, SCALE_OUT_10, SCALE_OUT_20, SCALE_OUT_30, SCALE_OUT_50"
2021-01-14 14:00:00,2021-01-15 06:00:00,LONG,38985.775596,37801.338220000005,9.401825364325884,0.26963402815972054,16,2.285973256593214,-3.0187307498911147,80.05913999999999,"LATE_WAVE_EXIT,WAVE_ACCELERATION,STRONG_WAVE,ANTI_LATE_WAVE,DNA_TREND_01,DNA_TREND_02,MARUBOZU_BULL,ENERGY_RECOVER",SIGNAL_EXIT
2021-01-15 08:00:00,2021-01-15 14:00:00,LONG,38480.764614,36656.65921559026,-166.7132007094803,-4.778408330865123,6,0.5160900205391145,-2.0707088905143483,86.279438276325,"FIB_236_SHORT,EARLY_WAVE_LONG,WAVE_ACCELERATION,PRESSURE_EXHAUSTION,DELTA_EXHAUSTION,SWING_REVERSAL_BUY,TREND_RESUME_01,ENERGY_RECOVER",STOP_LOSS
2021-01-20 22:00:00,2021-01-21 08:00:00,LONG,34899.878580000004,33284.49472732179,-160.85701278198604,-4.666771681843317,10,1.6285197631767778,-1.8722087485268288,71.14666532203124,"FIB_382_LONG,DNA_ACCUMULATION_01,HAMMER_BUY,MULTI_SWING_BUY_01,LOWER_LOW_CONTINUE,BEAR_STRUCTURE,MOMENTUM_START,TRIPLE_CONFIRMATION",STOP_LOSS
2021-01-22 00:00:00,2021-01-22 12:00:00,LONG,30858.160398,31705.747582,92.16155603115008,2.705621055172532,12,3.0551711114350932,-4.309558252494501,52.56657,"EARLY_WAVE_LONG,SWING_REVERSAL_BUY,TREND_Q1,TREND_Q2,BEAR_STRUCTURE,MOMENTUM_START,BARRIER_L1,BARRIER_L2","TRAIL_ENERGY, SCALE_OUT_10"
2021-01-22 17:00:00,2021-01-23 05:00:00,LONG,32384.035512000002,32575.493598,18.892923166471125,0.550974842201744,12,3.7224653102708545,-0.394841192514821,73.08908774999998,"BOS_RETEST_LONG,EARLY_EXHAUSTION_BUY,SWING_REVERSAL,EMERGENCY_EXIT_04,DNA_ACCUMULATION_01,HAMMER_BUY,STRUCTURE_FAILURE_SHORT,TREND_Q1",SCALE_OUT_10
2021-01-23 06:00:00,2021-01-23 11:00:00,LONG,33363.82143,31529.178417023002,-190.09592512289922,-5.536699949732977,5,0.0,-3.055559544157423,68.13121875,"EARLY_WAVE_LONG,BULL_STRUCTURE,STRUCTURE_WEAKENING,MOMENTUM_START,TRIPLE_CONFIRMATION,CASCADE_03,CASCADE_05,CASCADE_08",STOP_LOSS
2021-01-23 18:00:00,2021-01-24 06:00:00,LONG,32245.24776,32865.40560400001,63.73173195626683,1.8824841610037253,12,1.9436421908268349,-1.1828340189500166,52.88030999999997,"FIB_786_LONG,LATE_WAVE_EXIT,SWING_REVERSAL_BUY,TREND_Q1,TREND_Q2,TREND_Q3,TREND_Q4,BEAR_STRUCTURE","TRAIL_ENERGY, SCALE_OUT_10"
2021-01-24 07:00:00,2021-01-24 16:00:00,LONG,32763.581405999998,31493.94242499671,-133.10581686113588,-3.913603162255246,9,0.21300660979396077,-2.461670462717785,74.53782,"BOS_RETEST_LONG,LATE_WAVE_EXIT,ANTI_LATE_WAVE,EMERGENCY_EXIT_04,ENERGY_RECOVER,STRUCTURE_FAILURE_SHORT,BULL_STRUCTURE,MOMENTUM_START",STOP_LOSS
2021-01-24 17:00:00,2021-01-25 05:00:00,LONG,32337.715268808686,33371.384388,276.2291854267425,3.1552030097199277,12,3.8050453501832817,-1.3521984917893886,74.53782,"LATE_WAVE_EXIT,WAVE_ACCELERATION,STRONG_WAVE,ANTI_LATE_WAVE,SWING_REVERSAL_BUY,ENERGY_WALL,ENERGY_RECOVER,TREND_Q1,PYRAMID_LEVEL2,TRAIL_DELTA","TRAIL_DELTA, TRAIL_WAVE"
2021-01-25 11:00:00,2021-01-25 22:00:00,LONG,33125.973869999994,31905.725607622488,-127.88211809856028,-3.7221865761876116,11,4.282186949633079,-1.2313415194998845,90.32113454,"FIB_236_LONG,BOS_RETEST_LONG,EARLY_EXHAUSTION_BUY,BULL_STRUCTURE,MOMENTUM_END,TRIPLE_CONFIRMATION,FIVE_CONFIRMATION,CASCADE_03",STOP_LOSS
2021-01-25 23:00:00,2021-01-26 11:00:00,LONG,32468.872476,32240.75056,-25.263311082246872,-0.7423054693449962,12,0.8930939139150601,-2.9265336414203134,74.53782,"LATE_WAVE_EXIT,STRONG_WAVE,ANTI_FIBO,ANTI_LATE_WAVE,SWING_REVERSAL_BUY,ENERGY_RECOVER,TREND_Q1,BULL_STRUCTURE",SIGNAL_EXIT
2021-01-26 15:00:00,2021-01-27 14:00:00,LONG,31265.541858,29581.541171101162,45.01181409277964,1.325162434786628,23,4.696122487396811,-3.1671987726853525,52.56657,"EARLY_WAVE_LONG,SWING_REVERSAL_BUY,ENERGY_RECOVER,TREND_Q1,BEAR_STRUCTURE,MOMENTUM_START,BARRIER_L1,TRIPLE_CONFIRMATION","TRAIL_ENERGY, SCALE_OUT_10, SCALE_OUT_20,TRAIL_ENERGY, SCALE_OUT_10,SIGNAL_EXIT,STOP_LOSS"
2021-01-28 11:00:00,2021-01-28 23:00:00,LONG,31496.588058,33462.976065999996,211.2953163400795,6.2006805752331005,12,6.264430732518162,-0.18801419979508244,72.45751176562499,"EARLY_WAVE_LONG,DNA_ACCUMULATION_01,HAMMER_BUY,TREND_Q1,TREND_Q2,BEAR_STRUCTURE,MOMENTUM_START,TRIPLE_CONFIRMATION",TRAIL_WAVE
2021-01-29 06:00:00,2021-01-30 04:00:00,LONG,35081.890141743395,33266.705328000004,-44.22888281771379,-0.3196085448978822,22,12.624710119152843,-5.155167336868924,100.0,"FIB_382_LONG,EMERGENCY_EXIT_01,DNA_ACCUMULATION_01,HIGHER_HIGH_CONTINUE,BULL_STRUCTURE,MOMENTUM_START,TRIPLE_CONFIRMATION,FIVE_CONFIRMATION,TRAIL_ENERGY,TRAIL_DELTA,SCALE_OUT_10,SCALE_OUT_20,SCALE_OUT_30,PYRAMID_LEVEL3,TRAIL_WAVE,SCALE_OUT_50","TRAIL_ENERGY, SCALE_OUT_10,SIGNAL_EXIT"
2021-01-30 08:00:00,2021-01-30 23:00:00,LONG,34053.629364,34518.974824,69.2374284800218,0.6694152974468026,15,1.8262389284633622,-1.1547355490269817,100.0,"FAILED_BOS_SHORT,EARLY_WAVE_LONG,WAVE_ACCELERATION,ANTI_BOS,TREND_RESUME_02,TREND_RESUME_03,DNA_ACCUMULATION_01,MAJOR_STRUCTURE_FAILURE","SCALE_OUT_10,SIGNAL_EXIT,TRAIL_ENERGY, SCALE_OUT_10, SCALE_OUT_20"
2021-01-31 00:00:00,2021-01-31 12:00:00,LONG,34269.742578,33556.527352,-73.4474160591507,-2.1203481038322036,12,0.0,-2.8247734157812165,52.08296625000001,"FIB_236_SHORT,EARLY_WAVE_LONG,WAVE_ACCELERATION,TREND_Q1,BULL_STRUCTURE,MOMENTUM_START,BARRIER_L1,TRIPLE_CONFIRMATION",SIGNAL_EXIT
2021-01-31 13:00:00,2021-01-31 15:00:00,LONG,33980.84481,32653.982940710845,-135.85112845243316,-3.9431728962521992,2,0.0,-1.913239101720859,75.97645999999999,"FIB_382_LONG,ENERGY_RECOVER,CONFLUENCE_02,CONFLUENCE_03,BULL_STRUCTURE,MOMENTUM_START,TRIPLE_CONFIRMATION,FIVE_CONFIRMATION",STOP_LOSS
2021-01-31 16:00:00,2021-02-01 08:00:00,LONG,32869.22253,33795.83948,75.90981019986293,2.2254960446022247,16,2.843838089406741,-1.7247518692678911,74.53782,"LATE_WAVE_EXIT,WAVE_ACCELERATION,STRONG_WAVE,ANTI_LATE_WAVE,SWING_REVERSAL_BUY,ENERGY_RECOVER,BULL_STRUCTURE,MOMENTUM_START","TRAIL_ENERGY, SCALE_OUT_10,TRAIL_ENERGY,TRAIL_ENERGY, TRAIL_DELTA, SCALE_OUT_20, SCALE_OUT_30,SIGNAL_EXIT"
2021-02-02 09:00:00,2021-02-02 22:00:00,LONG,34670.802774,35645.899394,105.07323783234791,3.063759162955345,13,3.2180022864560813,0.0,80.05913999999999,"BOS_RETEST_LONG,LATE_WAVE_EXIT,WAVE_ACCELERATION,STRONG_WAVE,ANTI_LATE_WAVE,DNA_TREND_01,DNA_TREND_02,ENERGY_RECOVER","TRAIL_WAVE, SCALE_OUT_30,TRAIL_ENERGY, TRAIL_DELTA, SCALE_OUT_10, SCALE_OUT_20, SCALE_OUT_30"
2021-02-03 10:00:00,2021-02-03 22:00:00,LONG,36422.82451368503,37249.518606000005,277.2277457416623,2.2288065127062326,12,3.6769661335566384,0.0,100.0,"FIB_382_LONG,HAMMER_BUY,ENERGY_RECOVER,CONFLUENCE_02,TREND_Q1,TREND_Q2,TREND_Q3,HIGHER_HIGH_CONTINUE,TRAIL_ENERGY,TRAIL_WAVE,SCALE_OUT_10,SCALE_OUT_30,PYRAMID_LEVEL2,TRAIL_DELTA","TRAIL_ENERGY, TRAIL_DELTA, SCALE_OUT_20, SCALE_OUT_30, PYRAMID_LEVEL2"
2021-02-04 09:00:00,2021-02-05 03:00:00,LONG,37346.577822,36950.938334000006,-12.030192676670644,-0.3414233538209345,18,0.7937063990516028,-2.094831354371466,78.689905,"FIB_382_LONG,WAVE_ACCELERATION,ENERGY_WALL,ENERGY_EXTREME,ENERGY_RECOVER,CONFLUENCE_02,CONFLUENCE_03,TREND_Q1","SCALE_OUT_10,SIGNAL_EXIT,DEFENSE_03"
2021-02-05 04:00:00,2021-02-05 16:00:00,LONG,37770.9935352101,37953.167848000005,28.012909339950486,0.44211981211198953,12,2.405012112844479,-0.8228111903242288,52.24621499999999,"TREND_RESUME_02,TREND_RESUME_03,TREND_Q1,TREND_Q2,TREND_Q3,TREND_Q4,BEAR_STRUCTURE,MOMENTUM_START,SCALE_OUT_30,PYRAMID_LEVEL2",SCALE_OUT_10
2021-02-06 00:00:00,2021-02-06 14:00:00,LONG,39320.0484636646,40119.044586,232.65309876685035,1.940595149857774,14,2.868461110069236,0.0,93.95838841606118,"EARLY_WAVE_LONG,TREND_RESUME_02,TREND_RESUME_03,MARUBOZU_BULL,MARUBOZU_BEAR,TREND_Q1,TREND_Q2,TREND_Q3,TRAIL_DELTA,SCALE_OUT_30,PYRAMID_LEVEL2","SCALE_OUT_30, PYRAMID_LEVEL2,SIGNAL_EXIT,TRAIL_ENERGY, TRAIL_DELTA, SCALE_OUT_10, SCALE_OUT_20, SCALE_OUT_30, PYRAMID_LEVEL2"
2021-02-06 16:00:00,2021-02-06 20:00:00,LONG,40873.293024,39575.07339341424,-115.20767701504923,-3.214934649800639,4,0.0,-1.697619576657481,79.71683125,"LATE_WAVE_EXIT,STRONG_WAVE,ANTI_LATE_WAVE,DNA_TREND_01,DNA_TREND_02,ENERGY_RECOVER,CONFLUENCE_02,CONFLUENCE_03",STOP_LOSS
2021-02-06 21:00:00,2021-02-07 00:00:00,LONG,40095.417480000004,38860.393264127895,-110.8596528473114,-3.1189808007400237,3,0.0,-2.26578880355382,79.71683125,"LATE_WAVE_EXIT,STRONG_WAVE,ANTI_LATE_WAVE,HAMMER_BUY,ENERGY_RECOVER,CONFLUENCE_02,CONFLUENCE_03,TREND_Q1",STOP_LOSS
2021-02-07 02:00:00,2021-02-07 16:00:00,LONG,39016.8551884027,37913.535776000004,-148.93496295526114,-2.346529838827364,14,2.2308078718361486,-2.80838930536973,74.53782,"WAVE_ACCELERATION,STRONG_WAVE,DNA_TREND_01,DNA_TREND_02,MARUBOZU_BULL,ENERGY_RECOVER,TREND_Q1,TREND_Q2,PYRAMID_LEVEL2","SIGNAL_EXIT,DEFENSE_03"
2021-02-08 07:00:00,2021-02-08 20:00:00,LONG,41909.07548525668,43041.370004000004,235.67862548616029,1.9873496587757502,13,10.157681782566128,-0.16971220426167397,72.0309301425,"EARLY_WAVE_LONG,TREND_RESUME_02,TREND_RESUME_03,TREND_Q1,TREND_Q2,TREND_Q3,TREND_Q4,BEAR_STRUCTURE,TRAIL_WAVE,PYRAMID_LEVEL3,SCALE_OUT_30,SCALE_OUT_80,TRAIL_ENERGY,TRAIL_DELTA,SCALE_OUT_20,SCALE_OUT_10","TRAIL_ENERGY, SCALE_OUT_10, SCALE_OUT_20,TRAIL_ENERGY, SCALE_OUT_10"
2021-02-08 21:00:00,2021-02-09 17:00:00,LONG,46512.5508196813,46461.55583,158.07345626814518,0.7687438769872597,20,5.015770578259635,-2.606567041187296,94.003295596875,"EARLY_WAVE_LONG,TREND_RESUME_01,DNA_TREND_01,DNA_TREND_02,ENERGY_RECOVER,TREND_Q1,TREND_Q2,TREND_Q3,PYRAMID_LEVEL2,PYRAMID_LEVEL3,SCALE_OUT_30,TRAIL_ENERGY,TRAIL_DELTA,SCALE_OUT_10,SCALE_OUT_20","SIGNAL_EXIT,SCALE_OUT_10"
2021-02-09 19:00:00,2021-02-10 10:00:00,LONG,47022.172554,46540.680002,-38.62901443258504,-1.0779351288156904,15,0.44416800555131963,-2.1304259237481333,94.21602868125,"WAVE_ACCELERATION,TREND_Q1,TREND_Q2,TREND_Q3,TREND_Q4,MULTI_SWING_BUY_01,HIGHER_LOW,BULL_STRUCTURE",SIGNAL_EXIT
2021-02-10 13:00:00,2021-02-11 06:00:00,LONG,45664.26102599999,44632.781658,-107.32949161805806,-3.003402595674783,16,0.0,-3.2484945396475022,94.21825959000002,"EARLY_WAVE_LONG,SWING_REVERSAL_BUY,ENERGY_RECOVER,TREND_Q1,TREND_Q2,TREND_Q3,TREND_Q4,BULL_STRUCTURE",SIGNAL_EXIT
2021-02-11 10:00:00,2021-02-12 00:00:00,LONG,46993.215238546785,47959.066268,108.43883557640046,0.7281482291029512,14,3.48061623642446,-0.23061890529655135,79.71683125,"BOS_CONTINUE_LONG,LATE_WAVE_EXIT,WAVE_ACCELERATION,ANTI_LATE_WAVE,ENERGY_RECOVER,CONFLUENCE_02,CONFLUENCE_03,TREND_Q1,TRAIL_ENERGY,TRAIL_DELTA,SCALE_OUT_10,SCALE_OUT_20,PYRAMID_LEVEL2,TRAIL_WAVE,SCALE_OUT_30,PYRAMID_LEVEL3","SIGNAL_EXIT,TRAIL_ENERGY, SCALE_OUT_10, SCALE_OUT_30, PYRAMID_LEVEL2"
2021-02-12 01:00:00,2021-02-12 15:00:00,LONG,47999.608002,46533.29148,-43.88102081448315,-1.2284626426587328,14,0.9956164599929376,-3.0252497102465834,100.0,"EARLY_WAVE_LONG,TREND_RESUME_01,ENERGY_RECOVER,CONFLUENCE_02,CONFLUENCE_03,TREND_Q1,TREND_Q2,TREND_Q3",SIGNAL_EXIT
2021-02-12 16:00:00,2021-02-13 05:00:00,LONG,47030.45421,47895.109062,61.157396756930844,1.7175667616330244,13,1.8588929337069942,0.0,94.21825959000002,"EARLY_WAVE_LONG,WAVE_ACCELERATION,SWING_REVERSAL_BUY,EMERGENCY_EXIT_01,TREND_Q1,TREND_Q2,TREND_Q3,TREND_Q4","SIGNAL_EXIT,TRAIL_ENERGY, SCALE_OUT_10, SCALE_OUT_20"
2021-02-13 06:00:00,2021-02-13 11:00:00,LONG,47897.567597999994,46443.58377317678,-109.92914785191086,-3.074396743257523,5,0.0,-2.4811230665701247,73.58171625000001,"EARLY_WAVE_LONG,WAVE_ACCELERATION,TREND_Q1,TREND_Q2,TREND_Q3,TREND_Q4,BULL_STRUCTURE,MOMENTUM_START",STOP_LOSS
2021-02-13 20:00:00,2021-02-14 08:00:00,LONG,47734.882109372564,48715.434964,257.11780140893757,2.0133425247386008,12,4.368169279869625,0.0,100.0,"FIB_382_LONG,WAVE_ACCELERATION,EARLY_EXHAUSTION_BUY,TREND_RESUME_02,TREND_RESUME_03,BULL_STRUCTURE,MOMENTUM_END,RESISTANCE_MAJOR,TRAIL_WAVE,SCALE_OUT_30,PYRAMID_LEVEL2,DEFENSE_03",PYRAMID_LEVEL2
2021-02-14 12:00:00,2021-02-15 02:00:00,LONG,49064.981034,48001.847709999995,-134.67855283532603,-1.2432952574743183,14,0.757931539283195,-2.1472361994187548,100.0,"EARLY_EXHAUSTION_BUY,TREND_RESUME_02,TREND_RESUME_03,DNA_ACCUMULATION_01,HAMMER_BUY,TREND_Q1,TREND_Q2,TREND_Q3",SIGNAL_EXIT
2021-02-15 23:00:00,2021-02-16 11:00:00,LONG,48880.774760314256,49010.196,14.460657453070898,0.22466329927099835,12,2.7528423556107287,-1.2952535836679382,52.878656249999985,"STRONG_WAVE,DNA_ACCUMULATION_01,HAMMER_BUY,TREND_Q1,TREND_Q2,TREND_Q3,TREND_Q4,BEAR_STRUCTURE,SCALE_OUT_30,PYRAMID_LEVEL2,DEFENSE_03",SIGNAL_EXIT
2021-02-16 12:00:00,2021-02-17 02:00:00,LONG,48925.273098,49273.283372,13.95184486023221,0.3898236725347884,14,1.481313963334076,-1.5484698398770247,52.80281999999999,"FIB_382_SHORT,BOS_RETEST_LONG,WAVE_ACCELERATION,ANTI_MOMENTUM,EARLY_EXHAUSTION_SELL,TREND_Q1,TREND_Q2,TREND_Q3","SIGNAL_EXIT,SCALE_OUT_10"
2021-02-17 04:00:00,2021-02-17 16:00:00,LONG,50651.34092611647,51159.736006,89.71119472678247,0.9633134613215047,12,2.908563010567487,-0.6490960995876647,94.428761765625,"WAVE_ACCELERATION,STRONG_WAVE,ANTI_MOMENTUM,EARLY_EXHAUSTION_BUY,EARLY_EXHAUSTION_SELL,EMERGENCY_EXIT_01,DNA_ACCUMULATION_01,HAMMER_BUY,SCALE_OUT_30,PYRAMID_LEVEL2,TRAIL_ENERGY","TRAIL_ENERGY, SCALE_OUT_10"
2021-02-17 18:00:00,2021-02-18 17:00:00,LONG,51391.056156,52080.611794,47.32707876533003,1.31331286178234,23,1.8659547316737566,-0.03305274744390686,56.25935264250001,"HIST200_SELL,HIST1000_SELL,ANTI_MOMENTUM,EARLY_EXHAUSTION_BUY,EARLY_EXHAUSTION_SELL,PRESSURE_EXHAUSTION,SWING_REVERSAL,MAJOR_SUPPLY","TRAIL_ENERGY, SCALE_OUT_10,SIGNAL_EXIT"
2021-02-18 18:00:00,2021-02-19 09:00:00,LONG,51849.927912,52225.862737999996,-20.16208300047358,-0.5577166510810643,15,0.7451931054866043,-1.3184741802539313,73.9004175,"WAVE_ACCELERATION,TREND_Q1,TREND_Q2,TREND_Q3,TREND_Q4,HIGHER_LOW,BULL_STRUCTURE,MOMENTUM_END",SIGNAL_EXIT
2021-02-20 07:00:00,2021-02-20 19:00:00,LONG,56328.76212010231,57106.666381999996,135.4745531607552,1.3404547995124976,12,2.401708040969221,-1.3231655460458391,100.0,"EARLY_EXHAUSTION_BUY,TREND_RESUME_02,TREND_RESUME_03,TREND_Q1,TREND_Q2,TREND_Q3,TREND_Q4,HIGHER_HIGH_CONTINUE,TRAIL_DELTA,SCALE_OUT_30,PYRAMID_LEVEL2","TRAIL_ENERGY, SCALE_OUT_10"
2021-02-20 23:00:00,2021-02-21 11:00:00,LONG,55995.582574514796,57548.488000000005,179.12912569488114,2.7321548592683174,12,2.793822929520186,0.0,52.33032,"FIB_786_SHORT,LATE_WAVE_EXIT,WAVE_ACCELERATION,STRONG_WAVE,SWING_REVERSAL_BUY,ENERGY_WALL,ENERGY_EXTREME,ENERGY_RECOVER,PYRAMID_LEVEL2","SCALE_OUT_30, PYRAMID_LEVEL2, DEFENSE_03"
2021-02-21 14:00:00,2021-02-22 02:00:00,LONG,57675.85249510834,55428.24554323427,-199.4043353884489,-2.7045133148756584,12,1.7809115812545386,-2.4979301263566533,51.6929175,"FIB_786_SHORT,ANTI_MOMENTUM,EARLY_EXHAUSTION_SELL,TREND_Q1,TREND_Q2,TREND_Q3,TREND_Q4,HIGHER_LOW,PYRAMID_LEVEL1","SIGNAL_EXIT,STOP_LOSS"
2021-02-22 05:00:00,2021-02-22 10:00:00,LONG,55796.767122,53633.81736186973,-142.3509518249986,-3.9149280500406065,5,1.1222027911239254,-1.8466609718571538,52.09407,"BOS_CONTINUE_SHORT,LATE_WAVE_EXIT,WAVE_ACCELERATION,STRONG_WAVE,ANTI_LATE_WAVE,SWING_REVERSAL_BUY,EMERGENCY_EXIT_04,ENERGY_RECOVER",STOP_LOSS
2021-02-23 00:00:00,2021-02-23 04:00:00,LONG,54098.487534,50766.365198811596,-223.09799276517853,-6.196899458900737,4,0.0,-5.323360532380984,50.92018749999998,"STRONG_WAVE,DNA_ACCUMULATION_01,HAMMER_BUY,BEAR_STRUCTURE,MOMENTUM_START,RESISTANCE_MAJOR,TRIPLE_CONFIRMATION,FIVE_CONFIRMATION",STOP_LOSS
2021-02-24 16:00:00,2021-02-25 07:00:00,LONG,49829.453898,50443.449292000005,21.467290987936607,0.6057326807719972,15,1.648615502954508,-2.251146280463294,50.92018749999998,"DNA_ACCUMULATION_01,HAMMER_BUY,BEAR_STRUCTURE,MOMENTUM_START,RESISTANCE_MAJOR,TRIPLE_CONFIRMATION,FIVE_CONFIRMATION,CASCADE_03","SCALE_OUT_10,SIGNAL_EXIT,TRAIL_ENERGY, SCALE_OUT_10, SCALE_OUT_20, DEFENSE_03"
2021-02-25 13:00:00,2021-02-25 20:00:00,LONG,51508.279596,49040.46482712496,-171.38942835421835,-4.829186636237521,7,0.0,-4.007937388303525,56.11808124999999,"BOS_CONTINUE_LONG,EARLY_WAVE_LONG,FAILED_WAVE,EMERGENCY_EXIT_04,DNA_TREND_01,DNA_TREND_02,ENERGY_RECOVER,STRUCTURE_FAILURE_SHORT",STOP_LOSS
2021-02-25 22:00:00,2021-02-26 05:00:00,LONG,48111.630402,45555.75886228704,-187.5708077312796,-5.350252780356564,7,0.2581903730180639,-3.390345303974966,52.09407,"BOS_CONTINUE_SHORT,LATE_WAVE_EXIT,WAVE_ACCELERATION,STRONG_WAVE,ANTI_FIBO,ANTI_LATE_WAVE,SWING_REVERSAL_BUY,DNA_TREND_01",STOP_LOSS
2021-02-26 08:00:00,2021-02-27 05:00:00,LONG,44995.987398,47647.94850400001,115.9989261659153,3.3539393464035565,21,6.959004086971508,0.0,73.9004175,"LATE_WAVE_EXIT,STRONG_WAVE,HIST200_BUY,ANTI_FIBO,ANTI_LATE_WAVE,ENERGY_WALL,ENERGY_RECOVER,TREND_Q1","TRAIL_ENERGY, SCALE_OUT_10,SIGNAL_EXIT,TRAIL_ENERGY, TRAIL_DELTA, SCALE_OUT_10, SCALE_OUT_20,TRAIL_ENERGY, DEFENSE_03"
2021-02-27 06:00:00,2021-02-27 18:00:00,LONG,47809.239936,47031.721774,-58.08496167525968,-1.665642147366516,12,0.0,-2.678561587078728,73.9004175,"FIB_786_LONG,LATE_WAVE_EXIT,WAVE_ACCELERATION,STRONG_WAVE,EARLY_EXHAUSTION_BUY,TREND_Q1,TREND_Q2,TREND_Q3",DEFENSE_03
2021-02-27 23:00:00,2021-02-28 14:00:00,LONG,45837.605688,43698.12391331154,-56.47207941807109,-1.6263260227511533,15,1.3196463971466865,-3.618875076702065,71.53825959000001,"EARLY_WAVE_LONG,ANTI_FIBO,MARUBOZU_BULL,MARUBOZU_BEAR,TREND_Q1,TREND_Q2,TREND_Q3,TREND_Q4","SIGNAL_EXIT,STOP_LOSS"
2021-02-28 16:00:00,2021-03-01 04:00:00,LONG,45146.89260325616,46327.112724,515.9355881246669,2.5731322991883077,12,4.131823368689687,-0.6470032351859916,70.95187909908002,"EARLY_WAVE_LONG,HIST200_BUY,ANTI_FIBO,SWING_REVERSAL_BUY,DNA_TREND_01,DNA_TREND_02,ENERGY_RECOVER,TREND_Q1,TRAIL_ENERGY,SCALE_OUT_30,PYRAMID_LEVEL2,SCALE_OUT_10,TRAIL_DELTA,SCALE_OUT_20,TRAIL_WAVE,DEFENSE_03","TRAIL_ENERGY, TRAIL_DELTA, SCALE_OUT_10, SCALE_OUT_20, PYRAMID_LEVEL2"
2021-03-01 09:00:00,2021-03-01 21:00:00,LONG,47018.781875999994,48503.287402,111.70493590436958,3.115997804671005,12,4.613514084054248,0.0,72.67024484999997,"BOS_CONTINUE_LONG,EARLY_WAVE_LONG,EMERGENCY_EXIT_04,DNA_TREND_02,ENERGY_RECOVER,STRUCTURE_FAILURE_SHORT,BEAR_STRUCTURE,MOMENTUM_START",TRAIL_WAVE
2021-03-01 22:00:00,2021-03-02 17:00:00,LONG,48794.216892,47510.076084,8.734234091542854,0.241781273327708,19,1.6248095747797255,-2.6113891628188135,94.00664196000001,"ANTI_MOMENTUM,EARLY_EXHAUSTION_BUY,EARLY_EXHAUSTION_SELL,EMERGENCY_EXIT_01,HIGHER_HIGH_CONTINUE,BULL_STRUCTURE,MOMENTUM_MIDDLE,SUPPORT_MAJOR","SCALE_OUT_10,SIGNAL_EXIT,DEFENSE_03"
2021-03-03 00:00:00,2021-03-03 12:00:00,LONG,48446.297322,51655.496834000005,237.8768103656861,6.581591348609539,12,6.646602229677005,0.0,78.50427367999997,"FIB_786_LONG,LATE_WAVE_EXIT,SWING_REVERSAL_BUY,DNA_TREND_01,DNA_TREND_02,ENERGY_RECOVER,CONFLUENCE_02,CONFLUENCE_03","TRAIL_ENERGY, TRAIL_DELTA, TRAIL_WAVE, SCALE_OUT_20"
2021-03-03 22:00:00,2021-03-04 04:00:00,LONG,50966.29122,49056.741382427186,-139.04463081707496,-3.7851930912499774,6,0.9985007106036059,-2.730042125282193,69.0165,"BULL_STRUCTURE,MOMENTUM_START,SUPPORT_MAJOR,TRIPLE_CONFIRMATION,CASCADE_03,CASCADE_05,CASCADE_08,CASCADE_10",STOP_LOSS
2021-03-04 05:00:00,2021-03-04 18:00:00,LONG,49075.133064,48498.308398,-0.24353209996266045,-0.006693652549689433,13,2.336166739486681,-1.1554997991762588,71.77716,"STRONG_WAVE,DNA_TREND_02,ENERGY_RECOVER,BULL_STRUCTURE,MOMENTUM_START,SUPPORT_MAJOR,TRIPLE_CONFIRMATION,FIVE_CONFIRMATION","TRAIL_ENERGY, SCALE_OUT_10, SCALE_OUT_20,SIGNAL_EXIT"
2021-03-04 19:00:00,2021-03-05 07:00:00,LONG,47609.52,47387.080688,-18.444856300736493,-0.5070291493701155,12,1.6059183121358918,-1.954315019349061,94.21825959000002,"EARLY_WAVE_LONG,ANTI_FIBO,EMERGENCY_EXIT_04,DNA_TREND_01,DNA_TREND_02,ENERGY_RECOVER,STRUCTURE_FAILURE_LONG,BULL_STRUCTURE",SIGNAL_EXIT
2021-03-07 21:00:00,2021-03-08 10:00:00,LONG,50046.637326,49873.153374,-14.136958280857296,-0.38914187218332735,13,3.019309097946088,-0.5822515588846827,71.77450959000001,"BOS_CONTINUE_SHORT,EARLY_WAVE_LONG,SWING_REVERSAL_BUY,EMERGENCY_EXIT_04,ENERGY_RECOVER,STRUCTURE_FAILURE_LONG,BULL_STRUCTURE,MOMENTUM_START",SIGNAL_EXIT
2021-03-08 22:00:00,2021-03-09 10:00:00,LONG,51858.709667999996,54101.6775,155.44352911932745,4.283421579944742,12,4.619880338978744,-0.4988933771324507,52.878656249999985,"LATE_WAVE_EXIT,STRONG_WAVE,ANTI_LATE_WAVE,DNA_ACCUMULATION_01,HAMMER_BUY,TREND_Q1,TREND_Q2,BEAR_STRUCTURE","TRAIL_ENERGY, TRAIL_WAVE, SCALE_OUT_10, SCALE_OUT_30"
2021-03-09 12:00:00,2021-03-10 00:00:00,LONG,54246.72717599999,54863.695066,40.22764231650135,1.0968816792266483,12,1.1756890363741104,-0.9608453876100308,85.28520047709375,"HIST200_SELL,EARLY_EXHAUSTION_BUY,SWING_REVERSAL,DNA_ACCUMULATION_01,HAMMER_BUY,TREND_Q1,TREND_Q2,TREND_Q3","TRAIL_ENERGY, SCALE_OUT_10"
2021-03-10 05:00:00,2021-03-10 17:00:00,LONG,55404.92439868539,56998.128094,458.51168204460765,2.8344131160194674,12,3.3531654329981633,-0.012988704950281664,94.00218014250001,"WAVE_ACCELERATION,EARLY_EXHAUSTION_BUY,TREND_RESUME_02,TREND_RESUME_03,EMERGENCY_EXIT_01,TREND_Q1,TREND_Q2,TREND_Q3,SCALE_OUT_30,PYRAMID_LEVEL1,PYRAMID_LEVEL2,TRAIL_WAVE","TRAIL_ENERGY, TRAIL_DELTA, SCALE_OUT_20, SCALE_OUT_30, PYRAMID_LEVEL2"
2021-03-11 06:00:00,2021-03-11 18:00:00,LONG,56006.068322276646,56791.519424,92.90701938595755,1.3618783049806977,12,2.956976170182139,-1.4689063319125246,74.53782,"WAVE_ACCELERATION,STRONG_WAVE,ANTI_MOMENTUM,EARLY_EXHAUSTION_SELL,HIDDEN_EXHAUSTION,MARUBOZU_BULL,TREND_Q1,TREND_Q2,TRAIL_ENERGY,SCALE_OUT_10,SCALE_OUT_30,PYRAMID_LEVEL2","TRAIL_ENERGY, SCALE_OUT_10, SCALE_OUT_20"
2021-03-12 08:00:00,2021-03-12 20:00:00,LONG,56682.23418,56931.021518,15.202772731375697,0.39874033312637136,12,1.2084488727540126,-1.7505382318717937,73.263015,"FIB_382_LONG,WAVE_ACCELERATION,EARLY_EXHAUSTION_BUY,HIDDEN_EXHAUSTION,PRESSURE_EXHAUSTION,DELTA_EXHAUSTION,TREND_Q1,TREND_Q2",SIGNAL_EXIT
2021-03-13 00:00:00,2021-03-13 12:00:00,LONG,58201.912065486584,59841.609284000006,190.68429078787509,2.7761297137142664,12,3.8701785606097037,-1.4795169089558975,52.24621499999999,"EARLY_EXHAUSTION_BUY,TREND_RESUME_02,TREND_RESUME_03,TREND_Q1,TREND_Q2,TREND_Q3,TREND_Q4,BEAR_STRUCTURE,TRAIL_WAVE,PYRAMID_LEVEL2","SCALE_OUT_30, PYRAMID_LEVEL2"
2021-03-14 02:00:00,2021-03-14 14:00:00,LONG,61093.216199999995,59928.012,-75.19505630359498,-1.946493373187305,12,0.4306432307291139,-1.8876338024580794,93.35840361750002,"EARLY_WAVE_LONG,TREND_Q1,TREND_Q2,TREND_Q3,TREND_Q4,HIGHER_HIGH_CONTINUE,BULL_STRUCTURE,MOMENTUM_START",SIGNAL_EXIT
2021-03-14 15:00:00,2021-03-15 03:00:00,LONG,60013.90038,60057.616074,1.2613233446361751,0.03281347728727412,12,0.4175359681896484,-1.7422470017437008,94.00218014250001,"STRONG_WAVE,EARLY_EXHAUSTION_BUY,TREND_RESUME_02,TREND_RESUME_03,TREND_Q1,TREND_Q2,TREND_Q3,TREND_Q4",SIGNAL_EXIT
2021-03-15 04:00:00,2021-03-15 06:00:00,LONG,60392.065998,58549.61446133262,-118.75945400800005,-3.0895968727311063,2,0.0,-2.282942262723151,73.263015,"FIB_382_LONG,WAVE_ACCELERATION,ANTI_MOMENTUM,EARLY_EXHAUSTION_SELL,TREND_Q1,TREND_Q2,TREND_Q3,TREND_Q4",STOP_LOSS
2021-03-15 07:00:00,2021-03-15 09:00:00,LONG,58795.136675999995,56746.16364268858,-134.3799834863525,-3.523542278989444,2,0.0,-1.7644940290163083,50.619659999999996,"EARLY_WAVE_LONG,SWING_REVERSAL_BUY,ENERGY_RECOVER,BEAR_STRUCTURE,MOMENTUM_START,RESISTANCE_MAJOR,TRIPLE_CONFIRMATION,FIVE_CONFIRMATION",STOP_LOSS
2021-03-15 13:00:00,2021-03-16 00:00:00,LONG,56450.827908,53952.64981582217,-168.7164418037437,-4.463635424817329,11,0.716999390442319,-1.497990267526551,85.94671163990625,"ANTI_FIBO,EARLY_EXHAUSTION_BUY,HIDDEN_EXHAUSTION,TREND_RESUME_01,TREND_RESUME_02,TREND_RESUME_03,EMERGENCY_EXIT_04,HAMMER_BUY",STOP_LOSS
2021-03-16 02:00:00,2021-03-16 21:00:00,LONG,54482.464314,56358.586028000005,67.55998234109974,1.8077498363705062,19,3.470172852504723,-0.7083826307409277,52.56657,"EARLY_WAVE_LONG,SWING_REVERSAL_BUY,EMERGENCY_EXIT_04,ENERGY_RECOVER,STRUCTURE_FAILURE_LONG,BEAR_STRUCTURE,MOMENTUM_START,RESISTANCE_MAJOR","DEFENSE_03,TRAIL_ENERGY, TRAIL_DELTA, SCALE_OUT_10, SCALE_OUT_20, SCALE_OUT_30,TRAIL_ENERGY, SCALE_OUT_10, SCALE_OUT_30,SIGNAL_EXIT,TRAIL_ENERGY, SCALE_OUT_10,TRAIL_ENERGY, TRAIL_WAVE, SCALE_OUT_10, SCALE_OUT_30"
2021-03-18 06:00:00,2021-03-18 18:00:00,LONG,58969.221486,59238.959838,15.662153929921374,0.41723930190127034,12,0.9572086925617753,-1.9042331875902367,93.35840361750002,"EARLY_WAVE_LONG,PRESSURE_EXHAUSTION,DELTA_EXHAUSTION,HIGHER_HIGH_CONTINUE,BULL_STRUCTURE,MOMENTUM_START,BARRIER_L1,RESISTANCE_MAJOR",SIGNAL_EXIT
2021-03-19 06:00:00,2021-03-19 22:00:00,LONG,58373.682402,58637.050244,26.77773813622739,0.7126859924383472,16,1.0241217846820627,-0.9244618118892366,71.163365,"STRONG_WAVE,TREND_Q1,HIGHER_LOW,BULL_STRUCTURE,MOMENTUM_START,TRIPLE_CONFIRMATION,FIVE_CONFIRMATION,CASCADE_03","SCALE_OUT_10, DEFENSE_03,SCALE_OUT_10,SIGNAL_EXIT"
2021-03-20 01:00:00,2021-03-20 15:00:00,LONG,58651.057866,59353.146995999996,28.353262200559616,0.7533514366097033,14,1.2173047852456171,-0.8857263362357016,78.689905,"FIB_382_LONG,WAVE_ACCELERATION,PRESSURE_EXHAUSTION,DELTA_EXHAUSTION,DNA_TREND_01,DNA_TREND_02,ENERGY_RECOVER,CONFLUENCE_02","SIGNAL_EXIT,TRAIL_ENERGY, SCALE_OUT_20"
2021-03-20 19:00:00,2021-03-21 00:00:00,LONG,59184.864605999996,57860.46056146281,-85.84458275457222,-2.2768460107707353,5,0.14861129544780186,-1.8291578652868075,93.14232417,"FIB_382_LONG,HIDDEN_EXHAUSTION,PRESSURE_EXHAUSTION,DELTA_EXHAUSTION,TREND_Q1,TREND_Q2,TREND_Q3,HIGHER_HIGH_CONTINUE",STOP_LOSS
2021-03-23 06:00:00,2021-03-23 19:00:00,LONG,53542.966452,55353.607064,137.1439528642751,3.658644603814678,13,4.048904443767561,-0.441003679188537,72.45862722000001,"EARLY_WAVE_LONG,HIST200_BUY,SWING_REVERSAL_BUY,DNA_TREND_02,ENERGY_RECOVER,BEAR_STRUCTURE,MOMENTUM_START,BARRIER_L1","TRAIL_ENERGY, TRAIL_DELTA, SCALE_OUT_10, SCALE_OUT_20,SIGNAL_EXIT"
2021-03-24 06:00:00,2021-03-24 18:00:00,LONG,54110.82,56114.67482,138.50251880609255,3.6617610859935232,12,5.154588305998694,0.0,52.878656249999985,"WAVE_ACCELERATION,STRONG_WAVE,DNA_ACCUMULATION_01,HAMMER_BUY,TREND_Q1,TREND_Q2,BEAR_STRUCTURE,MOMENTUM_START","TRAIL_DELTA, TRAIL_WAVE"
2021-03-24 19:00:00,2021-03-24 20:00:00,LONG,55391.716128,53568.063865009004,-127.13130601960896,-3.330966464865184,1,0.0,-1.1828233060806193,51.055515,"FAILED_BOS_LONG,STRONG_WAVE,ANTI_BOS,DNA_TREND_02,ENERGY_RECOVER,HIGHER_HIGH_CONTINUE,BULL_STRUCTURE,MOMENTUM_START",STOP_LOSS
2021-03-25 03:00:00,2021-03-25 15:00:00,LONG,52265.831075999995,51286.700608,-72.38269692137503,-1.912616957701499,12,1.3577301066314804,-2.2747386801736593,80.7437575,"LATE_WAVE_EXIT,STRONG_WAVE,ANTI_FIBO,ANTI_LATE_WAVE,PRESSURE_EXHAUSTION,DELTA_EXHAUSTION,ENERGY_RECOVER,CONFLUENCE_02",SIGNAL_EXIT
2021-03-26 06:00:00,2021-03-26 18:00:00,LONG,52832.854458,53815.574732,68.51545337944638,1.819311210737837,12,1.8759644016355517,-0.4739559514034321,51.6929175,"FIB_786_SHORT,ANTI_MOMENTUM,EARLY_EXHAUSTION_SELL,HIDDEN_EXHAUSTION,TREND_Q1,TREND_Q2,TREND_Q3,TREND_Q4",SIGNAL_EXIT
2021-03-26 19:00:00,2021-03-27 17:00:00,LONG,53693.246502,56152.287295999995,90.27813876500613,2.386566158410035,22,4.608053450274861,0.0,68.13121875,"EARLY_WAVE_LONG,WAVE_ACCELERATION,BULL_STRUCTURE,MOMENTUM_START,TRIPLE_CONFIRMATION,CASCADE_03,CASCADE_05,CASCADE_08","TRAIL_DELTA,TRAIL_ENERGY, TRAIL_DELTA, SCALE_OUT_10, SCALE_OUT_20,TRAIL_ENERGY, SCALE_OUT_10,SIGNAL_EXIT"
2021-03-27 18:00:00,2021-03-28 11:00:00,LONG,56092.676292,56074.712814,-3.609389130771318,-0.09486025320582307,17,0.6070199008289491,-0.6484737688507726,100.0,"LATE_WAVE_EXIT,WAVE_ACCELERATION,STRONG_WAVE,ANTI_LATE_WAVE,EMERGENCY_EXIT_01,EMERGENCY_EXIT_04,ENERGY_RECOVER,STRUCTURE_FAILURE_SHORT",SIGNAL_EXIT
2021-03-29 18:00:00,2021-03-30 12:00:00,LONG,57936.274938,59228.481934,85.07005375268456,0.7455082832894666,18,2.2508610769255153,-1.3030608868241844,100.0,"EARLY_WAVE_LONG,TREND_RESUME_02,TREND_RESUME_03,ENERGY_RECOVER,CONFLUENCE_02,CONFLUENCE_03,TREND_Q1,HIGHER_HIGH_CONTINUE","SIGNAL_EXIT,DEFENSE_03,TRAIL_ENERGY, SCALE_OUT_10, SCALE_OUT_30, DEFENSE_03"
2021-03-30 18:00:00,2021-03-31 07:00:00,LONG,58711.729997999995,57494.27938941818,9.343604211209431,0.12217702037965879,13,1.6620699169199133,-0.17560374733210884,100.0,"TREND_RESUME_02,TREND_RESUME_03,TREND_Q1,TREND_Q2,TREND_Q3,TREND_Q4,HIGHER_HIGH_CONTINUE,BULL_STRUCTURE","SIGNAL_EXIT,STOP_LOSS"
2021-03-31 08:00:00,2021-04-01 04:00:00,LONG,58185.454764,59107.196196,44.96894929002389,1.1755454455002727,20,1.9236684503710688,-0.8026314581439807,71.77450959000001,"BOS_CONTINUE_SHORT,EARLY_WAVE_LONG,FAILED_WAVE,ANTI_FIBO,SWING_REVERSAL_BUY,EMERGENCY_EXIT_04,DNA_TREND_02,ENERGY_WALL","SIGNAL_EXIT,TRAIL_ENERGY, SCALE_OUT_10, SCALE_OUT_20,SCALE_OUT_10,TRAIL_ENERGY, SCALE_OUT_10"
2021-04-01 14:00:00,2021-04-02 03:00:00,LONG,58942.126068,59706.146382,34.72604457733699,0.9052131310887185,13,1.317553308314782,-0.7473365780728906,93.14232417,"FIB_382_LONG,HIDDEN_EXHAUSTION,TREND_Q1,TREND_Q2,TREND_Q3,TREND_Q4,HIGHER_HIGH_CONTINUE,BULL_STRUCTURE",SIGNAL_EXIT
2021-04-02 06:00:00,2021-04-02 21:00:00,LONG,59566.590936,58658.915870000004,-36.9439005270202,-0.9609480157207683,15,0.09135836572966023,-1.5041165222341424,94.42987722,"BOS_RETEST_LONG,LATE_WAVE_EXIT,ANTI_MOMENTUM,EARLY_EXHAUSTION_SELL,DNA_EXHAUSTION,TREND_Q1,TREND_Q2,TREND_Q3",SIGNAL_EXIT
2021-04-02 22:00:00,2021-04-03 10:00:00,LONG,58750.867824,59412.01522,41.60453140310697,1.0848905105902564,12,1.2178580546987525,0.0,90.72869442000001,"EARLY_WAVE_LONG,SWING_REVERSAL_BUY,EMERGENCY_EXIT_04,STRUCTURE_FAILURE_LONG,BULL_STRUCTURE,MOMENTUM_START,TRIPLE_CONFIRMATION,FIVE_CONFIRMATION",SIGNAL_EXIT
2021-04-03 14:00:00,2021-04-03 17:00:00,LONG,59426.68296,58439.52620766336,-65.38175041257145,-1.7004694061418375,3,0.0,-1.0381581627486487,51.6929175,"ANTI_MOMENTUM,EARLY_EXHAUSTION_SELL,HIDDEN_EXHAUSTION,TREND_Q1,TREND_Q2,TREND_Q3,TREND_Q4,HIGHER_LOW",STOP_LOSS
2021-04-03 18:00:00,2021-04-03 22:00:00,LONG,58219.971666,57091.89983663341,-75.67679803897884,-1.9768278073095658,4,0.6476614866169853,-1.0111507256946848,56.63560959000001,"BOS_CONTINUE_SHORT,EARLY_WAVE_LONG,ANTI_FIBO,EMERGENCY_EXIT_04,DNA_TREND_01,DNA_TREND_02,MARUBOZU_BULL,MARUBOZU_BEAR",STOP_LOSS
2021-04-03 23:00:00,2021-04-04 17:00:00,LONG,57568.271352,58019.283822,3.4016119507821725,0.08930713222633974,18,0.9774805370813778,-1.6819531475585365,73.58171625000001,"EARLY_WAVE_LONG,ANTI_FIBO,EMERGENCY_EXIT_04,ENERGY_RECOVER,STRUCTURE_FAILURE_LONG,BULL_STRUCTURE,STRUCTURE_WEAKENING,MOMENTUM_START","SIGNAL_EXIT,SCALE_OUT_10"
2021-04-05 23:00:00,2021-04-06 11:00:00,LONG,58888.955436,58353.327000000005,-36.158185113381286,-0.9491928709917011,12,0.7934842120061658,-0.8897346405972962,90.72869442000001,"BOS_RETEST_LONG,EARLY_WAVE_LONG,BULL_STRUCTURE,MOMENTUM_START,BARRIER_L1,TRIPLE_CONFIRMATION,FIVE_CONFIRMATION,CASCADE_03",SIGNAL_EXIT
2021-04-06 13:00:00,2021-04-07 01:00:00,LONG,58483.624385999996,57396.650391204064,-64.6120775382075,-1.7003443482593958,12,0.0,-1.4437107735103274,80.05913999999999,"LATE_WAVE_EXIT,WAVE_ACCELERATION,ANTI_LATE_WAVE,SWING_REVERSAL_BUY,EMERGENCY_EXIT_04,ENERGY_RECOVER,STRUCTURE_FAILURE_LONG,CONFLUENCE_02","SIGNAL_EXIT,STOP_LOSS"
2021-04-10 14:00:00,2021-04-10 20:00:00,LONG,60477.973176,59209.9370849675,-80.80799364865871,-2.1358521095066854,6,0.0,-1.5056608682140173,90.52061791500002,"TREND_RESUME_02,TREND_RESUME_03,TREND_Q1,BULL_STRUCTURE,MOMENTUM_START,TRIPLE_CONFIRMATION,FIVE_CONFIRMATION,CASCADE_03",STOP_LOSS
2021-04-10 21:00:00,2021-04-12 09:00:00,LONG,59182.525795775924,60682.281116,59.55387759498818,1.1305248709236124,36,3.3484183979420905,0.0,73.58171625000001,"EARLY_WAVE_LONG,ANTI_FIBO,EMERGENCY_EXIT_04,DNA_TREND_02,ENERGY_RECOVER,STRUCTURE_FAILURE_LONG,TREND_Q1,TREND_Q2,TRAIL_WAVE,PYRAMID_LEVEL3","TRAIL_ENERGY, SCALE_OUT_10, SCALE_OUT_20,SCALE_OUT_10,SIGNAL_EXIT,SCALE_OUT_10, DEFENSE_03,TRAIL_ENERGY, SCALE_OUT_10,TRAIL_ENERGY, SCALE_OUT_10, DEFENSE_03,SCALE_OUT_30"
2021-04-12 15:00:00,2021-04-13 09:00:00,LONG,59900.42769,62698.967698,53.75840569336549,1.4232384101509843,18,4.692925273502342,-0.25213123816344385,51.85782,"WAVE_ACCELERATION,STRONG_WAVE,HIDDEN_EXHAUSTION,DNA_TREND_01,DNA_TREND_02,MARUBOZU_BULL,MARUBOZU_BEAR,TREND_Q1","SIGNAL_EXIT,TRAIL_ENERGY, SCALE_OUT_10,TRAIL_WAVE, PYRAMID_LEVEL3"
2021-04-13 15:00:00,2021-04-14 04:00:00,LONG,62933.5842,63736.440162000006,30.5496539999451,0.8060061027212364,13,1.295978626305547,-0.4636859694382395,50.81926500000001,"PRESSURE_EXHAUSTION,DELTA_EXHAUSTION,TREND_Q1,TREND_Q2,TREND_Q3,TREND_Q4,MULTI_SWING_SELL_01,HIGHER_HIGH_CONTINUE",SIGNAL_EXIT
2021-04-14 05:00:00,2021-04-14 14:00:00,LONG,64281.823793999996,62776.490636806775,-90.41240756946226,-2.3808343682849804,9,0.45959524568993565,-1.1098063992182288,74.21911875,"LATE_WAVE_EXIT,WAVE_ACCELERATION,STRONG_WAVE,ANTI_LATE_WAVE,TREND_Q1,TREND_Q2,TREND_Q3,TREND_Q4",STOP_LOSS
2021-04-14 19:00:00,2021-04-15 07:00:00,LONG,62131.683852,62923.592764,46.57975254142982,1.2340555210459145,12,1.5737802154681544,0.0,74.53782,"LATE_WAVE_EXIT,STRONG_WAVE,ANTI_FIBO,ANTI_LATE_WAVE,SWING_REVERSAL_BUY,EMERGENCY_EXIT_04,ENERGY_RECOVER,STRUCTURE_FAILURE_LONG","TRAIL_ENERGY, SCALE_OUT_10, SCALE_OUT_20"
2021-04-15 09:00:00,2021-04-15 22:00:00,LONG,62627.843064,63356.83609800001,41.690878445385124,1.1012453059228025,13,1.184228770647734,-0.7562180666449315,94.00664196000001,"FIB_382_LONG,SWING_REVERSAL_BUY,TREND_Q1,TREND_Q2,TREND_Q3,TREND_Q4,BULL_STRUCTURE,MOMENTUM_START","DEFENSE_03,SIGNAL_EXIT"
2021-04-15 23:00:00,2021-04-16 04:00:00,LONG,63264.92045399999,61909.83378235149,-82.78979066536229,-2.1810674782476576,5,0.15028794048534463,-0.6867794203833864,51.6929175,"FIB_786_SHORT,LATE_WAVE_EXIT,ANTI_MOMENTUM,EARLY_EXHAUSTION_SELL,HIDDEN_EXHAUSTION,SWING_REVERSAL,TREND_Q1,TREND_Q2",STOP_LOSS
2021-04-16 05:00:00,2021-04-16 11:00:00,LONG,61670.381610000004,60109.26838533887,-97.02532306303485,-2.570369909561625,6,0.20951449727861104,-2.3071717295313214,52.09407,"BOS_CONTINUE_SHORT,LATE_WAVE_EXIT,WAVE_ACCELERATION,STRONG_WAVE,ANTI_FIBO,ANTI_LATE_WAVE,EMERGENCY_EXIT_04,DNA_TREND_01",STOP_LOSS
2021-04-17 06:00:00,2021-04-17 11:00:00,LONG,62172.141941999995,60857.11942294406,-80.7884438171907,-2.1542853840786105,5,0.36627024723137674,-1.2978673675948862,52.165417500000004,"FIB_382_SHORT,DELTA_EXHAUSTION,TREND_Q1,TREND_Q2,HIGHER_LOW,BULL_STRUCTURE,MOMENTUM_MIDDLE,RESISTANCE_MAJOR",STOP_LOSS
2021-04-19 21:00:00,2021-04-20 06:00:00,LONG,56141.24600399999,54000.3467123276,-143.65838788841407,-3.851890694059855,7,0.18516510301997438,-2.689566248480502,73.9004175,"WAVE_ACCELERATION,ANTI_MOMENTUM,EARLY_EXHAUSTION_SELL,TREND_Q1,TREND_Q2,TREND_Q3,TREND_Q4,HIGHER_LOW",STOP_LOSS
2021-04-20 08:00:00,2021-04-20 20:00:00,LONG,55423.948986481184,56561.125512000006,193.08547554972375,2.0109575295435542,12,3.3909015917737264,-0.18179683751108824,76.23386287999998,"FIB_786_LONG,LATE_WAVE_EXIT,ANTI_LATE_WAVE,SWING_REVERSAL_BUY,ENERGY_RECOVER,CONFLUENCE_02,TREND_Q1,TREND_Q2,TRAIL_DELTA,PYRAMID_LEVEL2,DEFENSE_03,TRAIL_ENERGY,SCALE_OUT_10,SCALE_OUT_20","TRAIL_ENERGY, SCALE_OUT_10, PYRAMID_LEVEL2"
2021-04-20 21:00:00,2021-04-21 11:00:00,LONG,56736.355002000004,54648.23343094361,-176.93696726547043,-2.3651014532837378,14,0.5012747082359672,-3.206982545734322,100.0,"BOS_CONTINUE_LONG,STRONG_WAVE,EMERGENCY_EXIT_04,ENERGY_RECOVER,STRUCTURE_FAILURE_SHORT,CONFLUENCE_02,CONFLUENCE_03,MULTI_SWING_BUY_01","SIGNAL_EXIT,STOP_LOSS"
2021-04-21 12:00:00,2021-04-22 00:00:00,LONG,55282.15762159451,53776.862476,-183.71160244543617,-2.7618420775756793,12,2.946145224258613,-2.7034538554456033,52.09407,"BOS_CONTINUE_SHORT,LATE_WAVE_EXIT,WAVE_ACCELERATION,STRONG_WAVE,ANTI_LATE_WAVE,SWING_REVERSAL_BUY,ENERGY_RECOVER,TREND_Q1,PYRAMID_LEVEL2",SIGNAL_EXIT
2021-04-22 14:00:00,2021-04-22 19:00:00,LONG,54430.013825999995,52368.78707488745,-279.17909157922236,-3.8254156476952685,5,0.8581592051275291,-1.9425382278608436,100.0,"FIB_382_LONG,DNA_TREND_02,ENERGY_RECOVER,CONFLUENCE_02,CONFLUENCE_03,TREND_Q1,TREND_Q2,TREND_Q3",STOP_LOSS
2021-04-23 08:00:00,2021-04-23 20:00:00,LONG,49402.65547404932,50866.534658,355.46633559262784,2.92197363934363,12,3.149284195230374,0.0,58.99781616749999,"LATE_WAVE_EXIT,STRONG_WAVE,HIST200_BUY,HIST1000_BUY,ANTI_FIBO,ANTI_LATE_WAVE,MAJOR_DEMAND,DNA_TREND_02,TRAIL_ENERGY,TRAIL_WAVE,SCALE_OUT_10,PYRAMID_LEVEL2,TRAIL_DELTA,SCALE_OUT_20","TRAIL_ENERGY, TRAIL_DELTA, SCALE_OUT_10, SCALE_OUT_20, PYRAMID_LEVEL2"
2021-04-23 21:00:00,2021-04-24 17:00:00,LONG,50515.451069999996,49884.75105400001,-74.28226640620109,-2.026177187475581,20,1.2069355357337086,-3.017059212018223,52.56657,"BOS_RETEST_LONG,EARLY_WAVE_LONG,EMERGENCY_EXIT_04,STRUCTURE_FAILURE_SHORT,TREND_Q1,TREND_Q2,TREND_Q3,TREND_Q4","DEFENSE_03,SIGNAL_EXIT"
2021-04-25 15:00:00,2021-04-25 20:00:00,LONG,50345.737133999995,48834.29084299175,-110.90864583917704,-3.040932747236555,5,0.09882240052932491,-2.011544952265816,73.9004175,"WAVE_ACCELERATION,ENERGY_RECOVER,TREND_Q1,TREND_Q2,TREND_Q3,TREND_Q4,HIGHER_LOW,BULL_STRUCTURE",STOP_LOSS
2021-04-26 01:00:00,2021-04-26 13:00:00,LONG,52473.10532908396,53474.043052,337.7296831445446,1.8667622195256468,12,2.8121929449217347,0.0,56.11808124999999,"BOS_CONTINUE_LONG,EARLY_WAVE_LONG,FAILED_WAVE,EMERGENCY_EXIT_04,DNA_TREND_01,DNA_TREND_02,ENERGY_WALL,ENERGY_RECOVER,PYRAMID_LEVEL2,TRAIL_ENERGY,SCALE_OUT_10","TRAIL_ENERGY, SCALE_OUT_10, SCALE_OUT_20, DEFENSE_03"
2021-04-26 23:00:00,2021-04-27 11:00:00,LONG,53593.166489999996,54677.782256000006,73.40462640601199,1.982985374256452,12,2.065885601677574,-0.254354237541521,100.0,"EARLY_WAVE_LONG,ENERGY_RECOVER,CONFLUENCE_02,CONFLUENCE_03,HIGHER_HIGH_CONTINUE,BULL_STRUCTURE,STRUCTURE_WEAKENING,MOMENTUM_START","TRAIL_ENERGY, SCALE_OUT_10"
2021-04-28 13:00:00,2021-04-29 02:00:00,LONG,55186.28505,54556.766464,-36.20315442141178,-0.9732805142719047,13,0.4089511547942157,-1.5368765069646577,71.163365,"FIB_786_LONG,WAVE_ACCELERATION,STRONG_WAVE,ENERGY_RECOVER,BULL_STRUCTURE,MOMENTUM_START,TRIPLE_CONFIRMATION,FIVE_CONFIRMATION","DEFENSE_03,SIGNAL_EXIT"
2021-04-29 04:00:00,2021-04-29 17:00:00,LONG,54275.95302,52961.4056,-66.33588091864621,-1.7878935919154133,13,0.4883506695908795,-2.402450712416806,87.23912925,"EARLY_WAVE_LONG,SWING_REVERSAL_BUY,BULL_STRUCTURE,MOMENTUM_START,TRIPLE_CONFIRMATION,CASCADE_03,CASCADE_05,CASCADE_08",SIGNAL_EXIT
2021-04-30 23:00:00,2021-05-01 11:00:00,LONG,57131.183952,57372.5232,14.11814614211502,0.3822610063594851,12,2.308399645818705,0.0,51.37421625,"EARLY_WAVE_LONG,HIST200_SELL,PRESSURE_EXHAUSTION,DELTA_EXHAUSTION,TREND_Q1,BULL_STRUCTURE,MOMENTUM_START,BARRIER_L1",SIGNAL_EXIT
2021-05-01 12:00:00,2021-05-02 03:00:00,LONG,57828.473382000004,56464.546532906716,-30.457727092992663,-0.8239642526335321,15,0.0,-0.8160225480669285,51.85782,"EARLY_EXHAUSTION_BUY,MARUBOZU_BULL,MARUBOZU_BEAR,TREND_Q1,TREND_Q2,TREND_Q3,TREND_Q4,BULL_STRUCTURE","SIGNAL_EXIT,DEFENSE_03,STOP_LOSS"
2021-05-02 05:00:00,2021-05-03 00:00:00,LONG,56917.061136,56566.894358,-11.274374224494057,-0.3056626522722655,19,0.3038436288668806,-0.9398959210521072,58.14529,"LATE_WAVE_EXIT,ANTI_LATE_WAVE,SWING_REVERSAL_BUY,EMERGENCY_EXIT_04,ENERGY_RECOVER,STRUCTURE_FAILURE_LONG,CONFLUENCE_02,CONFLUENCE_03","SIGNAL_EXIT,DEFENSE_03"
2021-05-03 03:00:00,2021-05-03 17:00:00,LONG,58072.092096,57682.441204,-26.18068881443691,-0.710405737898142,14,1.2325677931780676,-0.8097901746377589,74.53782,"BOS_RETEST_LONG,LATE_WAVE_EXIT,STRONG_WAVE,ANTI_LATE_WAVE,ENERGY_RECOVER,TREND_Q1,TREND_Q2,TREND_Q3",SIGNAL_EXIT
2021-05-03 18:00:00,2021-05-03 21:00:00,LONG,57970.191719999995,56550.909868372946,-91.49348551904366,-2.487316623927837,3,0.0,-2.0463132599762135,73.263015,"FIB_382_LONG,TREND_Q1,TREND_Q2,TREND_Q3,TREND_Q4,BULL_STRUCTURE,MOMENTUM_END,TRIPLE_CONFIRMATION",STOP_LOSS
2021-05-04 15:00:00,2021-05-05 00:00:00,LONG,54838.625532000005,52908.01739731339,-130.09145510317126,-3.5591179076992354,9,0.0,-2.988068202117541,50.619659999999996,"EARLY_WAVE_LONG,SWING_REVERSAL_BUY,ENERGY_RECOVER,BEAR_STRUCTURE,MOMENTUM_START,TRIPLE_CONFIRMATION,FIVE_CONFIRMATION,CASCADE_03",STOP_LOSS
2021-05-06 05:00:00,2021-05-06 18:00:00,LONG,56954.778677999995,56764.184892000005,-15.393026550295879,-0.42495505710793013,13,1.8141082205611465,-0.6445967950742033,90.52061791500002,"PRESSURE_EXHAUSTION,DELTA_EXHAUSTION,TREND_RESUME_02,TREND_RESUME_03,BULL_STRUCTURE,MOMENTUM_START,TRIPLE_CONFIRMATION,FIVE_CONFIRMATION","SIGNAL_EXIT,DEFENSE_03"
2021-05-06 20:00:00,2021-05-07 15:00:00,LONG,56139.645683999996,57118.0741,-5.901008605739188,-0.16309864145355088,19,2.350610339487944,-0.7730288973371308,74.53782,"LATE_WAVE_EXIT,STRONG_WAVE,ANTI_LATE_WAVE,SWING_REVERSAL_BUY,EMERGENCY_EXIT_04,ENERGY_RECOVER,STRUCTURE_FAILURE_LONG,BULL_STRUCTURE","SIGNAL_EXIT,SCALE_OUT_10,TRAIL_DELTA, SCALE_OUT_30"
2021-05-07 17:00:00,2021-05-08 10:00:00,LONG,58311.659999999996,58788.24,-19.48767612297291,-0.5388956976173689,17,0.9344614782017893,-2.196370331422563,80.05913999999999,"BOS_RETEST_LONG,LATE_WAVE_EXIT,STRONG_WAVE,ANTI_LATE_WAVE,DNA_TREND_02,ENERGY_RECOVER,CONFLUENCE_02,CONFLUENCE_03",SIGNAL_EXIT
2021-05-08 19:00:00,2021-05-09 12:00:00,LONG,59072.382114,57346.10191457082,-104.953375986134,-1.4532491031510066,17,0.09100341661566233,-1.9719741651046871,100.0,"EARLY_EXHAUSTION_BUY,TREND_RESUME_02,TREND_RESUME_03,TREND_Q1,TREND_Q2,HIGHER_HIGH_CONTINUE,BULL_STRUCTURE,MOMENTUM_MIDDLE","SIGNAL_EXIT,DEFENSE_03,STOP_LOSS"
2021-05-09 13:00:00,2021-05-10 03:00:00,LONG,56444.826708,58967.15421,149.61338893479896,4.1744457496521035,14,4.4963966407930975,0.0,51.137966250000005,"BOS_CONTINUE_SHORT,EARLY_WAVE_LONG,ANTI_FIBO,EMERGENCY_EXIT_04,DNA_TREND_01,DNA_TREND_02,ENERGY_RECOVER,STRUCTURE_FAILURE_LONG","TRAIL_DELTA, TRAIL_WAVE, SCALE_OUT_30,TRAIL_DELTA, TRAIL_WAVE, SCALE_OUT_30, DEFENSE_03,TRAIL_ENERGY, TRAIL_WAVE, SCALE_OUT_10, SCALE_OUT_30"
2021-05-10 10:00:00,2021-05-10 18:00:00,LONG,57911.22993,56382.61924893324,-96.99120799394021,-2.6785197458960885,8,0.6650352107277361,-1.8643015030159364,73.263015,"STRONG_WAVE,ENERGY_RECOVER,TREND_Q1,TREND_Q2,HIGHER_HIGH_CONTINUE,BULL_STRUCTURE,MOMENTUM_START,TRIPLE_CONFIRMATION",STOP_LOSS
2021-05-12 23:00:00,2021-05-12 23:00:00,LONG,52949.557794,49990.82001211003,-202.32299544985605,-5.62560715140165,0,0.0,0.0,73.9004175,"LATE_WAVE_EXIT,STRONG_WAVE,HIST200_BUY,ANTI_FIBO,ANTI_LATE_WAVE,ENERGY_WALL,ENERGY_EXTREME,ENERGY_RECOVER",STOP_LOSS
2021-05-13 23:00:00,2021-05-14 11:00:00,LONG,49680.282664380466,50710.195931999995,187.32437039338816,2.0322533107699257,12,2.3783653708050476,-0.6488779566712012,93.574483065,"FIB_382_LONG,WAVE_ACCELERATION,HIDDEN_EXHAUSTION,TREND_Q1,TREND_Q2,TREND_Q3,TREND_Q4,HIGHER_LOW,TRAIL_ENERGY,TRAIL_DELTA,SCALE_OUT_10,SCALE_OUT_20,PYRAMID_LEVEL2,DEFENSE_03","TRAIL_ENERGY, TRAIL_DELTA, SCALE_OUT_10, SCALE_OUT_20, PYRAMID_LEVEL2"
2021-05-14 16:00:00,2021-05-14 20:00:00,LONG,51222.222396000005,49163.15351251934,-145.74995246490735,-4.058266212689753,4,0.0,-2.1165274470493673,52.56657,"BOS_RETEST_LONG,EARLY_WAVE_LONG,EMERGENCY_EXIT_04,STRUCTURE_FAILURE_SHORT,TREND_Q1,TREND_Q2,TREND_Q3,TREND_Q4",STOP_LOSS
2021-05-14 21:00:00,2021-05-15 10:00:00,LONG,49799.94915887187,48644.509152,-139.91464577285998,-2.186828235879544,13,2.9769622933026034,-2.6720291513285788,73.263015,"WAVE_ACCELERATION,STRONG_WAVE,TREND_Q1,TREND_Q2,TREND_Q3,TREND_Q4,HIGHER_HIGH_CONTINUE,BULL_STRUCTURE,PYRAMID_LEVEL2",SIGNAL_EXIT
2021-05-15 17:00:00,2021-05-16 05:00:00,LONG,47885.035092,48093.149445999996,13.880371241341233,0.394438667234375,12,1.1166847992752928,-2.343206160012728,52.56657,"EARLY_WAVE_LONG,SWING_REVERSAL_BUY,DNA_TREND_01,DNA_TREND_02,ENERGY_RECOVER,TREND_Q1,TREND_Q2,TREND_Q3",DEFENSE_03
2021-05-16 16:00:00,2021-05-16 18:00:00,LONG,47736.805452,45683.450223986896,-152.84977463741077,-4.339688398683799,2,0.0,-1.3727467638338702,78.689905,"WAVE_ACCELERATION,STRONG_WAVE,DNA_TREND_01,DNA_TREND_02,ENERGY_RECOVER,CONFLUENCE_02,CONFLUENCE_03,TREND_Q1",STOP_LOSS
2021-05-16 21:00:00,2021-05-18 05:00:00,LONG,45243.02562380594,45309.916204,-29.85020786818937,-0.2520570093820003,32,3.4380517043309746,-5.91416154625613,86.32317480341624,"LATE_WAVE_EXIT,STRONG_WAVE,HIST200_BUY,HIST1000_BUY,ANTI_FIBO,ANTI_LATE_WAVE,MAJOR_DEMAND,DNA_TREND_02,TRAIL_ENERGY,PYRAMID_LEVEL2,SCALE_OUT_30,TRAIL_WAVE,SCALE_OUT_10","SIGNAL_EXIT,DEFENSE_03"
2021-05-18 21:00:00,2021-05-19 01:00:00,LONG,43262.710812,40872.44918616444,-193.3025620153125,-5.562782729838759,4,0.0,-1.5081366834253511,52.878656249999985,"WAVE_ACCELERATION,STRONG_WAVE,PRESSURE_EXHAUSTION,DELTA_EXHAUSTION,DNA_ACCUMULATION_01,HAMMER_BUY,TREND_Q1,TREND_Q2",STOP_LOSS
2021-05-19 04:00:00,2021-05-19 11:00:00,LONG,40600.108398,37826.968122041355,-235.3028361018546,-6.867644381325868,7,0.0,-3.4485090144955497,93.95602134115748,"LATE_WAVE_EXIT,STRONG_WAVE,HIST200_BUY,HIST1000_BUY,ANTI_FIBO,ANTI_LATE_WAVE,MAJOR_DEMAND,ENERGY_RECOVER",STOP_LOSS
2021-05-20 00:00:00,2021-05-20 12:00:00,LONG,39189.01380134123,40468.584664,846.3841611481301,3.2238204186448143,12,5.07932804193722,-2.3481133018829348,57.37587911999999,"FIB_382_LONG,WAVE_ACCELERATION,MARUBOZU_BULL,MARUBOZU_BEAR,TREND_Q1,TREND_Q2,TREND_Q3,TREND_Q4,TRAIL_ENERGY,TRAIL_DELTA,SCALE_OUT_10,SCALE_OUT_20,PYRAMID_LEVEL3,PYRAMID_LEVEL2,TRAIL_WAVE,DEFENSE_03","TRAIL_DELTA, TRAIL_WAVE, PYRAMID_LEVEL2, PYRAMID_LEVEL3"
2021-05-20 13:00:00,2021-05-21 14:00:00,LONG,41708.329997999994,37614.71118623425,-24.5874310971544,-0.6875574509226693,25,0.04138262548711581,-5.745926528621284,74.53782,"LATE_WAVE_EXIT,STRONG_WAVE,ANTI_LATE_WAVE,EMERGENCY_EXIT_04,STRUCTURE_FAILURE_SHORT,BULL_STRUCTURE,MOMENTUM_START,SUPPORT_MAJOR","SIGNAL_EXIT,DEFENSE_03,STOP_LOSS"
2021-05-21 16:00:00,2021-05-22 08:00:00,LONG,37183.31358518398,36259.106728,-133.40965548454187,-2.0764455709920617,16,2.2919170353056235,-4.388406795459273,73.58171625000001,"EARLY_WAVE_LONG,ANTI_FIBO,EMERGENCY_EXIT_01,ENERGY_RECOVER,TREND_Q1,TREND_Q2,TREND_Q3,TREND_Q4,TRAIL_ENERGY,SCALE_OUT_10,PYRAMID_LEVEL2",SIGNAL_EXIT
2021-05-22 11:00:00,2021-05-23 02:00:00,LONG,38345.647596,37900.328418000005,-126.32530512922747,-1.7864987300792354,15,0.0,-2.7617152464272623,100.0,"BOS_CONTINUE_LONG,LATE_WAVE_EXIT,WAVE_ACCELERATION,ANTI_LATE_WAVE,EMERGENCY_EXIT_04,ENERGY_RECOVER,STRUCTURE_FAILURE_SHORT,CONFLUENCE_02",SIGNAL_EXIT
2021-05-23 11:00:00,2021-05-23 16:00:00,LONG,35011.820964,32238.3153835135,-278.80601493782734,-7.958457543539216,5,1.077576160314333,-4.837597466699997,51.85782,"BOS_RETEST_SHORT,LATE_WAVE_EXIT,STRONG_WAVE,ANTI_LATE_WAVE,SWING_REVERSAL_BUY,ENERGY_RECOVER,TREND_Q1,TREND_Q2",STOP_LOSS
2021-05-24 20:00:00,2021-05-25 10:00:00,LONG,39614.031222,36805.18072992929,-111.75029841781316,-3.2549751085514416,14,0.0,-4.243852923169172,56.11808124999999,"BOS_CONTINUE_LONG,EARLY_WAVE_LONG,EMERGENCY_EXIT_04,DNA_TREND_01,DNA_TREND_02,ENERGY_RECOVER,STRUCTURE_FAILURE_SHORT,CONFLUENCE_02","SIGNAL_EXIT,STOP_LOSS"
2021-05-25 11:00:00,2021-05-26 00:00:00,LONG,37110.67065,38317.055056000005,109.99820595381857,3.2305530118566157,13,3.4877552125294184,-1.5454063210253424,51.137966250000005,"BOS_CONTINUE_SHORT,EARLY_WAVE_LONG,ANTI_FIBO,DNA_TREND_02,ENERGY_RECOVER,BULL_STRUCTURE,MOMENTUM_START,BARRIER_L1","SIGNAL_EXIT,TRAIL_ENERGY, TRAIL_DELTA, SCALE_OUT_10, SCALE_OUT_20"
2021-05-26 14:00:00,2021-05-27 05:00:00,LONG,38839.746396,37725.793331999994,-99.71221907164612,-2.9052887008501562,15,1.0354434344128955,-3.1364427140684477,71.32664196,"LATE_WAVE_EXIT,WAVE_ACCELERATION,STRONG_WAVE,ANTI_LATE_WAVE,DNA_TREND_01,DNA_TREND_02,MARUBOZU_BULL,MARUBOZU_BEAR",SIGNAL_EXIT
2021-05-27 06:00:00,2021-05-27 18:00:00,LONG,38146.37775,39021.1942,76.73516681802634,2.2523972733426794,12,4.924248017231474,0.0,56.797369999999965,"FIB_786_LONG,LATE_WAVE_EXIT,SWING_REVERSAL_BUY,ENERGY_RECOVER,CONFLUENCE_02,CONFLUENCE_03,TREND_Q1,BEAR_STRUCTURE","TRAIL_ENERGY, SCALE_OUT_10"
2021-05-28 05:00:00,2021-05-28 09:00:00,LONG,37332.11493,35558.61157437852,-328.09035407687105,-4.7887102126502405,4,0.0,-3.653918168198472,100.0,"LATE_WAVE_EXIT,STRONG_WAVE,ANTI_LATE_WAVE,SWING_REVERSAL_BUY,DNA_TREND_01,DNA_TREND_02,MARUBOZU_BULL,ENERGY_RECOVER",STOP_LOSS
2021-05-29 14:00:00,2021-05-30 02:00:00,LONG,34895.637732,33889.980648000004,-97.63930820799929,-2.920746381214749,12,0.0,-2.979420350431341,74.53782,"LATE_WAVE_EXIT,STRONG_WAVE,ANTI_LATE_WAVE,SWING_REVERSAL_BUY,ENERGY_RECOVER,TREND_Q1,TREND_Q2,TREND_Q3",SIGNAL_EXIT
2021-05-30 21:00:00,2021-05-31 02:00:00,LONG,36057.21,34562.74207056677,-138.80269697145977,-4.1830552787125175,5,0.0,-3.4745339420326746,68.4263125,"FIB_786_LONG,BULL_STRUCTURE,MOMENTUM_START,TRIPLE_CONFIRMATION,CASCADE_03,CASCADE_05,CASCADE_08,CASCADE_10",STOP_LOSS
2021-05-31 09:00:00,2021-05-31 21:00:00,LONG,36127.714098,36670.51443,47.9951003531805,1.4618476131520406,12,2.7389662664950634,-0.547817936842426,54.74884624999999,"FIB_236_LONG,EARLY_WAVE_LONG,FAILED_WAVE,ENERGY_RECOVER,CONFLUENCE_02,CONFLUENCE_03,BEAR_STRUCTURE,MOMENTUM_START","TRAIL_ENERGY, SCALE_OUT_10, SCALE_OUT_20"
2021-05-31 22:00:00,2021-06-01 10:00:00,LONG,36939.93651,36226.85318,-64.89584388562211,-1.969613756848337,12,2.3237005016714853,-2.0091169073858346,86.4429663125,"EARLY_WAVE_LONG,HIGHER_HIGH_CONTINUE,BULL_STRUCTURE,MOMENTUM_START,TRIPLE_CONFIRMATION,CASCADE_03,CASCADE_05,CASCADE_08",SIGNAL_EXIT
2021-06-01 13:00:00,2021-06-02 13:00:00,LONG,36170.742702,37269.124684,17.428222334430792,0.5316241314709699,24,3.3183374416407325,-0.8160537493848099,71.77716,"WAVE_ACCELERATION,STRONG_WAVE,PRESSURE_EXHAUSTION,MARUBOZU_BULL,BULL_STRUCTURE,MOMENTUM_START,TRIPLE_CONFIRMATION,FIVE_CONFIRMATION","SIGNAL_EXIT,DEFENSE_03,SCALE_OUT_10,TRAIL_ENERGY, SCALE_OUT_10,TRAIL_WAVE,TRAIL_DELTA, TRAIL_WAVE,TRAIL_ENERGY, TRAIL_DELTA, SCALE_OUT_10, SCALE_OUT_20,TRAIL_DELTA,TRAIL_ENERGY, TRAIL_WAVE, SCALE_OUT_10"
2021-06-03 19:00:00,2021-06-04 02:00:00,LONG,38560.7106,37431.232827559405,-97.41677488584048,-2.9679179863755354,7,1.7792187678201201,-1.7134295237806085,50.460865000000005,"FIB_236_SHORT,TREND_Q1,HIGHER_LOW,BULL_STRUCTURE,MOMENTUM_START,TRIPLE_CONFIRMATION,FIVE_CONFIRMATION,CASCADE_03",STOP_LOSS
2021-06-05 22:00:00,2021-06-06 22:00:00,LONG,34971.682938,35931.422278,100.6242017101541,3.088863683438383,24,3.8226271934640024,0.0,52.56657,"EARLY_WAVE_LONG,ANTI_FIBO,SWING_REVERSAL_BUY,DNA_TREND_01,DNA_TREND_02,ENERGY_RECOVER,BEAR_STRUCTURE,MOMENTUM_START","TRAIL_ENERGY, TRAIL_DELTA, SCALE_OUT_10, SCALE_OUT_20,TRAIL_DELTA,SIGNAL_EXIT,TRAIL_ENERGY, SCALE_OUT_10,TRAIL_ENERGY, TRAIL_DELTA, SCALE_OUT_10, SCALE_OUT_20, SCALE_OUT_30"
2021-06-07 01:00:00,2021-06-07 16:00:00,LONG,36300.288605999995,36028.14293,-22.58284397962844,-0.6879822269059179,15,1.0434941664276398,-0.7294118481367333,54.74884624999999,"FIB_236_LONG,EARLY_WAVE_LONG,FAILED_WAVE,ENERGY_RECOVER,CONFLUENCE_02,CONFLUENCE_03,TREND_Q1,BEAR_STRUCTURE",SIGNAL_EXIT
2021-06-07 17:00:00,2021-06-07 20:00:00,LONG,35800.518672,34792.41127927726,-93.53673920375986,-2.8547752802078503,3,0.0,-0.876017118280696,71.77450959000001,"BOS_CONTINUE_SHORT,EARLY_WAVE_LONG,SWING_REVERSAL_BUY,DNA_TREND_02,ENERGY_RECOVER,TREND_Q1,BULL_STRUCTURE,MOMENTUM_START",STOP_LOSS
2021-06-08 16:00:00,2021-06-09 07:00:00,LONG,33227.798685691494,34197.049222,142.3705958531448,0.8671936204098561,15,3.7669902658832988,-0.9042370004274279,52.88030999999997,"LATE_WAVE_EXIT,WAVE_ACCELERATION,STRONG_WAVE,HIST200_BUY,ANTI_FIBO,ANTI_LATE_WAVE,ENERGY_RECOVER,TREND_Q1,TRAIL_ENERGY,SCALE_OUT_10,SCALE_OUT_30,PYRAMID_LEVEL2,PYRAMID_LEVEL3,TRAIL_DELTA,SCALE_OUT_20,TRAIL_WAVE","SIGNAL_EXIT,PYRAMID_LEVEL2"
2021-06-09 11:00:00,2021-06-09 23:00:00,LONG,34483.695360000005,37090.890338,494.17259134702454,7.517635783524079,12,7.582814465508586,0.0,94.85311248000001,"BOS_RETEST_LONG,LATE_WAVE_EXIT,WAVE_ACCELERATION,STRONG_WAVE,ANTI_LATE_WAVE,EMERGENCY_EXIT_04,STRUCTURE_FAILURE_SHORT,BULL_STRUCTURE",TRAIL_WAVE
2021-06-10 00:00:00,2021-06-10 12:00:00,LONG,37395.527610000005,37811.706146,36.567199478481776,1.0724647549412984,12,1.1866991011014063,-2.638464204302756,74.53782,"LATE_WAVE_EXIT,STRONG_WAVE,ANTI_LATE_WAVE,EMERGENCY_EXIT_04,STRUCTURE_FAILURE_SHORT,BULL_STRUCTURE,MOMENTUM_START,SUPPORT_MAJOR","TRAIL_ENERGY, SCALE_OUT_10"
2021-06-11 22:00:00,2021-06-12 02:00:00,LONG,36908.390202,35580.046896918975,-124.34884900848955,-3.6375884087381385,4,1.198371957105928,-1.8422916802346911,58.11872472000001,"FIB_236_SHORT,FIB_382_SHORT,ENERGY_RECOVER,HIGHER_LOW,BULL_STRUCTURE,MOMENTUM_START,SUPPORT_MAJOR,TRIPLE_CONFIRMATION",STOP_LOSS
2021-06-12 03:00:00,2021-06-12 15:00:00,LONG,35535.835746000004,35653.247923999996,9.831578510224286,0.29027283772832696,12,1.430989994535963,-1.0387985487060167,94.21825959000002,"EARLY_WAVE_LONG,ANTI_FIBO,EMERGENCY_EXIT_04,DNA_TREND_01,DNA_TREND_02,ENERGY_RECOVER,STRUCTURE_FAILURE_LONG,BULL_STRUCTURE",SIGNAL_EXIT
2021-06-14 07:00:00,2021-06-15 06:00:00,LONG,39617.17185,40323.003786,19.299941111436837,0.5694655882253999,23,2.696300871865501,-1.536964456487325,85.14248000202001,"EARLY_WAVE_LONG,HIST200_SELL,TREND_Q1,HIGHER_HIGH_CONTINUE,BULL_STRUCTURE,MOMENTUM_START,BARRIER_L1,BARRIER_L2","SIGNAL_EXIT,SCALE_OUT_10,TRAIL_ENERGY, SCALE_OUT_10,TRAIL_DELTA, PYRAMID_LEVEL2,TRAIL_ENERGY, SCALE_OUT_10, SCALE_OUT_20,TRAIL_ENERGY, SCALE_OUT_10, PYRAMID_LEVEL2,TRAIL_ENERGY, SCALE_OUT_10, DEFENSE_03"
2021-06-15 13:00:00,2021-06-16 06:00:00,LONG,40427.943972,40243.24974000001,-39.84872996891962,-1.174225496792102,17,0.6802374817538647,-1.355285275896004,85.66493900328,"FIB_382_LONG,HIDDEN_EXHAUSTION,TREND_RESUME_02,TREND_RESUME_03,TREND_Q1,TREND_Q2,TREND_Q3,TREND_Q4",SIGNAL_EXIT
2021-06-16 13:00:00,2021-06-17 01:00:00,LONG,39071.372712,38616.405174,-40.734679674186026,-1.203986620938759,12,0.4044323939288441,-1.8488285971537808,53.82483749999998,"LATE_WAVE_EXIT,STRONG_WAVE,ANTI_FIBO,ANTI_LATE_WAVE,EMERGENCY_EXIT_01,EMERGENCY_EXIT_04,DNA_ACCUMULATION_01,STRUCTURE_FAILURE_LONG",SIGNAL_EXIT
2021-06-19 04:00:00,2021-06-19 16:00:00,LONG,35110.460688,36107.627029999996,94.40274440608776,2.7989472992699023,12,3.2247349929731035,0.0,52.56657,"EARLY_WAVE_LONG,SWING_REVERSAL_BUY,ENERGY_RECOVER,BEAR_STRUCTURE,MOMENTUM_START,BARRIER_L1,BARRIER_L2,TRIPLE_CONFIRMATION","TRAIL_ENERGY, TRAIL_DELTA, SCALE_OUT_10, SCALE_OUT_20"
2021-06-19 20:00:00,2021-06-20 10:00:00,LONG,35950.83873,34746.60655086081,-68.1285233072979,-2.0061059743123755,14,0.4264469909906836,-2.6825764406860135,73.263015,"FIB_382_LONG,PRESSURE_EXHAUSTION,DELTA_EXHAUSTION,TREND_Q1,TREND_Q2,BULL_STRUCTURE,MOMENTUM_START,TRIPLE_CONFIRMATION","SIGNAL_EXIT,STOP_LOSS"
2021-06-20 13:00:00,2021-06-21 06:00:00,LONG,34860.242700011,32681.733754952038,60.613698412370525,0.5980660372456635,17,3.283443604951841,-1.7680677249295302,78.73277098749998,"LATE_WAVE_EXIT,STRONG_WAVE,HIST200_BUY,ANTI_FIBO,ANTI_LATE_WAVE,HAMMER_BUY,ENERGY_RECOVER,CONFLUENCE_02,TRAIL_ENERGY,SCALE_OUT_10,PYRAMID_LEVEL2,PYRAMID_LEVEL3,TRAIL_WAVE","SIGNAL_EXIT,STOP_LOSS"
2021-06-21 11:00:00,2021-06-22 03:00:00,LONG,32361.531012,32896.659351999995,-80.66587721380131,-2.37754224905277,16,2.443082769189233,-3.3527493232556607,73.9004175,"LATE_WAVE_EXIT,STRONG_WAVE,HIST200_BUY,ANTI_FIBO,ANTI_LATE_WAVE,DNA_TREND_01,DNA_TREND_02,ENERGY_RECOVER","SIGNAL_EXIT,TRAIL_ENERGY, SCALE_OUT_10, SCALE_OUT_20"
2021-06-22 16:00:00,2021-06-23 04:00:00,LONG,32844.71764860878,33962.896062,340.20041124406316,3.3630773349431133,12,4.730146010678568,0.0,52.88030999999997,"FIB_786_LONG,EARLY_EXHAUSTION_BUY,HIDDEN_EXHAUSTION,DNA_TREND_02,TREND_Q1,TREND_Q2,TREND_Q3,TREND_Q4,TRAIL_ENERGY,SCALE_OUT_10,PYRAMID_LEVEL3,TRAIL_WAVE,TRAIL_DELTA,SCALE_OUT_20","TRAIL_ENERGY, SCALE_OUT_10, PYRAMID_LEVEL3"
2021-06-23 05:00:00,2021-06-24 05:00:00,LONG,33806.76,32539.880722,-55.67032021039743,-0.8053318536087221,24,1.5195481613736397,-3.8794016344660167,94.85311248000001,"BOS_RETEST_LONG,ANTI_MOMENTUM,EARLY_EXHAUSTION_SELL,HIDDEN_EXHAUSTION,EMERGENCY_EXIT_04,STRUCTURE_FAILURE_SHORT,BULL_STRUCTURE,MOMENTUM_END",SIGNAL_EXIT
2021-06-24 09:00:00,2021-06-24 21:00:00,LONG,33395.237711999995,34851.098386,148.6058953215894,4.31774208969764,12,4.781826384263724,-0.48581092130300174,57.58420248000001,"EARLY_WAVE_LONG,MARUBOZU_BULL,MARUBOZU_BEAR,TREND_Q1,TREND_Q2,TREND_Q3,TREND_Q4,BEAR_STRUCTURE","TRAIL_ENERGY, TRAIL_DELTA, TRAIL_WAVE, SCALE_OUT_10, SCALE_OUT_20"
2021-06-24 23:00:00,2021-06-25 10:00:00,LONG,34761.30087,33565.71325663904,-362.95744499467423,-3.4780456093547,11,1.1555641473322078,-2.910883208266989,100.0,"LATE_WAVE_EXIT,STRONG_WAVE,ANTI_LATE_WAVE,EMERGENCY_EXIT_04,DNA_ACCUMULATION_01,HAMMER_BUY,STRUCTURE_FAILURE_SHORT,BULL_STRUCTURE",STOP_LOSS
2021-06-25 12:00:00,2021-06-25 16:00:00,LONG,33318.622392,31970.557421228226,-138.3281362339441,-4.0843621255691875,4,0.0,-2.135599676446544,77.29847999999998,"STRONG_WAVE,DNA_TREND_02,ENERGY_WALL,ENERGY_RECOVER,CONFLUENCE_02,TREND_Q1,BULL_STRUCTURE,MOMENTUM_START",STOP_LOSS
2021-06-25 17:00:00,2021-06-26 08:00:00,LONG,31948.8885,30374.732585683327,-89.00128674652956,-2.655285448955865,15,1.2691255284201817,-3.8452620973027027,52.09407,"BOS_CONTINUE_SHORT,LATE_WAVE_EXIT,STRONG_WAVE,ANTI_FIBO,ANTI_LATE_WAVE,ENERGY_WALL,ENERGY_RECOVER,TREND_Q1","SIGNAL_EXIT,STOP_LOSS"
2021-06-26 09:00:00,2021-06-27 00:00:00,LONG,30417.922368,32277.193270000003,101.81889546416136,3.058296475409451,15,6.133645846774757,0.0,52.56657,"EARLY_WAVE_LONG,ANTI_FIBO,ENERGY_RECOVER,TREND_Q1,TREND_Q2,TREND_Q3,BEAR_STRUCTURE,MOMENTUM_START","TRAIL_ENERGY, TRAIL_DELTA, SCALE_OUT_10, SCALE_OUT_20,TRAIL_DELTA,SIGNAL_EXIT"
2021-06-27 01:00:00,2021-06-27 13:00:00,LONG,32375.743854,33312.02626200001,95.62590594680583,2.8507687781856963,12,2.896230431734617,0.0,56.46038999999999,"EARLY_WAVE_LONG,EMERGENCY_EXIT_04,ENERGY_RECOVER,STRUCTURE_FAILURE_SHORT,CONFLUENCE_02,CONFLUENCE_03,TREND_Q1,TREND_Q2","TRAIL_ENERGY, SCALE_OUT_10"
2021-06-27 15:00:00,2021-06-28 03:00:00,LONG,33263.391348,34395.779468,113.59900109761806,3.362945757724316,12,4.319910248978259,-1.9130982206306528,73.08908774999998,"ANTI_MOMENTUM,EARLY_EXHAUSTION_BUY,EARLY_EXHAUSTION_SELL,EMERGENCY_EXIT_04,DNA_ACCUMULATION_01,HAMMER_BUY,STRUCTURE_FAILURE_SHORT,BEAR_STRUCTURE","TRAIL_ENERGY, TRAIL_WAVE, SCALE_OUT_10"
2021-06-28 07:00:00,2021-06-28 23:00:00,LONG,34527.174053999996,34415.1156,-22.93228714755226,-0.673286306788161,16,1.4525253216948575,-1.216358029600584,90.72869442000001,"EARLY_WAVE_LONG,WAVE_ACCELERATION,BULL_STRUCTURE,MOMENTUM_START,SUPPORT_MAJOR,TRIPLE_CONFIRMATION,FIVE_CONFIRMATION,CASCADE_03",SIGNAL_EXIT
2021-06-29 13:00:00,2021-06-30 04:00:00,LONG,35829.494466000004,35112.966002,-16.610654736502333,-0.48855593566387534,15,1.5431295982271245,-1.980224607057412,85.42719981091408,"EARLY_WAVE_LONG,HIST200_SELL,TREND_RESUME_01,ENERGY_RECOVER,BULL_STRUCTURE,MOMENTUM_START,BARRIER_L1,RESISTANCE_BREAK",SIGNAL_EXIT
2021-06-30 15:00:00,2021-07-01 04:00:00,LONG,34605.749766,34113.185998,-49.66836236711025,-1.4627888308218313,13,1.2692984170843211,-1.4121634968306298,71.163365,"ANTI_MOMENTUM,EARLY_EXHAUSTION_SELL,HIDDEN_EXHAUSTION,HIGHER_LOW,BULL_STRUCTURE,MOMENTUM_MIDDLE,TRIPLE_CONFIRMATION,FIVE_CONFIRMATION",SIGNAL_EXIT
2021-07-02 08:00:00,2021-07-03 02:00:00,LONG,33364.991664,33666.835286,-2.2326851335716666,-0.06600304627072485,18,1.2634750226982758,-1.1567563627370314,78.689905,"FIB_382_LONG,DNA_TREND_02,ENERGY_RECOVER,CONFLUENCE_02,CONFLUENCE_03,BULL_STRUCTURE,MOMENTUM_START,TRIPLE_CONFIRMATION","DEFENSE_03,SIGNAL_EXIT,SCALE_OUT_10"
2021-07-03 06:00:00,2021-07-03 18:00:00,LONG,33714.721596,34757.0472,103.15742815212926,3.0503671287679044,12,3.1144211023963244,-0.0965797564345385,67.836125,"HIGHER_HIGH_CONTINUE,BULL_STRUCTURE,MOMENTUM_START,TRIPLE_CONFIRMATION,CASCADE_03,CASCADE_05,CASCADE_08,CASCADE_10",TRAIL_WAVE
2021-07-04 13:00:00,2021-07-05 01:00:00,LONG,35255.159622,34834.63168,-41.988806195132334,-1.2323353498614904,12,1.8268826035837598,-1.1745504103223474,51.528014999999996,"FIB_382_SHORT,DNA_TREND_01,DNA_TREND_02,ENERGY_RECOVER,TREND_Q1,HIGHER_HIGH_CONTINUE,BULL_STRUCTURE,MOMENTUM_START",SIGNAL_EXIT
2021-07-05 11:00:00,2021-07-05 11:00:00,LONG,34484.075436,33571.69647921035,-91.18495122439096,-2.684739618725064,0,0.0,0.0,55.44056874999998,"FIB_236_LONG,WAVE_ACCELERATION,TREND_RESUME_01,ENERGY_RECOVER,CONFLUENCE_02,CONFLUENCE_03,BEAR_STRUCTURE,MOMENTUM_START",STOP_LOSS
2021-07-05 13:00:00,2021-07-06 06:00:00,LONG,33474.803622,34786.431322,56.587542362745495,1.677522309463681,17,3.9390414142218027,0.0,77.3665545975,"EARLY_WAVE_LONG,ANTI_FIBO,TREND_RESUME_02,TREND_RESUME_03,EMERGENCY_EXIT_01,EMERGENCY_EXIT_04,ENERGY_RECOVER,STRUCTURE_FAILURE_LONG","DEFENSE_03,TRAIL_ENERGY, SCALE_OUT_10,TRAIL_DELTA, SCALE_OUT_30,TRAIL_DELTA, TRAIL_WAVE"
2021-07-09 07:00:00,2021-07-09 19:00:00,LONG,32876.113908,33375.343596,50.05816904422089,1.4779105338340082,12,2.0761459031017266,-0.30759081892399126,94.00218014250001,"FIB_786_LONG,WAVE_ACCELERATION,HIDDEN_EXHAUSTION,TREND_Q1,TREND_Q2,HIGHER_LOW,BULL_STRUCTURE,MOMENTUM_MIDDLE","TRAIL_ENERGY, SCALE_OUT_10, SCALE_OUT_20"
2021-07-09 22:00:00,2021-07-10 15:00:00,LONG,33877.344114,33813.245998000006,-14.922774203093127,-0.4389998375905639,17,0.4799841612518845,-0.7475914084284281,80.05913999999999,"BOS_RETEST_LONG,LATE_WAVE_EXIT,STRONG_WAVE,ANTI_LATE_WAVE,EMERGENCY_EXIT_04,ENERGY_RECOVER,STRUCTURE_FAILURE_SHORT,CONFLUENCE_02","SIGNAL_EXIT,DEFENSE_03"
2021-07-10 17:00:00,2021-07-10 17:00:00,LONG,34024.95363,33246.78360798931,-78.97707608231632,-2.326141995844036,0,0.0,0.0,100.0,"LATE_WAVE_EXIT,WAVE_ACCELERATION,ANTI_LATE_WAVE,EMERGENCY_EXIT_04,ENERGY_RECOVER,STRUCTURE_FAILURE_SHORT,CONFLUENCE_02,CONFLUENCE_03",STOP_LOSS
2021-07-10 18:00:00,2021-07-11 12:00:00,LONG,33403.949453999994,33808.057036,10.35204624341806,0.30671711372052113,18,1.2300657638278152,-0.23787442891870747,51.137966250000005,"BOS_CONTINUE_SHORT,EARLY_WAVE_LONG,FAILED_WAVE,ANTI_FIBO,DNA_TREND_01,DNA_TREND_02,ENERGY_WALL,ENERGY_RECOVER","SIGNAL_EXIT,TRAIL_ENERGY, SCALE_OUT_10"
2021-07-11 14:00:00,2021-07-12 02:00:00,LONG,33924.333510000004,34147.049223999995,20.81281638403666,0.6162446618111639,12,1.643618112160206,-0.23898335386929162,79.71683125,"BOS_CONTINUE_LONG,LATE_WAVE_EXIT,WAVE_ACCELERATION,STRONG_WAVE,ANTI_LATE_WAVE,EMERGENCY_EXIT_04,DNA_TREND_02,ENERGY_RECOVER",SCALE_OUT_10
2021-07-13 12:00:00,2021-07-13 12:00:00,LONG,33049.218522,32278.68197300494,-80.17738279977642,-2.370549310455691,0,0.0,0.0,68.13121875,"EARLY_WAVE_LONG,TREND_Q1,BULL_STRUCTURE,MOMENTUM_START,TRIPLE_CONFIRMATION,CASCADE_03,CASCADE_05,CASCADE_08",STOP_LOSS
2021-07-13 14:00:00,2021-07-14 03:00:00,LONG,32578.274351999997,31821.8843954504,-32.731489695574666,-0.9736167308268425,13,0.7351391464517435,-0.8244278045485535,73.58171625000001,"EARLY_WAVE_LONG,ANTI_FIBO,EMERGENCY_EXIT_01,ENERGY_RECOVER,TREND_Q1,BULL_STRUCTURE,MOMENTUM_START,BARRIER_L1","DEFENSE_03,STOP_LOSS"
2021-07-15 00:00:00,2021-07-15 10:00:00,LONG,32826.594006,32051.528806927025,-80.48469107714834,-2.400144865628572,10,0.3816295835538268,-1.3710956607856886,82.67155481676001,"FIB_236_SHORT,BOS_RETEST_LONG,EARLY_WAVE_LONG,HIGHER_HIGH_CONTINUE,BULL_STRUCTURE,MOMENTUM_START,TRIPLE_CONFIRMATION,FIVE_CONFIRMATION",STOP_LOSS
2021-07-16 14:00:00,2021-07-17 10:00:00,LONG,31772.153159999998,31599.148906000002,-44.92835604011867,-1.348038106861069,20,1.1180760655756623,-1.465412676488548,50.65105500000001,"FIB_236_LONG,FIB_382_LONG,EARLY_EXHAUSTION_BUY,EMERGENCY_EXIT_01,TREND_Q1,TREND_Q2,TREND_Q3,TREND_Q4","SIGNAL_EXIT,DEFENSE_03"
2021-07-17 11:00:00,2021-07-18 01:00:00,LONG,31286.266001999997,31968.774965999997,42.81786667762641,1.289188227717623,14,2.2018095670348394,0.0,85.24092436776002,"EARLY_WAVE_LONG,SWING_REVERSAL_BUY,MARUBOZU_BULL,MARUBOZU_BEAR,TREND_Q1,TREND_Q2,TREND_Q3,TREND_Q4","TRAIL_ENERGY, SCALE_OUT_10, SCALE_OUT_20,SIGNAL_EXIT,PYRAMID_LEVEL2"
2021-07-18 07:00:00,2021-07-18 14:00:00,LONG,31892.567238,31280.996924737614,-65.19518804504202,-1.9568280827787554,7,0.0,-0.6032667002446891,67.836125,"HIGHER_HIGH_CONTINUE,BULL_STRUCTURE,MOMENTUM_START,TRIPLE_CONFIRMATION,CASCADE_03,CASCADE_05,CASCADE_08,CASCADE_10",STOP_LOSS
2021-07-18 16:00:00,2021-07-19 12:00:00,LONG,31371.873119999997,30753.27920833455,4.157398693463514,0.12541002758767178,20,1.4109035769299436,-0.5300707400030273,74.53782,"LATE_WAVE_EXIT,STRONG_WAVE,ANTI_FIBO,ANTI_LATE_WAVE,SWING_REVERSAL_BUY,EMERGENCY_EXIT_01,ENERGY_RECOVER,TREND_Q1","SCALE_OUT_10,SIGNAL_EXIT,DEFENSE_03,STOP_LOSS"
2021-07-19 14:00:00,2021-07-20 03:00:00,LONG,30612.901356,29863.645135538947,-49.3803044316566,-1.48926378366508,13,0.7908386114227334,-1.404542976831321,56.797369999999965,"LATE_WAVE_EXIT,STRONG_WAVE,HIST200_BUY,ANTI_FIBO,ANTI_LATE_WAVE,ENERGY_RECOVER,CONFLUENCE_02,CONFLUENCE_03","SIGNAL_EXIT,STOP_LOSS"
2021-07-20 05:00:00,2021-07-21 03:00:00,LONG,29665.051824,29818.655076,0.8375799372989072,0.025357573353213172,22,0.7527651639540999,-0.8243768642337171,57.32031784500001,"EARLY_WAVE_LONG,HIST200_BUY,ANTI_FIBO,EMERGENCY_EXIT_01,SHOOTING_SELL,ENERGY_RECOVER,TREND_Q1,TREND_Q2","SIGNAL_EXIT,DEFENSE_03,SCALE_OUT_10"
2021-07-21 05:00:00,2021-07-21 17:00:00,LONG,31227.432495871188,32102.848146,237.1914069070332,2.7622332094848336,12,2.819243958801976,-0.006603617849799511,75.36173539999996,"BOS_CONTINUE_LONG,EARLY_WAVE_LONG,EMERGENCY_EXIT_04,DNA_TREND_01,DNA_TREND_02,ENERGY_RECOVER,STRUCTURE_FAILURE_SHORT,CONFLUENCE_02,PYRAMID_LEVEL2,TRAIL_DELTA",TRAIL_DELTA
2021-07-22 01:00:00,2021-07-22 14:00:00,LONG,32059.990716,32063.915934000004,-0.9331749558214081,-0.02776154382712969,13,0.39784566729879095,-0.7747685213022808,51.07465999999999,"FIB_236_SHORT,WAVE_ACCELERATION,BULL_STRUCTURE,MOMENTUM_START,SUPPORT_MAJOR,TRIPLE_CONFIRMATION,FIVE_CONFIRMATION,CASCADE_03",SIGNAL_EXIT
2021-07-23 06:00:00,2021-07-23 16:00:00,LONG,32628.894473999997,31936.433828007874,-72.64028129575912,-2.16138251354267,10,0.0,-1.018681384577267,74.53782,"LATE_WAVE_EXIT,ANTI_LATE_WAVE,DELTA_EXHAUSTION,BULL_STRUCTURE,MOMENTUM_START,BARRIER_L1,SUPPORT_MAJOR,TRIPLE_CONFIRMATION",STOP_LOSS
2021-07-23 17:00:00,2021-07-24 06:00:00,LONG,32183.285369999998,33739.940662,155.66032989245076,4.657241777701712,13,4.857815515184629,-0.16559953213998482,85.47717436776001,"BOS_CONTINUE_SHORT,EARLY_WAVE_LONG,SWING_REVERSAL_BUY,EMERGENCY_EXIT_04,ENERGY_RECOVER,STRUCTURE_FAILURE_LONG,TREND_Q1,BULL_STRUCTURE","TRAIL_DELTA, TRAIL_WAVE, SCALE_OUT_30, DEFENSE_03,TRAIL_ENERGY, TRAIL_DELTA, TRAIL_WAVE, SCALE_OUT_10, SCALE_OUT_20, SCALE_OUT_30, SCALE_OUT_50"
2021-07-24 23:00:00,2021-07-25 11:00:00,LONG,34028.684376,34346.699286,30.231272240735244,0.8941757104785618,12,1.9595986040245161,-0.3051377915545626,50.81926500000001,"ANTI_MOMENTUM,EARLY_EXHAUSTION_SELL,TREND_Q1,TREND_Q2,TREND_Q3,TREND_Q4,MULTI_SWING_SELL_01,HIGHER_HIGH_CONTINUE",SCALE_OUT_10
2021-07-25 12:00:00,2021-07-26 00:00:00,LONG,34405.919808,35373.943796,93.93295867930497,2.7724136305747242,12,2.834105867366666,-0.8745873084608822,73.9004175,"FIB_786_LONG,LATE_WAVE_EXIT,WAVE_ACCELERATION,SWING_REVERSAL,TREND_Q1,TREND_Q2,TREND_Q3,TREND_Q4",PYRAMID_LEVEL2
2021-07-26 01:00:00,2021-07-26 16:00:00,LONG,37916.898655740624,38554.497558,320.60970513671316,1.4689063959919904,15,4.208548152315251,0.0,100.0,"LATE_WAVE_EXIT,STRONG_WAVE,ANTI_LATE_WAVE,TREND_RESUME_04,DNA_TREND_01,DNA_TREND_02,ENERGY_WALL,ENERGY_EXTREME,TRAIL_WAVE,PYRAMID_LEVEL3,TRAIL_ENERGY,TRAIL_DELTA,SCALE_OUT_10,SCALE_OUT_20,PYRAMID_LEVEL2","SIGNAL_EXIT,TRAIL_ENERGY, SCALE_OUT_10, SCALE_OUT_20, DEFENSE_03,TRAIL_ENERGY, SCALE_OUT_10"
2021-07-26 20:00:00,2021-07-26 20:00:00,LONG,39369.232272,37392.60392802132,-176.51160543866055,-5.058735643586154,0,0.0,0.0,73.9004175,"FIB_786_LONG,STRONG_WAVE,ENERGY_RECOVER,TREND_Q1,TREND_Q2,TREND_Q3,TREND_Q4,BULL_STRUCTURE",STOP_LOSS
2021-07-26 21:00:00,2021-07-27 16:00:00,LONG,37749.928475999994,38201.938084,-29.713395996877544,-0.8625662829383938,19,1.8822062787529121,-3.269538581469586,94.21825959000002,"EARLY_WAVE_LONG,FAILED_WAVE,SWING_REVERSAL_BUY,DNA_TREND_01,DNA_TREND_02,ENERGY_RECOVER,TREND_Q1,TREND_Q2","SIGNAL_EXIT,TRAIL_ENERGY, SCALE_OUT_10, SCALE_OUT_20"
2021-07-27 19:00:00,2021-07-28 07:00:00,LONG,39331.68011399677,39532.092000000004,80.6390476367271,0.46933934342036876,12,3.3292663382379843,-0.3041518590626558,57.2680276875,"FIB_382_LONG,HIDDEN_EXHAUSTION,DNA_ACCUMULATION_01,HAMMER_BUY,TREND_Q1,TREND_Q2,TREND_Q3,TREND_Q4,SCALE_OUT_30,PYRAMID_LEVEL2,TRAIL_ENERGY,TRAIL_DELTA,SCALE_OUT_10,SCALE_OUT_20",SCALE_OUT_10
2021-07-28 09:00:00,2021-07-28 23:00:00,LONG,40065.71701539612,39745.659278,-18.094918404459946,-0.29093812610622716,14,3.093854913227866,-2.7572625618346183,51.76426499999999,"FIB_236_SHORT,TREND_Q1,TREND_Q2,TREND_Q3,TREND_Q4,HIGHER_HIGH_CONTINUE,BULL_STRUCTURE,MOMENTUM_START,SCALE_OUT_30,PYRAMID_LEVEL2",SIGNAL_EXIT
2021-07-29 00:00:00,2021-07-29 19:00:00,LONG,40027.573914,39519.164586,-24.694564096659207,-0.7157243443299678,19,0.9104625895713774,-1.5472182134510728,73.9004175,"WAVE_ACCELERATION,HIDDEN_EXHAUSTION,PRESSURE_EXHAUSTION,DELTA_EXHAUSTION,TREND_Q1,TREND_Q2,TREND_Q3,TREND_Q4",SIGNAL_EXIT
2021-07-29 20:00:00,2021-07-30 08:00:00,LONG,39667.771967999994,39718.0548,2.986066606385676,0.08670920592099643,12,1.0883344603984098,-0.3325671230197063,94.00218014250001,"WAVE_ACCELERATION,EARLY_EXHAUSTION_BUY,PRESSURE_EXHAUSTION,DELTA_EXHAUSTION,TREND_RESUME_02,TREND_RESUME_03,TREND_Q1,TREND_Q2",SIGNAL_EXIT
2021-07-30 16:00:00,2021-07-31 04:00:00,LONG,41200.84221908352,41801.638,322.1560269765766,1.41762909265468,12,4.300549742993349,-0.4382356557418341,72.2469864375,"FIB_382_LONG,WAVE_ACCELERATION,EARLY_EXHAUSTION_BUY,DNA_ACCUMULATION_01,HAMMER_BUY,BEAR_STRUCTURE,MOMENTUM_END,RESISTANCE_MAJOR,TRAIL_WAVE,SCALE_OUT_30,PYRAMID_LEVEL2,PYRAMID_LEVEL3,DEFENSE_03,TRAIL_DELTA,TRAIL_ENERGY,SCALE_OUT_20,SCALE_OUT_10","TRAIL_ENERGY, SCALE_OUT_10"
2021-07-31 06:00:00,2021-07-31 18:00:00,LONG,41692.346802,41155.947164000005,-93.41873570633972,-1.3260515640704453,12,0.2283229544551193,-1.2667955692402084,100.0,"EARLY_WAVE_LONG,HAMMER_BUY,ENERGY_RECOVER,TREND_Q1,TREND_Q2,TREND_Q3,TREND_Q4,HIGHER_HIGH_CONTINUE",SIGNAL_EXIT
2021-07-31 21:00:00,2021-08-01 09:00:00,LONG,41923.08232962626,41741.759978,-29.742265027766308,-0.4723389708335505,12,2.2055172002526198,-0.5291174152753098,55.43523999999998,"FIB_382_LONG,FAILED_BOS_SHORT,WAVE_ACCELERATION,ANTI_BOS,ENERGY_RECOVER,CONFLUENCE_02,CONFLUENCE_03,TREND_Q1,SCALE_OUT_30,PYRAMID_LEVEL2",SIGNAL_EXIT
2021-08-01 12:00:00,2021-08-01 22:00:00,LONG,41595.3174,40564.4960355536,-87.85904350570065,-2.517223640324041,10,0.0,-1.26722773847616,74.21911875,"STRONG_WAVE,DNA_ACCUMULATION_01,TREND_Q1,TREND_Q2,TREND_Q3,TREND_Q4,BULL_STRUCTURE,MOMENTUM_START",STOP_LOSS
2021-08-02 21:00:00,2021-08-03 09:00:00,LONG,38859.610367999994,38515.725314,-32.064730831674225,-0.9245881281955917,12,1.43032734177312,-1.5562697676917576,52.56657,"EARLY_WAVE_LONG,SWING_REVERSAL_BUY,EMERGENCY_EXIT_04,ENERGY_RECOVER,STRUCTURE_FAILURE_LONG,BEAR_STRUCTURE,STRUCTURE_WEAKENING,MOMENTUM_START",SIGNAL_EXIT
2021-08-03 10:00:00,2021-08-04 06:00:00,LONG,38654.169288000005,37997.528974,-32.1971404036067,-0.9306504006899485,20,0.15253390018731264,-1.768267952953249,52.56657,"EARLY_WAVE_LONG,SWING_REVERSAL_BUY,EMERGENCY_EXIT_04,STRUCTURE_FAILURE_LONG,BEAR_STRUCTURE,MOMENTUM_START,RESISTANCE_MAJOR,TRIPLE_CONFIRMATION","SIGNAL_EXIT,DEFENSE_03"
2021-08-06 01:00:00,2021-08-06 14:00:00,LONG,40070.002398,40915.895184,70.05972740283383,2.0299851523775403,13,2.4036874079350703,0.0,70.54957,"DNA_TREND_01,DNA_TREND_02,ENERGY_RECOVER,HIGHER_HIGH_CONTINUE,BULL_STRUCTURE,MOMENTUM_START,TRIPLE_CONFIRMATION,FIVE_CONFIRMATION","SIGNAL_EXIT,TRAIL_ENERGY, SCALE_OUT_10, SCALE_OUT_30"
2021-08-06 16:00:00,2021-08-07 06:00:00,LONG,42208.409994,43419.474368,224.57491951228872,3.237430344514383,14,3.514583956635358,0.0,100.0,"EARLY_WAVE_LONG,TREND_RESUME_01,TREND_RESUME_02,TREND_RESUME_03,TREND_RESUME_04,DNA_TREND_01,DNA_TREND_02,ENERGY_WALL","TRAIL_DELTA, SCALE_OUT_30, PYRAMID_LEVEL3,SCALE_OUT_30,SCALE_OUT_30, PYRAMID_LEVEL2"
2021-08-07 09:00:00,2021-08-08 00:00:00,LONG,43462.730808,44563.625492,31.921544532144946,0.9058678715702798,15,2.553473220315284,-0.6560812049746124,73.58171625000001,"EARLY_WAVE_LONG,PRESSURE_EXHAUSTION,DELTA_EXHAUSTION,TREND_Q1,TREND_Q2,TREND_Q3,TREND_Q4,BULL_STRUCTURE","SIGNAL_EXIT,SCALE_OUT_30, PYRAMID_LEVEL2"
2021-08-08 12:00:00,2021-08-09 00:00:00,LONG,44460.94041,43785.601128,-55.032711680755774,-1.5583420324941362,12,1.2271885951320902,-1.8753773588929032,51.76426499999999,"FIB_236_SHORT,PRESSURE_EXHAUSTION,DELTA_EXHAUSTION,TREND_Q1,TREND_Q2,TREND_Q3,TREND_Q4,HIGHER_HIGH_CONTINUE",SIGNAL_EXIT
2021-08-09 05:00:00,2021-08-09 17:00:00,LONG,44910.11839153759,45880.782008,447.4052059556364,2.1204827280942062,12,3.8700710280178052,-0.2641165179210681,94.66712799185643,"FIB_382_LONG,HIDDEN_EXHAUSTION,TREND_RESUME_02,TREND_RESUME_03,DNA_ACCUMULATION_01,HAMMER_BUY,BEAR_STRUCTURE,MOMENTUM_END,SCALE_OUT_30,PYRAMID_LEVEL2,TRAIL_WAVE,TRAIL_ENERGY,TRAIL_DELTA,SCALE_OUT_10,SCALE_OUT_20","TRAIL_ENERGY, SCALE_OUT_10, SCALE_OUT_30, PYRAMID_LEVEL2"
2021-08-10 00:00:00,2021-08-10 16:00:00,LONG,46258.119774,44615.348783627844,-56.61061007002962,-1.5607586894562215,16,0.0,-2.361509242781606,78.70299415619051,"HIST200_SELL,HIST1000_SELL,EARLY_EXHAUSTION_BUY,SWING_REVERSAL,MAJOR_SUPPLY,TREND_RESUME_02,TREND_RESUME_03,DNA_ACCUMULATION_01","DEFENSE_03,SIGNAL_EXIT,STOP_LOSS"
2021-08-10 19:00:00,2021-08-11 08:00:00,LONG,45310.01018999999,46339.990148000004,64.55170438570062,1.7868460178892036,13,2.2936207819025576,0.0,52.24621499999999,"FIB_786_LONG,FAILED_BOS_SHORT,ANTI_BOS,EARLY_EXHAUSTION_BUY,BEAR_STRUCTURE,MOMENTUM_END,RESISTANCE_MAJOR,TRIPLE_CONFIRMATION","SIGNAL_EXIT,SCALE_OUT_30, PYRAMID_LEVEL2"
2021-08-11 14:00:00,2021-08-12 03:00:00,LONG,46277.88372599999,46204.777195999995,-31.13263863701894,-0.42901538370919556,13,0.527738639575681,-1.657127907016067,100.0,"EARLY_WAVE_LONG,TREND_RESUME_01,ENERGY_RECOVER,TREND_Q1,TREND_Q2,TREND_Q3,TREND_Q4,HIGHER_HIGH_CONTINUE",SIGNAL_EXIT
2021-08-12 07:00:00,2021-08-12 14:00:00,LONG,45239.056002,44091.99173290367,-93.19537463636817,-2.5745476778693157,7,0.24344893048859334,-1.7304649371228904,55.356831250000006,"BOS_RETEST_SHORT,LATE_WAVE_EXIT,STRONG_WAVE,ANTI_FIBO,ANTI_LATE_WAVE,EMERGENCY_EXIT_01,EMERGENCY_EXIT_04,HAMMER_BUY",STOP_LOSS
2021-08-12 23:00:00,2021-08-13 15:00:00,LONG,45711.609171076125,46429.082326,318.8269605869988,1.5289365976547298,12,4.194545953753598,0.0,50.619659999999996,"EARLY_WAVE_LONG,SWING_REVERSAL_BUY,BEAR_STRUCTURE,MOMENTUM_START,RESISTANCE_MAJOR,TRIPLE_CONFIRMATION,FIVE_CONFIRMATION,CASCADE_03,PYRAMID_LEVEL2,TRAIL_ENERGY,TRAIL_DELTA,TRAIL_WAVE,SCALE_OUT_10,SCALE_OUT_20,DEFENSE_03,SCALE_OUT_30,SCALE_OUT_50","TRAIL_ENERGY, SCALE_OUT_10, SCALE_OUT_20"
2021-08-13 19:00:00,2021-08-14 10:00:00,LONG,47050.85656742767,46984.331254000004,72.06849334068143,0.9808838713590088,15,2.2960459816656154,-0.12902465197639904,50.81926500000001,"ANTI_MOMENTUM,EARLY_EXHAUSTION_SELL,HIDDEN_EXHAUSTION,SWING_REVERSAL,TREND_Q1,TREND_Q2,TREND_Q3,TREND_Q4,PYRAMID_LEVEL1,PYRAMID_LEVEL2",SIGNAL_EXIT
2021-08-14 11:00:00,2021-08-14 23:00:00,LONG,46317.41163,46839.450236000004,80.21819077177904,1.086638497691029,12,1.5466070853061606,-0.10376579413361271,100.0,"EARLY_WAVE_LONG,ANTI_FIBO,EMERGENCY_EXIT_04,ENERGY_RECOVER,STRUCTURE_FAILURE_LONG,CONFLUENCE_02,CONFLUENCE_03,TREND_Q1","TRAIL_ENERGY, SCALE_OUT_10, SCALE_OUT_20"
2021-08-15 02:00:00,2021-08-15 07:00:00,LONG,47147.22756,46094.73967421079,-84.28063801329151,-2.271450172326729,5,0.07419829714373086,-1.5715400424278916,94.00218014250001,"FIB_786_LONG,WAVE_ACCELERATION,EARLY_EXHAUSTION_BUY,TREND_Q1,TREND_Q2,TREND_Q3,TREND_Q4,HIGHER_LOW",STOP_LOSS
2021-08-15 15:00:00,2021-08-16 03:00:00,LONG,46705.566076988805,47984.211237999996,258.61661738658495,2.6965768372016488,12,2.882075991538249,0.0,54.74884624999999,"FIB_236_LONG,EARLY_WAVE_LONG,PRESSURE_EXHAUSTION,DELTA_EXHAUSTION,ENERGY_RECOVER,CONFLUENCE_02,CONFLUENCE_03,BEAR_STRUCTURE,TRAIL_ENERGY,TRAIL_DELTA,SCALE_OUT_10,SCALE_OUT_20,SCALE_OUT_30,PYRAMID_LEVEL2","TRAIL_DELTA, SCALE_OUT_30, PYRAMID_LEVEL2, DEFENSE_03"
2021-08-16 06:00:00,2021-08-16 13:00:00,LONG,47621.532402000004,46436.691396667724,-94.83194047243497,-2.5270410698510126,7,0.0,-1.030043296085536,57.37148675999998,"EARLY_EXHAUSTION_BUY,TREND_RESUME_02,TREND_RESUME_03,MARUBOZU_BULL,MARUBOZU_BEAR,TREND_Q1,TREND_Q2,TREND_Q3",STOP_LOSS
2021-08-17 08:00:00,2021-08-17 20:00:00,LONG,45956.679498,45455.916998,-42.1035586137395,-1.129204443114262,12,1.9425913964015926,-1.06985427008797,50.31116999999999,"WAVE_ACCELERATION,TREND_RESUME_02,TREND_RESUME_03,BEAR_STRUCTURE,MOMENTUM_START,RESISTANCE_MAJOR,TRIPLE_CONFIRMATION,FIVE_CONFIRMATION",SIGNAL_EXIT
2021-08-18 03:00:00,2021-08-18 19:00:00,LONG,44948.998002,45392.31972,51.96898398167865,1.397878118934253,16,2.0677257320811546,-0.4503059267105301,79.71683125,"LATE_WAVE_EXIT,STRONG_WAVE,ANTI_FIBO,ANTI_LATE_WAVE,EMERGENCY_EXIT_04,HAMMER_BUY,ENERGY_RECOVER,STRUCTURE_FAILURE_LONG","TRAIL_ENERGY, SCALE_OUT_10,SIGNAL_EXIT,TRAIL_DELTA,TRAIL_ENERGY, SCALE_OUT_10, SCALE_OUT_20,TRAIL_ENERGY, SCALE_OUT_20"
2021-08-20 06:00:00,2021-08-20 18:00:00,LONG,47172.722658,48665.265,349.4638483587102,3.12272888440155,12,3.3607289396749347,-0.7191500487675658,100.0,"EARLY_WAVE_LONG,PRESSURE_EXHAUSTION,DELTA_EXHAUSTION,DNA_ACCUMULATION_01,HAMMER_BUY,HIGHER_HIGH_CONTINUE,BULL_STRUCTURE,MOMENTUM_START","TRAIL_ENERGY, TRAIL_DELTA, TRAIL_WAVE, SCALE_OUT_10, SCALE_OUT_20, SCALE_OUT_30, SCALE_OUT_50"
2021-08-20 22:00:00,2021-08-21 11:00:00,LONG,49332.824592,49290.149998,-33.89906029926175,-0.8882069498433907,13,0.0,-1.4334362523298005,77.29197594999998,"LATE_WAVE_EXIT,STRONG_WAVE,ANTI_LATE_WAVE,DNA_TREND_01,DNA_TREND_02,MARUBOZU_BULL,MARUBOZU_BEAR,ENERGY_RECOVER","SIGNAL_EXIT,DEFENSE_03"
2021-08-21 12:00:00,2021-08-22 03:00:00,LONG,49014.38682077587,48827.192608,-22.231253755432384,-0.32437413698416273,15,2.342326543874373,-0.39277614852108317,56.32021584000002,"BOS_CONTINUE_SHORT,EARLY_WAVE_LONG,FAILED_WAVE,SWING_REVERSAL_BUY,EMERGENCY_EXIT_04,DNA_TREND_02,ENERGY_WALL,ENERGY_EXTREME,SCALE_OUT_30,PYRAMID_LEVEL2,DEFENSE_03",SIGNAL_EXIT
2021-08-22 05:00:00,2021-08-22 15:00:00,LONG,49120.432122,48113.04442584259,-79.452008448063,-2.0900323339540328,10,0.19946460926210569,-1.769573443167437,71.32664196,"FIB_382_LONG,MARUBOZU_BULL,MARUBOZU_BEAR,TREND_Q1,TREND_Q2,TREND_Q3,TREND_Q4,BULL_STRUCTURE",STOP_LOSS
2021-08-22 23:00:00,2021-08-23 11:00:00,LONG,49703.819683623755,50222.163558,68.22572406644028,1.0024481259680906,12,2.0300860322561642,-0.04214379703166526,54.18125999999998,"FIB_786_LONG,FAILED_BOS_SHORT,LATE_WAVE_EXIT,WAVE_ACCELERATION,STRONG_WAVE,ANTI_BOS,DNA_TREND_01,DNA_TREND_02,SCALE_OUT_30,PYRAMID_LEVEL2,DEFENSE_03",DEFENSE_03
2021-08-23 16:00:00,2021-08-24 06:00:00,LONG,49546.75737,49547.848448000004,-15.200345661491161,-0.4002613259308438,14,0.30537342508636167,-1.1903652253075754,51.528014999999996,"FIB_382_SHORT,STRONG_WAVE,ENERGY_RECOVER,TREND_Q1,TREND_Q2,TREND_Q3,TREND_Q4,HIGHER_HIGH_CONTINUE",SIGNAL_EXIT
2021-08-24 07:00:00,2021-08-24 13:00:00,LONG,49801.928394,48905.41818043056,-69.77746595047327,-1.839431544887683,6,0.0,-1.041843982215181,94.21602868125,"LATE_WAVE_EXIT,WAVE_ACCELERATION,STRONG_WAVE,ANTI_LATE_WAVE,TREND_Q1,TREND_Q2,TREND_Q3,TREND_Q4",STOP_LOSS
2021-08-24 14:00:00,2021-08-25 05:00:00,LONG,48606.899436,47993.909298000006,-39.6110890452122,-1.0491331145403373,15,0.0,-1.919253124195506,52.09407,"BOS_CONTINUE_SHORT,LATE_WAVE_EXIT,WAVE_ACCELERATION,STRONG_WAVE,ANTI_FIBO,ANTI_LATE_WAVE,SWING_REVERSAL_BUY,EMERGENCY_EXIT_04","SIGNAL_EXIT,DEFENSE_03, DEFENSE_04"
2021-08-26 05:00:00,2021-08-26 12:00:00,LONG,47893.666818,46538.059510576204,-108.03912040081339,-2.8693199383755412,7,0.0,-2.3044316531328985,50.92018749999998,"DNA_ACCUMULATION_01,HAMMER_BUY,BEAR_STRUCTURE,MOMENTUM_START,RESISTANCE_MAJOR,TRIPLE_CONFIRMATION,FIVE_CONFIRMATION,CASCADE_03",STOP_LOSS
2021-08-28 08:00:00,2021-08-29 01:00:00,LONG,48958.819806,49550.78786,-22.605109539256066,-0.6047485693009531,17,1.2293805209868167,-0.6370043380044512,94.428761765625,"WAVE_ACCELERATION,DNA_ACCUMULATION_01,HAMMER_BUY,BULL_STRUCTURE,MOMENTUM_START,BARRIER_L1,RESISTANCE_MAJOR,TRIPLE_CONFIRMATION","DEFENSE_03,SIGNAL_EXIT"
2021-08-29 05:00:00,2021-08-29 19:00:00,LONG,48151.458366,48737.330584,41.461110113249916,1.110988980718056,14,1.303992974059862,0.0,52.56657,"EARLY_WAVE_LONG,ANTI_FIBO,SWING_REVERSAL_BUY,EMERGENCY_EXIT_04,ENERGY_RECOVER,STRUCTURE_FAILURE_LONG,BEAR_STRUCTURE,MOMENTUM_START","SIGNAL_EXIT,TRAIL_ENERGY, SCALE_OUT_10"
2021-08-30 01:00:00,2021-08-30 13:00:00,LONG,48408.47976,47574.493198000004,-65.93687316514254,-1.7621217677322039,12,0.16276123602852594,-1.703172179931316,76.65342625499997,"FIB_382_LONG,FIB_786_LONG,FAILED_BOS_LONG,ANTI_BOS,DNA_TREND_02,ENERGY_RECOVER,CONFLUENCE_02,CONFLUENCE_03",SIGNAL_EXIT
2021-08-31 22:00:00,2021-09-01 13:00:00,LONG,46920.872297999995,47697.488594,56.532826407233756,1.5176419284192681,15,1.6888810100697564,-0.3540690738758457,52.88030999999997,"FIB_786_LONG,LATE_WAVE_EXIT,WAVE_ACCELERATION,STRONG_WAVE,SWING_REVERSAL_BUY,BEAR_STRUCTURE,MOMENTUM_START,BARRIER_L1","TRAIL_ENERGY, SCALE_OUT_10,TRAIL_ENERGY, SCALE_OUT_10, SCALE_OUT_20"
2021-09-02 15:00:00,2021-09-03 01:00:00,LONG,49539.865992,48337.490197398336,-92.20327307683438,-2.4661164624020415,10,0.542116944852799,-1.9570016442041982,70.2426725,"FIB_236_LONG,WAVE_ACCELERATION,ENERGY_RECOVER,TREND_Q1,BULL_STRUCTURE,MOMENTUM_START,TRIPLE_CONFIRMATION,FIVE_CONFIRMATION",STOP_LOSS
2021-09-03 02:00:00,2021-09-03 14:00:00,LONG,48556.799417999995,50703.047362000005,162.67080833904404,4.378309012408084,12,4.440985830710713,0.0,70.85646750000001,"EARLY_WAVE_LONG,ANTI_FIBO,EMERGENCY_EXIT_04,STRUCTURE_FAILURE_LONG,BULL_STRUCTURE,MOMENTUM_START,TRIPLE_CONFIRMATION,FIVE_CONFIRMATION","TRAIL_ENERGY, TRAIL_DELTA, TRAIL_WAVE, SCALE_OUT_10, SCALE_OUT_20, SCALE_OUT_30, SCALE_OUT_50, DEFENSE_03"
2021-09-03 22:00:00,2021-09-04 19:00:00,LONG,50249.937978,49869.044195999995,-14.78645901802735,-0.393709659336548,21,0.33399448587075636,-1.1168530760091848,94.00218014250001,"ANTI_MOMENTUM,EARLY_EXHAUSTION_BUY,EARLY_EXHAUSTION_SELL,TREND_RESUME_02,TREND_RESUME_03,TREND_Q1,TREND_Q2,TREND_Q3","SIGNAL_EXIT,DEFENSE_03"
2021-09-04 20:00:00,2021-09-05 13:00:00,LONG,49984.824966,50100.087978,-6.31223272362813,-0.04206356202547821,17,0.45096693677196353,-0.64342521198937,100.0,"FIB_382_LONG,WAVE_ACCELERATION,TREND_RESUME_02,TREND_RESUME_03,DNA_ACCUMULATION_01,HAMMER_BUY,TREND_Q1,TREND_Q2",SIGNAL_EXIT
2021-09-05 14:00:00,2021-09-06 02:00:00,LONG,50874.19375055498,51797.598408,119.71611275100071,1.774348744488892,12,3.2686720366252593,0.0,73.9004175,"FIB_786_LONG,LATE_WAVE_EXIT,WAVE_ACCELERATION,ANTI_MOMENTUM,EARLY_EXHAUSTION_BUY,EARLY_EXHAUSTION_SELL,SWING_REVERSAL,TREND_Q1,TRAIL_ENERGY,TRAIL_DELTA,TRAIL_WAVE,SCALE_OUT_20,SCALE_OUT_30,SCALE_OUT_50,PYRAMID_LEVEL2","TRAIL_ENERGY, SCALE_OUT_20, DEFENSE_03"
2021-09-06 12:00:00,2021-09-07 00:00:00,LONG,51933.44198271531,52655.66676,91.8039519280854,1.350117542399853,12,2.2957164403812405,-0.08194777123117482,100.0,"EARLY_WAVE_LONG,FAILED_WAVE,SWING_REVERSAL_BUY,EMERGENCY_EXIT_04,ENERGY_WALL,ENERGY_EXTREME,ENERGY_RECOVER,STRUCTURE_FAILURE_LONG,PYRAMID_LEVEL2",DEFENSE_03
2021-09-07 10:00:00,2021-09-07 14:00:00,LONG,50870.672099999996,49727.632075827205,-86.87120774521844,-2.2860540838089736,4,0.5102112657167057,-0.5506750519224912,80.05913999999999,"LATE_WAVE_EXIT,STRONG_WAVE,ANTI_LATE_WAVE,SWING_REVERSAL_BUY,EMERGENCY_EXIT_04,ENERGY_RECOVER,STRUCTURE_FAILURE_LONG,CONFLUENCE_02",STOP_LOSS
2021-09-07 15:00:00,2021-09-07 15:00:00,LONG,47309.46,44670.22215009968,-212.18632206990327,-5.616436836861712,0,0.0,0.0,51.85782,"LATE_WAVE_EXIT,STRONG_WAVE,ANTI_FIBO,ANTI_LATE_WAVE,EMERGENCY_EXIT_04,DNA_TREND_01,DNA_TREND_02,MARUBOZU_BULL",STOP_LOSS
2021-09-08 14:00:00,2021-09-09 05:00:00,LONG,46324.933134,46155.996954,-31.749434926540427,-0.8524417840201722,15,0.5866751393118161,-1.2627608815060785,73.9004175,"WAVE_ACCELERATION,PRESSURE_EXHAUSTION,DELTA_EXHAUSTION,TREND_Q1,HIGHER_LOW,BULL_STRUCTURE,MOMENTUM_START,RESISTANCE_MAJOR","DEFENSE_03,SIGNAL_EXIT"
2021-09-09 18:00:00,2021-09-10 11:00:00,LONG,46775.663261999995,46234.051340000005,-26.27953953273849,-0.7071580984614029,17,0.2545698546977953,-1.6582624551047989,51.22041750000001,"LATE_WAVE_EXIT,ANTI_LATE_WAVE,MARUBOZU_BEAR,TREND_Q1,TREND_Q2,TREND_Q3,TREND_Q4,HIGHER_LOW","SIGNAL_EXIT,DEFENSE_03"
2021-09-10 14:00:00,2021-09-10 21:00:00,LONG,45854.519069999995,44509.467560606645,-110.2444817514658,-2.9721286452423645,7,0.0,-1.7178003084004283,58.14529,"LATE_WAVE_EXIT,WAVE_ACCELERATION,STRONG_WAVE,ANTI_FIBO,ANTI_LATE_WAVE,SWING_REVERSAL_BUY,ENERGY_RECOVER,CONFLUENCE_02",STOP_LOSS
2021-09-10 23:00:00,2021-09-11 11:00:00,LONG,44921.409653922296,45658.8664,106.0844924087836,1.6010031854708444,12,2.2370970857824455,0.0,52.56657,"EARLY_WAVE_LONG,ANTI_FIBO,SWING_REVERSAL_BUY,ENERGY_RECOVER,TREND_Q1,TREND_Q2,TREND_Q3,TREND_Q4,PYRAMID_LEVEL2","TRAIL_ENERGY, SCALE_OUT_10, SCALE_OUT_20"
2021-09-11 13:00:00,2021-09-12 06:00:00,LONG,45578.38385399999,45355.986988,-49.4162610997242,-1.332979501165214,17,0.604071761039074,-1.3787541392713099,94.00218014250001,"FIB_786_LONG,EARLY_EXHAUSTION_BUY,HIDDEN_EXHAUSTION,TREND_Q1,TREND_Q2,TREND_Q3,TREND_Q4,HIGHER_LOW",SIGNAL_EXIT
2021-09-12 23:00:00,2021-09-13 03:00:00,LONG,45795.937355999995,44780.625368311754,-83.35291400398079,-2.2561482469584107,4,0.5466481492756368,-1.8245447178089471,90.63362105098001,"FIB_236_LONG,FIB_382_LONG,DNA_TREND_01,DNA_TREND_02,MARUBOZU_BULL,MARUBOZU_BEAR,ENERGY_RECOVER,CONFLUENCE_02",STOP_LOSS
2021-09-13 04:00:00,2021-09-13 14:00:00,LONG,44623.602935999996,43513.314198611995,-92.82813425804999,-2.5271246355539803,10,3.3982174549528543,-0.5122915250206539,52.09407,"BOS_CONTINUE_SHORT,LATE_WAVE_EXIT,WAVE_ACCELERATION,STRONG_WAVE,ANTI_LATE_WAVE,SWING_REVERSAL_BUY,ENERGY_RECOVER,TREND_Q1",STOP_LOSS
2021-09-13 15:00:00,2021-09-14 03:00:00,LONG,43942.106664,45015.29514,87.64020912511137,2.4013012530609315,12,2.791362156072717,0.0,56.46038999999999,"EARLY_WAVE_LONG,FAILED_WAVE,SWING_REVERSAL_BUY,DNA_TREND_01,DNA_TREND_02,ENERGY_WALL,ENERGY_EXTREME,ENERGY_RECOVER","TRAIL_ENERGY, TRAIL_DELTA, SCALE_OUT_10, SCALE_OUT_20, DEFENSE_03"
2021-09-14 09:00:00,2021-09-14 21:00:00,LONG,45970.902342,46784.131302,63.45008539119687,1.7283004400662247,12,1.7882347661662956,-0.2919071307360463,74.53782,"BOS_RETEST_LONG,LATE_WAVE_EXIT,WAVE_ACCELERATION,STRONG_WAVE,ANTI_LATE_WAVE,EMERGENCY_EXIT_04,STRUCTURE_FAILURE_SHORT,BULL_STRUCTURE",SIGNAL_EXIT
2021-09-15 07:00:00,2021-09-15 20:00:00,LONG,46924.383,48065.824912000004,85.36721365676027,2.3155221767749152,13,2.905988129881214,0.0,69.19818496500001,"FIB_236_SHORT,EARLY_WAVE_LONG,HIGHER_HIGH_CONTINUE,BULL_STRUCTURE,MOMENTUM_START,TRIPLE_CONFIRMATION,FIVE_CONFIRMATION,CASCADE_03","TRAIL_ENERGY, SCALE_OUT_10"
2021-09-15 23:00:00,2021-09-16 03:00:00,LONG,48288.035676,47359.31343200363,-72.76483084641845,-1.962527479327916,4,0.0,-0.8171292753499008,68.13121875,"EARLY_WAVE_LONG,BULL_STRUCTURE,MOMENTUM_START,BARRIER_L1,TRIPLE_CONFIRMATION,CASCADE_03,CASCADE_05,CASCADE_08",STOP_LOSS
2021-09-16 05:00:00,2021-09-16 14:00:00,LONG,48296.6574,47278.36730836541,-158.4536078511408,-2.1475636087352417,9,0.12432040483199296,-1.7436142485504464,100.0,"EARLY_WAVE_LONG,TREND_RESUME_02,TREND_RESUME_03,DNA_TREND_02,ENERGY_WALL,ENERGY_RECOVER,CONFLUENCE_02,CONFLUENCE_03",STOP_LOSS
2021-09-16 15:00:00,2021-09-17 03:00:00,LONG,47598.347766,47734.721145999996,17.980836381667725,0.24639403896572068,12,0.9026830849513547,-0.9490408537303688,100.0,"FIB_786_LONG,ENERGY_RECOVER,CONFLUENCE_02,CONFLUENCE_03,TREND_Q1,BULL_STRUCTURE,BUY_LIQUIDITY_GRAB,MOMENTUM_START",SIGNAL_EXIT
2021-09-18 13:00:00,2021-09-19 11:00:00,LONG,48369.672,47482.18048459185,-37.55377882015675,-1.0281488626402824,22,0.21568887215113086,-1.0849608407516207,100.0,"FIB_236_LONG,BOS_RETEST_LONG,ENERGY_RECOVER,CONFLUENCE_02,CONFLUENCE_03,TREND_Q1,TREND_Q2,BULL_STRUCTURE","SIGNAL_EXIT,STOP_LOSS"
2021-09-19 12:00:00,2021-09-20 00:00:00,LONG,47337.195546,47232.30165,-9.525948631430191,-0.26150010627416936,12,0.6806369711676387,-0.6216159250795856,51.137966250000005,"BOS_CONTINUE_SHORT,EARLY_WAVE_LONG,FAILED_WAVE,ANTI_FIBO,EMERGENCY_EXIT_04,DNA_TREND_01,DNA_TREND_02,ENERGY_WALL",DEFENSE_03
2021-09-21 02:00:00,2021-09-21 21:00:00,LONG,42771.122513999995,40539.69936864972,-42.70507528966449,-1.1731960695420434,19,1.578278628948876,-4.233703507330857,57.79252583999998,"FIB_786_LONG,LATE_WAVE_EXIT,SWING_REVERSAL_BUY,EMERGENCY_EXIT_01,MARUBOZU_BULL,MARUBOZU_BEAR,TREND_Q1,BEAR_STRUCTURE","SIGNAL_EXIT,DEFENSE_03,STOP_LOSS"
2021-09-22 16:00:00,2021-09-23 04:00:00,LONG,43231.604591999996,44065.765084000006,68.5429350106653,1.88874364870905,12,1.9498823047525613,-0.23752204658857276,59.49749539999997,"BOS_CONTINUE_LONG,EARLY_WAVE_LONG,EMERGENCY_EXIT_04,DNA_TREND_01,DNA_TREND_02,MARUBOZU_BULL,MARUBOZU_BEAR,ENERGY_RECOVER","TRAIL_ENERGY, SCALE_OUT_10"
2021-09-23 06:00:00,2021-09-23 18:00:00,LONG,43900.018248,44808.336540000004,73.9452522181658,2.0282336839907082,12,2.0894792043549826,-0.8907017892135258,68.13121875,"EARLY_WAVE_LONG,WAVE_ACCELERATION,BULL_STRUCTURE,MOMENTUM_START,TRIPLE_CONFIRMATION,CASCADE_03,CASCADE_05,CASCADE_08",SIGNAL_EXIT
2021-09-23 20:00:00,2021-09-24 09:00:00,LONG,44776.513512,43452.24947169096,-49.95587307523204,-1.36345528571097,13,0.19819874536730173,-1.4703545684135406,74.21911875,"LATE_WAVE_EXIT,WAVE_ACCELERATION,STRONG_WAVE,ANTI_LATE_WAVE,EMERGENCY_EXIT_04,DNA_ACCUMULATION_01,STRUCTURE_FAILURE_SHORT,BULL_STRUCTURE","SIGNAL_EXIT,STOP_LOSS"
2021-09-24 10:00:00,2021-09-24 11:00:00,LONG,42359.280161999995,40771.12857790754,-138.29278561955297,-3.787741504075322,1,0.0,-0.5116710226686751,55.69913999999999,"LATE_WAVE_EXIT,WAVE_ACCELERATION,STRONG_WAVE,ANTI_FIBO,ANTI_LATE_WAVE,DNA_TREND_01,DNA_TREND_02,MARUBOZU_BULL",STOP_LOSS
2021-09-25 07:00:00,2021-09-26 00:00:00,LONG,42753.24894,42662.095874,-14.82366928958818,-0.4099325985864902,17,0.0,-0.9573984437403494,73.9004175,"EARLY_EXHAUSTION_BUY,TREND_Q1,TREND_Q2,TREND_Q3,HIGHER_LOW,BULL_STRUCTURE,MOMENTUM_END,TRIPLE_CONFIRMATION","SIGNAL_EXIT,DEFENSE_03, DEFENSE_04"
2021-09-26 10:00:00,2021-09-27 00:00:00,LONG,43259.980266,43152.26782,-21.549893805510138,-0.5966101745701576,14,0.8786867947296624,-0.8448692388499682,56.11808124999999,"BOS_CONTINUE_LONG,EARLY_WAVE_LONG,FAILED_WAVE,EMERGENCY_EXIT_04,DNA_TREND_01,DNA_TREND_02,ENERGY_RECOVER,STRUCTURE_FAILURE_SHORT",SIGNAL_EXIT
2021-09-27 01:00:00,2021-09-27 16:00:00,LONG,43881.014447999994,43284.611346,-32.762544645203164,-0.9084789904871101,15,0.89023819734827,-1.5693220784948911,79.03221375,"EARLY_WAVE_LONG,EMERGENCY_EXIT_04,DNA_TREND_02,ENERGY_RECOVER,STRUCTURE_FAILURE_SHORT,CONFLUENCE_02,CONFLUENCE_03,BULL_STRUCTURE",SIGNAL_EXIT
2021-09-27 21:00:00,2021-09-28 08:00:00,LONG,42684.23514,41529.77998669948,-98.70655170404149,-2.7435587435366053,11,1.123189529875705,-2.129557053133592,74.53782,"LATE_WAVE_EXIT,WAVE_ACCELERATION,STRONG_WAVE,ANTI_LATE_WAVE,SWING_REVERSAL_BUY,TREND_Q1,BULL_STRUCTURE,MOMENTUM_START",STOP_LOSS
2021-09-28 09:00:00,2021-09-28 23:00:00,LONG,41852.688863999996,41566.195098000004,-8.229880118664688,-0.23035336858679198,14,0.5944687014219786,-1.411352245298827,52.56657,"EARLY_WAVE_LONG,SWING_REVERSAL_BUY,ENERGY_RECOVER,TREND_Q1,BEAR_STRUCTURE,MOMENTUM_START,BARRIER_L1,TRIPLE_CONFIRMATION","SIGNAL_EXIT,DEFENSE_03,DEFENSE_03, DEFENSE_04"
2021-09-29 00:00:00,2021-09-29 14:00:00,LONG,41033.215002000004,42136.041106000004,94.49052606895974,2.6465673905997082,12,3.4533852585787583,0.0,52.56657,"EARLY_WAVE_LONG,SWING_REVERSAL_BUY,DNA_TREND_02,ENERGY_RECOVER,TREND_Q1,TREND_Q2,TREND_Q3,BEAR_STRUCTURE","TRAIL_ENERGY, TRAIL_DELTA, SCALE_OUT_10, SCALE_OUT_20"
2021-09-29 18:00:00,2021-09-30 06:00:00,LONG,41227.963944,43507.806698,197.2019865536612,5.48763367115066,12,5.732192012222645,-0.24033188768329983,51.055515,"FIB_786_SHORT,WAVE_ACCELERATION,STRONG_WAVE,TREND_Q1,TREND_Q2,TREND_Q3,HIGHER_HIGH_CONTINUE,BULL_STRUCTURE","TRAIL_ENERGY, TRAIL_DELTA, TRAIL_WAVE, SCALE_OUT_10, SCALE_OUT_20"
2021-09-30 10:00:00,2021-09-30 22:00:00,LONG,43155.999474000004,43745.2492,48.25776248843282,1.3248485338972515,12,1.9419791829984439,-0.7628591111610062,90.52491448,"BOS_RETEST_LONG,EMERGENCY_EXIT_01,HIGHER_HIGH_CONTINUE,BULL_STRUCTURE,MOMENTUM_START,TRIPLE_CONFIRMATION,FIVE_CONFIRMATION,MASTER_EXIT_25","TRAIL_ENERGY, SCALE_OUT_10, SCALE_OUT_20"
2021-10-01 20:00:00,2021-10-02 15:00:00,LONG,48039.595998,48010.386002,-26.113118027780672,-0.7146032856107766,19,0.6355881968963998,-1.0798508755602307,52.011618750000004,"HIST200_SELL,HIDDEN_EXHAUSTION,SWING_REVERSAL,TREND_Q1,TREND_Q2,BULL_STRUCTURE,STRUCTURE_ACCELERATION,MOMENTUM_MIDDLE","SIGNAL_EXIT,DEFENSE_03"
2021-10-02 17:00:00,2021-10-03 11:00:00,LONG,48014.290938,47802.757536,-8.72311047002387,-0.23916505455933854,18,0.4700664272881606,-1.5458542102775823,73.9004175,"WAVE_ACCELERATION,ANTI_MOMENTUM,EARLY_EXHAUSTION_BUY,EARLY_EXHAUSTION_SELL,HIDDEN_EXHAUSTION,TREND_Q1,TREND_Q2,TREND_Q3","SIGNAL_EXIT,DEFENSE_03, DEFENSE_04"
2021-10-03 12:00:00,2021-10-04 03:00:00,LONG,47984.454972,47668.624368000004,0.19819913704497027,0.005437901235146098,15,1.9293436354340479,-0.6383212483683018,72.0309301425,"EARLY_WAVE_LONG,TREND_RESUME_02,TREND_RESUME_03,TREND_Q1,TREND_Q2,TREND_Q3,TREND_Q4,BEAR_STRUCTURE",SIGNAL_EXIT
2021-10-04 04:00:00,2021-10-04 18:00:00,LONG,47478.283758,49286.570714,131.87232399447967,3.618434729484948,14,3.8294481141468153,-0.05818187982698452,52.09407,"BOS_CONTINUE_SHORT,LATE_WAVE_EXIT,STRONG_WAVE,ANTI_LATE_WAVE,SWING_REVERSAL_BUY,EMERGENCY_EXIT_04,ENERGY_RECOVER,STRUCTURE_FAILURE_LONG","PYRAMID_LEVEL2,TRAIL_ENERGY, TRAIL_WAVE, SCALE_OUT_30, PYRAMID_LEVEL2"
2021-10-05 00:00:00,2021-10-05 12:00:00,LONG,49528.7423485694,49867.084588,66.18256315998688,0.6428497686345812,12,2.101309520139343,-0.13499601860453,100.0,"HIDDEN_EXHAUSTION,TREND_RESUME_02,TREND_RESUME_03,TREND_Q1,TREND_Q2,TREND_Q3,TREND_Q4,HIGHER_HIGH_CONTINUE,SCALE_OUT_30,PYRAMID_LEVEL2",SCALE_OUT_10
2021-10-05 13:00:00,2021-10-06 01:00:00,LONG,50894.394199267364,51312.715404,75.03366158449114,0.7816108725325279,12,2.359748050389923,-0.4327734453109384,74.53782,"BOS_RETEST_LONG,ANTI_MOMENTUM,EARLY_EXHAUSTION_SELL,HIDDEN_EXHAUSTION,SWING_REVERSAL,TREND_Q1,TREND_Q2,TREND_Q3,SCALE_OUT_30,PYRAMID_LEVEL2,TRAIL_ENERGY,TRAIL_DELTA,SCALE_OUT_10,SCALE_OUT_20",SCALE_OUT_10
2021-10-06 03:00:00,2021-10-06 15:00:00,LONG,52658.84748394158,54489.49992,331.34974497367006,3.4350479027138543,12,3.6793080841733863,-1.6726691390394404,93.35840361750002,"EARLY_WAVE_LONG,PRESSURE_EXHAUSTION,DELTA_EXHAUSTION,TREND_Q1,TREND_Q2,TREND_Q3,TREND_Q4,HIGHER_HIGH_CONTINUE,SCALE_OUT_30,PYRAMID_LEVEL2,DEFENSE_03,PYRAMID_LEVEL3","TRAIL_DELTA, TRAIL_WAVE, PYRAMID_LEVEL2, PYRAMID_LEVEL3"
2021-10-06 20:00:00,2021-10-07 11:00:00,LONG,55060.999998,53895.83867600001,-38.24463965335458,-1.0084950213320947,15,0.46130655456534897,-2.0965474619820337,85.09744761462,"TREND_RESUME_02,TREND_RESUME_03,MARUBOZU_BULL,MARUBOZU_BEAR,TREND_Q1,TREND_Q2,TREND_Q3,TREND_Q4",SIGNAL_EXIT
2021-10-07 12:00:00,2021-10-08 06:00:00,LONG,54316.391105999995,54162.105412000004,-32.954098137157295,-0.8712694766436988,18,0.462933727517521,-0.9779204678075881,72.71950959000002,"FIB_236_SHORT,EARLY_WAVE_LONG,WAVE_ACCELERATION,SWING_REVERSAL_BUY,TREND_Q1,TREND_Q2,TREND_Q3,TREND_Q4","SIGNAL_EXIT,DEFENSE_03"
2021-10-08 07:00:00,2021-10-08 22:00:00,LONG,54859.35989431827,54151.36756,-47.35651839917045,-0.6972044641310766,15,3.1022271196298496,-1.5633793321148524,73.263015,"FIB_382_LONG,TREND_Q1,TREND_Q2,TREND_Q3,TREND_Q4,BULL_STRUCTURE,MOMENTUM_START,RESISTANCE_MAJOR,TRAIL_WAVE,SCALE_OUT_30,PYRAMID_LEVEL2",SIGNAL_EXIT
2021-10-09 06:00:00,2021-10-09 22:00:00,LONG,54608.699556,54837.970212,17.65254920993775,0.4693362454374343,16,1.1600723861778781,0.0,52.165417500000004,"FIB_382_SHORT,TREND_Q1,TREND_Q2,TREND_Q3,TREND_Q4,HIGHER_LOW,BULL_STRUCTURE,MOMENTUM_START","SCALE_OUT_10,DEFENSE_03,SIGNAL_EXIT"
2021-10-10 00:00:00,2021-10-10 13:00:00,LONG,54960.709944,54930.741654000005,3.40025336023492,0.09030713125753163,13,1.6600041319145948,-1.051441920216838,51.617081249999984,"FIB_236_LONG,HIDDEN_EXHAUSTION,TREND_RESUME_01,TREND_Q1,TREND_Q2,TREND_Q3,TREND_Q4,BEAR_STRUCTURE",SIGNAL_EXIT
2021-10-10 19:00:00,2021-10-11 07:00:00,LONG,55847.47161906001,56667.294274,96.74682280246967,1.4273801733905762,12,2.1390058907530793,-1.2014966089622927,52.165417500000004,"FIB_382_SHORT,ANTI_MOMENTUM,EARLY_EXHAUSTION_SELL,TREND_Q1,TREND_Q2,TREND_Q3,TREND_Q4,HIGHER_LOW,SCALE_OUT_30,PYRAMID_LEVEL2","TRAIL_ENERGY, SCALE_OUT_10, DEFENSE_03"
2021-10-11 13:00:00,2021-10-12 02:00:00,LONG,56474.122566,57052.727172,33.1857414218743,0.8757997818480016,13,1.7991557687550779,0.0,51.76426499999999,"FIB_236_SHORT,TREND_Q1,TREND_Q2,TREND_Q3,TREND_Q4,HIGHER_HIGH_CONTINUE,BULL_STRUCTURE,MOMENTUM_START",SIGNAL_EXIT
2021-10-12 04:00:00,2021-10-12 16:00:00,LONG,56722.702272,56289.39986800001,-30.513211444319722,-0.8035903539317094,12,1.3058576166700648,-0.7395667963567453,94.428761765625,"WAVE_ACCELERATION,EARLY_EXHAUSTION_BUY,DNA_ACCUMULATION_01,HAMMER_BUY,TREND_Q1,TREND_Q2,TREND_Q3,TREND_Q4",SIGNAL_EXIT
2021-10-13 15:00:00,2021-10-14 03:00:00,LONG,57175.40487797219,58198.817908,225.32469013896025,1.7492372900535829,12,2.6247067239221336,0.0,73.9004175,"DNA_TREND_02,ENERGY_RECOVER,HIGHER_LOW,BULL_STRUCTURE,STRUCTURE_WEAKENING,MOMENTUM_START,RESISTANCE_MAJOR,TRIPLE_CONFIRMATION,TRAIL_ENERGY,SCALE_OUT_10,SCALE_OUT_30,PYRAMID_LEVEL2,TRAIL_DELTA,SCALE_OUT_20",SIGNAL_EXIT
2021-10-14 11:00:00,2021-10-15 03:00:00,LONG,57671.572008,59075.092618,-11.519989095298135,-0.29967621818992074,16,2.4541345809052504,-1.0771546298648316,73.58171625000001,"EARLY_WAVE_LONG,TREND_Q1,TREND_Q2,TREND_Q3,TREND_Q4,BULL_STRUCTURE,MOMENTUM_START,RESISTANCE_MAJOR","DEFENSE_03,SIGNAL_EXIT,SCALE_OUT_30, PYRAMID_LEVEL2"
2021-10-15 11:00:00,2021-10-15 23:00:00,LONG,60854.19506862902,61282.011146,132.33961839193304,0.6627370100906687,12,3.6316167480585406,-0.05535687160790304,100.0,"DNA_ACCUMULATION_01,HAMMER_BUY,TREND_Q1,TREND_Q2,TREND_Q3,TREND_Q4,HIGHER_HIGH_CONTINUE,BULL_STRUCTURE,TRAIL_WAVE,PYRAMID_LEVEL2,PYRAMID_LEVEL3,SCALE_OUT_30,TRAIL_ENERGY,SCALE_OUT_10",SCALE_OUT_10
2021-10-16 03:00:00,2021-10-17 00:00:00,LONG,61630.703676,60863.394886,-51.35010853236531,-1.3262014804699662,21,0.8163403855405338,-1.6837284244802322,94.00218014250001,"ANTI_MOMENTUM,EARLY_EXHAUSTION_BUY,EARLY_EXHAUSTION_SELL,HIDDEN_EXHAUSTION,TREND_RESUME_02,TREND_RESUME_03,TREND_Q1,TREND_Q2",SIGNAL_EXIT
2021-10-17 02:00:00,2021-10-17 15:00:00,LONG,61089.845526,61005.566446,-6.887903366389599,-0.1785011676960104,13,0.21765396991126834,-1.2445694033984886,73.263015,"FIB_382_LONG,WAVE_ACCELERATION,TREND_Q1,TREND_Q2,TREND_Q3,TREND_Q4,BULL_STRUCTURE,MOMENTUM_START",SIGNAL_EXIT
2021-10-17 16:00:00,2021-10-17 20:00:00,LONG,60776.282825999995,59526.12246441922,-80.84143755683104,-2.096164410406392,4,0.41688494626330824,-0.42253789481533094,73.263015,"ENERGY_RECOVER,TREND_Q1,TREND_Q2,TREND_Q3,TREND_Q4,HIGHER_HIGH_CONTINUE,BULL_STRUCTURE,MOMENTUM_START",STOP_LOSS
2021-10-17 22:00:00,2021-10-18 15:00:00,LONG,61439.03198334111,62075.802356,-32.51060314026014,-0.4708566034778426,17,3.009223826442215,-1.3379474851817283,91.40096225273999,"FIB_786_LONG,FAILED_BOS_SHORT,ANTI_BOS,DNA_TREND_01,DNA_TREND_02,MARUBOZU_BULL,MARUBOZU_BEAR,ENERGY_RECOVER,TRAIL_ENERGY,SCALE_OUT_30,PYRAMID_LEVEL2","SIGNAL_EXIT,TRAIL_ENERGY, SCALE_OUT_10, SCALE_OUT_20"
2021-10-18 23:00:00,2021-10-19 16:00:00,LONG,62087.415,62383.510802,6.540086804724187,0.17088338526111202,17,0.8326888790586668,-0.5524066350644466,52.24621499999999,"EARLY_EXHAUSTION_BUY,HIDDEN_EXHAUSTION,SWING_REVERSAL,TREND_RESUME_02,TREND_RESUME_03,TREND_Q1,TREND_Q2,TREND_Q3",SIGNAL_EXIT
2021-10-19 20:00:00,2021-10-20 08:00:00,LONG,64183.414116,63987.180004,-26.463740311426108,-0.3456173016921197,12,0.15140341993083853,-0.6294525175457814,100.0,"LATE_WAVE_EXIT,WAVE_ACCELERATION,STRONG_WAVE,ANTI_LATE_WAVE,DNA_TREND_01,DNA_TREND_02,ENERGY_RECOVER,CONFLUENCE_02",SIGNAL_EXIT
2021-10-20 11:00:00,2021-10-20 23:00:00,LONG,65495.88657970317,65890.009362,111.54853749281547,0.5615112608705377,12,3.455978177187733,-0.08091129086221302,100.0,"FIB_382_LONG,TREND_Q1,TREND_Q2,TREND_Q3,TREND_Q4,MULTI_SWING_BUY_01,HIGHER_LOW,BULL_STRUCTURE,TRAIL_WAVE,PYRAMID_LEVEL2,PYRAMID_LEVEL3,SCALE_OUT_30,TRAIL_ENERGY,TRAIL_DELTA,SCALE_OUT_20,SCALE_OUT_10",SCALE_OUT_10
2021-10-21 08:00:00,2021-10-21 14:00:00,LONG,65113.72014,63352.0500037058,-211.15732086316706,-2.744446105142594,6,1.646611278997339,-0.555152031281252,100.0,"FIB_382_LONG,PRESSURE_EXHAUSTION,DELTA_EXHAUSTION,TREND_Q1,TREND_Q2,TREND_Q3,TREND_Q4,MULTI_SWING_BUY_01",STOP_LOSS
2021-10-22 01:00:00,2021-10-22 14:00:00,LONG,62801.777844,62403.516800000005,29.942576443477872,0.7893262720526117,13,1.3378477247683132,-0.6142944630616954,100.0,"FIB_236_LONG,EARLY_WAVE_LONG,WAVE_ACCELERATION,PRESSURE_EXHAUSTION,DELTA_EXHAUSTION,TREND_RESUME_01,TREND_RESUME_02,TREND_RESUME_03","TRAIL_ENERGY, SCALE_OUT_10,SIGNAL_EXIT"
2021-10-23 07:00:00,2021-10-23 11:00:00,LONG,61059.839525999996,59550.95962416738,-95.39969762109413,-2.5101610118540227,4,0.024894389041969594,-1.5299901428699323,85.94671163990625,"WAVE_ACCELERATION,TREND_RESUME_02,TREND_RESUME_03,DNA_ACCUMULATION_01,HAMMER_BUY,BEAR_STRUCTURE,MOMENTUM_START,RESISTANCE_MAJOR",STOP_LOSS
2021-10-23 12:00:00,2021-10-24 06:00:00,LONG,61564.550447999995,60887.829998,-26.90921787729895,-0.7125794975926109,18,0.0,-1.0794368563793895,52.247868749999995,"EARLY_WAVE_LONG,FAILED_WAVE,TREND_RESUME_01,DNA_TREND_02,ENERGY_WALL,ENERGY_RECOVER,BEAR_STRUCTURE,STRUCTURE_WEAKENING","SIGNAL_EXIT,DEFENSE_03, DEFENSE_04"
2021-10-25 22:00:00,2021-10-26 10:00:00,LONG,62839.585404,62653.476798,-50.665084751837625,-0.3360461329615209,12,0.41441170295090124,-0.7476265175519343,100.0,"FIB_236_LONG,TREND_RESUME_01,TREND_RESUME_02,TREND_RESUME_03,ENERGY_RECOVER,CONFLUENCE_02,CONFLUENCE_03,HIGHER_HIGH_CONTINUE",SIGNAL_EXIT
2021-10-26 11:00:00,2021-10-26 14:00:00,LONG,62999.517384,61903.654746913075,-66.79383650767518,-1.7787820375752508,3,0.0,-1.2566721411124122,70.54957,"FIB_382_LONG,WAVE_ACCELERATION,TREND_Q1,BULL_STRUCTURE,MOMENTUM_START,TRIPLE_CONFIRMATION,FIVE_CONFIRMATION,CASCADE_03",STOP_LOSS
2021-10-26 16:00:00,2021-10-26 21:00:00,LONG,62527.092917999995,61227.700618957984,-79.14362271718804,-2.117295587411646,5,0.0,-0.8429832467843038,78.50904113499998,"FIB_786_LONG,FAILED_BOS_SHORT,ANTI_BOS,PRESSURE_EXHAUSTION,DELTA_EXHAUSTION,DNA_TREND_02,ENERGY_WALL,ENERGY_RECOVER",STOP_LOSS
2021-10-28 01:00:00,2021-10-28 13:00:00,LONG,58261.660002000004,61083.070942000006,178.48100042338626,4.80071750706586,12,4.8636101304060375,0.0,69.63453286137369,"FIB_236_SHORT,EARLY_WAVE_LONG,HIST200_BUY,SWING_REVERSAL_BUY,DNA_DISTRIBUTION_01,SHOOTING_SELL,TREND_Q1,HIGHER_LOW","TRAIL_ENERGY, TRAIL_WAVE, SCALE_OUT_10"
2021-10-28 18:00:00,2021-10-28 18:00:00,LONG,61146.096774,59172.78115343401,-122.8655733449147,-3.2659234822597942,0,0.0,0.0,52.878656249999985,"LATE_WAVE_EXIT,STRONG_WAVE,ANTI_LATE_WAVE,EMERGENCY_EXIT_04,DNA_ACCUMULATION_01,HAMMER_BUY,STRUCTURE_FAILURE_SHORT,BEAR_STRUCTURE",STOP_LOSS
2021-10-28 20:00:00,2021-10-29 17:00:00,LONG,61301.127774,62589.409614000004,-20.51683645269449,-0.5499085422755263,21,2.1275011950973397,-1.2956984689225954,76.30696499999999,"EARLY_WAVE_LONG,DELTA_EXHAUSTION,EMERGENCY_EXIT_01,ENERGY_RECOVER,CONFLUENCE_02,BULL_STRUCTURE,MOMENTUM_START,TRIPLE_CONFIRMATION","SIGNAL_EXIT,DEFENSE_03"
2021-11-02 21:00:00,2021-11-03 13:00:00,LONG,63109.089294,62457.515998,-11.356649893300192,-0.3048395169287362,16,0.6020221655078146,-1.0126580832481686,67.836125,"HIGHER_HIGH_CONTINUE,BULL_STRUCTURE,MOMENTUM_START,TRIPLE_CONFIRMATION,CASCADE_03,CASCADE_05,CASCADE_08,CASCADE_10","SIGNAL_EXIT,DEFENSE_03"
2021-11-04 03:00:00,2021-11-04 15:00:00,LONG,62553.498197999994,61090.774859198355,-78.75574513072527,-2.1158157145911685,12,0.19415669067071675,-1.7685313049932088,50.31116999999999,"TREND_RESUME_02,TREND_RESUME_03,TREND_Q1,BEAR_STRUCTURE,MOMENTUM_START,TRIPLE_CONFIRMATION,FIVE_CONFIRMATION,CASCADE_03","SIGNAL_EXIT,STOP_LOSS"
2021-11-06 20:00:00,2021-11-07 18:00:00,LONG,61187.645082,62432.520998,33.64723675941206,0.9088495051315186,22,2.054932685046065,-0.0676199941091989,61.62122651999998,"FIB_786_LONG,FAILED_BOS_SHORT,WAVE_ACCELERATION,STRONG_WAVE,ANTI_BOS,DNA_TREND_01,DNA_TREND_02,MARUBOZU_BULL","SIGNAL_EXIT,SCALE_OUT_10,TRAIL_ENERGY,SCALE_OUT_10, DEFENSE_03,TRAIL_ENERGY, SCALE_OUT_10"
2021-11-08 02:00:00,2021-11-08 18:00:00,LONG,65090.285454,65955.85619,38.26724191649769,1.0314006827680118,16,1.9805175795565444,-0.018690122366404358,55.17971375,"EARLY_WAVE_LONG,HIST200_SELL,EMERGENCY_EXIT_01,ENERGY_RECOVER,CONFLUENCE_02,CONFLUENCE_03,BULL_STRUCTURE,STRUCTURE_ACCELERATION","SIGNAL_EXIT,TRAIL_ENERGY, SCALE_OUT_10"
2021-11-08 20:00:00,2021-11-09 09:00:00,LONG,67193.18458586711,68054.626352,112.5822179190783,1.0811284142018163,13,2.709854216804578,0.0,73.9004175,"WAVE_ACCELERATION,HIDDEN_EXHAUSTION,PRESSURE_EXHAUSTION,DELTA_EXHAUSTION,TREND_Q1,TREND_Q2,TREND_Q3,TREND_Q4,SCALE_OUT_30,PYRAMID_LEVEL1,PYRAMID_LEVEL2","SCALE_OUT_10,TRAIL_ENERGY, SCALE_OUT_10"
2021-11-09 14:00:00,2021-11-09 15:00:00,LONG,68093.99607600001,66622.64165612246,-82.4199107513804,-2.1999053703179197,1,0.0,-1.1167887329614963,85.09744761462,"TREND_RESUME_02,TREND_RESUME_03,MARUBOZU_BULL,MARUBOZU_BEAR,TREND_Q1,TREND_Q2,TREND_Q3,TREND_Q4",STOP_LOSS
2021-11-09 23:00:00,2021-11-10 12:00:00,LONG,67306.178544,66533.500638,-37.80114855303119,-1.0146485444773041,13,0.0,-1.4314266013040124,52.165417500000004,"FIB_382_SHORT,WAVE_ACCELERATION,TREND_Q1,TREND_Q2,TREND_Q3,TREND_Q4,HIGHER_LOW,BULL_STRUCTURE",SIGNAL_EXIT
2021-11-10 13:00:00,2021-11-10 21:00:00,LONG,67540.4351750511,64805.58189208648,-394.8625520467933,-4.087589173161361,8,2.3688969419908017,-2.5172700925669105,94.21825959000002,"EARLY_WAVE_LONG,SWING_REVERSAL_BUY,ENERGY_RECOVER,TREND_Q1,TREND_Q2,TREND_Q3,TREND_Q4,BULL_STRUCTURE,SCALE_OUT_30,PYRAMID_LEVEL2,TRAIL_ENERGY,SCALE_OUT_10",STOP_LOSS
2021-11-11 17:00:00,2021-11-12 10:00:00,LONG,65047.296858,63788.719704,-17.08242307211438,-0.47240735857157146,17,0.17369383119277432,-1.9152477015603737,50.31116999999999,"TREND_RESUME_02,TREND_RESUME_03,BEAR_STRUCTURE,MOMENTUM_START,BARRIER_L1,RESISTANCE_MAJOR,TRIPLE_CONFIRMATION,FIVE_CONFIRMATION","SIGNAL_EXIT,DEFENSE_03"
2021-11-15 09:00:00,2021-11-15 15:00:00,LONG,65748.477066,64550.3289318044,-201.68882633671777,-1.8615918122935087,6,0.3447272759983138,-1.365015747967966,100.0,"FIB_236_LONG,EARLY_WAVE_LONG,TREND_RESUME_01,TREND_RESUME_02,TREND_RESUME_03,ENERGY_RECOVER,BULL_STRUCTURE,MOMENTUM_START",STOP_LOSS
2021-11-15 17:00:00,2021-11-16 00:00:00,LONG,64286.00463,63030.916889481094,-141.79567751996532,-1.9915689497947602,7,0.0,-1.0566290966588028,95.06696101875,"LATE_WAVE_EXIT,STRONG_WAVE,ANTI_FIBO,ANTI_LATE_WAVE,EMERGENCY_EXIT_04,HAMMER_BUY,ENERGY_RECOVER,STRUCTURE_FAILURE_LONG",STOP_LOSS
2021-11-16 10:00:00,2021-11-17 09:00:00,LONG,60212.04,59574.272762,3.6282867707196518,0.10296698825788858,23,1.1479763847894893,-1.9465376027784524,51.4566675,"LATE_WAVE_EXIT,STRONG_WAVE,HIST200_BUY,ANTI_FIBO,ANTI_LATE_WAVE,DNA_TREND_02,ENERGY_RECOVER,BULL_STRUCTURE","SIGNAL_EXIT,SCALE_OUT_10,DEFENSE_03, DEFENSE_04"
2021-11-17 10:00:00,2021-11-18 01:00:00,LONG,59502.79485111041,60478.271926,73.64096474732432,1.1608986636571372,15,3.096526566747932,0.0,57.95772034500001,"FIB_236_SHORT,EARLY_WAVE_LONG,HIST200_BUY,SWING_REVERSAL_BUY,TREND_Q1,TREND_Q2,TREND_Q3,TREND_Q4,TRAIL_ENERGY,TRAIL_DELTA,SCALE_OUT_10,SCALE_OUT_20,PYRAMID_LEVEL2","SCALE_OUT_10,TRAIL_ENERGY, SCALE_OUT_10"
2021-11-18 04:00:00,2021-11-18 15:00:00,LONG,59851.978002,58104.48630428466,-104.792848823123,-2.9585212575228237,11,0.0,-1.5794432089920454,70.03933499076696,"FIB_236_SHORT,FIB_382_SHORT,EARLY_WAVE_LONG,WAVE_ACCELERATION,SWING_REVERSAL_BUY,MARUBOZU_BULL,MARUBOZU_BEAR,TREND_Q1",STOP_LOSS
2021-11-18 17:00:00,2021-11-19 05:00:00,LONG,57288.35538,56240.399670000006,-65.68858037407384,-1.8685330775644877,12,1.2366991778705092,-2.4234512769495407,94.42987722000002,"LATE_WAVE_EXIT,STRONG_WAVE,HIST200_BUY,ANTI_FIBO,ANTI_LATE_WAVE,DNA_TREND_02,ENERGY_RECOVER,TREND_Q1",SIGNAL_EXIT
2021-11-19 08:00:00,2021-11-19 23:00:00,LONG,57100.37354499631,57802.007286,123.73814466362512,1.3603658010096455,15,2.8692505992292396,0.0,74.53782,"LATE_WAVE_EXIT,STRONG_WAVE,ANTI_FIBO,ANTI_LATE_WAVE,TREND_Q1,TREND_Q2,TREND_Q3,TREND_Q4,TRAIL_DELTA,PYRAMID_LEVEL2","TRAIL_ENERGY, SCALE_OUT_10, SCALE_OUT_20,TRAIL_ENERGY, SCALE_OUT_10,TRAIL_ENERGY, SCALE_OUT_10, DEFENSE_03, DEFENSE_04"
2021-11-20 01:00:00,2021-11-20 17:00:00,LONG,58245.016674,57760.125664,7.2821721080256285,0.2063658916826406,16,0.9372876121841657,-1.1273868761601995,52.56657,"EARLY_WAVE_LONG,TREND_Q1,TREND_Q2,TREND_Q3,TREND_Q4,BEAR_STRUCTURE,MOMENTUM_START,SUPPORT_MAJOR","DEFENSE_03,SIGNAL_EXIT"
2021-11-20 19:00:00,2021-11-21 17:00:00,LONG,59423.352294,59845.708464,-23.471671803035232,-0.6648756248326849,22,0.7309209077453225,-1.385553426751267,56.46038999999999,"EARLY_WAVE_LONG,FAILED_WAVE,EMERGENCY_EXIT_04,DNA_TREND_01,DNA_TREND_02,ENERGY_WALL,ENERGY_RECOVER,STRUCTURE_FAILURE_SHORT",SIGNAL_EXIT
2021-11-21 19:00:00,2021-11-22 00:00:00,LONG,59447.907203999996,58232.18384289216,-73.44767537918874,-2.0842049668682407,5,0.23060996164181213,-1.389262032666523,86.22923663025,"FIB_786_LONG,EARLY_EXHAUSTION_BUY,DNA_ACCUMULATION_01,HAMMER_BUY,BEAR_STRUCTURE,MOMENTUM_END,SUPPORT_MAJOR,TRIPLE_CONFIRMATION",STOP_LOSS
2021-11-22 01:00:00,2021-11-22 05:00:00,LONG,58130.163708,56800.126999065506,-81.57241560025496,-2.3271167212418353,4,0.0,-1.8625505915287777,52.09407,"BOS_CONTINUE_SHORT,LATE_WAVE_EXIT,WAVE_ACCELERATION,STRONG_WAVE,ANTI_FIBO,ANTI_LATE_WAVE,DNA_TREND_02,ENERGY_RECOVER",STOP_LOSS
2021-11-22 12:00:00,2021-11-22 20:00:00,LONG,57191.956104,55753.526951575135,-88.99848687248964,-2.554083935421346,8,2.9059399419348826,-2.0963194576171276,52.56657,"EARLY_WAVE_LONG,TREND_Q1,TREND_Q2,TREND_Q3,TREND_Q4,BEAR_STRUCTURE,MOMENTUM_START,BARRIER_L1",STOP_LOSS
2021-11-23 02:00:00,2021-11-23 15:00:00,LONG,56882.244174,57665.984496,19.44528194981198,0.5616845142555682,13,1.398091509131256,-1.5391519563150096,53.50778999999999,"LATE_WAVE_EXIT,STRONG_WAVE,ANTI_LATE_WAVE,SWING_REVERSAL_BUY,TREND_Q1,TREND_Q2,TREND_Q3,BEAR_STRUCTURE",SIGNAL_EXIT
2021-11-23 16:00:00,2021-11-24 04:00:00,LONG,56894.446614,56388.710002,-32.187857678452104,-0.9285477360997899,12,1.647477815118338,-1.1172559921579124,70.66837026144002,"FIB_382_SHORT,MARUBOZU_BULL,MARUBOZU_BEAR,TREND_Q1,TREND_Q2,TREND_Q3,HIGHER_HIGH_CONTINUE,BULL_STRUCTURE",SIGNAL_EXIT
2021-11-24 08:00:00,2021-11-24 22:00:00,LONG,56508.759492,57297.358236,33.28775344373796,0.9626080997835563,14,1.5573169822009398,-0.8546630581553779,72.93112722000002,"FIB_236_SHORT,ANTI_MOMENTUM,EARLY_EXHAUSTION_SELL,TREND_Q1,TREND_Q2,TREND_Q3,TREND_Q4,HIGHER_LOW","SCALE_OUT_10,SIGNAL_EXIT,TRAIL_ENERGY, SCALE_OUT_10, SCALE_OUT_20"
2021-11-25 00:00:00,2021-11-25 12:00:00,LONG,57149.717658,57998.388002,50.06373596508659,1.4444008170592355,12,1.5052958741600588,-0.0764792194802401,52.88030999999997,"FIB_786_LONG,WAVE_ACCELERATION,STRONG_WAVE,EARLY_EXHAUSTION_BUY,BEAR_STRUCTURE,MOMENTUM_END,SUPPORT_MAJOR,TRIPLE_CONFIRMATION",SIGNAL_EXIT
2021-11-25 13:00:00,2021-11-26 07:00:00,LONG,58666.650984,57337.16387079828,-110.7854953743914,-1.592557934312393,18,0.8365383190764452,-1.8411328512592005,100.0,"BOS_CONTINUE_LONG,LATE_WAVE_EXIT,WAVE_ACCELERATION,STRONG_WAVE,ANTI_LATE_WAVE,EMERGENCY_EXIT_04,DNA_TREND_01,DNA_TREND_02","SIGNAL_EXIT,STOP_LOSS"
2021-11-26 08:00:00,2021-11-26 08:00:00,LONG,56977.713264,55365.03161295993,-98.98400648027906,-2.8692405679927107,0,0.0,0.0,52.09407,"BOS_CONTINUE_SHORT,LATE_WAVE_EXIT,STRONG_WAVE,ANTI_LATE_WAVE,SWING_REVERSAL_BUY,DNA_TREND_02,ENERGY_RECOVER,TREND_Q1",STOP_LOSS
2021-11-26 10:00:00,2021-11-27 06:00:00,LONG,54885.214847999996,54239.159998,-58.399052793259415,-1.7052103024932308,20,0.0,-2.1242785533934714,51.85782,"BOS_RETEST_SHORT,LATE_WAVE_EXIT,STRONG_WAVE,ANTI_FIBO,ANTI_LATE_WAVE,EMERGENCY_EXIT_01,ENERGY_RECOVER,TREND_Q1","SIGNAL_EXIT,DEFENSE_03,DEFENSE_03, DEFENSE_04"
2021-11-27 09:00:00,2021-11-28 01:00:00,LONG,55066.651128,54649.097994,-39.54678899170498,-1.1597979989968046,16,0.0,-1.474687694576525,78.05322594999997,"BOS_CONTINUE_LONG,EARLY_WAVE_LONG,EMERGENCY_EXIT_04,DNA_TREND_01,DNA_TREND_02,ENERGY_RECOVER,STRUCTURE_FAILURE_SHORT,CONFLUENCE_02","SIGNAL_EXIT,DEFENSE_03"
2021-11-28 03:00:00,2021-11-28 21:00:00,LONG,54368.82158999999,54907.526298000004,-12.098386297466037,-0.3558796849704584,18,1.011036093710579,-0.8689752254753436,57.811862499999975,"HAMMER_BUY,ENERGY_RECOVER,CONFLUENCE_02,CONFLUENCE_03,TREND_Q1,TREND_Q2,TREND_Q3,TREND_Q4","DEFENSE_03,SIGNAL_EXIT,TRAIL_ENERGY"
2021-11-29 07:00:00,2021-11-29 19:00:00,LONG,57438.405384,58621.39337600001,68.5610349443678,2.0187528307890834,12,2.0799926599856544,-0.9870144900608906,70.54957,"ANTI_MOMENTUM,EARLY_EXHAUSTION_SELL,HIDDEN_EXHAUSTION,HIGHER_HIGH_CONTINUE,BULL_STRUCTURE,MOMENTUM_MIDDLE,TRIPLE_CONFIRMATION,FIVE_CONFIRMATION",SIGNAL_EXIT
2021-11-29 20:00:00,2021-11-30 05:00:00,LONG,57892.24613399999,56428.876159051346,-87.6029321716968,-2.5667366955720485,9,0.6130939628399644,-1.3807136315800206,52.33032,"FIB_786_SHORT,DNA_TREND_01,DNA_TREND_02,MARUBOZU_BULL,ENERGY_RECOVER,BULL_STRUCTURE,MOMENTUM_START,TRIPLE_CONFIRMATION",STOP_LOSS
2021-12-04 04:00:00,2021-12-04 04:00:00,LONG,52010.410002000004,49654.60290369202,-154.8793347783908,-4.5676796998487506,0,0.0,0.0,90.05122753987635,"EARLY_WAVE_LONG,HIST200_BUY,HIST1000_BUY,SWING_REVERSAL_BUY,MAJOR_DEMAND,MARUBOZU_BULL,MARUBOZU_BEAR,TREND_Q1",STOP_LOSS
2021-12-04 06:00:00,2021-12-04 23:00:00,LONG,49048.355109787815,49198.00843,51.3895839958835,0.8371691814759191,17,3.5846498900956965,-2.2248425045574893,52.56657,"EARLY_WAVE_LONG,ANTI_FIBO,ENERGY_WALL,ENERGY_EXTREME,ENERGY_RECOVER,BEAR_STRUCTURE,STRUCTURE_WEAKENING,MOMENTUM_START,PYRAMID_LEVEL2,PYRAMID_LEVEL3","TRAIL_ENERGY, SCALE_OUT_10, SCALE_OUT_20,TRAIL_ENERGY, TRAIL_DELTA, SCALE_OUT_10, SCALE_OUT_20, PYRAMID_LEVEL2,PYRAMID_LEVEL2, PYRAMID_LEVEL3,SIGNAL_EXIT"
2021-12-05 00:00:00,2021-12-05 13:00:00,LONG,49162.290492,49372.463531999994,8.034367070623414,0.23883728273869567,13,0.6351606177723059,-0.44819004524587436,74.21911875,"STRONG_WAVE,ANTI_MOMENTUM,EARLY_EXHAUSTION_SELL,HIDDEN_EXHAUSTION,DNA_ACCUMULATION_01,TREND_Q1,TREND_Q2,TREND_Q3",SIGNAL_EXIT
2021-12-05 15:00:00,2021-12-06 05:00:00,LONG,48935.995242,48969.864068,-2.3916631018083963,-0.07106154147275474,14,0.9406874341137662,-2.0116587741432115,71.32429968489,"FIB_236_SHORT,FIB_382_SHORT,EARLY_WAVE_LONG,SWING_REVERSAL_BUY,TREND_Q1,TREND_Q2,TREND_Q3,TREND_Q4","DEFENSE_03,SIGNAL_EXIT,DEFENSE_03, DEFENSE_04"
2021-12-07 07:00:00,2021-12-08 01:00:00,LONG,51158.429639999995,50711.765618000005,-26.30366060611701,-0.7817563420332555,18,1.1253675377671477,-1.7850032661792137,73.263015,"ANTI_MOMENTUM,EARLY_EXHAUSTION_BUY,EARLY_EXHAUSTION_SELL,SWING_REVERSAL,HIGHER_HIGH_CONTINUE,BULL_STRUCTURE,MOMENTUM_END,TRIPLE_CONFIRMATION","SIGNAL_EXIT,DEFENSE_03"
2021-12-08 10:00:00,2021-12-08 11:00:00,LONG,50127.11341799999,48818.478417984355,-177.9344861493106,-2.6495888169493242,1,0.0,-1.8027038789660406,100.0,"EARLY_WAVE_LONG,SWING_REVERSAL_BUY,TREND_Q1,TREND_Q2,TREND_Q3,TREND_Q4,HIGHER_LOW,BULL_STRUCTURE",STOP_LOSS
2021-12-08 12:00:00,2021-12-09 01:00:00,LONG,49871.33659116632,50389.760032,63.833838989152795,1.0705972030624382,13,3.1205223483171736,-0.3024763796795913,73.58171625000001,"EARLY_WAVE_LONG,ANTI_FIBO,ENERGY_RECOVER,TREND_Q1,TREND_Q2,TREND_Q3,TREND_Q4,BULL_STRUCTURE,PYRAMID_LEVEL2","TRAIL_ENERGY, SCALE_OUT_10,DEFENSE_03, DEFENSE_04"
2021-12-09 21:00:00,2021-12-10 13:00:00,LONG,47693.146722,49082.38156,48.94384504964048,1.4706761554803338,16,2.9216635382065035,-0.30938768385340343,73.51013840624998,"LATE_WAVE_EXIT,STRONG_WAVE,ANTI_FIBO,ANTI_LATE_WAVE,DNA_ACCUMULATION_01,HAMMER_BUY,TREND_Q1,TREND_Q2","SIGNAL_EXIT,TRAIL_ENERGY, SCALE_OUT_10, DEFENSE_03,TRAIL_ENERGY, SCALE_OUT_10,TRAIL_DELTA, PYRAMID_LEVEL2,PYRAMID_LEVEL2"
2021-12-10 20:00:00,2021-12-11 10:00:00,LONG,48108.45976799999,48520.004058,19.384458280007497,0.5803928712006957,14,0.877538449652916,-2.011953350133686,51.6929175,"FIB_786_SHORT,FAILED_BOS_SHORT,STRONG_WAVE,ANTI_BOS,TREND_Q1,TREND_Q2,TREND_Q3,TREND_Q4","SIGNAL_EXIT,SCALE_OUT_10"
2021-12-11 13:00:00,2021-12-12 01:00:00,LONG,48527.283516,49316.764674,53.049849473557884,1.5862302530835013,12,1.7777761735118567,-0.35815628530431737,51.6929175,"FIB_786_SHORT,ANTI_MOMENTUM,EARLY_EXHAUSTION_SELL,HIDDEN_EXHAUSTION,PRESSURE_EXHAUSTION,SWING_REVERSAL,TREND_Q1,TREND_Q2",SIGNAL_EXIT
2021-12-12 02:00:00,2021-12-12 14:00:00,LONG,49191.156264,49785.470914000005,39.20317473880446,1.1676905063009793,12,1.2284397885606182,-0.7821655216540938,68.13121875,"EARLY_WAVE_LONG,WAVE_ACCELERATION,BULL_STRUCTURE,MOMENTUM_START,TRIPLE_CONFIRMATION,CASCADE_03,CASCADE_05,CASCADE_08",SIGNAL_EXIT
2021-12-12 16:00:00,2021-12-13 02:00:00,LONG,49633.184652,48533.87164999719,-75.88709778484865,-2.253989056931752,10,1.6834006398304475,-2.0866576651519946,94.00218014250001,"FIB_786_LONG,LATE_WAVE_EXIT,WAVE_ACCELERATION,ANTI_LATE_WAVE,EARLY_EXHAUSTION_BUY,SWING_REVERSAL,EMERGENCY_EXIT_05,HIGHER_LOW",STOP_LOSS
2021-12-13 03:00:00,2021-12-13 15:00:00,LONG,48780.174084,47513.24239848479,-73.24884663245984,-2.1881771885348957,12,0.9386106642661165,-1.6841967037371997,74.53782,"LATE_WAVE_EXIT,STRONG_WAVE,ANTI_LATE_WAVE,SWING_REVERSAL_BUY,EMERGENCY_EXIT_01,ENERGY_RECOVER,TREND_Q1,TREND_Q2","SIGNAL_EXIT,STOP_LOSS"
2021-12-14 12:00:00,2021-12-15 00:00:00,LONG,47627.513598,48327.282609999995,47.557940754186276,1.428666011623522,12,1.5028422605501246,-2.111140225556981,73.9004175,"ANTI_MOMENTUM,EARLY_EXHAUSTION_SELL,HIDDEN_EXHAUSTION,TREND_Q1,TREND_Q2,TREND_Q3,HIGHER_LOW,BULL_STRUCTURE","TRAIL_ENERGY, SCALE_OUT_10, SCALE_OUT_20"
2021-12-15 06:00:00,2021-12-15 15:00:00,LONG,48130.504175999995,46850.90253072722,-90.1085787732331,-2.6975449946200234,9,0.9195536834220293,-1.5800876991004305,69.82241448,"FIB_236_SHORT,BOS_RETEST_LONG,HIGHER_HIGH_CONTINUE,BULL_STRUCTURE,MOMENTUM_START,TRIPLE_CONFIRMATION,FIVE_CONFIRMATION,CASCADE_03",STOP_LOSS
2021-12-15 16:00:00,2021-12-17 00:00:00,LONG,46641.62646,47622.853524,152.62073685985118,4.600431544764551,32,5.510557274850224,0.0,74.53782,"LATE_WAVE_EXIT,WAVE_ACCELERATION,STRONG_WAVE,ANTI_LATE_WAVE,SWING_REVERSAL_BUY,DNA_TREND_01,DNA_TREND_02,ENERGY_RECOVER","TRAIL_ENERGY, TRAIL_DELTA, SCALE_OUT_10, SCALE_OUT_20,SIGNAL_EXIT,TRAIL_DELTA,TRAIL_ENERGY, SCALE_OUT_10,TRAIL_DELTA, SCALE_OUT_30,TRAIL_ENERGY, SCALE_OUT_10, SCALE_OUT_30,TRAIL_ENERGY, TRAIL_WAVE, SCALE_OUT_10, SCALE_OUT_30,TRAIL_DELTA, TRAIL_WAVE, SCALE_OUT_30"
2021-12-17 10:00:00,2021-12-17 14:00:00,LONG,47238.395789999995,46179.61132830499,-76.51776748468801,-2.2804675904222207,4,0.0,-0.6104478892169345,72.67024484999997,"EARLY_WAVE_LONG,ANTI_FIBO,SWING_REVERSAL_BUY,DNA_ACCUMULATION_01,TREND_Q1,TREND_Q2,BEAR_STRUCTURE,MOMENTUM_START",STOP_LOSS
2021-12-17 16:00:00,2021-12-19 04:00:00,LONG,46538.135766,47705.067078,-10.270240775730155,-0.3078711481339054,36,2.5231870909145475,-1.8845313667264247,52.56657,"EARLY_WAVE_LONG,ANTI_FIBO,SWING_REVERSAL_BUY,ENERGY_RECOVER,TREND_Q1,TREND_Q2,BEAR_STRUCTURE,MOMENTUM_START","SIGNAL_EXIT,DEFENSE_03,TRAIL_ENERGY, SCALE_OUT_10,SCALE_OUT_10, DEFENSE_03,SCALE_OUT_10"
2021-12-19 10:00:00,2021-12-20 00:00:00,LONG,47111.44040399999,46671.903752,-19.80187568758341,-0.5941177892829358,14,1.1006022986212485,-0.9286712531991412,51.055515,"FAILED_BOS_LONG,ANTI_BOS,DNA_TREND_02,ENERGY_RECOVER,HIGHER_HIGH_CONTINUE,BULL_STRUCTURE,MOMENTUM_START,TRIPLE_CONFIRMATION",SIGNAL_EXIT
2021-12-20 01:00:00,2021-12-20 14:00:00,LONG,46890.206166,45554.584416310936,-86.35233427698493,-2.5949520630038054,13,0.16479738589000004,-2.5085540503613943,74.53782,"LATE_WAVE_EXIT,STRONG_WAVE,ANTI_LATE_WAVE,SWING_REVERSAL_BUY,ENERGY_RECOVER,TREND_Q1,TREND_Q2,BULL_STRUCTURE","SIGNAL_EXIT,STOP_LOSS"
2021-12-20 15:00:00,2021-12-21 04:00:00,LONG,46316.741496,47918.894304,77.8192082661652,2.3540321655290923,13,3.47979683359027,-0.7398221138453651,52.56657,"EARLY_WAVE_LONG,WAVE_ACCELERATION,SWING_REVERSAL_BUY,EMERGENCY_EXIT_05,DNA_TREND_01,DNA_TREND_02,ENERGY_RECOVER,TREND_Q1","TRAIL_ENERGY, SCALE_OUT_10, SCALE_OUT_20,SIGNAL_EXIT"
2021-12-22 07:00:00,2021-12-23 00:00:00,LONG,49067.031444,48054.13491817817,-14.4979515069026,-0.4360407103276736,17,0.38921970695937635,-1.0333444455034395,71.163365,"FIB_786_LONG,WAVE_ACCELERATION,BULL_STRUCTURE,MOMENTUM_START,BARRIER_L1,TRIPLE_CONFIRMATION,FIVE_CONFIRMATION,CASCADE_03","SIGNAL_EXIT,DEFENSE_03,STOP_LOSS"
2021-12-23 09:00:00,2021-12-24 06:00:00,LONG,49553.20683320171,51002.517456,193.84778144324605,2.6534375865409707,21,3.8441406374671647,0.0,71.81819127,"FIB_382_LONG,WAVE_ACCELERATION,DELTA_EXHAUSTION,TREND_RESUME_02,TREND_RESUME_03,BEAR_STRUCTURE,MOMENTUM_START,TRIPLE_CONFIRMATION,TRAIL_WAVE,PYRAMID_LEVEL3,TRAIL_DELTA,SCALE_OUT_30","TRAIL_ENERGY, TRAIL_DELTA, SCALE_OUT_20, SCALE_OUT_30,TRAIL_ENERGY, SCALE_OUT_10,TRAIL_ENERGY, TRAIL_DELTA, SCALE_OUT_10, SCALE_OUT_20,TRAIL_DELTA, SCALE_OUT_30, PYRAMID_LEVEL3,TRAIL_ENERGY, TRAIL_DELTA, SCALE_OUT_10, SCALE_OUT_20, SCALE_OUT_30,TRAIL_ENERGY, SCALE_OUT_10, SCALE_OUT_30"
2021-12-24 08:00:00,2021-12-25 03:00:00,LONG,51004.94895,50758.266316,-3.3849976786490794,-0.10048432838668772,19,1.1675946398530903,-0.47916712991827287,93.35840361750002,"EARLY_WAVE_LONG,WAVE_ACCELERATION,PRESSURE_EXHAUSTION,DELTA_EXHAUSTION,TREND_Q1,TREND_Q2,TREND_Q3,TREND_Q4","SIGNAL_EXIT,DEFENSE_03"
2021-12-25 06:00:00,2021-12-25 18:00:00,LONG,50897.167398,50771.583652,-19.305296474240905,-0.28664145161549687,12,0.1350028017525778,-0.5838191262716074,100.0,"FIB_382_LONG,WAVE_ACCELERATION,EARLY_EXHAUSTION_BUY,TREND_RESUME_02,TREND_RESUME_03,TREND_Q1,TREND_Q2,TREND_Q3",SIGNAL_EXIT
2021-12-25 19:00:00,2021-12-26 02:00:00,LONG,50996.547269999995,50159.00614636272,-56.538463931601335,-1.6816917458259522,7,0.0,-1.2121159237061268,73.263015,"FIB_382_LONG,WAVE_ACCELERATION,TREND_Q1,TREND_Q2,TREND_Q3,TREND_Q4,BULL_STRUCTURE,MOMENTUM_START",STOP_LOSS
2021-12-26 13:00:00,2021-12-27 01:00:00,LONG,49880.494104,50612.735428,47.78275895682845,1.4274041238330601,12,2.1915298066631235,-0.07719270767390402,52.24621499999999,"WAVE_ACCELERATION,ANTI_MOMENTUM,EARLY_EXHAUSTION_BUY,EARLY_EXHAUSTION_SELL,TREND_RESUME_02,TREND_RESUME_03,EMERGENCY_EXIT_01,BEAR_STRUCTURE","TRAIL_ENERGY, SCALE_OUT_20"
2021-12-27 04:00:00,2021-12-27 16:00:00,LONG,51019.22180399999,51440.289884000005,79.1059689547386,0.7849825024477589,12,0.947325691984809,-0.9098762928673216,100.0,"FIB_236_LONG,HIDDEN_EXHAUSTION,TREND_RESUME_01,TREND_RESUME_02,TREND_RESUME_03,TREND_Q1,TREND_Q2,TREND_Q3",SCALE_OUT_10
2021-12-27 18:00:00,2021-12-27 20:00:00,LONG,51863.47062,50947.125205602395,-61.009578908813104,-1.8061349409937464,2,0.0,-1.2703172620806775,55.86433124999999,"LATE_WAVE_EXIT,WAVE_ACCELERATION,STRONG_WAVE,HIST200_SELL,ANTI_LATE_WAVE,ENERGY_RECOVER,CONFLUENCE_02,CONFLUENCE_03",STOP_LOSS
2021-12-27 21:00:00,2021-12-28 00:00:00,LONG,51236.125175999994,50281.23035468889,-63.98385063755711,-1.9029684819134123,3,0.0,-1.0435706723787317,94.21602868125,"FIB_786_LONG,LATE_WAVE_EXIT,WAVE_ACCELERATION,ANTI_LATE_WAVE,ANTI_MOMENTUM,EARLY_EXHAUSTION_BUY,EARLY_EXHAUSTION_SELL,HIDDEN_EXHAUSTION",STOP_LOSS
2021-12-28 01:00:00,2021-12-28 04:00:00,LONG,50360.290044,49256.03777057246,-74.67662243157227,-2.2318272741355654,3,0.0,-1.161589902458671,52.09407,"BOS_CONTINUE_SHORT,LATE_WAVE_EXIT,STRONG_WAVE,ANTI_FIBO,ANTI_LATE_WAVE,SWING_REVERSAL_BUY,EMERGENCY_EXIT_04,ENERGY_RECOVER",STOP_LOSS
2021-12-28 11:00:00,2021-12-28 17:00:00,LONG,49044.366912,47961.7166959413,-149.4885185956476,-2.2466084733320932,6,0.31812641863631963,-0.8490208727683954,100.0,"EARLY_WAVE_LONG,WAVE_ACCELERATION,TREND_RESUME_01,TREND_RESUME_02,TREND_RESUME_03,HAMMER_BUY,ENERGY_RECOVER,CONFLUENCE_02",STOP_LOSS
2021-12-29 10:00:00,2021-12-29 12:00:00,LONG,47945.78724,46915.160971016994,-71.98532559865511,-2.1887060235730744,2,0.0,-0.519309942192942,54.402985,"FIB_236_LONG,FIB_382_LONG,ENERGY_RECOVER,CONFLUENCE_02,CONFLUENCE_03,TREND_Q1,BEAR_STRUCTURE,MOMENTUM_START",STOP_LOSS
2021-12-29 14:00:00,2021-12-29 23:00:00,LONG,47412.13053,46173.97174644278,-86.68568325753837,-2.650436414074805,9,1.1541971725015376,-0.555808243700964,78.95650083999998,"FIB_786_LONG,LATE_WAVE_EXIT,SWING_REVERSAL_BUY,DNA_TREND_02,ENERGY_RECOVER,CONFLUENCE_02,CONFLUENCE_03,TREND_Q1",STOP_LOSS
2021-12-30 03:00:00,2021-12-31 09:00:00,LONG,46671.272388000005,48424.213220000005,47.09473105297197,1.4496838688356841,30,3.7766864321727787,-0.35840545894997605,52.878656249999985,"LATE_WAVE_EXIT,STRONG_WAVE,ANTI_LATE_WAVE,EARLY_EXHAUSTION_BUY,HIDDEN_EXHAUSTION,DNA_ACCUMULATION_01,HAMMER_BUY,TREND_Q1","TRAIL_ENERGY, SCALE_OUT_10, SCALE_OUT_20,TRAIL_ENERGY, SCALE_OUT_10,SIGNAL_EXIT,TRAIL_ENERGY, TRAIL_DELTA, SCALE_OUT_10, SCALE_OUT_20, PYRAMID_LEVEL2, DEFENSE_03,TRAIL_DELTA, PYRAMID_LEVEL2,SCALE_OUT_10,DEFENSE_03,TRAIL_WAVE"
2021-12-31 15:00:00,2021-12-31 17:00:00,LONG,47986.105302,46914.088617018155,-74.10533184046311,-2.2731211744813002,2,0.04014640879637321,-1.0720713814183178,70.54957,"FIB_382_LONG,PRESSURE_EXHAUSTION,DELTA_EXHAUSTION,BULL_STRUCTURE,MOMENTUM_START,TRIPLE_CONFIRMATION,FIVE_CONFIRMATION,MASTER_EXIT_25",STOP_LOSS
2021-12-31 19:00:00,2022-01-01 07:00:00,LONG,46695.757284,46970.214078000005,17.746319420728423,0.5475202100564465,12,1.063892620861781,-2.0718740636668085,52.09407,"BOS_CONTINUE_SHORT,LATE_WAVE_EXIT,STRONG_WAVE,ANTI_LATE_WAVE,SWING_REVERSAL_BUY,DNA_TREND_02,ENERGY_RECOVER,TREND_Q1",SIGNAL_EXIT
2022-01-01 16:00:00,2022-01-02 06:00:00,LONG,47228.483808,47071.863744,-0.740592366077923,-0.02282025050774607,14,1.1137266107003585,-0.6737116721627583,54.74884624999999,"FIB_236_LONG,EARLY_WAVE_LONG,ENERGY_RECOVER,CONFLUENCE_02,CONFLUENCE_03,TREND_Q1,TREND_Q2,TREND_Q3",SIGNAL_EXIT
2022-01-02 07:00:00,2022-01-02 20:00:00,LONG,47132.02452,46898.288466,-12.265484279232133,-0.37800199174639854,13,1.400906255829988,-0.47599168990672236,71.53825959000001,"BOS_RETEST_SHORT,EARLY_WAVE_LONG,SWING_REVERSAL_BUY,TREND_Q1,TREND_Q2,TREND_Q3,BULL_STRUCTURE,MOMENTUM_START","DEFENSE_03,SIGNAL_EXIT"
2022-01-03 04:00:00,2022-01-03 18:00:00,LONG,46802.62865399999,46567.84456800001,-15.167158340999418,-0.46791577390102895,14,1.229356902693612,-0.6843390279802645,52.56657,"EARLY_WAVE_LONG,SWING_REVERSAL_BUY,ENERGY_RECOVER,TREND_Q1,TREND_Q2,TREND_Q3,BEAR_STRUCTURE,MOMENTUM_START",SIGNAL_EXIT
2022-01-04 20:00:00,2022-01-05 19:00:00,LONG,46061.56047,44817.73339119958,19.343388407090387,0.5975136493072635,23,1.7311170569641054,-0.49835582567703374,50.97306375,"FIB_236_LONG,EARLY_WAVE_LONG,WAVE_ACCELERATION,ENERGY_RECOVER,TREND_Q1,TREND_Q2,BEAR_STRUCTURE,MOMENTUM_START","SIGNAL_EXIT,SCALE_OUT_10,TRAIL_ENERGY, SCALE_OUT_10, DEFENSE_03,STOP_LOSS"
2022-01-05 21:00:00,2022-01-06 09:00:00,LONG,43975.803402,42461.40248700109,-80.53780170358145,-2.4843350016512424,12,0.0,-2.594161592845657,73.58171625000001,"EARLY_WAVE_LONG,ANTI_FIBO,DNA_TREND_02,ENERGY_RECOVER,TREND_Q1,BULL_STRUCTURE,MOMENTUM_START,BARRIER_L1","SIGNAL_EXIT,STOP_LOSS"
2022-01-06 12:00:00,2022-01-07 03:00:00,LONG,42886.905666,41593.235576585335,2.524739491771217,0.0783747930165282,15,1.285227566410736,-0.2302699727723399,73.08908774999998,"WAVE_ACCELERATION,EARLY_EXHAUSTION_BUY,DNA_ACCUMULATION_01,HAMMER_BUY,TREND_Q1,TREND_Q2,TREND_Q3,TREND_Q4","SIGNAL_EXIT,DEFENSE_03,STOP_LOSS"
2022-01-07 05:00:00,2022-01-07 18:00:00,LONG,41708.670066,41985.281264000005,25.615416164798958,0.7950960333130745,13,1.711610398678107,-0.9340026075718945,87.20404736021999,"LATE_WAVE_EXIT,STRONG_WAVE,HIST200_BUY,HIST1000_BUY,ANTI_FIBO,ANTI_LATE_WAVE,MAJOR_DEMAND,ENERGY_RECOVER","TRAIL_ENERGY,SCALE_OUT_10"
2022-01-08 03:00:00,2022-01-08 18:00:00,LONG,41891.236572,40611.87121335876,-41.39761732468563,-1.2825504402386705,15,0.6504306157964267,-2.5043819611217346,73.08908774999998,"WAVE_ACCELERATION,STRONG_WAVE,EARLY_EXHAUSTION_BUY,DNA_ACCUMULATION_01,HAMMER_BUY,TREND_Q1,TREND_Q2,TREND_Q3","SIGNAL_EXIT,DEFENSE_03,STOP_LOSS"
2022-01-08 22:00:00,2022-01-09 20:00:00,LONG,41777.383806,42686.730945999996,-7.047856132200742,-0.21907582644325874,22,2.1970648000897084,-0.7357660485093661,52.252829999999996,"FIB_382_LONG,HIDDEN_EXHAUSTION,DNA_TREND_02,TREND_Q1,TREND_Q2,TREND_Q3,TREND_Q4,BEAR_STRUCTURE","SIGNAL_EXIT,TRAIL_DELTA, PYRAMID_LEVEL2"
2022-01-09 21:00:00,2022-01-10 12:00:00,LONG,42447.867876,41413.70400321042,-109.34680762404142,-1.7005715933876393,15,0.0,-2.0790864657279546,100.0,"LATE_WAVE_EXIT,WAVE_ACCELERATION,STRONG_WAVE,ANTI_LATE_WAVE,EMERGENCY_EXIT_01,EMERGENCY_EXIT_04,DNA_TREND_02,ENERGY_RECOVER","SIGNAL_EXIT,DEFENSE_03,STOP_LOSS"
2022-01-10 13:00:00,2022-01-10 14:00:00,LONG,40938.196002000004,40025.67900727776,-72.2854696263468,-2.268119646209604,1,0.0,-0.40108265149735123,85.24092436776002,"EARLY_WAVE_LONG,ANTI_FIBO,DNA_TREND_01,DNA_TREND_02,MARUBOZU_BULL,MARUBOZU_BEAR,ENERGY_WALL,ENERGY_RECOVER",STOP_LOSS
2022-01-10 15:00:00,2022-01-11 03:00:00,LONG,41284.159965518564,42165.335245999995,119.4017353298687,2.093561179650794,12,2.720137525270787,-0.24152111996912753,55.85456709,"EARLY_WAVE_LONG,ANTI_FIBO,TREND_RESUME_05,ENERGY_WALL,ENERGY_EXTREME,ENERGY_RECOVER,SMART_DISTRIBUTION,TREND_Q1,SCALE_OUT_30,PYRAMID_LEVEL2",PYRAMID_LEVEL2
2022-01-11 05:00:00,2022-01-11 17:00:00,LONG,42313.11093,42696.698952,27.69979733150529,0.8661838715322184,12,0.9267318364955668,-1.6120084650084263,73.29850919999998,"BOS_RETEST_LONG,ANTI_MOMENTUM,EARLY_EXHAUSTION_BUY,EARLY_EXHAUSTION_SELL,HIDDEN_EXHAUSTION,SWING_REVERSAL,EMERGENCY_EXIT_04,DNA_ACCUMULATION_01",SIGNAL_EXIT
2022-01-11 18:00:00,2022-01-12 13:00:00,LONG,42557.519802,43276.862896,13.118425968140107,0.4093729452027351,19,1.7106029707252521,0.0,71.06575959000001,"EARLY_WAVE_LONG,WAVE_ACCELERATION,ENERGY_RECOVER,BULL_STRUCTURE,STRUCTURE_WEAKENING,SELL_LIQUIDITY_GRAB,MOMENTUM_START,SUPPORT_MAJOR","SIGNAL_EXIT,DEFENSE_03"
2022-01-12 14:00:00,2022-01-13 15:00:00,LONG,43929.744192,44145.689095999995,-24.98722120154113,-0.779030594081884,25,0.5116711060678841,-0.9556490704001185,80.05913999999999,"LATE_WAVE_EXIT,WAVE_ACCELERATION,STRONG_WAVE,ANTI_LATE_WAVE,EMERGENCY_EXIT_04,DNA_TREND_01,DNA_TREND_02,ENERGY_RECOVER","SIGNAL_EXIT,DEFENSE_03"
2022-01-17 17:00:00,2022-01-18 09:00:00,LONG,42225.463403999995,41528.25883490982,-22.569517776109606,-0.705097207947183,16,0.32287767855993077,-1.2000659392455333,52.56657,"EARLY_WAVE_LONG,SWING_REVERSAL_BUY,DNA_TREND_02,ENERGY_RECOVER,BEAR_STRUCTURE,MOMENTUM_START,BARRIER_L1,TRIPLE_CONFIRMATION","SIGNAL_EXIT,STOP_LOSS"
2022-01-18 15:00:00,2022-01-19 03:00:00,LONG,41457.629867999996,42331.761954,66.06035916908044,2.0676516818441026,12,2.4683758701552865,0.0,58.14529,"LATE_WAVE_EXIT,WAVE_ACCELERATION,STRONG_WAVE,ANTI_LATE_WAVE,SWING_REVERSAL_BUY,ENERGY_RECOVER,CONFLUENCE_02,CONFLUENCE_03","TRAIL_ENERGY, SCALE_OUT_10"
2022-01-19 04:00:00,2022-01-20 15:00:00,LONG,41714.751282000005,42961.076066,17.498428549236234,0.5449285512206085,35,3.008309241775329,-1.0251799875516423,73.263015,"STRONG_WAVE,DNA_TREND_01,DNA_TREND_02,ENERGY_RECOVER,TREND_Q1,HIGHER_HIGH_CONTINUE,BULL_STRUCTURE,MOMENTUM_START","SIGNAL_EXIT,TRAIL_ENERGY,SCALE_OUT_10,DEFENSE_03,TRAIL_WAVE"
2022-01-20 23:00:00,2022-01-21 01:00:00,LONG,41172.802914,40036.61763171316,-89.97560379754579,-2.798449092101381,2,0.0,-1.1947034915923538,73.9004175,"LATE_WAVE_EXIT,STRONG_WAVE,HIST200_BUY,ANTI_FIBO,ANTI_LATE_WAVE,ENERGY_RECOVER,BULL_STRUCTURE,MOMENTUM_START",STOP_LOSS
2022-01-21 02:00:00,2022-01-21 03:00:00,LONG,39770.9526,38373.151486847426,-113.43235529428257,-3.553222342849565,1,0.14977614592012542,0.0,71.45794324809002,"LATE_WAVE_EXIT,STRONG_WAVE,HIST1000_BUY,ANTI_FIBO,ANTI_LATE_WAVE,MAJOR_DEMAND,DNA_TREND_01,DNA_TREND_02",STOP_LOSS
2022-01-21 14:00:00,2022-01-21 21:00:00,LONG,38498.708202,37003.672116002366,-124.07369378729923,-3.921787575110378,7,0.931334620680529,-1.3366375809286668,52.56657,"EARLY_WAVE_LONG,WAVE_ACCELERATION,SWING_REVERSAL_BUY,TREND_Q1,TREND_Q2,TREND_Q3,BEAR_STRUCTURE,MOMENTUM_START",STOP_LOSS
2022-01-22 06:00:00,2022-01-22 18:00:00,LONG,35745.917753999995,34603.078,-202.71686715108922,-3.2358407837229466,12,0.061775574352219226,-3.177727207389671,100.0,"EARLY_WAVE_LONG,HIST200_BUY,HIST1000_BUY,SWING_REVERSAL_BUY,MAJOR_DEMAND,TREND_Q1,TREND_Q2,TREND_Q3",SIGNAL_EXIT
2022-01-22 21:00:00,2022-01-23 09:00:00,LONG,35294.5575,35839.600646,46.32845025674814,1.5036519603386336,12,1.5645825847228547,-1.1887314354344933,52.252829999999996,"FIB_382_LONG,TREND_Q1,TREND_Q2,TREND_Q3,TREND_Q4,BEAR_STRUCTURE,MOMENTUM_START,SUPPORT_MAJOR",SIGNAL_EXIT
2022-01-23 10:00:00,2022-01-24 00:00:00,LONG,35884.585482,36237.30109,-25.388681077152235,-0.8210194631937002,14,1.003117391952491,-3.090841003461936,52.56657,"EARLY_WAVE_LONG,EMERGENCY_EXIT_04,STRUCTURE_FAILURE_SHORT,TREND_Q1,TREND_Q2,TREND_Q3,TREND_Q4,BEAR_STRUCTURE",SIGNAL_EXIT
2022-01-24 01:00:00,2022-01-24 09:00:00,LONG,35847.46806,34500.91389967738,-234.19329391131043,-3.7948413081938783,8,0.0,-2.6742699328037327,94.62144628275885,"FIB_786_LONG,FAILED_BOS_LONG,WAVE_ACCELERATION,ANTI_BOS,EMERGENCY_EXIT_01,TREND_Q1,TREND_Q2,TREND_Q3",STOP_LOSS
2022-01-24 10:00:00,2022-01-24 11:00:00,LONG,34516.942008,33071.75856657492,-127.87648129281165,-4.225206695638596,1,0.0,-3.593458562211348,72.40936248000001,"BOS_CONTINUE_SHORT,LATE_WAVE_EXIT,STRONG_WAVE,ANTI_LATE_WAVE,SWING_REVERSAL_BUY,DNA_TREND_02,ENERGY_RECOVER,TREND_Q1",STOP_LOSS
2022-01-24 12:00:00,2022-01-25 00:00:00,LONG,35670.852508171956,36653.01793,535.8521650974443,2.7123103223686527,12,6.176226719198518,-1.7474539535392544,51.85782,"BOS_RETEST_SHORT,LATE_WAVE_EXIT,STRONG_WAVE,ANTI_FIBO,ANTI_LATE_WAVE,ENERGY_RECOVER,TREND_Q1,TREND_Q2,TRAIL_ENERGY,SCALE_OUT_30,PYRAMID_LEVEL2,PYRAMID_LEVEL3,TRAIL_WAVE,TRAIL_DELTA,SCALE_OUT_10,SCALE_OUT_20","TRAIL_ENERGY, TRAIL_DELTA, SCALE_OUT_10, SCALE_OUT_20, PYRAMID_LEVEL2"
2022-01-25 02:00:00,2022-01-25 18:00:00,LONG,36132.535061999995,37265.865336,35.12296163528529,1.1234926176273492,16,3.1572513139266607,-0.7988508459334737,90.52491448,"EARLY_EXHAUSTION_BUY,HIGHER_HIGH_CONTINUE,BULL_STRUCTURE,MOMENTUM_END,SUPPORT_MAJOR,TRIPLE_CONFIRMATION,FIVE_CONFIRMATION,CASCADE_03","TRAIL_ENERGY, SCALE_OUT_10,SIGNAL_EXIT,TRAIL_ENERGY, TRAIL_DELTA, TRAIL_WAVE, SCALE_OUT_10, SCALE_OUT_20, PYRAMID_LEVEL2"
2022-01-25 19:00:00,2022-01-26 07:00:00,LONG,37327.544016,37281.102288,-5.152409406823556,-0.16436701243698015,12,1.2381901788178,-2.0668491226460093,94.42987722000002,"FIB_786_LONG,LATE_WAVE_EXIT,WAVE_ACCELERATION,STRONG_WAVE,SWING_REVERSAL,BULL_STRUCTURE,MOMENTUM_END,SUPPORT_MAJOR",SIGNAL_EXIT
2022-01-26 08:00:00,2022-01-26 20:00:00,LONG,37346.06772,37569.154666,52.36453265679203,0.5571116233535365,12,2.4602115727111995,0.0,100.0,"FIB_786_LONG,LATE_WAVE_EXIT,WAVE_ACCELERATION,EARLY_EXHAUSTION_BUY,SWING_REVERSAL,DNA_ACCUMULATION_01,HAMMER_BUY,BULL_STRUCTURE",SIGNAL_EXIT
2022-01-26 21:00:00,2022-01-28 03:00:00,LONG,37022.453010000005,36928.942734000004,-47.34925207085305,-1.5054220849599997,30,0.3717932735651375,-3.886703589336272,52.80281999999999,"FIB_382_SHORT,EMERGENCY_EXIT_01,DNA_TREND_02,ENERGY_RECOVER,BULL_STRUCTURE,MOMENTUM_START,BARRIER_L1,SUPPORT_MAJOR","SIGNAL_EXIT,DEFENSE_03"
2022-01-28 04:00:00,2022-01-28 21:00:00,LONG,37359.300366,37750.4484,-20.707281068842818,-0.6609207827649569,17,1.067229926936365,-2.8927211040159886,74.53782,"LATE_WAVE_EXIT,WAVE_ACCELERATION,STRONG_WAVE,ANTI_LATE_WAVE,EMERGENCY_EXIT_04,STRUCTURE_FAILURE_SHORT,BULL_STRUCTURE,MOMENTUM_START",SIGNAL_EXIT
2022-01-28 22:00:00,2022-01-29 14:00:00,LONG,37796.427774,38154.05766200001,-0.2222511136674976,-0.007106110534474977,16,0.966393512593434,-0.7029176820322739,74.53782,"LATE_WAVE_EXIT,STRONG_WAVE,ANTI_LATE_WAVE,EMERGENCY_EXIT_04,STRUCTURE_FAILURE_SHORT,BULL_STRUCTURE,MOMENTUM_START,SUPPORT_MAJOR",SIGNAL_EXIT
2022-02-01 07:00:00,2022-02-02 15:00:00,LONG,38292.667002,37696.179256,14.824697368587714,0.4740509235586684,32,2.136761584031904,-1.5380151034380563,82.94645395582,"FIB_236_SHORT,EARLY_WAVE_LONG,SWING_REVERSAL_BUY,HIGHER_LOW,BULL_STRUCTURE,MOMENTUM_START,TRIPLE_CONFIRMATION,FIVE_CONFIRMATION","SCALE_OUT_10,DEFENSE_03,SCALE_OUT_10, DEFENSE_03,TRAIL_ENERGY, SCALE_OUT_10, SCALE_OUT_20,TRAIL_ENERGY, SCALE_OUT_10,SIGNAL_EXIT"
2022-02-02 16:00:00,2022-02-03 06:00:00,LONG,37437.265955999996,36984.231673999995,-48.84133973774164,-1.5601117925129562,14,0.34536187592320783,-1.6465837989464585,73.58171625000001,"EARLY_WAVE_LONG,ANTI_FIBO,EMERGENCY_EXIT_04,ENERGY_RECOVER,STRUCTURE_FAILURE_LONG,BULL_STRUCTURE,MOMENTUM_START,TRIPLE_CONFIRMATION",SIGNAL_EXIT
2022-02-03 17:00:00,2022-02-04 05:00:00,LONG,36693.98733,37281.89213,48.690557791898115,1.5615420531841029,12,1.7230688622467467,-0.890029549154483,52.88030999999997,"FIB_786_LONG,LATE_WAVE_EXIT,WAVE_ACCELERATION,SWING_REVERSAL_BUY,BEAR_STRUCTURE,MOMENTUM_START,BARRIER_L1,TRIPLE_CONFIRMATION","TRAIL_ENERGY, SCALE_OUT_10"
2022-02-04 06:00:00,2022-02-04 18:00:00,LONG,37554.519402,40512.34591,245.1684138693885,7.832936265666443,12,7.897692861546904,-0.35446972593372406,74.53782,"BOS_RETEST_LONG,LATE_WAVE_EXIT,STRONG_WAVE,ANTI_LATE_WAVE,EMERGENCY_EXIT_04,DNA_TREND_02,ENERGY_RECOVER,STRUCTURE_FAILURE_SHORT","TRAIL_ENERGY, TRAIL_DELTA, TRAIL_WAVE, SCALE_OUT_10, SCALE_OUT_20, SCALE_OUT_30, SCALE_OUT_50"
2022-02-05 00:00:00,2022-02-05 12:00:00,LONG,41580.014339999994,41421.714,-13.419856974090072,-0.42056028208670004,12,0.0,-0.7357725697215153,79.71683125,"LATE_WAVE_EXIT,STRONG_WAVE,ANTI_LATE_WAVE,DNA_TREND_01,DNA_TREND_02,ENERGY_RECOVER,CONFLUENCE_02,CONFLUENCE_03",SIGNAL_EXIT
2022-02-05 18:00:00,2022-02-06 16:00:00,LONG,41592.256788,41511.176104000006,-4.142880497015343,-0.12998196832404046,22,0.2406534767040537,-0.6874279254846629,79.3745225,"FIB_786_LONG,WAVE_ACCELERATION,ENERGY_RECOVER,CONFLUENCE_02,CONFLUENCE_03,TREND_Q1,TREND_Q2,TREND_Q3",SIGNAL_EXIT
2022-02-07 00:00:00,2022-02-07 18:00:00,LONG,42389.346174,44195.56911800001,24.805341408142766,0.7785930213722653,18,4.281910408689664,-1.3182467398913071,85.11426533749999,"LATE_WAVE_EXIT,WAVE_ACCELERATION,STRONG_WAVE,ANTI_LATE_WAVE,TREND_RESUME_04,DNA_TREND_02,ENERGY_WALL,ENERGY_RECOVER","SIGNAL_EXIT,SCALE_OUT_10,PYRAMID_LEVEL2,TRAIL_WAVE, SCALE_OUT_30, PYRAMID_LEVEL2, PYRAMID_LEVEL3,TRAIL_DELTA, TRAIL_WAVE, SCALE_OUT_30, PYRAMID_LEVEL2, PYRAMID_LEVEL3,TRAIL_ENERGY, TRAIL_DELTA, TRAIL_WAVE, SCALE_OUT_20, SCALE_OUT_30, SCALE_OUT_50, PYRAMID_LEVEL2, PYRAMID_LEVEL3"
2022-02-08 02:00:00,2022-02-08 15:00:00,LONG,44051.14846799999,42973.29368501033,-36.29684104224281,-1.1371897844948948,13,1.8885580987845263,-1.344410959978048,94.00218014250001,"TREND_RESUME_02,TREND_RESUME_03,TREND_Q1,TREND_Q2,TREND_Q3,TREND_Q4,BULL_STRUCTURE,MOMENTUM_START","SIGNAL_EXIT,STOP_LOSS"
2022-02-08 21:00:00,2022-02-09 15:00:00,LONG,44280.80439,44083.571522,-60.75101186844471,-1.9089635594504193,18,0.0,-2.124135735466472,77.06468294,"FAILED_BOS_SHORT,ANTI_BOS,DNA_TREND_01,DNA_TREND_02,MARUBOZU_BULL,MARUBOZU_BEAR,ENERGY_RECOVER,CONFLUENCE_02","SIGNAL_EXIT,DEFENSE_03"
2022-02-09 17:00:00,2022-02-10 06:00:00,LONG,44325.09430344559,43871.004044,-74.17847033414142,-1.1712104734884594,13,1.5402216972465972,-1.2400973130086839,73.9004175,"FIB_786_LONG,WAVE_ACCELERATION,HIDDEN_EXHAUSTION,TREND_Q1,TREND_Q2,TREND_Q3,TREND_Q4,BULL_STRUCTURE,TRAIL_ENERGY,SCALE_OUT_10,SCALE_OUT_20,PYRAMID_LEVEL1",SIGNAL_EXIT
2022-02-10 09:00:00,2022-02-10 14:00:00,LONG,44223.843,43246.62595897998,-70.78672691512635,-2.2488224087707884,5,1.3799049530815215,-1.3134611571409514,73.9004175,"TREND_Q1,TREND_Q2,TREND_Q3,TREND_Q4,HIGHER_LOW,BULL_STRUCTURE,MOMENTUM_START,RESISTANCE_MAJOR",STOP_LOSS
2022-02-10 15:00:00,2022-02-11 00:00:00,LONG,44652.72172130659,42842.8293699698,-358.5380984597998,-4.091641926079928,9,2.297073792380667,-2.591738368222189,98.37081778999999,"FIB_786_LONG,WAVE_ACCELERATION,ENERGY_RECOVER,CONFLUENCE_02,TREND_Q1,TREND_Q2,TREND_Q3,TREND_Q4,TRAIL_ENERGY,SCALE_OUT_30,PYRAMID_LEVEL2",STOP_LOSS
2022-02-11 01:00:00,2022-02-11 13:00:00,LONG,43048.618002,43562.055845999996,35.01816800957765,1.1522159007254271,12,1.2129355650296025,-0.46579428401322537,52.09407,"BOS_CONTINUE_SHORT,LATE_WAVE_EXIT,STRONG_WAVE,ANTI_LATE_WAVE,SWING_REVERSAL_BUY,EMERGENCY_EXIT_04,ENERGY_RECOVER,STRUCTURE_FAILURE_LONG","TRAIL_ENERGY, SCALE_OUT_10, SCALE_OUT_20"
2022-02-11 16:00:00,2022-02-11 19:00:00,LONG,43677.75380399999,42441.47371621616,-87.44705463599246,-2.8693249265843535,3,0.0,-2.319656382849992,94.00218014250001,"WAVE_ACCELERATION,EARLY_EXHAUSTION_BUY,PRESSURE_EXHAUSTION,DELTA_EXHAUSTION,TREND_RESUME_02,TREND_RESUME_03,EMERGENCY_EXIT_01,BULL_STRUCTURE",STOP_LOSS
2022-02-12 07:00:00,2022-02-12 20:00:00,LONG,42047.787875999995,42653.937506,48.408367603819734,1.6000195365340752,13,1.8601504704756269,0.0,50.619659999999996,"EARLY_WAVE_LONG,SWING_REVERSAL_BUY,BEAR_STRUCTURE,STRUCTURE_WEAKENING,MOMENTUM_START,RESISTANCE_MAJOR,TRIPLE_CONFIRMATION,FIVE_CONFIRMATION","SIGNAL_EXIT,TRAIL_ENERGY, SCALE_OUT_10, SCALE_OUT_20"
2022-02-12 21:00:00,2022-02-14 01:00:00,LONG,42631.184532,41557.875353935386,-36.10118561864763,-0.5943001524098758,28,0.0,-1.7671677206963505,94.64149484999999,"BOS_RETEST_LONG,LATE_WAVE_EXIT,ANTI_LATE_WAVE,DNA_ACCUMULATION_01,BULL_STRUCTURE,MOMENTUM_START,BARRIER_L1,RESISTANCE_MAJOR","SIGNAL_EXIT,DEFENSE_03,STOP_LOSS"
2022-02-15 10:00:00,2022-02-16 14:00:00,LONG,44064.821202,43629.232408,2.3079058481556305,0.07622755920886656,28,1.0893923653960351,-0.9686892862749757,74.21911875,"LATE_WAVE_EXIT,STRONG_WAVE,ANTI_LATE_WAVE,EMERGENCY_EXIT_01,DNA_ACCUMULATION_01,BULL_STRUCTURE,MOMENTUM_START,RESISTANCE_MAJOR","SIGNAL_EXIT,DEFENSE_03"
2022-02-16 19:00:00,2022-02-17 09:00:00,LONG,43855.91943,43022.95621641011,-11.765302812940599,-0.38855965420642996,14,0.8301742951282101,-0.8840526775840135,52.24621499999999,"FIB_786_LONG,FAILED_BOS_SHORT,ANTI_BOS,ANTI_MOMENTUM,EARLY_EXHAUSTION_SELL,HIDDEN_EXHAUSTION,TREND_Q1,TREND_Q2","SIGNAL_EXIT,STOP_LOSS"
2022-02-17 10:00:00,2022-02-17 13:00:00,LONG,43224.973266,42327.40138516773,-63.992662380205275,-2.1156816818801127,3,0.0,-0.40481983626266727,52.09407,"BOS_CONTINUE_SHORT,LATE_WAVE_EXIT,WAVE_ACCELERATION,STRONG_WAVE,ANTI_LATE_WAVE,SWING_REVERSAL_BUY,EMERGENCY_EXIT_04,ENERGY_RECOVER",STOP_LOSS
2022-02-18 12:00:00,2022-02-19 15:00:00,LONG,40186.98579,39859.786448000006,-10.857406262840076,-0.36090513924558937,27,0.7386077959443768,-1.0749643983189636,86.09018847408001,"EARLY_WAVE_LONG,HIST200_BUY,SWING_REVERSAL_BUY,DNA_TREND_01,DNA_TREND_02,MARUBOZU_BULL,ENERGY_RECOVER,TREND_Q1","DEFENSE_03,SIGNAL_EXIT"
2022-02-20 03:00:00,2022-02-20 06:00:00,LONG,39847.137833999994,39190.44924632158,-50.71136988698285,-1.6873602570351758,3,0.0,-1.2478382665058703,86.13670218489001,"FIB_236_SHORT,EARLY_WAVE_LONG,SWING_REVERSAL_BUY,TREND_Q1,TREND_Q2,TREND_Q3,TREND_Q4,HIGHER_LOW",STOP_LOSS
2022-02-20 07:00:00,2022-02-20 09:00:00,LONG,38802.578964,38017.77350141959,-61.69560514681346,-2.0617510313507905,2,0.0,-1.638393583554911,55.85456709,"EARLY_WAVE_LONG,ANTI_FIBO,TREND_RESUME_05,DNA_TREND_01,DNA_TREND_02,ENERGY_WALL,ENERGY_RECOVER,SMART_DISTRIBUTION",STOP_LOSS
2022-02-20 10:00:00,2022-02-21 03:00:00,LONG,38193.067086,39103.097816,37.312906134591245,1.253513544764894,17,2.4677329837840634,-0.0001232841549486535,94.42987722000002,"HIST200_BUY,ANTI_FIBO,TREND_Q1,TREND_Q2,TREND_Q3,TREND_Q4,BULL_STRUCTURE,MOMENTUM_END","SIGNAL_EXIT,PYRAMID_LEVEL2,TRAIL_ENERGY, SCALE_OUT_10, PYRAMID_LEVEL2"
2022-02-21 06:00:00,2022-02-21 10:00:00,LONG,39236.505732000005,38336.25999952689,-69.67094342575393,-2.333490761707173,4,0.1467109950951802,-0.7976901259704872,74.53782,"LATE_WAVE_EXIT,STRONG_WAVE,ANTI_LATE_WAVE,TREND_Q1,TREND_Q2,TREND_Q3,TREND_Q4,BULL_STRUCTURE",STOP_LOSS
2022-02-21 13:00:00,2022-02-22 01:00:00,LONG,38285.40543880589,37222.284054,-217.2633818025655,-2.8157212548017516,12,3.016184998692389,-3.336115744803564,52.88030999999997,"LATE_WAVE_EXIT,STRONG_WAVE,HIST200_BUY,ANTI_FIBO,ANTI_LATE_WAVE,EMERGENCY_EXIT_01,ENERGY_RECOVER,TREND_Q1,PYRAMID_LEVEL2,PYRAMID_LEVEL3",SIGNAL_EXIT
2022-02-22 08:00:00,2022-02-23 00:00:00,LONG,37478.86788486143,38222.683934,81.5677792154906,1.0771055619991954,16,2.557519046351844,0.0,53.19404999999999,"LATE_WAVE_EXIT,STRONG_WAVE,ANTI_FIBO,ANTI_LATE_WAVE,DNA_ACCUMULATION_01,TREND_Q1,TREND_Q2,TREND_Q3,PYRAMID_LEVEL2","TRAIL_ENERGY, SCALE_OUT_10, SCALE_OUT_20,TRAIL_ENERGY, SCALE_OUT_10, PYRAMID_LEVEL2"
2022-02-23 01:00:00,2022-02-23 13:00:00,LONG,38145.52758,39008.586722,65.15014805824858,2.221638449052481,12,2.283000066452345,-1.1865285623610282,50.619659999999996,"EARLY_WAVE_LONG,WAVE_ACCELERATION,BEAR_STRUCTURE,MOMENTUM_START,SUPPORT_MAJOR,TRIPLE_CONFIRMATION,FIVE_CONFIRMATION,CASCADE_03","TRAIL_ENERGY, SCALE_OUT_10, PYRAMID_LEVEL2"
2022-02-23 14:00:00,2022-02-23 18:00:00,LONG,38968.04205,37941.3695092557,-78.83162929735445,-2.6735987587243843,4,0.0,-2.2674017053930817,74.53782,"LATE_WAVE_EXIT,STRONG_WAVE,ANTI_LATE_WAVE,EMERGENCY_EXIT_04,STRUCTURE_FAILURE_SHORT,BULL_STRUCTURE,MOMENTUM_START,SUPPORT_MAJOR",STOP_LOSS
2022-02-23 19:00:00,2022-02-24 00:00:00,LONG,37788.35616,36752.55880968883,-81.41142652666105,-2.7799525583677758,5,0.0,-1.4246350323379637,71.79914196,"FIB_786_SHORT,LATE_WAVE_EXIT,WAVE_ACCELERATION,STRONG_WAVE,DNA_TREND_01,DNA_TREND_02,ENERGY_RECOVER,TREND_Q1",STOP_LOSS
2022-02-24 01:00:00,2022-02-24 03:00:00,LONG,36763.181166,35614.439346205596,-91.9893204035066,-3.1634574556580097,2,0.5071618616411527,-2.2801649351695925,74.53782,"LATE_WAVE_EXIT,STRONG_WAVE,ANTI_FIBO,ANTI_LATE_WAVE,DNA_TREND_02,ENERGY_RECOVER,TREND_Q1,TREND_Q2",STOP_LOSS
2022-02-24 05:00:00,2022-02-24 21:00:00,LONG,35893.32859496178,38414.295604000006,411.0796506949672,3.912933805466503,16,7.0365204451747,-1.151707108671515,100.0,"LATE_WAVE_EXIT,STRONG_WAVE,ANTI_FIBO,ANTI_LATE_WAVE,ENERGY_RECOVER,CONFLUENCE_02,CONFLUENCE_03,TREND_Q1,TRAIL_DELTA,PYRAMID_LEVEL2,PYRAMID_LEVEL3","TRAIL_DELTA, PYRAMID_LEVEL2,TRAIL_ENERGY, SCALE_OUT_10, SCALE_OUT_20,PYRAMID_LEVEL2, PYRAMID_LEVEL3,TRAIL_WHALE"
2022-02-24 22:00:00,2022-02-25 13:00:00,LONG,38403.309126,39355.88724800001,40.02199807373988,1.3401805581881898,15,2.496505889256588,-1.3885759798729622,52.88030999999997,"FIB_786_LONG,LATE_WAVE_EXIT,STRONG_WAVE,EARLY_EXHAUSTION_BUY,EMERGENCY_EXIT_01,BEAR_STRUCTURE,MOMENTUM_END,SUPPORT_MAJOR",SIGNAL_EXIT
2022-02-25 14:00:00,2022-02-26 02:00:00,LONG,39367.861998,39696.879036,23.83082942636746,0.7954160335186768,12,1.0099303894638612,-1.8099331836618338,50.619659999999996,"EARLY_WAVE_LONG,EMERGENCY_EXIT_04,STRUCTURE_FAILURE_SHORT,BEAR_STRUCTURE,MOMENTUM_START,SUPPORT_MAJOR,TRIPLE_CONFIRMATION,FIVE_CONFIRMATION",SCALE_OUT_10
2022-02-26 06:00:00,2022-02-27 03:00:00,LONG,39029.294298,38522.513956,9.419842960650495,0.3138191462028258,21,1.036389996989333,-2.022210014800201,71.79914196,"FIB_786_SHORT,WAVE_ACCELERATION,STRONG_WAVE,HIGHER_HIGH_CONTINUE,BULL_STRUCTURE,MOMENTUM_START,BARRIER_L1,SUPPORT_MAJOR","SCALE_OUT_10,SIGNAL_EXIT,DEFENSE_03"
2022-02-28 14:00:00,2022-03-01 03:00:00,LONG,41057.384925439794,43151.377998,786.8716659594483,5.240464255726725,13,7.405584846339982,0.0,87.043187,"HIGHER_HIGH_CONTINUE,BULL_STRUCTURE,MOMENTUM_START,SUPPORT_MAJOR,TRIPLE_CONFIRMATION,CASCADE_03,CASCADE_05,CASCADE_08,PYRAMID_LEVEL3,TRAIL_ENERGY,TRAIL_DELTA,SCALE_OUT_10,SCALE_OUT_20,TRAIL_WAVE,SCALE_OUT_30,SCALE_OUT_50","TRAIL_ENERGY, TRAIL_DELTA, TRAIL_WAVE, SCALE_OUT_10, SCALE_OUT_20, PYRAMID_LEVEL3,TRAIL_ENERGY, TRAIL_WAVE, SCALE_OUT_10, PYRAMID_LEVEL3"
2022-03-01 05:00:00,2022-03-02 04:00:00,LONG,43818.34957954861,44315.775072000004,-36.53371567386803,-0.6345022769155135,23,2.988706707173495,-0.9877587442285144,74.53782,"PRESSURE_EXHAUSTION,DELTA_EXHAUSTION,TREND_Q1,TREND_Q2,BULL_STRUCTURE,STRUCTURE_ACCELERATION,MOMENTUM_MIDDLE,SUPPORT_MAJOR,TRAIL_DELTA,SCALE_OUT_30,PYRAMID_LEVEL2","SIGNAL_EXIT,SCALE_OUT_10,TRAIL_ENERGY, SCALE_OUT_10"
2022-03-02 14:00:00,2022-03-03 04:00:00,LONG,44099.885964180714,43297.098848,-57.17185538078144,-0.9959597085744348,14,2.9526464095185063,-1.8007211284530817,94.21825959000002,"EARLY_WAVE_LONG,SWING_REVERSAL_BUY,EMERGENCY_EXIT_04,STRUCTURE_FAILURE_LONG,TREND_Q1,TREND_Q2,TREND_Q3,TREND_Q4,SCALE_OUT_30,PYRAMID_LEVEL2",SIGNAL_EXIT
2022-03-03 07:00:00,2022-03-03 17:00:00,LONG,43442.656794,42255.63644710693,-87.97114792826883,-2.771291376539822,10,1.2538441389137807,-2.3613122900477954,74.21911875,"WAVE_ACCELERATION,ANTI_MOMENTUM,EARLY_EXHAUSTION_SELL,HIDDEN_EXHAUSTION,TREND_RESUME_01,TREND_Q1,TREND_Q2,TREND_Q3",STOP_LOSS
2022-03-04 08:00:00,2022-03-04 19:00:00,LONG,41445.267396,40310.43330109996,-87.5345699305591,-2.777055959666853,11,0.5580917159731499,-2.025291302815957,85.94671163990625,"WAVE_ACCELERATION,EARLY_EXHAUSTION_BUY,HIDDEN_EXHAUSTION,PRESSURE_EXHAUSTION,DELTA_EXHAUSTION,TREND_RESUME_02,TREND_RESUME_03,DNA_ACCUMULATION_01",STOP_LOSS
2022-03-05 17:00:00,2022-03-06 06:00:00,LONG,39341.936814,39478.542712,8.876399395694229,0.2836032900543289,13,0.7681705845566225,-0.10522312156545502,79.03221375,"EARLY_WAVE_LONG,WAVE_ACCELERATION,ENERGY_RECOVER,CONFLUENCE_02,CONFLUENCE_03,TREND_Q1,BULL_STRUCTURE,MOMENTUM_START",SIGNAL_EXIT
2022-03-06 09:00:00,2022-03-06 10:00:00,LONG,39149.248283999994,38341.00740394854,-65.88262735445932,-2.103686070901194,1,0.0,-1.2029561349009708,74.53782,"WAVE_ACCELERATION,MARUBOZU_BULL,TREND_Q1,TREND_Q2,TREND_Q3,TREND_Q4,BULL_STRUCTURE,MOMENTUM_START",STOP_LOSS
2022-03-06 12:00:00,2022-03-07 02:00:00,LONG,38360.150496,38317.015064,-0.5266823408587664,-0.016908010738059576,14,2.218186042019643,-0.09244097205431279,72.38696101875001,"BOS_RETEST_SHORT,LATE_WAVE_EXIT,STRONG_WAVE,ANTI_FIBO,ANTI_LATE_WAVE,EMERGENCY_EXIT_01,DNA_ACCUMULATION_01,TREND_Q1",SIGNAL_EXIT
2022-03-07 21:00:00,2022-03-08 10:00:00,LONG,37597.518,38977.872866,111.31760960134783,3.5741223986487665,13,3.6921373373636044,0.0,78.73510497999999,"EARLY_WAVE_LONG,WAVE_ACCELERATION,SWING_REVERSAL_BUY,ENERGY_RECOVER,CONFLUENCE_02,CONFLUENCE_03,TREND_Q1,TREND_Q2","SIGNAL_EXIT,TRAIL_ENERGY, SCALE_OUT_10"
2022-03-08 15:00:00,2022-03-09 03:00:00,LONG,38771.062662,39403.047814,49.93965988428285,1.5893913928708738,12,1.6503734849319611,-1.1898891346410045,73.9004175,"FIB_786_LONG,ENERGY_RECOVER,CONFLUENCE_02,BULL_STRUCTURE,MOMENTUM_START,TRIPLE_CONFIRMATION,FIVE_CONFIRMATION,CASCADE_03",SIGNAL_EXIT
2022-03-09 05:00:00,2022-03-10 03:00:00,LONG,41647.87791,40706.377096,39.771890026468526,1.2609054613132682,22,2.096414352459369,-2.2410695498506996,97.70782476,"BOS_RETEST_LONG,EARLY_WAVE_LONG,EMERGENCY_EXIT_01,EMERGENCY_EXIT_04,DNA_TREND_02,ENERGY_RECOVER,STRUCTURE_FAILURE_SHORT,CONFLUENCE_02","TRAIL_ENERGY, SCALE_OUT_10, SCALE_OUT_20,SCALE_OUT_10,SIGNAL_EXIT"
2022-03-12 18:00:00,2022-03-13 15:00:00,LONG,39107.409918,38829.2326,-4.362470495605537,-0.1378844325899848,21,0.22162061405174388,-1.5562521764446213,54.74884624999999,"FIB_236_LONG,EARLY_WAVE_LONG,WAVE_ACCELERATION,ENERGY_RECOVER,CONFLUENCE_02,CONFLUENCE_03,TREND_Q1,BEAR_STRUCTURE",SIGNAL_EXIT
2022-03-14 01:00:00,2022-03-14 23:00:00,LONG,38195.2436988099,39318.254776,73.67937203755169,1.664202617461831,22,3.2469023604322826,0.0,57.811862499999975,"LATE_WAVE_EXIT,STRONG_WAVE,ANTI_FIBO,ANTI_LATE_WAVE,HAMMER_BUY,ENERGY_RECOVER,CONFLUENCE_02,CONFLUENCE_03,TRAIL_ENERGY,TRAIL_DELTA,TRAIL_WAVE,SCALE_OUT_20,PYRAMID_LEVEL3","TRAIL_ENERGY, SCALE_OUT_10, SCALE_OUT_20,SIGNAL_EXIT,TRAIL_DELTA,TRAIL_ENERGY, SCALE_OUT_10"
2022-03-15 00:00:00,2022-03-15 03:00:00,LONG,39679.304274,38700.111702397866,-79.72636762228015,-2.506779376509527,3,0.0,-2.150980944893379,94.21602868125,"LATE_WAVE_EXIT,WAVE_ACCELERATION,STRONG_WAVE,ANTI_LATE_WAVE,EMERGENCY_EXIT_01,EMERGENCY_EXIT_04,STRUCTURE_FAILURE_SHORT,MULTI_SWING_BUY_01",STOP_LOSS
2022-03-15 08:00:00,2022-03-15 22:00:00,LONG,38447.1879,39645.059402,99.98369847696921,3.1638603339647755,14,3.3514079192252235,-0.2211810658849141,74.53782,"LATE_WAVE_EXIT,STRONG_WAVE,ANTI_LATE_WAVE,SWING_REVERSAL_BUY,ENERGY_RECOVER,TREND_Q1,BULL_STRUCTURE,MOMENTUM_START","TRAIL_ENERGY, TRAIL_WAVE, SCALE_OUT_10,TRAIL_DELTA, DEFENSE_03,TRAIL_ENERGY, SCALE_OUT_10"
2022-03-17 02:00:00,2022-03-18 01:00:00,LONG,41222.042760000004,40327.772831999995,-96.55532294865829,-1.0105657131482655,23,0.28843121795839505,-2.1498273755126425,100.0,"EARLY_WAVE_LONG,TREND_RESUME_02,TREND_RESUME_03,HIGHER_HIGH_CONTINUE,BULL_STRUCTURE,MOMENTUM_START,BARRIER_L1,TRIPLE_CONFIRMATION",SIGNAL_EXIT
2022-03-18 02:00:00,2022-03-18 19:00:00,LONG,40549.838346000004,41684.701392,46.47988932468942,1.4709914296196516,17,2.81922616866058,-0.44194589500178494,94.21825959000002,"EARLY_WAVE_LONG,SWING_REVERSAL_BUY,EMERGENCY_EXIT_01,EMERGENCY_EXIT_04,STRUCTURE_FAILURE_LONG,TREND_Q1,TREND_Q2,TREND_Q3","SIGNAL_EXIT,TRAIL_DELTA, SCALE_OUT_30,TRAIL_ENERGY, TRAIL_DELTA, SCALE_OUT_20, SCALE_OUT_30,TRAIL_ENERGY, TRAIL_DELTA, SCALE_OUT_10, SCALE_OUT_20, SCALE_OUT_30"
2022-03-19 02:00:00,2022-03-19 22:00:00,LONG,41727.463824,42107.306854,18.53105669295937,0.5843786424371211,20,1.1115369435255047,-0.2815024284616071,51.76426499999999,"FIB_236_SHORT,PRESSURE_EXHAUSTION,DELTA_EXHAUSTION,TREND_Q1,TREND_Q2,TREND_Q3,TREND_Q4,HIGHER_HIGH_CONTINUE","SIGNAL_EXIT,SCALE_OUT_10,SCALE_OUT_10, DEFENSE_03"
2022-03-20 00:00:00,2022-03-20 12:00:00,LONG,42209.570225999996,41578.53263,-48.723523315466515,-1.5344127068440214,12,0.0,-1.475282080973244,73.9004175,"FIB_786_LONG,LATE_WAVE_EXIT,WAVE_ACCELERATION,STRONG_WAVE,ANTI_MOMENTUM,EARLY_EXHAUSTION_BUY,EARLY_EXHAUSTION_SELL,SWING_REVERSAL",SIGNAL_EXIT
2022-03-20 13:00:00,2022-03-20 17:00:00,LONG,41641.3266,41011.523703612576,-98.1660161683532,-1.5518417846679962,4,0.0,-0.8268867207511115,100.0,"EARLY_WAVE_LONG,SWING_REVERSAL_BUY,TREND_RESUME_01,EMERGENCY_EXIT_04,ENERGY_RECOVER,STRUCTURE_FAILURE_LONG,TREND_Q1,TREND_Q2",STOP_LOSS
2022-03-20 18:00:00,2022-03-21 07:00:00,LONG,41041.2066,40837.88079,-11.112451444451963,-0.3541576415728304,13,0.9619195747524641,-0.573878351812389,73.58171625000001,"EARLY_WAVE_LONG,ANTI_FIBO,EMERGENCY_EXIT_04,DNA_TREND_02,ENERGY_RECOVER,STRUCTURE_FAILURE_LONG,BULL_STRUCTURE,MOMENTUM_START",SIGNAL_EXIT
2022-03-21 20:00:00,2022-03-22 08:00:00,LONG,41689.970250719896,42207.50681,52.699493934196745,1.2008968908953765,12,4.371928622686714,-0.45285664111726226,68.4263125,"HIGHER_LOW,BULL_STRUCTURE,MOMENTUM_MIDDLE,TRIPLE_CONFIRMATION,CASCADE_03,CASCADE_05,CASCADE_08,CASCADE_10,TRAIL_WAVE,PYRAMID_LEVEL3","TRAIL_ENERGY, SCALE_OUT_10, SCALE_OUT_20"
2022-03-22 11:00:00,2022-03-23 03:00:00,LONG,42838.245936,42316.48501,-27.438689691423956,-0.8718008688687957,16,0.33790847602925217,-1.2928539063607374,90.52061791500002,"TREND_RESUME_02,TREND_RESUME_03,TREND_Q1,TREND_Q2,BULL_STRUCTURE,MOMENTUM_START,TRIPLE_CONFIRMATION,FIVE_CONFIRMATION","SIGNAL_EXIT,DEFENSE_03, DEFENSE_04"
2022-03-23 06:00:00,2022-03-23 19:00:00,LONG,42029.75427,42079.522412000006,2.4607832383511057,0.078364324529771,13,1.4000218184002309,-0.020876329525098675,85.520702047725,"FIB_382_LONG,STRONG_WAVE,TREND_RESUME_02,TREND_RESUME_03,DNA_ACCUMULATION_01,BEAR_STRUCTURE,MOMENTUM_END,TRIPLE_CONFIRMATION",SIGNAL_EXIT
2022-03-23 20:00:00,2022-03-24 11:00:00,LONG,42225.233358,42994.359408,59.15608371738747,1.8836612247860065,15,2.304703999499928,0.0,73.263015,"FIB_382_LONG,WAVE_ACCELERATION,HIDDEN_EXHAUSTION,TREND_Q1,TREND_Q2,TREND_Q3,BULL_STRUCTURE,MOMENTUM_END","SCALE_OUT_30,SIGNAL_EXIT,TRAIL_ENERGY, SCALE_OUT_20,TRAIL_ENERGY, SCALE_OUT_10, SCALE_OUT_20"
2022-03-24 14:00:00,2022-03-25 03:00:00,LONG,43439.794300088404,43938.01064,74.84877750507067,1.3180678321325088,13,2.3462715857695398,0.0,78.34759625,"FIB_236_LONG,PRESSURE_EXHAUSTION,DELTA_EXHAUSTION,ENERGY_RECOVER,CONFLUENCE_02,CONFLUENCE_03,TREND_Q1,TREND_Q2,TRAIL_ENERGY,TRAIL_DELTA,SCALE_OUT_20,SCALE_OUT_30,PYRAMID_LEVEL2",SIGNAL_EXIT
2022-03-25 05:00:00,2022-03-25 18:00:00,LONG,44105.609358,44319.564314,7.702657409394011,0.24274837984474915,13,1.98290116547583,-0.454906668155142,94.00218014250001,"EARLY_EXHAUSTION_BUY,PRESSURE_EXHAUSTION,DELTA_EXHAUSTION,SWING_REVERSAL,TREND_RESUME_02,TREND_RESUME_03,TREND_Q1,TREND_Q2","SIGNAL_EXIT,SCALE_OUT_10"
2022-03-25 21:00:00,2022-03-26 09:00:00,LONG,44559.4101,44490.1002,-6.206012658183239,-0.19548270474074386,12,0.0,-0.9168884845717524,73.263015,"FIB_382_LONG,TREND_Q1,TREND_Q2,TREND_Q3,TREND_Q4,BULL_STRUCTURE,MOMENTUM_END,RESISTANCE_MAJOR",SIGNAL_EXIT
2022-03-26 13:00:00,2022-03-27 01:00:00,LONG,44358.880002,44704.167378,70.25471894840503,0.7380838042665608,12,0.7985774167067181,-0.34619900681233706,100.0,"WAVE_ACCELERATION,TREND_RESUME_02,TREND_RESUME_03,DNA_ACCUMULATION_01,HAMMER_BUY,TREND_Q1,TREND_Q2,TREND_Q3",SIGNAL_EXIT
2022-03-27 02:00:00,2022-03-27 18:00:00,LONG,44733.904991999996,44910.546094,-5.345309569180311,-0.16759320984620138,16,0.48306761513140717,-0.665725453776628,93.35840361750002,"EARLY_WAVE_LONG,TREND_Q1,TREND_Q2,TREND_Q3,TREND_Q4,HIGHER_HIGH_CONTINUE,BULL_STRUCTURE,MOMENTUM_START",SIGNAL_EXIT
2022-03-27 19:00:00,2022-03-28 09:00:00,LONG,46203.125425039965,47011.835752,209.6746419454186,1.5663125312432478,14,2.8220484230845897,-0.04336272256273458,51.6929175,"FIB_786_SHORT,WAVE_ACCELERATION,ANTI_MOMENTUM,EARLY_EXHAUSTION_SELL,TREND_Q1,TREND_Q2,TREND_Q3,TREND_Q4,PYRAMID_LEVEL2,SCALE_OUT_30,TRAIL_ENERGY,TRAIL_DELTA,SCALE_OUT_10,SCALE_OUT_20","SIGNAL_EXIT,TRAIL_ENERGY, SCALE_OUT_10"
2022-03-28 12:00:00,2022-03-29 21:00:00,LONG,47261.990508,47468.35443,-0.5096327411113777,-0.007867423678909514,33,1.5001473369598843,-0.29575670956208017,100.0,"EARLY_WAVE_LONG,TREND_RESUME_02,TREND_RESUME_03,TREND_Q1,TREND_Q2,TREND_Q3,TREND_Q4,BULL_STRUCTURE","SIGNAL_EXIT,SCALE_OUT_10,TRAIL_ENERGY, SCALE_OUT_10, SCALE_OUT_20"
2022-03-29 22:00:00,2022-03-30 11:00:00,LONG,47279.644038,47260.546,-3.016475054079819,-0.09315558689104636,13,0.43432214048599227,-0.8764110780253834,86.13670218489001,"FIB_236_SHORT,EARLY_WAVE_LONG,SWING_REVERSAL_BUY,TREND_Q1,TREND_Q2,TREND_Q3,TREND_Q4,HIGHER_LOW",SIGNAL_EXIT
2022-03-30 18:00:00,2022-03-31 07:00:00,LONG,47669.0319,47104.517212000006,-40.24844828849672,-1.2433772178897444,13,0.0,-1.4297372378565207,92.00809081883122,"BOS_CONTINUE_LONG,EARLY_WAVE_LONG,TREND_RESUME_02,TREND_RESUME_03,DNA_TREND_01,DNA_TREND_02,ENERGY_RECOVER,CONFLUENCE_02",SIGNAL_EXIT
2022-03-31 11:00:00,2022-03-31 14:00:00,LONG,47285.815272,46611.80097065912,-47.264949757672724,-1.4648346819121014,3,0.23251101280071465,-0.7881544811191734,51.6929175,"FIB_786_SHORT,WAVE_ACCELERATION,TREND_Q1,TREND_Q2,TREND_Q3,TREND_Q4,HIGHER_LOW,BULL_STRUCTURE",STOP_LOSS
2022-03-31 15:00:00,2022-03-31 16:00:00,LONG,46699.818096,45836.53286609814,-60.68478528614409,-1.8878442764722805,1,0.0,-0.5267859833935338,51.137966250000005,"BOS_CONTINUE_SHORT,EARLY_WAVE_LONG,ANTI_FIBO,EMERGENCY_EXIT_04,ENERGY_WALL,ENERGY_RECOVER,STRUCTURE_FAILURE_LONG,BULL_STRUCTURE",STOP_LOSS
2022-03-31 18:00:00,2022-04-01 01:00:00,LONG,45829.153997999994,44904.10519106773,-197.47466277035977,-2.0576649724973057,7,0.27955131357125534,-0.6956576113403948,100.0,"ANTI_FIBO,EARLY_EXHAUSTION_BUY,TREND_RESUME_02,TREND_RESUME_03,EMERGENCY_EXIT_01,EMERGENCY_EXIT_04,STRUCTURE_FAILURE_LONG,BULL_STRUCTURE",STOP_LOSS
2022-04-01 02:00:00,2022-04-02 04:00:00,LONG,44932.754753999994,46590.610014,61.80825720574034,1.9629890898419415,26,4.366892830725738,-1.2018954924011627,51.85782,"LATE_WAVE_EXIT,STRONG_WAVE,ANTI_FIBO,ANTI_LATE_WAVE,EMERGENCY_EXIT_04,DNA_TREND_01,DNA_TREND_02,MARUBOZU_BULL","SIGNAL_EXIT,TRAIL_DELTA,TRAIL_ENERGY, TRAIL_DELTA, SCALE_OUT_10, SCALE_OUT_20,TRAIL_ENERGY, SCALE_OUT_10,TRAIL_ENERGY, TRAIL_DELTA, SCALE_OUT_10, SCALE_OUT_20, DEFENSE_03,TRAIL_ENERGY, TRAIL_DELTA, SCALE_OUT_10, SCALE_OUT_20, SCALE_OUT_30,SCALE_OUT_30"
2022-04-02 10:00:00,2022-04-02 18:00:00,LONG,46691.8365,45842.58556317983,-58.78737040191727,-1.8581148999042616,8,0.09267894185315022,-0.8497770268684975,90.52061791500002,"TREND_RESUME_02,TREND_RESUME_03,TREND_Q1,TREND_Q2,BULL_STRUCTURE,MOMENTUM_START,TRIPLE_CONFIRMATION,FIVE_CONFIRMATION",STOP_LOSS
2022-04-03 01:00:00,2022-04-03 21:00:00,LONG,46074.423041999995,46355.736998,19.75677408893742,0.6274372848833374,20,1.2139641064851538,-0.6458964048854539,50.84715999999999,"FIB_382_SHORT,WAVE_ACCELERATION,MARUBOZU_BULL,BULL_STRUCTURE,MOMENTUM_START,TRIPLE_CONFIRMATION,FIVE_CONFIRMATION,CASCADE_03","SCALE_OUT_10,SIGNAL_EXIT,DEFENSE_03,SCALE_OUT_10, DEFENSE_03"
2022-04-03 22:00:00,2022-04-04 00:00:00,LONG,46989.396,46079.598035408824,-62.29292032924514,-1.975402713849184,2,0.0,-1.238675210892266,55.69913999999999,"LATE_WAVE_EXIT,WAVE_ACCELERATION,STRONG_WAVE,ANTI_LATE_WAVE,DNA_TREND_01,DNA_TREND_02,MARUBOZU_BULL,MARUBOZU_BEAR",STOP_LOSS
2022-04-04 01:00:00,2022-04-04 16:00:00,LONG,45871.252416,45624.753224,1.6958534167248196,0.054050409966716485,15,0.7857155953175604,-0.5174753325837024,51.137966250000005,"BOS_CONTINUE_SHORT,EARLY_WAVE_LONG,FAILED_WAVE,ANTI_FIBO,EMERGENCY_EXIT_04,DNA_TREND_01,DNA_TREND_02,ENERGY_RECOVER","SIGNAL_EXIT,DEFENSE_03"
2022-04-05 05:00:00,2022-04-05 14:00:00,LONG,46779.354,45954.52340334206,-169.67138125104688,-1.8025311038268712,9,0.0,-0.7598095518805179,100.0,"EARLY_WAVE_LONG,TREND_RESUME_02,TREND_RESUME_03,HIGHER_HIGH_CONTINUE,BULL_STRUCTURE,MOMENTUM_START,BARRIER_L1,TRIPLE_CONFIRMATION",STOP_LOSS
2022-04-05 21:00:00,2022-04-06 00:00:00,LONG,45887.145594,45033.30197091869,-58.791616178528415,-1.9000025662604672,3,0.14471243556427318,-0.8490299166722202,68.72140625,"STRONG_WAVE,DNA_ACCUMULATION_01,BULL_STRUCTURE,MOMENTUM_START,TRIPLE_CONFIRMATION,CASCADE_03,CASCADE_05,CASCADE_08",STOP_LOSS
2022-04-07 14:00:00,2022-04-08 16:00:00,LONG,43668.711996000005,43639.280398,-5.8545796868628015,-0.19012794996249732,26,0.21710739718788963,-1.745052604413451,52.878656249999985,"WAVE_ACCELERATION,STRONG_WAVE,DNA_ACCUMULATION_01,HAMMER_BUY,TREND_Q1,TREND_Q2,TREND_Q3,TREND_Q4","SIGNAL_EXIT,DEFENSE_03"
2022-04-09 05:00:00,2022-04-09 23:00:00,LONG,42415.301364,42534.911316,3.4567288961359086,0.11232217231765565,18,0.4025401930656005,-0.3643292845519206,58.00998734999998,"EARLY_WAVE_LONG,PRESSURE_EXHAUSTION,DELTA_EXHAUSTION,TREND_Q1,TREND_Q2,TREND_Q3,TREND_Q4,MULTI_SWING_BUY_01","SIGNAL_EXIT,DEFENSE_03"
2022-04-10 00:00:00,2022-04-10 14:00:00,LONG,42762.510792,42567.024892,-29.08561132808119,-0.47246523643349164,14,0.16490895107401085,-0.557873678560132,100.0,"BOS_CONTINUE_LONG,LATE_WAVE_EXIT,WAVE_ACCELERATION,STRONG_WAVE,ANTI_LATE_WAVE,EMERGENCY_EXIT_04,DNA_TREND_02,ENERGY_RECOVER",SIGNAL_EXIT
2022-04-10 15:00:00,2022-04-10 22:00:00,LONG,42706.919676,42222.913355668505,-36.00915903109318,-1.1728672764831798,7,1.238324674343575,-0.002153458987384046,74.53782,"PRESSURE_EXHAUSTION,DELTA_EXHAUSTION,TREND_Q1,TREND_Q2,TREND_Q3,TREND_Q4,BULL_STRUCTURE,MOMENTUM_START",STOP_LOSS
2022-04-10 23:00:00,2022-04-11 10:00:00,LONG,42120.352386,41369.937026618514,-55.73498151526792,-1.820885369532321,11,0.4401615929063879,-1.6717153255204904,59.58393744114,"BOS_CONTINUE_SHORT,EARLY_WAVE_LONG,FAILED_WAVE,HIST200_BUY,ANTI_FIBO,TREND_RESUME_05,DNA_TREND_02,ENERGY_WALL",STOP_LOSS
2022-04-11 11:00:00,2022-04-11 13:00:00,LONG,41604.299196,40716.71386351689,-66.1894604374043,-2.1725447501719244,2,0.0,-1.2899368728018379,72.88186248,"EARLY_WAVE_LONG,ANTI_FIBO,SWING_REVERSAL_BUY,ENERGY_RECOVER,TREND_Q1,TREND_Q2,TREND_Q3,TREND_Q4",STOP_LOSS
2022-04-11 21:00:00,2022-04-13 02:00:00,LONG,39846.227652,39874.92342,23.680746025499797,0.7815993299915837,29,1.937805392127867,-1.3630591501495415,52.88030999999997,"LATE_WAVE_EXIT,STRONG_WAVE,HIST200_BUY,ANTI_FIBO,ANTI_LATE_WAVE,ENERGY_RECOVER,TREND_Q1,TREND_Q2","SCALE_OUT_10,SIGNAL_EXIT"
2022-04-13 03:00:00,2022-04-13 15:00:00,LONG,40067.16183,40633.97158,41.70889503308298,1.3740832547709316,12,1.434936101637028,-0.9163409965441899,74.53782,"WAVE_ACCELERATION,EARLY_EXHAUSTION_BUY,PRESSURE_EXHAUSTION,DELTA_EXHAUSTION,TREND_Q1,TREND_Q2,TREND_Q3,TREND_Q4",SIGNAL_EXIT
2022-04-13 16:00:00,2022-04-14 15:00:00,LONG,41166.411636,40112.00875320752,8.342622856477496,0.27393083490869097,23,0.7374904732636652,-1.776622267850065,78.28051896,"BOS_RETEST_LONG,EARLY_WAVE_LONG,EMERGENCY_EXIT_04,DNA_TREND_02,ENERGY_RECOVER,STRUCTURE_FAILURE_SHORT,CONFLUENCE_02,CONFLUENCE_03","SIGNAL_EXIT,STOP_LOSS"
2022-04-14 18:00:00,2022-04-15 10:00:00,LONG,39994.83736799999,40104.147566,6.027688556200835,0.19780406027766964,16,0.6115605115466892,-0.8397017967841465,72.87966629999998,"FIB_786_LONG,STRONG_WAVE,DNA_ACCUMULATION_01,TREND_Q1,TREND_Q2,TREND_Q3,TREND_Q4,BEAR_STRUCTURE","DEFENSE_03,SIGNAL_EXIT"
2022-04-15 11:00:00,2022-04-16 16:00:00,LONG,40276.283646,40054.657466,16.509237343015613,0.5415519309101698,29,0.7540575408331069,-0.5869797920729463,52.252829999999996,"FIB_382_LONG,WAVE_ACCELERATION,STRONG_WAVE,EARLY_EXHAUSTION_BUY,HIDDEN_EXHAUSTION,PRESSURE_EXHAUSTION,DELTA_EXHAUSTION,TREND_Q1","SCALE_OUT_10,DEFENSE_03,SIGNAL_EXIT"
2022-04-16 17:00:00,2022-04-17 23:00:00,LONG,40211.370666,39731.12550340011,16.663653380667466,0.27296635037618033,30,0.6811738308428154,-0.5256489955432511,100.0,"EARLY_WAVE_LONG,ANTI_FIBO,SWING_REVERSAL_BUY,EMERGENCY_EXIT_01,DNA_TREND_02,ENERGY_RECOVER,TREND_Q1,TREND_Q2","SIGNAL_EXIT,SCALE_OUT_10,STOP_LOSS"
2022-04-18 06:00:00,2022-04-18 19:00:00,LONG,38929.994441999996,40637.880798000006,115.72571733833398,3.7869814815361886,13,4.407952229627514,-0.14159889511959825,76.44762439999998,"LATE_WAVE_EXIT,STRONG_WAVE,ANTI_FIBO,ANTI_LATE_WAVE,EMERGENCY_EXIT_01,HAMMER_BUY,ENERGY_RECOVER,CONFLUENCE_02","PYRAMID_LEVEL2, PYRAMID_LEVEL3,TRAIL_WAVE, PYRAMID_LEVEL3"
2022-04-19 00:00:00,2022-04-19 14:00:00,LONG,40809.290226,41443.229695999995,8.801914179479517,0.28535870969549737,14,1.5737342415007955,-0.48589481684654423,71.56289196,"ANTI_MOMENTUM,EARLY_EXHAUSTION_SELL,HIDDEN_EXHAUSTION,MULTI_SWING_SELL_01,HIGHER_HIGH_CONTINUE,BULL_STRUCTURE,MOMENTUM_MIDDLE,SUPPORT_MAJOR","DEFENSE_03,SIGNAL_EXIT"
2022-04-19 15:00:00,2022-04-20 08:00:00,LONG,41574.233184,41331.771992,-16.936369270694062,-0.5487417498885213,17,0.0,-0.6760995031609421,74.53782,"LATE_WAVE_EXIT,WAVE_ACCELERATION,STRONG_WAVE,ANTI_LATE_WAVE,EMERGENCY_EXIT_04,STRUCTURE_FAILURE_SHORT,BULL_STRUCTURE,MOMENTUM_START",SIGNAL_EXIT
2022-04-21 08:00:00,2022-04-21 20:00:00,LONG,41864.061138000005,41210.576236,-49.320339698191944,-1.6003443389926468,12,1.9800727389239543,-1.5413008687165146,92.00809081883122,"EARLY_WAVE_LONG,TREND_RESUME_01,TREND_RESUME_02,TREND_RESUME_03,DNA_TREND_02,ENERGY_RECOVER,CONFLUENCE_02,CONFLUENCE_03",SIGNAL_EXIT
2022-04-23 10:00:00,2022-04-24 05:00:00,LONG,39528.724164,39695.739264,20.3947053078437,0.6644915401370545,19,0.9266067745580798,-0.22040722498032797,52.165417500000004,"FIB_382_SHORT,WAVE_ACCELERATION,TREND_Q1,TREND_Q2,TREND_Q3,HIGHER_LOW,BULL_STRUCTURE,MOMENTUM_START","SCALE_OUT_10,SIGNAL_EXIT"
2022-04-24 10:00:00,2022-04-24 16:00:00,LONG,39758.060022,39310.66022413984,-35.80780033372897,-1.164855784446078,6,0.0,-0.4486134934685087,74.21911875,"WAVE_ACCELERATION,EARLY_EXHAUSTION_BUY,HIDDEN_EXHAUSTION,PRESSURE_EXHAUSTION,DELTA_EXHAUSTION,DNA_ACCUMULATION_01,TREND_Q1,TREND_Q2",STOP_LOSS
2022-04-24 19:00:00,2022-04-25 00:00:00,LONG,39669.492311999995,39012.118032885104,-51.992452586302285,-1.6964651854757138,5,0.08633255936487799,-0.5529748409047335,78.689905,"FIB_382_LONG,WAVE_ACCELERATION,PRESSURE_EXHAUSTION,DELTA_EXHAUSTION,DNA_TREND_01,DNA_TREND_02,ENERGY_RECOVER,CONFLUENCE_02",STOP_LOSS
2022-04-25 07:00:00,2022-04-25 20:00:00,LONG,38644.077269999994,40217.934804000004,102.94531332321236,3.3736550458512435,13,4.093493341677109,-0.5848691079381972,72.45862722000001,"EARLY_WAVE_LONG,HIST200_BUY,SWING_REVERSAL_BUY,DNA_TREND_01,DNA_TREND_02,ENERGY_RECOVER,TREND_Q1,TREND_Q2","TRAIL_WAVE, PYRAMID_LEVEL3,TRAIL_ENERGY, TRAIL_DELTA, TRAIL_WAVE, SCALE_OUT_20, PYRAMID_LEVEL3"
2022-04-26 07:00:00,2022-04-26 14:00:00,LONG,40532.374853999994,39705.681115151885,-63.96131973426064,-2.0787728681805064,7,0.12860126303421307,-1.7488362242609676,68.13121875,"EARLY_WAVE_LONG,WAVE_ACCELERATION,BULL_STRUCTURE,MOMENTUM_START,TRIPLE_CONFIRMATION,CASCADE_03,CASCADE_05,CASCADE_08",STOP_LOSS
2022-04-26 15:00:00,2022-04-26 17:00:00,LONG,39282.25488,38305.49846960014,-77.29537532667348,-2.5255133973808666,2,0.0,-1.8285988983939867,51.85782,"WAVE_ACCELERATION,STRONG_WAVE,DNA_TREND_01,DNA_TREND_02,MARUBOZU_BULL,MARUBOZU_BEAR,ENERGY_RECOVER,BULL_STRUCTURE",STOP_LOSS
2022-04-27 01:00:00,2022-04-28 03:00:00,LONG,38187.165905999995,39421.21418,71.47245404207858,2.350332480096265,26,3.2522290265192746,0.0,51.85782,"BOS_RETEST_SHORT,LATE_WAVE_EXIT,STRONG_WAVE,ANTI_LATE_WAVE,SWING_REVERSAL_BUY,TREND_Q1,BULL_STRUCTURE,MOMENTUM_START","SIGNAL_EXIT,TRAIL_ENERGY, TRAIL_DELTA, SCALE_OUT_10, SCALE_OUT_20,TRAIL_ENERGY, SCALE_OUT_10,TRAIL_ENERGY, SCALE_OUT_10, SCALE_OUT_20, DEFENSE_03,TRAIL_ENERGY, SCALE_OUT_10, SCALE_OUT_20,TRAIL_DELTA,TRAIL_WAVE,DEFENSE_03,TRAIL_DELTA, TRAIL_WAVE"
2022-04-28 04:00:00,2022-04-28 17:00:00,LONG,39349.928411999994,39891.450114,22.932956454618985,0.7498069460579474,13,1.3964741746072191,-0.64922205022891,73.9004175,"FIB_786_LONG,LATE_WAVE_EXIT,STRONG_WAVE,EARLY_EXHAUSTION_BUY,HIDDEN_EXHAUSTION,PRESSURE_EXHAUSTION,DELTA_EXHAUSTION,SWING_REVERSAL",SIGNAL_EXIT
2022-04-29 04:00:00,2022-04-29 10:00:00,LONG,39540.92660399999,38683.74586857984,-67.62011809329455,-2.206964552214883,6,0.17504242298915876,-0.9941006389067029,90.93140021875,"WAVE_ACCELERATION,STRONG_WAVE,DNA_ACCUMULATION_01,HAMMER_BUY,BULL_STRUCTURE,MOMENTUM_START,TRIPLE_CONFIRMATION,FIVE_CONFIRMATION",STOP_LOSS
2022-04-29 11:00:00,2022-04-30 07:00:00,LONG,38813.16108,38693.369778,-17.548385678688557,-0.5759742822527291,20,1.1951845896907425,-1.2408705361753471,70.85646750000001,"EARLY_WAVE_LONG,ANTI_FIBO,ENERGY_RECOVER,BULL_STRUCTURE,MOMENTUM_START,TRIPLE_CONFIRMATION,FIVE_CONFIRMATION,CASCADE_03",SIGNAL_EXIT
2022-04-30 11:00:00,2022-04-30 23:00:00,LONG,38574.203298,38030.79730262392,-42.382691420730154,-1.3932330068158327,12,0.015053329695866317,-0.8393259492589042,73.263015,"FIB_382_LONG,ANTI_MOMENTUM,EARLY_EXHAUSTION_BUY,EARLY_EXHAUSTION_SELL,TREND_Q1,TREND_Q2,TREND_Q3,BULL_STRUCTURE","SIGNAL_EXIT,STOP_LOSS"
2022-05-01 00:00:00,2022-05-01 16:00:00,LONG,37638.326160000004,38482.311998000005,32.34378670197587,1.0670505507210224,16,2.262783515875659,0.0,58.79159226421455,"EARLY_WAVE_LONG,HIST200_BUY,HIST1000_BUY,ANTI_FIBO,MAJOR_DEMAND,TREND_RESUME_05,DNA_TREND_01,DNA_TREND_02","DEFENSE_03,SIGNAL_EXIT,SCALE_OUT_10,PYRAMID_LEVEL2"
2022-05-01 18:00:00,2022-05-01 20:00:00,LONG,38390.146494,37722.532960317236,-54.04198598341262,-1.7783275377018717,2,0.0,-1.5167342330694205,73.9004175,"LATE_WAVE_EXIT,WAVE_ACCELERATION,ANTI_LATE_WAVE,EMERGENCY_EXIT_04,STRUCTURE_FAILURE_SHORT,HIGHER_LOW,BULL_STRUCTURE,MOMENTUM_START",STOP_LOSS
2022-05-01 21:00:00,2022-05-02 09:00:00,LONG,38320.892646,38914.375568,45.621630619410325,1.5080994514179902,12,1.7948886534400559,-0.03721898164470764,79.71683125,"BOS_CONTINUE_LONG,LATE_WAVE_EXIT,WAVE_ACCELERATION,ANTI_LATE_WAVE,EMERGENCY_EXIT_04,DNA_TREND_01,DNA_TREND_02,ENERGY_RECOVER",SIGNAL_EXIT
2022-05-02 16:00:00,2022-05-03 18:00:00,LONG,38703.78921,37853.76031569611,-17.056436311447882,-0.5617672594009246,26,0.0,-1.68401911880917,70.54957,"FIB_382_LONG,WAVE_ACCELERATION,EMERGENCY_EXIT_01,BULL_STRUCTURE,MOMENTUM_START,TRIPLE_CONFIRMATION,FIVE_CONFIRMATION,MASTER_EXIT_25","SIGNAL_EXIT,DEFENSE_03,STOP_LOSS"
2022-05-06 04:00:00,2022-05-06 13:00:00,LONG,36469.102362,35555.82896542697,-77.1018616461987,-2.543237063947125,9,0.08869875018833698,-1.8872478822433412,52.878656249999985,"WAVE_ACCELERATION,EARLY_EXHAUSTION_BUY,DNA_ACCUMULATION_01,HAMMER_BUY,TREND_Q1,TREND_Q2,BEAR_STRUCTURE,STRUCTURE_ACCELERATION",STOP_LOSS
2022-05-06 14:00:00,2022-05-07 22:00:00,LONG,35754.659502,35019.364726,16.360537155784737,0.5431669643010073,32,1.2959164048928544,-2.036907950302985,72.22508861022,"FIB_786_SHORT,LATE_WAVE_EXIT,WAVE_ACCELERATION,HIST200_BUY,HIST1000_BUY,SWING_REVERSAL_BUY,MAJOR_DEMAND,ENERGY_RECOVER","SCALE_OUT_10,SIGNAL_EXIT,DEFENSE_03,SCALE_OUT_10, DEFENSE_03"
2022-05-08 03:00:00,2022-05-08 17:00:00,LONG,34582.675152,34376.303364,-16.79880815120966,-0.557016803351201,14,0.5886324499341743,-0.649906784284752,54.79330066556063,"LATE_WAVE_EXIT,STRONG_WAVE,HIST200_BUY,HIST1000_BUY,ANTI_FIBO,ANTI_LATE_WAVE,MAJOR_DEMAND,TREND_RESUME_05","SIGNAL_EXIT,DEFENSE_03"
2022-05-08 18:00:00,2022-05-09 06:00:00,LONG,34075.513739999995,33503.89788,-51.69968203893951,-1.716826409766693,12,1.5029157415133505,-1.7002054449436204,86.32438270312701,"EARLY_WAVE_LONG,HIST200_BUY,HIST1000_BUY,ANTI_FIBO,SWING_REVERSAL_BUY,MAJOR_DEMAND,ENERGY_WALL,ENERGY_RECOVER",SIGNAL_EXIT
2022-05-09 13:00:00,2022-05-09 16:00:00,LONG,32865.391764,31793.394462812685,-98.95244539762815,-3.3004768869379864,3,0.5202683638394782,-1.593961720467995,52.56657,"EARLY_WAVE_LONG,ANTI_FIBO,TREND_Q1,TREND_Q2,TREND_Q3,TREND_Q4,BEAR_STRUCTURE,MOMENTUM_START",STOP_LOSS
2022-05-09 19:00:00,2022-05-10 08:00:00,LONG,31083.530784926308,31603.468042,230.24087620929174,2.7659319175124732,13,3.360303722192303,-2.3278486294304384,95.60998806946837,"EARLY_WAVE_LONG,HIST200_BUY,HIST1000_BUY,ANTI_FIBO,MAJOR_DEMAND,ENERGY_RECOVER,TREND_Q1,TREND_Q2,TRAIL_DELTA,TRAIL_WAVE,PYRAMID_LEVEL2,PYRAMID_LEVEL3,DEFENSE_03","TRAIL_WAVE, PYRAMID_LEVEL2, PYRAMID_LEVEL3, DEFENSE_03,TRAIL_ENERGY, SCALE_OUT_10, SCALE_OUT_20"
2022-05-10 18:00:00,2022-05-11 12:00:00,LONG,31689.746682,29980.741678729104,-31.908982895750405,-1.0531658509137831,18,0.4863507416029338,-4.5778424692299975,52.252829999999996,"FIB_382_LONG,EARLY_EXHAUSTION_BUY,TREND_Q1,TREND_Q2,TREND_Q3,TREND_Q4,BEAR_STRUCTURE,MOMENTUM_END","SIGNAL_EXIT,STOP_LOSS"
2022-05-11 13:00:00,2022-05-12 04:00:00,LONG,30644.201701611346,28400.468770000003,-329.99886972550814,-4.20096286954622,15,6.465939715672028,-7.3033447678085945,80.47167869446838,"EARLY_WAVE_LONG,FAILED_WAVE,HIST200_BUY,HIST1000_BUY,ANTI_FIBO,MAJOR_DEMAND,DNA_TREND_01,DNA_TREND_02,TRAIL_DELTA,PYRAMID_LEVEL2,TRAIL_WAVE","SIGNAL_EXIT,DEFENSE_03"
2022-05-12 07:00:00,2022-05-13 03:00:00,LONG,29503.33691608946,30134.951804,-27.5642536389271,-0.13847373812967065,20,5.5157610008618025,-0.8644086967557014,72.06573798522,"LATE_WAVE_EXIT,STRONG_WAVE,HIST200_BUY,HIST1000_BUY,ANTI_FIBO,ANTI_LATE_WAVE,MAJOR_DEMAND,SHOOTING_SELL,SCALE_OUT_30,PYRAMID_LEVEL2,TRAIL_ENERGY,SCALE_OUT_10,TRAIL_DELTA","SIGNAL_EXIT,DEFENSE_03,SCALE_OUT_10,PYRAMID_LEVEL2"
2022-05-13 04:00:00,2022-05-13 20:00:00,LONG,30588.656508,30078.083179999998,-48.47002908784166,-1.6545936488381388,16,0.5274291532150398,-3.233245983658481,74.53782,"LATE_WAVE_EXIT,WAVE_ACCELERATION,STRONG_WAVE,ANTI_LATE_WAVE,EMERGENCY_EXIT_04,STRUCTURE_FAILURE_SHORT,BULL_STRUCTURE,MOMENTUM_START","SIGNAL_EXIT,DEFENSE_03"
2022-05-13 22:00:00,2022-05-14 13:00:00,LONG,30052.659330000002,29096.389558,-73.92366442981611,-2.534226042547082,15,0.0,-3.25568303043084,52.252829999999996,"FIB_382_LONG,EARLY_EXHAUSTION_BUY,PRESSURE_EXHAUSTION,DELTA_EXHAUSTION,BEAR_STRUCTURE,MOMENTUM_END,SUPPORT_MAJOR,TRIPLE_CONFIRMATION",SIGNAL_EXIT
2022-05-14 14:00:00,2022-05-15 21:00:00,LONG,30318.112202374166,31051.978361999998,120.58109648616977,1.1960731033713474,31,3.624444825726341,-0.07952931018097474,71.53825959000001,"BOS_RETEST_SHORT,EARLY_WAVE_LONG,ANTI_FIBO,DNA_TREND_02,ENERGY_RECOVER,TREND_Q1,TREND_Q2,TREND_Q3,TRAIL_DELTA,SCALE_OUT_30,PYRAMID_LEVEL2,TRAIL_WAVE","TRAIL_ENERGY, SCALE_OUT_10, SCALE_OUT_20,TRAIL_ENERGY, SCALE_OUT_10,SCALE_OUT_10,DEFENSE_03,SIGNAL_EXIT,PYRAMID_LEVEL2,TRAIL_DELTA, PYRAMID_LEVEL2,TRAIL_ENERGY, SCALE_OUT_20"
2022-05-15 22:00:00,2022-05-16 06:00:00,LONG,31082.085174,30065.013530239794,-96.92326662222574,-3.3109028670738496,8,0.7940420490400384,-2.544794435675911,74.53782,"ANTI_MOMENTUM,EARLY_EXHAUSTION_BUY,EARLY_EXHAUSTION_SELL,EMERGENCY_EXIT_01,EMERGENCY_EXIT_04,STRUCTURE_FAILURE_SHORT,BULL_STRUCTURE,MOMENTUM_END",STOP_LOSS
2022-05-16 07:00:00,2022-05-16 22:00:00,LONG,29847.770354986485,30163.975997999998,3.2606130710133847,0.062404797872630716,15,2.0067266505317294,-1.775008145283367,56.48941998,"LATE_WAVE_EXIT,STRONG_WAVE,ANTI_LATE_WAVE,SWING_REVERSAL_BUY,TREND_RESUME_05,DNA_TREND_01,DNA_TREND_02,ENERGY_WALL,PYRAMID_LEVEL2","SIGNAL_EXIT,TRAIL_ENERGY, SCALE_OUT_10"
2022-05-16 23:00:00,2022-05-17 11:00:00,LONG,30024.45369,30450.798622,40.046977017698836,1.3794243080237705,12,2.0603082953213954,-0.5010705325509623,50.92177999999998,"FIB_786_LONG,EARLY_EXHAUSTION_BUY,BEAR_STRUCTURE,MOMENTUM_END,SUPPORT_MAJOR,TRIPLE_CONFIRMATION,FIVE_CONFIRMATION,CASCADE_03","TRAIL_ENERGY, SCALE_OUT_10, SCALE_OUT_20"
2022-05-17 12:00:00,2022-05-17 18:00:00,LONG,30325.543896,29480.43569502635,-82.30864079586615,-2.8256719094317275,6,0.8570204211053912,-0.8558260220824395,74.53782,"ANTI_MOMENTUM,EARLY_EXHAUSTION_BUY,EARLY_EXHAUSTION_SELL,HIDDEN_EXHAUSTION,SWING_REVERSAL,EMERGENCY_EXIT_04,STRUCTURE_FAILURE_SHORT,BULL_STRUCTURE",STOP_LOSS
2022-05-17 19:00:00,2022-05-18 15:00:00,LONG,29857.92039,28901.29292878068,-4.572851798817147,-0.15811970420907603,20,2.3239046823649243,-2.0695024366363812,74.53782,"WAVE_ACCELERATION,STRONG_WAVE,ENERGY_RECOVER,TREND_Q1,TREND_Q2,TREND_Q3,BULL_STRUCTURE,STRUCTURE_WEAKENING","SIGNAL_EXIT,STOP_LOSS"
2022-05-19 00:00:00,2022-05-19 15:00:00,LONG,28986.71123336176,29861.72646,97.50031644598201,1.8739881840222272,15,3.0393194990132923,-0.06886339468130054,52.56657,"EARLY_WAVE_LONG,SWING_REVERSAL_BUY,ENERGY_RECOVER,TREND_Q1,TREND_Q2,TREND_Q3,TREND_Q4,BEAR_STRUCTURE,TRAIL_DELTA,PYRAMID_LEVEL2","SIGNAL_EXIT,TRAIL_DELTA, TRAIL_WAVE"
2022-05-19 21:00:00,2022-05-20 14:00:00,LONG,30276.25404,29406.109083541593,-10.594943419140971,-0.36353256892944374,17,0.6583243743980685,-0.8934197726133276,71.32664196,"ANTI_MOMENTUM,EARLY_EXHAUSTION_SELL,MARUBOZU_BULL,MARUBOZU_BEAR,HIGHER_HIGH_CONTINUE,BULL_STRUCTURE,MOMENTUM_END,TRIPLE_CONFIRMATION","SIGNAL_EXIT,STOP_LOSS"
2022-05-20 15:00:00,2022-05-21 06:00:00,LONG,29495.217864,29280.422744,-26.454524482569937,-0.9086214692657071,15,0.0,-2.0143531969810056,56.63560959000001,"BOS_CONTINUE_SHORT,EARLY_WAVE_LONG,FAILED_WAVE,ANTI_FIBO,DNA_TREND_01,DNA_TREND_02,MARUBOZU_BULL,MARUBOZU_BEAR","SIGNAL_EXIT,DEFENSE_03"
2022-05-21 07:00:00,2022-05-21 19:00:00,LONG,29368.802585999998,29472.164388,9.056631330779583,0.3118034382799643,12,0.6618159301212182,-0.27513067910544053,94.00218014250001,"FIB_786_LONG,LATE_WAVE_EXIT,WAVE_ACCELERATION,ANTI_LATE_WAVE,ANTI_MOMENTUM,EARLY_EXHAUSTION_SELL,SWING_REVERSAL,TREND_Q1",SIGNAL_EXIT
2022-05-21 20:00:00,2022-05-22 09:00:00,LONG,29470.212863999997,29549.118994,1.0351390825643092,0.035613766757767396,13,0.28777239035012586,-0.6247422264971355,73.9004175,"FIB_786_LONG,HIDDEN_EXHAUSTION,SWING_REVERSAL,TREND_Q1,TREND_Q2,TREND_Q3,TREND_Q4,BULL_STRUCTURE","DEFENSE_03,SIGNAL_EXIT"
2022-05-22 16:00:00,2022-05-23 10:00:00,LONG,29849.978801999998,30435.851612,42.22633661957498,1.4528051538063618,18,2.1366554469957264,0.0,93.14232417,"FIB_382_LONG,ANTI_MOMENTUM,EARLY_EXHAUSTION_SELL,HIDDEN_EXHAUSTION,HIGHER_HIGH_CONTINUE,BULL_STRUCTURE,MOMENTUM_MIDDLE,TRIPLE_CONFIRMATION","TRAIL_ENERGY, SCALE_OUT_10, SCALE_OUT_20,SIGNAL_EXIT,TRAIL_ENERGY, SCALE_OUT_20"
2022-05-24 07:00:00,2022-05-24 14:00:00,LONG,29344.847796,28760.666167206924,-59.20968088548608,-2.02995053646574,7,0.20345037880257497,-1.3085015763903172,52.878656249999985,"WAVE_ACCELERATION,PRESSURE_EXHAUSTION,DELTA_EXHAUSTION,DNA_ACCUMULATION_01,HAMMER_BUY,TREND_Q1,BEAR_STRUCTURE,MOMENTUM_START",STOP_LOSS
2022-05-24 16:00:00,2022-05-25 04:00:00,LONG,29388.196464,30192.050382,78.17790182852563,2.694201050469746,12,2.755846337804718,-0.7215021318499129,54.74884624999999,"FIB_236_LONG,EARLY_WAVE_LONG,FAILED_WAVE,ENERGY_RECOVER,CONFLUENCE_02,CONFLUENCE_03,TREND_Q1,BEAR_STRUCTURE",SIGNAL_EXIT
2022-05-25 05:00:00,2022-05-25 11:00:00,LONG,30109.450686,29457.376685310363,-64.40178837548582,-2.2048125629619526,6,0.0,-1.355025338239414,70.85646750000001,"EARLY_WAVE_LONG,EMERGENCY_EXIT_04,STRUCTURE_FAILURE_SHORT,BULL_STRUCTURE,MOMENTUM_START,TRIPLE_CONFIRMATION,FIVE_CONFIRMATION,MASTER_EXIT_25",STOP_LOSS
2022-05-25 13:00:00,2022-05-26 08:00:00,LONG,29573.56353,28883.54259683135,16.5334633036831,0.5692220593326092,19,1.0551534301351784,-0.10622165965265395,67.836125,"FIB_382_LONG,STRONG_WAVE,BULL_STRUCTURE,MOMENTUM_START,TRIPLE_CONFIRMATION,CASCADE_03,CASCADE_05,CASCADE_08","SIGNAL_EXIT,SCALE_OUT_10, DEFENSE_03,SCALE_OUT_10,DEFENSE_03,STOP_LOSS"
2022-05-27 14:00:00,2022-05-27 17:00:00,LONG,29330.584944000002,28497.400808721824,-83.74868370791059,-2.8795303510455152,3,0.0,-2.0340369792796875,71.4702625,"WAVE_ACCELERATION,DNA_ACCUMULATION_01,TREND_Q1,BULL_STRUCTURE,MOMENTUM_START,TRIPLE_CONFIRMATION,FIVE_CONFIRMATION,CASCADE_03",STOP_LOSS
2022-05-28 02:00:00,2022-05-28 14:00:00,LONG,28621.553166,29065.995638,43.66013243051366,1.512203307886687,12,1.57313906547485,0.0,54.402985,"FIB_236_LONG,FIB_382_LONG,ENERGY_RECOVER,CONFLUENCE_02,CONFLUENCE_03,TREND_Q1,BEAR_STRUCTURE,MOMENTUM_START",SIGNAL_EXIT
2022-05-28 21:00:00,2022-05-29 11:00:00,LONG,29032.075254,29153.6681,15.99272067191956,0.18396310965776547,14,0.43887577751592927,-0.4407030943555103,100.0,"BOS_RETEST_LONG,WAVE_ACCELERATION,EARLY_EXHAUSTION_BUY,DNA_ACCUMULATION_01,HAMMER_BUY,BULL_STRUCTURE,MOMENTUM_END,TRIPLE_CONFIRMATION",SIGNAL_EXIT
2022-05-29 22:00:00,2022-05-30 10:00:00,LONG,29653.93376270293,30709.876796,142.93250031838772,3.5194625135749305,12,5.096501643286745,0.0,67.836125,"FIB_382_LONG,BULL_STRUCTURE,MOMENTUM_END,TRIPLE_CONFIRMATION,CASCADE_03,CASCADE_05,CASCADE_08,CASCADE_10,TRAIL_ENERGY,TRAIL_DELTA,TRAIL_WAVE,SCALE_OUT_10,SCALE_OUT_20,SCALE_OUT_30,SCALE_OUT_50,PYRAMID_LEVEL3","TRAIL_ENERGY, TRAIL_DELTA, TRAIL_WAVE, SCALE_OUT_20, PYRAMID_LEVEL3"
2022-05-30 13:00:00,2022-05-31 10:00:00,LONG,30895.990924313614,31539.700797999998,89.57517382462846,2.1790952664566263,21,4.140417608215498,-0.24862181613240186,78.34759625,"FIB_236_LONG,WAVE_ACCELERATION,ENERGY_RECOVER,CONFLUENCE_02,CONFLUENCE_03,BULL_STRUCTURE,MOMENTUM_START,TRIPLE_CONFIRMATION,TRAIL_DELTA,TRAIL_WAVE,PYRAMID_LEVEL3","TRAIL_ENERGY, SCALE_OUT_10,TRAIL_ENERGY, TRAIL_DELTA, SCALE_OUT_10, SCALE_OUT_20,PYRAMID_LEVEL2,TRAIL_ENERGY, SCALE_OUT_10, PYRAMID_LEVEL2"
2022-05-31 12:00:00,2022-06-01 14:00:00,LONG,31773.343398,31141.526003187293,-1.0503065613743416,-0.01775215089264481,26,1.21072119223126,-1.1977127909804868,100.0,"FIB_382_LONG,TREND_Q1,TREND_Q2,TREND_Q3,TREND_Q4,MULTI_SWING_BUY_01,HIGHER_LOW,BULL_STRUCTURE","SIGNAL_EXIT,DEFENSE_03,STOP_LOSS"
2022-06-01 15:00:00,2022-06-01 16:00:00,LONG,31178.714496,30398.725500476754,-75.13772959535102,-2.5406707701982523,1,0.0,-1.398789215815655,51.137966250000005,"BOS_CONTINUE_SHORT,EARLY_WAVE_LONG,FAILED_WAVE,ANTI_FIBO,EMERGENCY_EXIT_04,DNA_TREND_02,ENERGY_RECOVER,STRUCTURE_FAILURE_LONG",STOP_LOSS
2022-06-01 17:00:00,2022-06-01 20:00:00,LONG,30425.703923999998,29583.09194967712,-82.51677703107866,-2.80830055152399,3,0.0,-0.9826688800588635,50.90171625000001,"BOS_RETEST_SHORT,EARLY_WAVE_LONG,ANTI_FIBO,EMERGENCY_EXIT_04,DNA_TREND_01,DNA_TREND_02,ENERGY_RECOVER,STRUCTURE_FAILURE_LONG",STOP_LOSS
2022-06-02 06:00:00,2022-06-02 18:00:00,LONG,29881.695144,30187.911210000002,28.717411671174226,0.9843514569656601,12,1.3812631914320073,0.0,85.94671163990625,"WAVE_ACCELERATION,TREND_RESUME_02,TREND_RESUME_03,DNA_ACCUMULATION_01,HAMMER_BUY,BEAR_STRUCTURE,MOMENTUM_START,TRIPLE_CONFIRMATION","TRAIL_ENERGY, SCALE_OUT_10, SCALE_OUT_20"
2022-06-02 23:00:00,2022-06-03 10:00:00,LONG,30489.04659,29820.123222354425,-65.30218535894394,-2.233101697439856,11,0.456994972239305,-0.7840408826637623,77.82473485937498,"BOS_CONTINUE_LONG,EARLY_WAVE_LONG,TREND_RESUME_01,ENERGY_RECOVER,CONFLUENCE_02,CONFLUENCE_03,BEAR_STRUCTURE,MOMENTUM_START",STOP_LOSS
2022-06-04 09:00:00,2022-06-05 00:00:00,LONG,29755.980005999998,29858.057194,5.607768129049755,0.1928616430699683,15,0.36315387353471035,-0.7325586519282661,71.163365,"FIB_786_LONG,WAVE_ACCELERATION,TREND_Q1,BULL_STRUCTURE,MOMENTUM_START,TRIPLE_CONFIRMATION,FIVE_CONFIRMATION,CASCADE_03",SIGNAL_EXIT
2022-06-05 15:00:00,2022-06-06 03:00:00,LONG,29797.678344,30919.934776,108.3445396745398,3.724748100427372,12,3.7869784450076778,0.0,100.0,"DNA_TREND_02,ENERGY_RECOVER,CONFLUENCE_02,CONFLUENCE_03,TREND_Q1,TREND_Q2,MULTI_SWING_BUY_01,HIGHER_LOW",SIGNAL_EXIT
2022-06-06 14:00:00,2022-06-07 00:00:00,LONG,31449.248592,30875.600189796813,-54.69892708240679,-1.8633152412683438,10,0.2930798417341034,-0.43975165764430796,90.52169205625,"EARLY_WAVE_LONG,TREND_RESUME_01,ENERGY_RECOVER,TREND_Q1,BULL_STRUCTURE,MOMENTUM_START,TRIPLE_CONFIRMATION,FIVE_CONFIRMATION",STOP_LOSS
2022-06-07 01:00:00,2022-06-07 01:00:00,LONG,30203.809554,29318.23095583263,-86.79602505870129,-2.9708368043622113,0,0.0,0.0,56.63560959000001,"BOS_CONTINUE_SHORT,EARLY_WAVE_LONG,ANTI_FIBO,EMERGENCY_EXIT_04,DNA_TREND_01,DNA_TREND_02,MARUBOZU_BULL,MARUBOZU_BEAR",STOP_LOSS
2022-06-07 02:00:00,2022-06-07 16:00:00,LONG,29574.383694,29885.191766,13.38103544891859,0.46147695657133375,14,1.1305267066912066,-0.5826112752941494,79.03221375,"EARLY_WAVE_LONG,ANTI_FIBO,EMERGENCY_EXIT_04,DNA_TREND_02,ENERGY_RECOVER,STRUCTURE_FAILURE_LONG,CONFLUENCE_02,CONFLUENCE_03",SIGNAL_EXIT
2022-06-11 10:00:00,2022-06-11 12:00:00,LONG,29078.834604,28502.95988068599,-58.622219936312476,-2.019599187050982,2,0.0,-1.1858267660856265,57.14500749999999,"EARLY_WAVE_LONG,WAVE_ACCELERATION,ENERGY_RECOVER,CONFLUENCE_02,CONFLUENCE_03,TREND_Q1,TREND_Q2,BEAR_STRUCTURE",STOP_LOSS
2022-06-11 16:00:00,2022-06-12 02:00:00,LONG,28411.231109999997,27676.07569502238,-75.84646576948562,-2.6265171064444788,10,0.7902821568368193,-0.5861101525494503,57.47843499999999,"LATE_WAVE_EXIT,STRONG_WAVE,HIST200_BUY,ANTI_FIBO,ANTI_LATE_WAVE,ENERGY_RECOVER,CONFLUENCE_02,CONFLUENCE_03",STOP_LOSS
2022-06-12 14:00:00,2022-06-13 00:00:00,LONG,27660.575200292118,26477.93110719273,-222.7246903376022,-4.313848345169857,10,2.83909604479893,-3.926329052913729,86.09018847408001,"EARLY_WAVE_LONG,HIST200_BUY,SWING_REVERSAL_BUY,TREND_Q1,TREND_Q2,TREND_Q3,TREND_Q4,BEAR_STRUCTURE,TRAIL_DELTA,PYRAMID_LEVEL2",STOP_LOSS
2022-06-13 04:00:00,2022-06-13 08:00:00,LONG,25525.15401,24312.056855803,-134.72625676899563,-4.790654647804496,4,0.0,-2.7955326331055437,87.20404736021999,"LATE_WAVE_EXIT,STRONG_WAVE,HIST200_BUY,HIST1000_BUY,ANTI_FIBO,ANTI_LATE_WAVE,MAJOR_DEMAND,ENERGY_RECOVER",STOP_LOSS
2022-06-13 14:00:00,2022-06-13 23:00:00,LONG,23656.670388,22092.809784018722,-184.70228828838523,-6.648009639989934,9,0.3246847960436694,-4.517839452766514,87.20404736021999,"LATE_WAVE_EXIT,STRONG_WAVE,HIST200_BUY,HIST1000_BUY,ANTI_FIBO,ANTI_LATE_WAVE,MAJOR_DEMAND,ENERGY_RECOVER",STOP_LOSS
2022-06-14 01:00:00,2022-06-15 19:00:00,LONG,22294.481568452058,21535.761986,87.52409895063748,0.7282549929977776,42,4.518398905617191,-9.223993669186896,100.0,"EARLY_WAVE_LONG,HIST200_BUY,HIST1000_BUY,ANTI_FIBO,MAJOR_DEMAND,DNA_TREND_02,ENERGY_RECOVER,CONFLUENCE_02,SCALE_OUT_30,PYRAMID_LEVEL2,TRAIL_ENERGY,SCALE_OUT_10,TRAIL_DELTA,SCALE_OUT_20,DEFENSE_03","SIGNAL_EXIT,SCALE_OUT_10,TRAIL_ENERGY, SCALE_OUT_10,DEFENSE_03"
2022-06-16 06:00:00,2022-06-16 20:00:00,LONG,21946.368395999998,20569.643137779512,-123.68211710550082,-4.493388851645189,14,0.0,-4.879569943768835,74.53782,"LATE_WAVE_EXIT,STRONG_WAVE,ANTI_LATE_WAVE,TREND_Q1,TREND_Q2,TREND_Q3,TREND_Q4,BULL_STRUCTURE","SIGNAL_EXIT,STOP_LOSS"
2022-06-16 21:00:00,2022-06-18 00:00:00,LONG,20716.722516,20464.716238,78.8625179462389,1.4489650343853173,27,1.944214311356075,-1.7043840584691865,100.0,"EARLY_WAVE_LONG,SWING_REVERSAL_BUY,TREND_Q1,TREND_Q2,TREND_Q3,TREND_Q4,BULL_STRUCTURE,MOMENTUM_START","TRAIL_ENERGY, SCALE_OUT_10, SCALE_OUT_20, DEFENSE_03,TRAIL_ENERGY, SCALE_OUT_10,TRAIL_ENERGY, SCALE_OUT_10, SCALE_OUT_20,SIGNAL_EXIT"
2022-06-18 01:00:00,2022-06-18 06:00:00,LONG,20573.253827999997,19837.435256719677,-198.14704524483284,-3.6151478594541384,5,0.0,-0.8906895794509941,100.0,"FIB_236_LONG,EARLY_WAVE_LONG,WAVE_ACCELERATION,PRESSURE_EXHAUSTION,DELTA_EXHAUSTION,ENERGY_RECOVER,CONFLUENCE_02,CONFLUENCE_03",STOP_LOSS
2022-06-18 08:00:00,2022-06-18 18:00:00,LONG,19262.431716000003,18342.666906658593,-129.49035203678187,-4.813005386718607,10,0.6899351336291011,-3.329287420483446,87.20404736021999,"LATE_WAVE_EXIT,STRONG_WAVE,HIST200_BUY,HIST1000_BUY,ANTI_FIBO,ANTI_LATE_WAVE,MAJOR_DEMAND,ENERGY_RECOVER",STOP_LOSS
2022-06-18 19:00:00,2022-06-19 11:00:00,LONG,18638.679045126057,19903.428518,-37.53448855963991,-0.7846166940746708,16,6.806978927005621,-2.750189774098276,56.46038999999999,"EARLY_WAVE_LONG,ANTI_FIBO,DNA_TREND_01,DNA_TREND_02,ENERGY_RECOVER,CONFLUENCE_02,CONFLUENCE_03,TREND_Q1,SCALE_OUT_30,PYRAMID_LEVEL2,PYRAMID_LEVEL3","SIGNAL_EXIT,TRAIL_WAVE, PYRAMID_LEVEL2, PYRAMID_LEVEL3"
2022-06-19 12:00:00,2022-06-20 00:00:00,LONG,20278.91017965207,20569.8852,125.51120305358285,1.3942912304608956,12,3.4956945153277355,-2.592137442845767,74.53782,"LATE_WAVE_EXIT,STRONG_WAVE,ANTI_LATE_WAVE,EMERGENCY_EXIT_01,EMERGENCY_EXIT_04,STRUCTURE_FAILURE_SHORT,BULL_STRUCTURE,MOMENTUM_START,TRAIL_ENERGY,TRAIL_DELTA,SCALE_OUT_10,SCALE_OUT_20,PYRAMID_LEVEL2","TRAIL_ENERGY, SCALE_OUT_10, SCALE_OUT_20"
2022-06-20 01:00:00,2022-06-21 04:00:00,LONG,20468.282564267305,20609.917192,22.354136054902852,0.32103065990687296,27,2.9432318689374575,-2.3972825405680114,90.72869442000001,"EARLY_WAVE_LONG,WAVE_ACCELERATION,BULL_STRUCTURE,MOMENTUM_START,SUPPORT_MAJOR,TRIPLE_CONFIRMATION,FIVE_CONFIRMATION,CASCADE_03,PYRAMID_LEVEL2","SIGNAL_EXIT,SCALE_OUT_10"
2022-06-21 06:00:00,2022-06-21 18:00:00,LONG,21257.930795313503,21238.681414000002,-9.104694224712276,-0.13051530812781284,12,2.4643008665429162,-0.6490165610819104,56.46038999999999,"EARLY_WAVE_LONG,EMERGENCY_EXIT_04,ENERGY_RECOVER,STRUCTURE_FAILURE_SHORT,CONFLUENCE_02,CONFLUENCE_03,BEAR_STRUCTURE,MOMENTUM_START,TRAIL_DELTA,PYRAMID_LEVEL2",SIGNAL_EXIT
2022-06-21 20:00:00,2022-06-22 06:00:00,LONG,20892.807726,20014.35909666691,-227.44478315686013,-4.242868572751039,10,0.38339640631602473,-2.7517973339913087,100.0,"LATE_WAVE_EXIT,WAVE_ACCELERATION,ANTI_LATE_WAVE,SWING_REVERSAL_BUY,ENERGY_RECOVER,HIGHER_HIGH_CONTINUE,BULL_STRUCTURE,MOMENTUM_START",STOP_LOSS
2022-06-22 07:00:00,2022-06-22 20:00:00,LONG,20384.070974324302,20113.316532,-52.9043252498772,-1.1206054383956205,13,3.0171378905862385,-1.4912181904546178,74.53782,"LATE_WAVE_EXIT,STRONG_WAVE,ANTI_FIBO,ANTI_LATE_WAVE,ENERGY_RECOVER,TREND_Q1,TREND_Q2,TREND_Q3,PYRAMID_LEVEL2",DEFENSE_03
2022-06-22 21:00:00,2022-06-23 20:00:00,LONG,20234.177065723125,20905.877988,147.61118082770594,2.176066257831333,23,3.3403035472187717,0.0,53.50778999999999,"LATE_WAVE_EXIT,WAVE_ACCELERATION,STRONG_WAVE,ANTI_LATE_WAVE,SWING_REVERSAL_BUY,ENERGY_RECOVER,TREND_Q1,TREND_Q2,TRAIL_ENERGY,SCALE_OUT_10,PYRAMID_LEVEL2,DEFENSE_03","PYRAMID_LEVEL2,TRAIL_ENERGY, SCALE_OUT_10,DEFENSE_03,SIGNAL_EXIT,SCALE_OUT_10"
2022-06-24 08:00:00,2022-06-26 07:00:00,LONG,20917.912745999998,21471.894762,40.91746493200501,1.546712405768673,47,2.840423235409176,-0.44422570802512595,100.0,"FIB_382_LONG,ENERGY_RECOVER,CONFLUENCE_02,CONFLUENCE_03,HIGHER_HIGH_CONTINUE,BULL_STRUCTURE,MOMENTUM_START,TRIPLE_CONFIRMATION","TRAIL_ENERGY, SCALE_OUT_10,SIGNAL_EXIT,TRAIL_ENERGY, SCALE_OUT_10, SCALE_OUT_20,TRAIL_ENERGY, SCALE_OUT_10, SCALE_OUT_20, DEFENSE_03,TRAIL_DELTA,TRAIL_ENERGY, TRAIL_DELTA, SCALE_OUT_10, SCALE_OUT_20,SCALE_OUT_10,SCALE_OUT_30"
2022-06-28 16:00:00,2022-06-29 04:00:00,LONG,20610.52128,20278.903408,-43.76996179808576,-1.6483301356034528,12,0.5097334442576549,-1.7249019331936197,57.42733248000002,"FIB_786_SHORT,LATE_WAVE_EXIT,WAVE_ACCELERATION,STRONG_WAVE,SWING_REVERSAL_BUY,DNA_TREND_01,DNA_TREND_02,MARUBOZU_BULL",SIGNAL_EXIT
2022-06-30 22:00:00,2022-07-02 00:00:00,LONG,19306.477648243894,19275.94404,-4.334301172911302,-0.09106906431170908,26,5.942852473533939,-1.2219611082985478,52.56657,"EARLY_WAVE_LONG,WAVE_ACCELERATION,SWING_REVERSAL_BUY,TREND_Q1,TREND_Q2,TREND_Q3,TREND_Q4,BEAR_STRUCTURE,PYRAMID_LEVEL2","SIGNAL_EXIT,SCALE_OUT_10"
2022-07-02 01:00:00,2022-07-02 14:00:00,LONG,19183.415916,19262.776674,9.871048218700032,0.37352913393612147,13,0.8400698014663113,-0.36273996406428116,73.58171625000001,"EARLY_WAVE_LONG,TREND_Q1,TREND_Q2,TREND_Q3,TREND_Q4,BULL_STRUCTURE,MOMENTUM_START,BARRIER_L1",SIGNAL_EXIT
2022-07-02 21:00:00,2022-07-03 04:00:00,LONG,19267.142658,18843.463447233844,-59.19416794834443,-2.238093129839379,7,0.45724134379324605,-0.4039657534153467,72.2469864375,"FIB_382_LONG,WAVE_ACCELERATION,DNA_ACCUMULATION_01,HAMMER_BUY,TREND_Q1,TREND_Q2,TREND_Q3,TREND_Q4",STOP_LOSS
2022-07-03 06:00:00,2022-07-03 20:00:00,LONG,19047.398718,19488.25157,59.79023094040223,2.2735784438783018,14,2.335023740431785,-0.3684425313871314,54.83883999999997,"FIB_786_LONG,WAVE_ACCELERATION,SWING_REVERSAL_BUY,ENERGY_RECOVER,CONFLUENCE_02,TREND_Q1,TREND_Q2,TREND_Q3",PYRAMID_LEVEL2
2022-07-04 03:00:00,2022-07-04 15:00:00,LONG,19419.905669508196,19605.798056000003,63.03323209177002,0.9168431108755022,12,2.8841415932950554,0.0,51.85782,"LATE_WAVE_EXIT,WAVE_ACCELERATION,STRONG_WAVE,ANTI_LATE_WAVE,DNA_TREND_01,DNA_TREND_02,MARUBOZU_BULL,MARUBOZU_BEAR,TRAIL_DELTA,PYRAMID_LEVEL2",SCALE_OUT_10
2022-07-04 16:00:00,2022-07-05 04:00:00,LONG,19805.440296,20308.927402,66.5190694422938,2.5011488138400355,12,2.9797353413000813,-0.32556860658646547,79.71683125,"BOS_CONTINUE_LONG,LATE_WAVE_EXIT,STRONG_WAVE,ANTI_LATE_WAVE,EMERGENCY_EXIT_04,ENERGY_WALL,ENERGY_RECOVER,STRUCTURE_FAILURE_SHORT","TRAIL_ENERGY, TRAIL_DELTA, SCALE_OUT_10, SCALE_OUT_20"
2022-07-05 06:00:00,2022-07-05 09:00:00,LONG,20300.359259999997,19791.224035840358,-68.15549278516283,-2.547007701448806,3,0.43078419884084296,-1.9972023884270866,70.91465361750001,"EARLY_WAVE_LONG,WAVE_ACCELERATION,SHOOTING_SELL,ENERGY_RECOVER,HIGHER_HIGH_CONTINUE,BULL_STRUCTURE,MOMENTUM_START,TRIPLE_CONFIRMATION",STOP_LOSS
2022-07-05 14:00:00,2022-07-06 03:00:00,LONG,19407.220667999998,19856.62788,123.26359606081962,2.318206739747275,13,5.419165113808053,0.0,94.85757429750001,"FIB_786_LONG,LATE_WAVE_EXIT,STRONG_WAVE,ANTI_LATE_WAVE,ENERGY_RECOVER,BULL_STRUCTURE,BUY_LIQUIDITY_GRAB,MOMENTUM_START","TRAIL_DELTA,TRAIL_ENERGY, SCALE_OUT_10"
2022-07-07 01:00:00,2022-07-07 16:00:00,LONG,20537.586696,20884.262312,13.278340529709249,0.49382381380955687,15,1.85700155351886,-1.1462237481186002,71.163365,"FIB_786_LONG,STRONG_WAVE,EMERGENCY_EXIT_05,BULL_STRUCTURE,MOMENTUM_START,TRIPLE_CONFIRMATION,FIVE_CONFIRMATION,MASTER_EXIT_25",SIGNAL_EXIT
2022-07-07 17:00:00,2022-07-08 05:00:00,LONG,21097.248605999997,21978.033514000002,111.26325231814255,4.133210500000519,12,4.929369764852843,-0.884468915756758,55.86433124999999,"LATE_WAVE_EXIT,STRONG_WAVE,HIST200_SELL,ANTI_LATE_WAVE,DNA_TREND_02,ENERGY_RECOVER,CONFLUENCE_02,CONFLUENCE_03","TRAIL_ENERGY, TRAIL_DELTA, TRAIL_WAVE, SCALE_OUT_10, SCALE_OUT_20"
2022-07-08 07:00:00,2022-07-08 12:00:00,LONG,21830.495226,21191.538718224907,-80.6523666054788,-2.9657280632428935,5,0.0,-1.803464474461841,50.81926500000001,"STRONG_WAVE,ANTI_MOMENTUM,EARLY_EXHAUSTION_SELL,TREND_Q1,TREND_Q2,TREND_Q3,TREND_Q4,MULTI_SWING_SELL_01",STOP_LOSS
2022-07-08 15:00:00,2022-07-09 11:00:00,LONG,21773.443818,21731.542822,-25.055877766036847,-0.9283240111459496,20,0.8683797729952684,-1.2303695283083054,78.689905,"FIB_382_LONG,STRONG_WAVE,DNA_TREND_01,DNA_TREND_02,ENERGY_WALL,ENERGY_EXTREME,ENERGY_RECOVER,CONFLUENCE_02",SIGNAL_EXIT
2022-07-09 12:00:00,2022-07-10 03:00:00,LONG,21642.090634022235,21305.747998,-26.66773412657369,-0.5502695674713132,15,2.000368051406905,-1.529337620931686,94.21825959000002,"EARLY_WAVE_LONG,SWING_REVERSAL_BUY,TREND_Q1,TREND_Q2,TREND_Q3,TREND_Q4,BULL_STRUCTURE,MOMENTUM_START,SCALE_OUT_30,PYRAMID_LEVEL2",SIGNAL_EXIT
2022-07-11 00:00:00,2022-07-11 06:00:00,LONG,20865.282222,20377.970875847648,-63.76596163738859,-2.37457863848247,6,0.0,-1.719373925466201,85.94671163990625,"WAVE_ACCELERATION,ANTI_MOMENTUM,EARLY_EXHAUSTION_BUY,EARLY_EXHAUSTION_SELL,TREND_RESUME_02,TREND_RESUME_03,EMERGENCY_EXIT_01,DNA_ACCUMULATION_01",STOP_LOSS
2022-07-11 13:00:00,2022-07-11 22:00:00,LONG,20591.797536,20099.69028581362,-64.83004682553106,-2.4288657919558116,9,0.11865143855113586,-1.7114461978556101,91.70304691331874,"FIB_236_LONG,WAVE_ACCELERATION,TREND_RESUME_01,TREND_RESUME_02,TREND_RESUME_03,ENERGY_RECOVER,CONFLUENCE_02,CONFLUENCE_03",STOP_LOSS
2022-07-12 07:00:00,2022-07-12 19:00:00,LONG,19851.109428,19404.371114721125,-56.42754431937716,-2.127194380938892,12,0.3381703790585837,-1.247735945934767,52.56657,"EARLY_WAVE_LONG,SWING_REVERSAL_BUY,DNA_TREND_02,ENERGY_RECOVER,BEAR_STRUCTURE,MOMENTUM_START,BARRIER_L1,TRIPLE_CONFIRMATION","SIGNAL_EXIT,STOP_LOSS"
2022-07-13 05:00:00,2022-07-13 12:00:00,LONG,19484.506122,19048.713976211293,-60.04021706270458,-2.275713988349612,7,1.8959365748711143,0.0,51.93247499999999,"FIB_382_LONG,WAVE_ACCELERATION,DNA_ACCUMULATION_01,TREND_Q1,TREND_Q2,TREND_Q3,TREND_Q4,BEAR_STRUCTURE",STOP_LOSS
2022-07-13 14:00:00,2022-07-14 02:00:00,LONG,19297.858799999998,20273.784432,131.54875442641787,5.0151476817065435,12,5.224368208145461,0.0,52.56657,"EARLY_WAVE_LONG,WAVE_ACCELERATION,SWING_REVERSAL_BUY,EMERGENCY_EXIT_01,EMERGENCY_EXIT_05,ENERGY_RECOVER,TREND_Q1,TREND_Q2",TRAIL_WAVE
2022-07-14 08:00:00,2022-07-14 20:00:00,LONG,19994.718144000002,20604.238328,79.86045413178834,3.0071866196784995,12,3.7182412407403227,-1.283279624909331,52.011618750000004,"FAILED_BOS_LONG,WAVE_ACCELERATION,ANTI_BOS,EARLY_EXHAUSTION_BUY,DNA_ACCUMULATION_01,MAJOR_STRUCTURE_FAILURE,BULL_STRUCTURE,MOMENTUM_MIDDLE","TRAIL_ENERGY, TRAIL_WAVE, SCALE_OUT_10"
2022-07-15 01:00:00,2022-07-15 13:00:00,LONG,20403.289842,20982.332694,74.82567580051082,2.7968524847778435,12,2.8585593917281202,0.0,54.78739448000001,"FIB_382_SHORT,MARUBOZU_BULL,MARUBOZU_BEAR,HIGHER_HIGH_CONTINUE,BULL_STRUCTURE,MOMENTUM_START,TRIPLE_CONFIRMATION,FIVE_CONFIRMATION",SIGNAL_EXIT
2022-07-16 01:00:00,2022-07-16 19:00:00,LONG,20685.346242,21287.981552,50.33187210716076,1.868439544955889,18,3.77771659636694,-0.6727769522050978,70.02619442000001,"FIB_236_SHORT,EARLY_WAVE_LONG,FAILED_WAVE,SWING_REVERSAL_BUY,BULL_STRUCTURE,MOMENTUM_START,TRIPLE_CONFIRMATION,FIVE_CONFIRMATION","SIGNAL_EXIT,TRAIL_WAVE,TRAIL_DELTA, SCALE_OUT_30,TRAIL_ENERGY, TRAIL_DELTA, SCALE_OUT_10, SCALE_OUT_20, SCALE_OUT_30"
2022-07-17 03:00:00,2022-07-17 19:00:00,LONG,21164.161986,20971.834794,-6.609348233177883,-0.2442383858507715,16,1.941432948168705,-1.1469482522415662,73.263015,"FIB_382_LONG,WAVE_ACCELERATION,ANTI_MOMENTUM,EARLY_EXHAUSTION_BUY,EARLY_EXHAUSTION_SELL,TREND_Q1,TREND_Q2,BULL_STRUCTURE",SIGNAL_EXIT
2022-07-17 23:00:00,2022-07-18 12:00:00,LONG,21006.350430000002,22127.653584000003,299.4534630833536,5.536857525517336,13,6.109864606309907,-0.9910832949957713,100.0,"DNA_ACCUMULATION_01,MULTI_SWING_BUY_01,HIGHER_LOW,BULL_STRUCTURE,MOMENTUM_START,TRIPLE_CONFIRMATION,FIVE_CONFIRMATION,CASCADE_03","TRAIL_ENERGY, TRAIL_DELTA, TRAIL_WAVE, SCALE_OUT_10, SCALE_OUT_20,TRAIL_ENERGY, TRAIL_DELTA, TRAIL_WAVE, SCALE_OUT_20"
2022-07-18 14:00:00,2022-07-18 19:00:00,LONG,22140.707255999998,21437.573406466396,-89.31452222182263,-3.214481229832077,5,2.4169180225938303,-1.3911355786366266,51.76426499999999,"FIB_236_SHORT,TREND_Q1,TREND_Q2,TREND_Q3,HIGHER_HIGH_CONTINUE,BULL_STRUCTURE,MOMENTUM_START,TRIPLE_CONFIRMATION",STOP_LOSS
2022-07-18 21:00:00,2022-07-19 19:00:00,LONG,21496.088358,23405.86789,61.43462329265251,2.2292048312009114,22,9.136507113719041,0.0,50.81926500000001,"WAVE_ACCELERATION,STRONG_WAVE,EMERGENCY_EXIT_01,TREND_Q1,TREND_Q2,MULTI_SWING_SELL_01,HIGHER_HIGH_CONTINUE,BULL_STRUCTURE","TRAIL_ENERGY, SCALE_OUT_10,TRAIL_ENERGY, SCALE_OUT_10, SCALE_OUT_20,TRAIL_DELTA,SIGNAL_EXIT,TRAIL_DELTA, SCALE_OUT_30, SCALE_OUT_80,TRAIL_WAVE, SCALE_OUT_30, SCALE_OUT_80,TRAIL_ENERGY, TRAIL_WAVE, SCALE_OUT_10, SCALE_OUT_30,TRAIL_ENERGY, TRAIL_DELTA, TRAIL_WAVE, SCALE_OUT_10, SCALE_OUT_20, SCALE_OUT_30, SCALE_OUT_50"
2022-07-20 03:00:00,2022-07-20 16:00:00,LONG,23376.024269999998,24167.805472,188.74759642166208,3.405789420126234,13,3.4878716781893573,-0.03916093641187466,100.0,"EARLY_EXHAUSTION_BUY,PRESSURE_EXHAUSTION,DELTA_EXHAUSTION,TREND_RESUME_02,TREND_RESUME_03,TREND_Q1,TREND_Q2,TREND_Q3","TRAIL_WAVE, SCALE_OUT_30, PYRAMID_LEVEL2,TRAIL_ENERGY, TRAIL_DELTA, TRAIL_WAVE, SCALE_OUT_10, SCALE_OUT_20, SCALE_OUT_30, SCALE_OUT_50, PYRAMID_LEVEL2"
2022-07-20 21:00:00,2022-07-21 09:00:00,LONG,23266.972464,22874.194246000003,-48.67319071633376,-1.7274610881165646,12,1.4663598219660612,-2.4601071965234644,51.055515,"FIB_786_SHORT,WAVE_ACCELERATION,STRONG_WAVE,ENERGY_RECOVER,TREND_Q1,TREND_Q2,TREND_Q3,TREND_Q4",SIGNAL_EXIT
2022-07-21 12:00:00,2022-07-22 00:00:00,LONG,22869.43311768028,23147.559562,59.36005278024281,1.1756628120661956,12,2.573620428551087,-0.23987495467263378,54.51347999999999,"EARLY_WAVE_LONG,SWING_REVERSAL_BUY,EMERGENCY_EXIT_04,DNA_TREND_02,ENERGY_RECOVER,STRUCTURE_FAILURE_LONG,CONFLUENCE_02,BEAR_STRUCTURE,TRAIL_ENERGY,TRAIL_DELTA,SCALE_OUT_10,SCALE_OUT_20,PYRAMID_LEVEL2,DEFENSE_03","TRAIL_ENERGY, SCALE_OUT_10"
2022-07-22 10:00:00,2022-07-22 19:00:00,LONG,23455.330127999998,22800.27693086768,-159.67681549595923,-2.8316519284962127,9,0.8803537228985872,-1.8654187581767596,100.0,"BOS_CONTINUE_LONG,LATE_WAVE_EXIT,WAVE_ACCELERATION,STRONG_WAVE,ANTI_LATE_WAVE,ENERGY_RECOVER,CONFLUENCE_02,TREND_Q1",STOP_LOSS
2022-07-23 01:00:00,2022-07-23 12:00:00,LONG,22771.10331,22135.645969758247,-157.2653179377421,-2.829514186722361,11,0.5768569410614146,-2.3871188962604544,94.64149484999999,"LATE_WAVE_EXIT,STRONG_WAVE,ANTI_LATE_WAVE,SWING_REVERSAL_BUY,EMERGENCY_EXIT_04,DNA_ACCUMULATION_01,STRUCTURE_FAILURE_LONG,BULL_STRUCTURE",STOP_LOSS
2022-07-24 10:00:00,2022-07-24 23:00:00,LONG,22622.793654,22656.687756000003,11.794646583197101,0.4305960581061025,13,0.9914175474095087,-0.562280927570188,71.163365,"TREND_Q1,HIGHER_LOW,BULL_STRUCTURE,MOMENTUM_START,RESISTANCE_MAJOR,TRIPLE_CONFIRMATION,FIVE_CONFIRMATION,CASCADE_03",SIGNAL_EXIT
2022-07-25 00:00:00,2022-07-25 02:00:00,LONG,22581.645426,21997.79403592895,-71.95845607250251,-2.624478847777216,2,0.0,-1.66606736977113,73.9004175,"FIB_786_LONG,WAVE_ACCELERATION,ENERGY_RECOVER,TREND_Q1,BULL_STRUCTURE,MOMENTUM_START,RESISTANCE_MAJOR,TRIPLE_CONFIRMATION",STOP_LOSS
2022-07-26 14:00:00,2022-07-27 02:00:00,LONG,20951.409444,21153.138526,25.123635218485575,0.922457398898027,12,1.447447040785336,-0.976542626150586,72.45862722000001,"EARLY_WAVE_LONG,HIST200_BUY,SWING_REVERSAL_BUY,ENERGY_RECOVER,TREND_Q1,TREND_Q2,BEAR_STRUCTURE,MOMENTUM_START",SCALE_OUT_10
2022-07-27 05:00:00,2022-07-27 17:00:00,LONG,21112.941744,21526.403857999998,52.340790883735394,1.9175516011256517,12,1.9937925330544108,0.0,93.14232417,"FIB_382_LONG,ANTI_MOMENTUM,EARLY_EXHAUSTION_BUY,EARLY_EXHAUSTION_SELL,TREND_Q1,TREND_Q2,TREND_Q3,TREND_Q4",SIGNAL_EXIT
2022-07-27 18:00:00,2022-07-28 06:00:00,LONG,21623.043744000002,23238.141442,203.65837040909386,7.426347837217777,12,7.674665397004889,0.0,51.38531999999999,"BOS_RETEST_LONG,LATE_WAVE_EXIT,WAVE_ACCELERATION,STRONG_WAVE,ANTI_LATE_WAVE,EMERGENCY_EXIT_04,ENERGY_RECOVER,STRUCTURE_FAILURE_SHORT","TRAIL_ENERGY, SCALE_OUT_10"
2022-07-28 15:00:00,2022-07-29 08:00:00,LONG,23135.406155999997,23936.841674000003,170.4093176634421,3.050632443755328,17,3.8489656848711333,0.0,100.0,"EARLY_WAVE_LONG,PRESSURE_EXHAUSTION,DELTA_EXHAUSTION,TREND_RESUME_02,TREND_RESUME_03,DNA_TREND_02,ENERGY_RECOVER,CONFLUENCE_02","TRAIL_ENERGY, SCALE_OUT_10,TRAIL_ENERGY, TRAIL_DELTA, SCALE_OUT_10, SCALE_OUT_20,SCALE_OUT_30,TRAIL_DELTA, SCALE_OUT_30"
2022-07-29 10:00:00,2022-07-29 23:00:00,LONG,24069.222882,23938.101422,-23.840203540349293,-0.8409065074525577,13,0.0,-2.3132150328641323,94.00218014250001,"ANTI_MOMENTUM,EARLY_EXHAUSTION_BUY,EARLY_EXHAUSTION_SELL,SWING_REVERSAL,TREND_RESUME_02,TREND_RESUME_03,TREND_Q1,TREND_Q2",SIGNAL_EXIT
2022-07-30 10:00:00,2022-07-30 22:00:00,LONG,24172.81182627121,23855.737898,-68.79684833083218,-1.3511718279933003,12,2.385659576691364,-1.2919548975754576,73.9004175,"WAVE_ACCELERATION,TREND_Q1,TREND_Q2,TREND_Q3,TREND_Q4,HIGHER_LOW,BULL_STRUCTURE,MOMENTUM_START,SCALE_OUT_30,PYRAMID_LEVEL2",SIGNAL_EXIT
2022-07-31 01:00:00,2022-07-31 20:00:00,LONG,23750.419133999996,23838.921262,2.550672336177399,0.0907354796931859,19,0.40193339520205584,-0.6494164718937286,80.05913999999999,"LATE_WAVE_EXIT,STRONG_WAVE,ANTI_LATE_WAVE,SWING_REVERSAL_BUY,ENERGY_RECOVER,CONFLUENCE_02,CONFLUENCE_03,BULL_STRUCTURE",SIGNAL_EXIT
2022-08-01 00:00:00,2022-08-01 13:00:00,LONG,23301.019272,23135.461982,-15.804780955276733,-0.5621547270346408,13,0.5109678963403604,-1.131578275276759,73.263015,"LATE_WAVE_EXIT,WAVE_ACCELERATION,STRONG_WAVE,ANTI_FIBO,ANTI_LATE_WAVE,EMERGENCY_EXIT_04,STRUCTURE_FAILURE_LONG,HIGHER_HIGH_CONTINUE",SIGNAL_EXIT
2022-08-01 14:00:00,2022-08-02 07:00:00,LONG,23247.238518,22868.77533,-37.7881619145855,-1.3461003186969862,17,0.8180390193560175,-1.6970984217954381,72.67024484999997,"EARLY_WAVE_LONG,WAVE_ACCELERATION,SWING_REVERSAL_BUY,TREND_RESUME_01,ENERGY_RECOVER,BEAR_STRUCTURE,STRUCTURE_WEAKENING,MOMENTUM_START",SIGNAL_EXIT
2022-08-08 18:00:00,2022-08-09 09:00:00,LONG,23968.522746,23562.345285002237,-41.873633306593234,-0.7484104833433715,15,0.4087329663082895,-0.9786282971450326,100.0,"ANTI_MOMENTUM,EARLY_EXHAUSTION_SELL,TREND_RESUME_02,TREND_RESUME_03,TREND_Q1,TREND_Q2,HIGHER_HIGH_CONTINUE,BULL_STRUCTURE","SIGNAL_EXIT,STOP_LOSS"
2022-08-09 10:00:00,2022-08-09 13:00:00,LONG,23477.314523999998,23063.769683720966,-50.177785897894346,-1.8007611037469273,3,0.0,-0.9905499360340693,51.137966250000005,"BOS_CONTINUE_SHORT,EARLY_WAVE_LONG,ANTI_FIBO,EMERGENCY_EXIT_04,DNA_TREND_01,DNA_TREND_02,ENERGY_RECOVER,STRUCTURE_FAILURE_LONG",STOP_LOSS
2022-08-10 02:00:00,2022-08-10 14:00:00,LONG,22890.47718,24011.506738,134.6720579585956,4.855403172966088,12,4.9290052414713275,-0.11676113079614567,85.80619761461999,"EARLY_WAVE_LONG,WAVE_ACCELERATION,SWING_REVERSAL_BUY,TREND_RESUME_02,TREND_RESUME_03,EMERGENCY_EXIT_01,BEAR_STRUCTURE,MOMENTUM_START",TRAIL_WAVE
2022-08-10 21:00:00,2022-08-11 09:00:00,LONG,23898.718788,24518.745270000003,71.67378374507189,2.5533543839948747,12,2.7655926573430905,-0.23419158364297465,70.85646750000001,"EARLY_WAVE_LONG,PRESSURE_EXHAUSTION,DELTA_EXHAUSTION,BULL_STRUCTURE,MOMENTUM_START,TRIPLE_CONFIRMATION,FIVE_CONFIRMATION,MASTER_EXIT_25","TRAIL_ENERGY, SCALE_OUT_10, SCALE_OUT_30"
2022-08-11 18:00:00,2022-08-12 10:00:00,LONG,24347.648556,23720.13640110055,-47.86494963641761,-1.694525338341741,16,0.0,-1.8661701763722518,93.14232417,"FIB_382_LONG,EARLY_EXHAUSTION_BUY,TREND_Q1,TREND_Q2,TREND_Q3,HIGHER_HIGH_CONTINUE,BULL_STRUCTURE,MOMENTUM_MIDDLE","SIGNAL_EXIT,DEFENSE_03,STOP_LOSS"
2022-08-12 11:00:00,2022-08-13 03:00:00,LONG,23754.479946,24676.31375,68.45843911756918,2.4341356988445844,16,3.9014537725380034,-0.3430508526612468,90.72869442000001,"EARLY_WAVE_LONG,SWING_REVERSAL_BUY,EMERGENCY_EXIT_04,STRUCTURE_FAILURE_LONG,BULL_STRUCTURE,MOMENTUM_START,TRIPLE_CONFIRMATION,FIVE_CONFIRMATION","SCALE_OUT_30,SIGNAL_EXIT,TRAIL_WAVE,TRAIL_ENERGY, TRAIL_DELTA, TRAIL_WAVE, SCALE_OUT_10, SCALE_OUT_20"
2022-08-13 14:00:00,2022-08-14 03:00:00,LONG,24466.452312,24590.850846,12.613337600666814,0.4458165239138605,13,0.5285510394025252,-0.3244128367604402,94.00218014250001,"HIDDEN_EXHAUSTION,PRESSURE_EXHAUSTION,DELTA_EXHAUSTION,TREND_RESUME_02,TREND_RESUME_03,TREND_Q1,TREND_Q2,TREND_Q3","SIGNAL_EXIT,SCALE_OUT_10"
2022-08-14 06:00:00,2022-08-14 17:00:00,LONG,24593.557728,24209.631539476864,-45.327217007957024,-1.600459947650426,11,1.1375429089768818,-1.147079780485833,73.263015,"FIB_382_LONG,WAVE_ACCELERATION,PRESSURE_EXHAUSTION,DELTA_EXHAUSTION,TREND_Q1,TREND_Q2,TREND_Q3,TREND_Q4",STOP_LOSS
2022-08-14 19:00:00,2022-08-15 07:00:00,LONG,24291.597348,24130.402954,-19.837166047362853,-0.7033154416898179,12,2.5775277065159834,-0.6437096159626323,77.97385498,"BOS_RETEST_SHORT,LATE_WAVE_EXIT,STRONG_WAVE,ANTI_LATE_WAVE,SWING_REVERSAL_BUY,EMERGENCY_EXIT_04,ENERGY_RECOVER,STRUCTURE_FAILURE_LONG",SIGNAL_EXIT
2022-08-15 08:00:00,2022-08-15 23:00:00,LONG,24031.85541,24008.917256,-3.7789723640674286,-0.1342307557171618,15,0.9810503016837135,-0.3365758016600806,73.58171625000001,"EARLY_WAVE_LONG,ANTI_FIBO,EMERGENCY_EXIT_01,EMERGENCY_EXIT_04,ENERGY_RECOVER,STRUCTURE_FAILURE_LONG,BULL_STRUCTURE,MOMENTUM_START",SIGNAL_EXIT
2022-08-16 00:00:00,2022-08-16 15:00:00,LONG,24097.858608,23711.336784000003,-18.464394896216145,-0.6561492080819409,15,0.11179994221999726,-1.584284372360182,52.247868749999995,"EARLY_WAVE_LONG,WAVE_ACCELERATION,TREND_RESUME_01,ENERGY_RECOVER,BEAR_STRUCTURE,MOMENTUM_START,RESISTANCE_MAJOR,TRIPLE_CONFIRMATION",SIGNAL_EXIT
2022-08-16 16:00:00,2022-08-17 04:00:00,LONG,23905.7802,24001.858668,30.485867949333294,0.36174399584247696,12,0.43453842179975694,-0.4015355248685846,100.0,"FIB_236_LONG,FIB_382_LONG,WAVE_ACCELERATION,PRESSURE_EXHAUSTION,DELTA_EXHAUSTION,TREND_RESUME_02,TREND_RESUME_03,DNA_TREND_01",SIGNAL_EXIT
2022-08-18 13:00:00,2022-08-18 23:00:00,LONG,23576.584374,23220.276508989336,-43.66598103460137,-1.5506740493649824,10,0.0,-1.288500357732094,94.21602868125,"LATE_WAVE_EXIT,WAVE_ACCELERATION,ANTI_LATE_WAVE,EMERGENCY_EXIT_04,ENERGY_RECOVER,STRUCTURE_FAILURE_SHORT,TREND_Q1,TREND_Q2",STOP_LOSS
2022-08-19 00:00:00,2022-08-19 01:00:00,LONG,23196.08829,22797.107017669878,-49.34511568690725,-1.759348861045355,1,0.0,-1.1415644167648529,51.4566675,"BOS_CONTINUE_SHORT,LATE_WAVE_EXIT,WAVE_ACCELERATION,STRONG_WAVE,HIST200_BUY,ANTI_FIBO,ANTI_LATE_WAVE,ENERGY_RECOVER",STOP_LOSS
2022-08-19 12:00:00,2022-08-19 23:00:00,LONG,21472.203582,20848.250535820407,-82.21962480075581,-2.9447017115838348,11,0.28961358233456574,-2.3149164923933747,73.9004175,"LATE_WAVE_EXIT,STRONG_WAVE,HIST200_BUY,ANTI_FIBO,ANTI_LATE_WAVE,ENERGY_RECOVER,TREND_Q1,TREND_Q2",STOP_LOSS
2022-08-20 22:00:00,2022-08-21 10:00:00,LONG,21125.92434,21429.153312,38.6529756387365,1.3947664771159412,12,1.4556317397092282,-0.03940343563685625,78.51370911999999,"FIB_382_LONG,PRESSURE_EXHAUSTION,DELTA_EXHAUSTION,DNA_TREND_01,DNA_TREND_02,ENERGY_RECOVER,CONFLUENCE_02,CONFLUENCE_03",SIGNAL_EXIT
2022-08-21 11:00:00,2022-08-22 00:00:00,LONG,21382.705686,21512.396660000002,20.671747544906125,0.7434081645330606,13,0.8570211679057105,0.0,53.50778999999999,"BOS_RETEST_LONG,EARLY_EXHAUSTION_BUY,SWING_REVERSAL,EMERGENCY_EXIT_04,STRUCTURE_FAILURE_SHORT,TREND_Q1,TREND_Q2,TREND_Q3","SIGNAL_EXIT,SCALE_OUT_10"
2022-08-22 01:00:00,2022-08-22 08:00:00,LONG,21457.120566,21021.07098383836,-57.69952096246922,-2.0713777004145,7,0.06743418323764443,-1.6749710889423366,52.80281999999999,"FIB_382_SHORT,ANTI_MOMENTUM,EARLY_EXHAUSTION_SELL,HIDDEN_EXHAUSTION,BULL_STRUCTURE,MOMENTUM_END,BARRIER_L1,SUPPORT_MAJOR",STOP_LOSS
2022-08-22 09:00:00,2022-08-23 09:00:00,LONG,21195.568266000002,21446.569828,-5.57775902545424,-0.20130071029977242,24,1.200400625295497,-1.0836145703554056,72.88186248,"EARLY_WAVE_LONG,ANTI_FIBO,SWING_REVERSAL_BUY,ENERGY_WALL,ENERGY_RECOVER,TREND_Q1,TREND_Q2,TREND_Q3","SIGNAL_EXIT,DEFENSE_03,SCALE_OUT_10,TRAIL_ENERGY"
2022-08-23 10:00:00,2022-08-24 17:00:00,LONG,21446.868516000002,21714.716188000002,3.3135441976541125,0.11965762965210988,31,1.2636879076206722,-1.150790456032658,50.619659999999996,"EARLY_WAVE_LONG,WAVE_ACCELERATION,ENERGY_RECOVER,BEAR_STRUCTURE,MOMENTUM_START,SUPPORT_MAJOR,TRIPLE_CONFIRMATION,FIVE_CONFIRMATION","SIGNAL_EXIT,DEFENSE_03"
2022-08-24 22:00:00,2022-08-26 07:00:00,LONG,21595.088154,21420.715,9.164935002874243,0.3308952542096416,33,0.686275716696016,-1.0512027197163865,69.59491448,"FIB_382_SHORT,HIGHER_HIGH_CONTINUE,BULL_STRUCTURE,MOMENTUM_START,SUPPORT_MAJOR,TRIPLE_CONFIRMATION,FIVE_CONFIRMATION,CASCADE_03","SCALE_OUT_10,SIGNAL_EXIT,DEFENSE_03"
2022-08-26 13:00:00,2022-08-26 14:00:00,LONG,21643.207776,21226.933619807744,-54.397832481629706,-1.9625784404805175,1,0.5094079636487977,0.0,88.54244137451998,"FIB_236_LONG,FAILED_BOS_SHORT,EARLY_WAVE_LONG,FAILED_WAVE,ANTI_BOS,DNA_TREND_01,DNA_TREND_02,ENERGY_WALL",STOP_LOSS
2022-08-26 16:00:00,2022-08-26 23:00:00,LONG,20785.016172,20205.391398781045,-77.98036858766342,-2.827550986321491,7,0.0,-0.8298101409819715,52.88030999999997,"LATE_WAVE_EXIT,WAVE_ACCELERATION,STRONG_WAVE,HIST200_BUY,ANTI_FIBO,ANTI_LATE_WAVE,DNA_TREND_01,DNA_TREND_02",STOP_LOSS
2022-08-27 01:00:00,2022-08-27 19:00:00,LONG,20311.931574,19955.208160000002,-29.591479660173977,-1.0807281412482246,18,0.0,-1.740462607960529,52.56657,"EARLY_WAVE_LONG,ANTI_FIBO,EMERGENCY_EXIT_01,TREND_Q1,TREND_Q2,TREND_Q3,BEAR_STRUCTURE,MOMENTUM_START","SIGNAL_EXIT,DEFENSE_03"
2022-08-27 20:00:00,2022-08-28 23:00:00,LONG,20022.0036,19633.636405350695,-2.9818434470700863,-0.10920766964471458,27,0.17289178791276902,-0.7438995765638495,52.88030999999997,"FIB_786_LONG,HIDDEN_EXHAUSTION,PRESSURE_EXHAUSTION,DELTA_EXHAUSTION,TREND_Q1,TREND_Q2,TREND_Q3,TREND_Q4","SIGNAL_EXIT,DEFENSE_03,STOP_LOSS"
2022-08-29 00:00:00,2022-08-29 15:00:00,LONG,19559.521122000002,20162.156762,54.544373447584704,1.9983901909037645,15,3.103444477059518,0.0,57.270462480000006,"LATE_WAVE_EXIT,WAVE_ACCELERATION,STRONG_WAVE,ANTI_FIBO,ANTI_LATE_WAVE,DNA_TREND_01,DNA_TREND_02,MARUBOZU_BULL","TRAIL_ENERGY, SCALE_OUT_10,SIGNAL_EXIT,PYRAMID_LEVEL2,TRAIL_WAVE, PYRAMID_LEVEL2"
2022-08-29 22:00:00,2022-08-30 10:00:00,LONG,20207.610714,20419.005382,27.584007042628386,1.0056956694360875,12,1.2798113030791287,-0.2199701618816463,57.212476335000005,"FIB_236_SHORT,PRESSURE_EXHAUSTION,DELTA_EXHAUSTION,MULTI_SWING_SELL_01,HIGHER_HIGH_CONTINUE,BULL_STRUCTURE,MOMENTUM_END,SUPPORT_MAJOR","TRAIL_ENERGY, SCALE_OUT_10, SCALE_OUT_20"
2022-08-30 11:00:00,2022-08-30 14:00:00,LONG,20399.299044,20051.55701568647,-47.94939262632224,-1.7439944889892829,3,0.02206426794514646,-0.627712960743434,52.33032,"FIB_786_SHORT,LATE_WAVE_EXIT,ANTI_MOMENTUM,EARLY_EXHAUSTION_SELL,HIDDEN_EXHAUSTION,SWING_REVERSAL,BULL_STRUCTURE,MOMENTUM_END",STOP_LOSS
2022-08-30 15:00:00,2022-08-31 19:00:00,LONG,20013.842190951495,19997.179764,81.76370973258994,1.6596276535072232,28,2.0163720313697024,-1.1072957413017035,52.09407,"BOS_CONTINUE_SHORT,LATE_WAVE_EXIT,WAVE_ACCELERATION,STRONG_WAVE,ANTI_FIBO,ANTI_LATE_WAVE,DNA_TREND_01,DNA_TREND_02,PYRAMID_LEVEL2","TRAIL_ENERGY, SCALE_OUT_10,TRAIL_ENERGY, SCALE_OUT_10, SCALE_OUT_20,SIGNAL_EXIT,SCALE_OUT_10,TRAIL_ENERGY, SCALE_OUT_10, SCALE_OUT_20, DEFENSE_03"
2022-08-31 20:00:00,2022-09-01 14:00:00,LONG,20232.615714,19733.608326829442,-40.39077000853253,-1.4649801824678987,18,0.2368664866542194,-1.6654085599364326,56.797369999999965,"FIB_786_LONG,DNA_TREND_02,ENERGY_RECOVER,CONFLUENCE_02,CONFLUENCE_03,TREND_Q1,TREND_Q2,TREND_Q3","SIGNAL_EXIT,DEFENSE_03,STOP_LOSS"
2022-09-01 15:00:00,2022-09-02 04:00:00,LONG,19697.03862,20152.978597999998,53.815219653372864,1.959258896964066,13,2.3352311424771885,-0.19052925022899184,52.56657,"EARLY_WAVE_LONG,ANTI_FIBO,DNA_TREND_01,DNA_TREND_02,ENERGY_RECOVER,TREND_Q1,TREND_Q2,TREND_Q3","DEFENSE_03,SIGNAL_EXIT"
2022-09-02 08:00:00,2022-09-02 20:00:00,LONG,20115.262248000003,19905.248154,-29.907181068699877,-1.0836358510974655,12,1.2275641697117183,-1.5559938724195461,72.22237722000001,"FIB_786_SHORT,ANTI_MOMENTUM,EARLY_EXHAUSTION_SELL,SWING_REVERSAL,HIGHER_LOW,BULL_STRUCTURE,MOMENTUM_END,SUPPORT_MAJOR",SIGNAL_EXIT
2022-09-03 01:00:00,2022-09-03 18:00:00,LONG,20005.340268,19812.0368,-24.191942358026612,-0.8790231495646182,17,0.0,-1.1616411662426176,52.252829999999996,"FIB_382_LONG,WAVE_ACCELERATION,DELTA_EXHAUSTION,TREND_Q1,TREND_Q2,BEAR_STRUCTURE,MOMENTUM_START,SUPPORT_MAJOR","SIGNAL_EXIT,DEFENSE_03"
2022-09-03 20:00:00,2022-09-04 12:00:00,LONG,19713.942,19845.920022,-1.8415541340254884,-0.06706764056268599,16,0.6941686244182,-0.41362605205999714,53.50778999999999,"LATE_WAVE_EXIT,WAVE_ACCELERATION,ANTI_LATE_WAVE,SWING_REVERSAL_BUY,ENERGY_RECOVER,TREND_Q1,TREND_Q2,TREND_Q3",SIGNAL_EXIT
2022-09-04 13:00:00,2022-09-05 10:00:00,LONG,19878.954996,19764.636282,-4.804948107829248,-0.17503846771257142,21,0.610419431124099,-0.836638525684406,52.247868749999995,"BOS_CONTINUE_LONG,EARLY_WAVE_LONG,EMERGENCY_EXIT_04,ENERGY_RECOVER,STRUCTURE_FAILURE_SHORT,TREND_Q1,TREND_Q2,TREND_Q3",SIGNAL_EXIT
2022-09-05 11:00:00,2022-09-06 01:00:00,LONG,19695.008213999998,20096.239948,50.676217003958165,1.847066476508154,14,2.0614451214668623,0.0,74.53782,"LATE_WAVE_EXIT,WAVE_ACCELERATION,STRONG_WAVE,ANTI_LATE_WAVE,SWING_REVERSAL_BUY,ENERGY_RECOVER,TREND_Q1,TREND_Q2",SIGNAL_EXIT
2022-09-06 03:00:00,2022-09-06 16:00:00,LONG,19820.323272,19814.406326,-1.9248175997043155,-0.06984098261382378,13,0.9901287951101903,-0.2951681019383211,100.0,"FIB_382_LONG,WAVE_ACCELERATION,PRESSURE_EXHAUSTION,DELTA_EXHAUSTION,EMERGENCY_EXIT_05,HAMMER_BUY,ENERGY_RECOVER,CONFLUENCE_02",SIGNAL_EXIT
2022-09-06 19:00:00,2022-09-07 21:00:00,LONG,18962.451731999998,19383.742476,-26.418566482109753,-0.95884693200701,26,2.2421587356370725,-1.8527231444820256,74.13612554249998,"LATE_WAVE_EXIT,STRONG_WAVE,HIST200_BUY,HIST1000_BUY,ANTI_FIBO,ANTI_LATE_WAVE,MAJOR_DEMAND,EMERGENCY_EXIT_01","SIGNAL_EXIT,PYRAMID_LEVEL2"
2022-09-08 14:00:00,2022-09-09 04:00:00,LONG,19231.515534,19945.600082,53.07341911272263,1.9310918992125778,14,3.739770091069939,-0.21691235891549382,70.54957,"FIB_382_LONG,WAVE_ACCELERATION,ENERGY_RECOVER,BULL_STRUCTURE,STRUCTURE_WEAKENING,MOMENTUM_START,TRIPLE_CONFIRMATION,FIVE_CONFIRMATION","SCALE_OUT_10, DEFENSE_03,SIGNAL_EXIT"
2022-09-09 05:00:00,2022-09-10 01:00:00,LONG,20365.232232,21254.138322,119.10914175051018,4.313428285522163,20,4.885177623640085,0.0,55.17971375,"EARLY_WAVE_LONG,HIST200_SELL,EMERGENCY_EXIT_04,DNA_TREND_01,DNA_TREND_02,ENERGY_WALL,ENERGY_RECOVER,STRUCTURE_FAILURE_SHORT","SCALE_OUT_30,TRAIL_DELTA, SCALE_OUT_30,TRAIL_ENERGY, TRAIL_DELTA, SCALE_OUT_10, SCALE_OUT_20,TRAIL_ENERGY, SCALE_OUT_10, SCALE_OUT_30,TRAIL_ENERGY, TRAIL_DELTA, SCALE_OUT_10, SCALE_OUT_20, SCALE_OUT_30,SCALE_OUT_30, DEFENSE_03"
2022-09-10 02:00:00,2022-09-10 16:00:00,LONG,21293.887926,21215.935964,-15.433848396110774,-0.5530144896597998,14,1.1744782111614094,-0.5612311214152599,94.00218014250001,"ANTI_MOMENTUM,EARLY_EXHAUSTION_BUY,EARLY_EXHAUSTION_SELL,TREND_RESUME_02,TREND_RESUME_03,TREND_Q1,TREND_Q2,TREND_Q3",SIGNAL_EXIT
2022-09-10 20:00:00,2022-09-11 11:00:00,LONG,21583.41582,21590.501036,3.5047068645851724,0.12576457132168958,15,0.8088811402976605,-0.740780890909044,94.00218014250001,"FIB_786_LONG,LATE_WAVE_EXIT,WAVE_ACCELERATION,STRONG_WAVE,EARLY_EXHAUSTION_BUY,HIDDEN_EXHAUSTION,TREND_Q1,TREND_Q2",SIGNAL_EXIT
2022-09-11 12:00:00,2022-09-12 00:00:00,LONG,21617.352605999997,21822.504625999998,25.326569338853556,0.9086358617987442,12,0.9692093098479123,-0.48961872403663914,73.9004175,"WAVE_ACCELERATION,HIDDEN_EXHAUSTION,TREND_Q1,TREND_Q2,TREND_Q3,TREND_Q4,HIGHER_LOW,BULL_STRUCTURE",SIGNAL_EXIT
2022-09-12 02:00:00,2022-09-12 14:00:00,LONG,22049.15895,22390.481008,84.21374116886032,1.5073856846444382,12,1.5683185503091408,-1.7791560707126286,100.0,"LATE_WAVE_EXIT,WAVE_ACCELERATION,STRONG_WAVE,ANTI_LATE_WAVE,ENERGY_WALL,ENERGY_EXTREME,ENERGY_RECOVER,CONFLUENCE_02","TRAIL_ENERGY, SCALE_OUT_10"
2022-09-12 17:00:00,2022-09-13 06:00:00,LONG,22222.673646,22380.043096,24.991839417321195,0.44408376036501546,13,0.915309999328613,-0.04132556750951838,100.0,"EARLY_WAVE_LONG,TREND_RESUME_02,TREND_RESUME_03,TREND_Q1,TREND_Q2,TREND_Q3,TREND_Q4,BULL_STRUCTURE","SIGNAL_EXIT,SCALE_OUT_10"
2022-09-13 08:00:00,2022-09-13 12:00:00,LONG,22276.044318,21761.097678629343,-132.56040749012158,-2.3507363828459265,4,1.1453365703435934,-0.20485826544673313,100.0,"FIB_382_LONG,WAVE_ACCELERATION,PRESSURE_EXHAUSTION,DELTA_EXHAUSTION,TREND_Q1,TREND_Q2,TREND_Q3,TREND_Q4",STOP_LOSS
2022-09-13 14:00:00,2022-09-13 18:00:00,LONG,21200.48925,20421.644427117637,-103.4173720937574,-3.7122420684381554,4,0.0,-2.0582980178157904,73.58171625000001,"EARLY_WAVE_LONG,ANTI_FIBO,EMERGENCY_EXIT_01,EMERGENCY_EXIT_04,ENERGY_RECOVER,STRUCTURE_FAILURE_LONG,BULL_STRUCTURE,MOMENTUM_START",STOP_LOSS
2022-09-13 19:00:00,2022-09-14 18:00:00,LONG,20252.569704,20100.139168,0.7701509503644199,0.027906914336714345,23,0.9466467653343448,-0.7278074148333423,51.85782,"LATE_WAVE_EXIT,STRONG_WAVE,ANTI_FIBO,ANTI_LATE_WAVE,EMERGENCY_EXIT_04,DNA_TREND_01,DNA_TREND_02,MARUBOZU_BULL","SIGNAL_EXIT,DEFENSE_03"
2022-09-15 09:00:00,2022-09-15 15:00:00,LONG,20153.339862,19611.30917911396,-75.29532559384833,-2.7284569720103824,6,0.011760522157756114,-2.2320363030654593,52.165417500000004,"FIB_382_SHORT,WAVE_ACCELERATION,TREND_Q1,HIGHER_LOW,BULL_STRUCTURE,MOMENTUM_START,RESISTANCE_MAJOR,TRIPLE_CONFIRMATION",STOP_LOSS
2022-09-16 04:00:00,2022-09-16 16:00:00,LONG,19748.718954,19657.307752,-27.552548585573135,-0.5026864037714804,12,0.6030823886724889,-1.1238144333156785,100.0,"EARLY_EXHAUSTION_BUY,DNA_ACCUMULATION_01,HAMMER_BUY,TREND_Q1,TREND_Q2,TREND_Q3,HIGHER_LOW,BULL_STRUCTURE",SIGNAL_EXIT
2022-09-16 19:00:00,2022-09-17 17:00:00,LONG,19756.142620305884,20122.924610000002,19.283057619620973,0.39198376885016145,22,2.24389530511315,0.0,80.05913999999999,"LATE_WAVE_EXIT,ANTI_LATE_WAVE,SWING_REVERSAL_BUY,ENERGY_RECOVER,CONFLUENCE_02,CONFLUENCE_03,TREND_Q1,TREND_Q2,TRAIL_DELTA,PYRAMID_LEVEL2","SIGNAL_EXIT,SCALE_OUT_10,SCALE_OUT_10, DEFENSE_03"
2022-09-17 23:00:00,2022-09-18 09:00:00,LONG,20130.235242,19827.9734432072,-42.18179477575987,-1.540930766287772,10,0.0,-0.7316121258867488,68.13121875,"EARLY_WAVE_LONG,BULL_STRUCTURE,MOMENTUM_START,RESISTANCE_MAJOR,TRIPLE_CONFIRMATION,CASCADE_03,CASCADE_05,CASCADE_08",STOP_LOSS
2022-09-19 07:00:00,2022-09-19 22:00:00,LONG,18921.158913090887,19512.766666,151.94686243437417,2.1435506611389603,15,3.4007953752530904,-0.3362509017941641,74.13612554249998,"LATE_WAVE_EXIT,STRONG_WAVE,HIST200_BUY,HIST1000_BUY,ANTI_FIBO,ANTI_LATE_WAVE,MAJOR_DEMAND,ENERGY_RECOVER,TRAIL_DELTA,PYRAMID_LEVEL2","TRAIL_ENERGY, SCALE_OUT_10,SIGNAL_EXIT,TRAIL_ENERGY, TRAIL_DELTA, SCALE_OUT_10, SCALE_OUT_20"
2022-09-20 10:00:00,2022-09-20 17:00:00,LONG,19234.59615,18731.38906551923,-73.38409469867,-2.6551097622446256,7,0.39113818357969804,-1.6284519183939417,72.71950959000002,"FIB_236_SHORT,EARLY_WAVE_LONG,SWING_REVERSAL_BUY,TREND_Q1,TREND_Q2,TREND_Q3,TREND_Q4,BULL_STRUCTURE",STOP_LOSS
2022-09-21 12:00:00,2022-09-21 18:00:00,LONG,19169.013036,18717.797429769704,-65.69237272241722,-2.3929386679467872,6,3.6460769403589652,0.0,73.9004175,"TREND_Q1,TREND_Q2,TREND_Q3,TREND_Q4,HIGHER_LOW,BULL_STRUCTURE,MOMENTUM_START,TRIPLE_CONFIRMATION",STOP_LOSS
2022-09-22 03:00:00,2022-09-22 21:00:00,LONG,18747.768804,19244.630304,50.00011814134079,1.8324715699706027,18,3.005270663887153,-0.4190301513812088,74.53782,"LATE_WAVE_EXIT,STRONG_WAVE,ANTI_LATE_WAVE,SWING_REVERSAL_BUY,TREND_Q1,TREND_Q2,BULL_STRUCTURE,MOMENTUM_START","SIGNAL_EXIT,TRAIL_ENERGY, SCALE_OUT_10,TRAIL_ENERGY, SCALE_OUT_10, SCALE_OUT_20, DEFENSE_03"
2022-09-22 22:00:00,2022-09-23 14:00:00,LONG,19179.03504,18574.265614406195,-45.916688066539876,-1.6753091730199519,16,1.2179182086733398,-2.8051204811814037,51.6929175,"FIB_786_SHORT,WAVE_ACCELERATION,ANTI_MOMENTUM,EARLY_EXHAUSTION_SELL,HIGHER_LOW,BULL_STRUCTURE,MOMENTUM_MIDDLE,TRIPLE_CONFIRMATION","SIGNAL_EXIT,STOP_LOSS"
2022-09-23 15:00:00,2022-09-25 00:00:00,LONG,18678.144882,18918.205602,64.05235382372899,2.347069139547996,33,3.506960258303021,-0.23088418187375356,80.7437575,"LATE_WAVE_EXIT,STRONG_WAVE,ANTI_FIBO,ANTI_LATE_WAVE,ENERGY_RECOVER,CONFLUENCE_02,CONFLUENCE_03,TREND_Q1","TRAIL_ENERGY, SCALE_OUT_10,TRAIL_ENERGY, TRAIL_DELTA, SCALE_OUT_10, SCALE_OUT_20, DEFENSE_03,TRAIL_ENERGY, TRAIL_DELTA, SCALE_OUT_10, SCALE_OUT_20,SIGNAL_EXIT,TRAIL_ENERGY, SCALE_OUT_10, SCALE_OUT_20,TRAIL_DELTA, DEFENSE_03,TRAIL_ENERGY, SCALE_OUT_10, DEFENSE_03"
2022-09-25 02:00:00,2022-09-25 22:00:00,LONG,18980.235288,18660.159214849285,-6.949181053473655,-0.25317845397215916,20,0.7255163590467226,-1.2493801283376447,52.5632625,"FIB_786_LONG,LATE_WAVE_EXIT,DNA_ACCUMULATION_01,TREND_Q1,TREND_Q2,TREND_Q3,BEAR_STRUCTURE,MOMENTUM_END","DEFENSE_03,SIGNAL_EXIT,STOP_LOSS"
2022-09-25 23:00:00,2022-09-26 11:00:00,LONG,18791.397527999998,19090.521132,42.54506112560054,1.5511746537897202,12,2.561983329247592,-0.4799937198156696,94.21825959000002,"EARLY_WAVE_LONG,ANTI_FIBO,SWING_REVERSAL_BUY,ENERGY_WALL,ENERGY_RECOVER,TREND_Q1,TREND_Q2,BULL_STRUCTURE",TRAIL_ENERGY
2022-09-26 14:00:00,2022-09-27 02:00:00,LONG,19194.288090000002,19761.306947999998,80.19637097649388,2.9129204094424725,12,2.981469837884461,-0.5690134975982957,74.21911875,"BOS_CONTINUE_LONG,LATE_WAVE_EXIT,WAVE_ACCELERATION,STRONG_WAVE,ANTI_LATE_WAVE,EMERGENCY_EXIT_04,ENERGY_RECOVER,STRUCTURE_FAILURE_SHORT",SIGNAL_EXIT
2022-09-27 12:00:00,2022-09-27 16:00:00,LONG,20234.39607,19758.10891344726,-199.0587927191283,-2.392907593797621,4,0.18030649332842752,-1.7132513804747291,100.0,"EARLY_WAVE_LONG,WAVE_ACCELERATION,TREND_RESUME_02,TREND_RESUME_03,HIGHER_HIGH_CONTINUE,BULL_STRUCTURE,MOMENTUM_START,BARRIER_L1",STOP_LOSS
2022-09-27 18:00:00,2022-09-28 06:00:00,LONG,18961.74159,18818.845478,-43.192108019914784,-0.7933008129935294,12,0.9452634355829659,-1.7283306411729291,100.0,"FIB_786_LONG,LATE_WAVE_EXIT,STRONG_WAVE,ANTI_LATE_WAVE,EMERGENCY_EXIT_01,HIGHER_HIGH_CONTINUE,BULL_STRUCTURE,BUY_LIQUIDITY_GRAB",DEFENSE_03
2022-10-05 06:00:00,2022-10-05 13:00:00,LONG,20202.759744,19838.54145503275,-49.9384299601532,-1.8420934083512346,7,0.2547684408081259,-0.8953714556434418,73.263015,"FIB_382_LONG,PRESSURE_EXHAUSTION,DELTA_EXHAUSTION,TREND_Q1,TREND_Q2,TREND_Q3,BULL_STRUCTURE,MOMENTUM_START",STOP_LOSS
2022-10-05 15:00:00,2022-10-06 04:00:00,LONG,19883.035812000002,20352.008784,59.6184563299286,2.20955985503909,13,2.4451205167904204,0.0,79.17789669999998,"WAVE_ACCELERATION,STRONG_WAVE,SWING_REVERSAL_BUY,HAMMER_BUY,ENERGY_RECOVER,CONFLUENCE_02,CONFLUENCE_03,TREND_Q1","SCALE_OUT_30,TRAIL_ENERGY, TRAIL_DELTA, SCALE_OUT_10, SCALE_OUT_20, SCALE_OUT_30"
2022-10-06 10:00:00,2022-10-07 00:00:00,LONG,20102.5197,19956.677865999998,-25.83951704255253,-0.9524895760216696,14,0.7098627541700676,-1.0007188302867436,73.263015,"EARLY_EXHAUSTION_BUY,TREND_Q1,TREND_Q2,TREND_Q3,TREND_Q4,HIGHER_HIGH_CONTINUE,BULL_STRUCTURE,MOMENTUM_END",SIGNAL_EXIT
2022-10-07 03:00:00,2022-10-07 12:00:00,LONG,20019.003,19696.521794337375,-89.3140954489072,-1.6502311048175582,9,0.0,-0.8291272047863731,100.0,"FIB_382_LONG,WAVE_ACCELERATION,ANTI_MOMENTUM,EARLY_EXHAUSTION_SELL,TREND_RESUME_02,TREND_RESUME_03,BULL_STRUCTURE,MOMENTUM_END",STOP_LOSS
2022-10-09 00:00:00,2022-10-09 13:00:00,LONG,19420.403304,19494.490322,7.0849070414646516,0.264043088430806,13,0.4061537485359699,-0.2860048945974191,71.82377432999999,"FIB_236_LONG,EARLY_WAVE_LONG,WAVE_ACCELERATION,SWING_REVERSAL_BUY,DNA_TREND_02,ENERGY_RECOVER,BEAR_STRUCTURE,MOMENTUM_START",SIGNAL_EXIT
2022-10-09 19:00:00,2022-10-10 08:00:00,LONG,19525.684355999998,19323.856110278237,-23.83649982804515,-0.8878507124077876,13,0.0,-0.6861442270464142,100.0,"FIB_236_LONG,EARLY_WAVE_LONG,PRESSURE_EXHAUSTION,DELTA_EXHAUSTION,ENERGY_RECOVER,CONFLUENCE_02,CONFLUENCE_03,TREND_Q1","DEFENSE_03,SIGNAL_EXIT,STOP_LOSS"
2022-10-10 17:00:00,2022-10-11 06:00:00,LONG,19147.558746,19028.133611999998,-16.75064949446369,-0.6253709256069858,13,0.9098875543933013,-0.6038302194746018,52.56657,"EARLY_WAVE_LONG,SWING_REVERSAL_BUY,DNA_TREND_02,ENERGY_RECOVER,TREND_Q1,BEAR_STRUCTURE,MOMENTUM_START,BARRIER_L1","SIGNAL_EXIT,DEFENSE_03, DEFENSE_04"
2022-10-11 14:00:00,2022-10-12 10:00:00,LONG,18993.427926,19166.675897999998,10.733599671003772,0.40139730058821915,20,0.9275949275002939,-0.09128381705266778,72.45862722000001,"EARLY_WAVE_LONG,HIST200_BUY,SWING_REVERSAL_BUY,DNA_TREND_01,DNA_TREND_02,ENERGY_RECOVER,TREND_Q1,TREND_Q2","SIGNAL_EXIT,SCALE_OUT_10"
2022-10-12 18:00:00,2022-10-13 10:00:00,LONG,19095.498336,18859.917230793286,-5.908781133993231,-0.22076730331001188,16,0.4441448057949271,-0.5357196455414874,73.9004175,"WAVE_ACCELERATION,ANTI_MOMENTUM,EARLY_EXHAUSTION_SELL,TREND_Q1,TREND_Q2,TREND_Q3,TREND_Q4,HIGHER_LOW","SIGNAL_EXIT,STOP_LOSS"
2022-10-13 17:00:00,2022-10-14 05:00:00,LONG,19088.436923999998,19809.257356000002,99.89326056798977,3.7347045852731657,12,4.045763825895132,0.0,100.0,"FIB_382_LONG,FIB_786_LONG,EMERGENCY_EXIT_01,ENERGY_RECOVER,CONFLUENCE_02,CONFLUENCE_03,TREND_Q1,BULL_STRUCTURE","TRAIL_ENERGY, TRAIL_DELTA, SCALE_OUT_10, SCALE_OUT_20"
2022-10-15 10:00:00,2022-10-16 12:00:00,LONG,19112.101656,19140.861062,-7.0140523497093765,-0.2598340170097196,26,0.29603413072177404,-0.26690762176845323,90.72869442000001,"EARLY_WAVE_LONG,WAVE_ACCELERATION,SWING_REVERSAL_BUY,BULL_STRUCTURE,MOMENTUM_START,BARRIER_L1,TRIPLE_CONFIRMATION,FIVE_CONFIRMATION","SIGNAL_EXIT,DEFENSE_03"
2022-10-16 14:00:00,2022-10-17 12:00:00,LONG,19131.395514,19453.688484000002,12.874713620152045,0.4772986927067311,22,1.7049696440665094,-0.005412642267739794,93.14232417,"FIB_382_LONG,WAVE_ACCELERATION,EARLY_EXHAUSTION_BUY,PRESSURE_EXHAUSTION,DELTA_EXHAUSTION,TREND_Q1,TREND_Q2,HIGHER_HIGH_CONTINUE",SIGNAL_EXIT
2022-10-18 07:00:00,2022-10-18 14:00:00,LONG,19647.47871,19387.40851859583,-36.81004955827005,-1.3631527931128085,7,0.08877113576472145,-0.6050074503427154,85.66270524511873,"EARLY_WAVE_LONG,TREND_RESUME_01,TREND_RESUME_02,TREND_RESUME_03,ENERGY_RECOVER,BEAR_STRUCTURE,MOMENTUM_START,BARRIER_L1",STOP_LOSS
2022-10-21 03:00:00,2022-10-21 12:00:00,LONG,19113.311898,18867.01143494787,-35.738167379724544,-1.3281176437698883,9,0.0,-0.8771996129961258,67.836125,"FIB_382_LONG,WAVE_ACCELERATION,BULL_STRUCTURE,MOMENTUM_START,TRIPLE_CONFIRMATION,CASCADE_03,CASCADE_05,CASCADE_08",STOP_LOSS
2022-10-22 01:00:00,2022-10-23 14:00:00,LONG,19168.222878,19172.434746000003,12.382457411037574,0.23087083619655857,37,0.3546344511572839,-0.20681561484501612,100.0,"EARLY_WAVE_LONG,PRESSURE_EXHAUSTION,DELTA_EXHAUSTION,DNA_ACCUMULATION_01,HIGHER_HIGH_CONTINUE,BULL_STRUCTURE,MOMENTUM_START,TRIPLE_CONFIRMATION",SIGNAL_EXIT
2022-10-25 14:00:00,2022-10-26 10:00:00,LONG,19482.285678,20590.73103,101.05992106271826,3.7649300374230643,20,6.101718975111728,0.0,92.00809081883122,"EARLY_WAVE_LONG,FAILED_WAVE,TREND_RESUME_01,TREND_RESUME_02,TREND_RESUME_03,DNA_TREND_01,DNA_TREND_02,ENERGY_RECOVER","TRAIL_DELTA,TRAIL_ENERGY, TRAIL_DELTA, SCALE_OUT_10, SCALE_OUT_20,SIGNAL_EXIT,TRAIL_ENERGY, SCALE_OUT_10,SCALE_OUT_30"
2022-10-26 11:00:00,2022-10-27 11:00:00,LONG,20672.253623999997,20543.44049,9.281322338906799,0.3425801812977037,24,0.8436737434254432,-0.59821065593171,94.00218014250001,"ANTI_MOMENTUM,EARLY_EXHAUSTION_BUY,EARLY_EXHAUSTION_SELL,TREND_RESUME_02,TREND_RESUME_03,TREND_Q1,TREND_Q2,TREND_Q3","SIGNAL_EXIT,SCALE_OUT_10, DEFENSE_03"
2022-10-27 12:00:00,2022-10-27 20:00:00,LONG,20626.234422,20224.305108917077,-53.89644114944161,-1.9878521049346942,8,0.4729199523493977,-0.4930343557597354,52.88030999999997,"FIB_786_LONG,LATE_WAVE_EXIT,SWING_REVERSAL_BUY,EMERGENCY_EXIT_05,TREND_Q1,TREND_Q2,TREND_Q3,TREND_Q4",STOP_LOSS
2022-10-27 22:00:00,2022-10-28 10:00:00,LONG,20412.411666,20199.439304,-29.21252571001338,-1.0829300395200074,12,0.0,-1.6284291706387024,52.56657,"EARLY_WAVE_LONG,SWING_REVERSAL_BUY,EMERGENCY_EXIT_01,EMERGENCY_EXIT_04,STRUCTURE_FAILURE_LONG,TREND_Q1,TREND_Q2,TREND_Q3",SIGNAL_EXIT
2022-10-28 13:00:00,2022-10-29 05:00:00,LONG,20352.700267979522,20675.464079999998,102.42697347262346,1.3599825628818678,16,2.417769663787624,0.0,100.0,"EARLY_WAVE_LONG,WAVE_ACCELERATION,DELTA_EXHAUSTION,SWING_REVERSAL_BUY,TREND_RESUME_01,TREND_RESUME_02,TREND_RESUME_03,ENERGY_RECOVER,TRAIL_ENERGY,TRAIL_DELTA,SCALE_OUT_20,SCALE_OUT_30,PYRAMID_LEVEL2","SIGNAL_EXIT,TRAIL_ENERGY, SCALE_OUT_10"
2022-10-29 07:00:00,2022-10-30 10:00:00,LONG,20690.957363999998,20689.181336,19.09440360405378,0.7033380880460959,27,1.2773340128757997,0.0,52.24621499999999,"EARLY_EXHAUSTION_BUY,TREND_RESUME_02,TREND_RESUME_03,TREND_Q1,TREND_Q2,TREND_Q3,TREND_Q4,BEAR_STRUCTURE","SCALE_OUT_10,SCALE_OUT_10, DEFENSE_03,DEFENSE_03,SIGNAL_EXIT"
2022-10-30 12:00:00,2022-10-31 00:00:00,LONG,20774.964162,20623.354504,-62.77397615657173,-0.7694790641035293,12,0.0,-0.9063513204244918,100.0,"FIB_382_LONG,FAILED_BOS_SHORT,WAVE_ACCELERATION,ANTI_BOS,EARLY_EXHAUSTION_BUY,HIDDEN_EXHAUSTION,PRESSURE_EXHAUSTION,DELTA_EXHAUSTION",SIGNAL_EXIT
2022-10-31 01:00:00,2022-10-31 14:00:00,LONG,20547.148608,20329.673252,6.359519754931486,0.23529214223806336,13,0.9899738201183004,-1.0262183431033403,52.56657,"EARLY_WAVE_LONG,SWING_REVERSAL_BUY,EMERGENCY_EXIT_04,DNA_TREND_02,ENERGY_RECOVER,STRUCTURE_FAILURE_LONG,BEAR_STRUCTURE,MOMENTUM_START",SIGNAL_EXIT
2022-10-31 21:00:00,2022-11-01 16:00:00,LONG,20405.570298000002,20439.9112,20.200496070270464,0.7470215900681197,19,1.0732349000873649,0.0,52.24621499999999,"WAVE_ACCELERATION,ANTI_MOMENTUM,EARLY_EXHAUSTION_SELL,TREND_RESUME_02,TREND_RESUME_03,BEAR_STRUCTURE,MOMENTUM_MIDDLE,TRIPLE_CONFIRMATION","DEFENSE_03,SIGNAL_EXIT,SCALE_OUT_10"
2022-11-01 20:00:00,2022-11-02 11:00:00,LONG,20453.379858,20405.688046,-6.625962449351475,-0.24459812754376112,15,0.3273793498428063,-0.21321590027059772,90.10876146999999,"FIB_382_LONG,EARLY_EXHAUSTION_BUY,HIDDEN_EXHAUSTION,HIGHER_LOW,BULL_STRUCTURE,MOMENTUM_MIDDLE,TRIPLE_CONFIRMATION,FIVE_CONFIRMATION","SIGNAL_EXIT,DEFENSE_03"
2022-11-02 15:00:00,2022-11-02 18:00:00,LONG,20436.526488,20226.395865252118,-28.905238243328068,-1.0677997614815733,3,0.424746896450196,-0.13454579972847233,50.92177999999998,"FIB_786_LONG,LATE_WAVE_EXIT,SWING_REVERSAL_BUY,BEAR_STRUCTURE,MOMENTUM_START,TRIPLE_CONFIRMATION,FIVE_CONFIRMATION,CASCADE_03",STOP_LOSS
2022-11-05 01:00:00,2022-11-05 15:00:00,LONG,21438.616866,21275.094129999998,-64.98572523870939,-0.802443435261131,14,0.02795485379238682,-0.7797465062455283,100.0,"EARLY_WAVE_LONG,TREND_RESUME_01,TREND_RESUME_02,TREND_RESUME_03,DNA_TREND_01,DNA_TREND_02,ENERGY_RECOVER,CONFLUENCE_02",SIGNAL_EXIT
2022-11-05 16:00:00,2022-11-06 04:00:00,LONG,21303.479844,21230.193112,-10.297215467131172,-0.3838753567194,12,0.2297284591924574,-0.49827467051067736,73.263015,"FIB_382_LONG,WAVE_ACCELERATION,EARLY_EXHAUSTION_BUY,HIDDEN_EXHAUSTION,PRESSURE_EXHAUSTION,DELTA_EXHAUSTION,TREND_Q1,TREND_Q2",SIGNAL_EXIT
2022-11-06 09:00:00,2022-11-06 22:00:00,LONG,21257.95074,21122.664622,-13.252837675435035,-0.49458366916509344,13,0.026904098470961226,-0.6144559350879297,56.797369999999965,"FIB_786_LONG,SWING_REVERSAL_BUY,ENERGY_RECOVER,CONFLUENCE_02,CONFLUENCE_03,TREND_Q1,TREND_Q2,TREND_Q3",SIGNAL_EXIT
2022-11-07 16:00:00,2022-11-07 22:00:00,LONG,20769.10299,20477.351703328466,-38.646322502659196,-1.4441751648941326,6,0.37751755594717185,-0.5109656880756787,76.90955998249997,"FIB_236_LONG,WAVE_ACCELERATION,PRESSURE_EXHAUSTION,DELTA_EXHAUSTION,TREND_RESUME_02,TREND_RESUME_03,DNA_TREND_01,DNA_TREND_02",STOP_LOSS
2022-11-07 23:00:00,2022-11-08 03:00:00,LONG,20464.502082,20125.0981354173,-45.265778869417545,-1.697837477035295,4,0.8026480064935272,-0.09764264930527826,73.58171625000001,"EARLY_WAVE_LONG,ANTI_FIBO,EMERGENCY_EXIT_04,DNA_TREND_01,DNA_TREND_02,ENERGY_RECOVER,STRUCTURE_FAILURE_LONG,BULL_STRUCTURE",STOP_LOSS
2022-11-08 15:00:00,2022-11-08 18:00:00,LONG,19420.733369999998,18906.295537384558,-71.34903557527367,-2.687850869920027,3,4.893361192363681,-0.4019589194329166,72.45862722000001,"EARLY_WAVE_LONG,HIST200_BUY,SWING_REVERSAL_BUY,ENERGY_RECOVER,TREND_Q1,BEAR_STRUCTURE,MOMENTUM_START,BARRIER_L1",STOP_LOSS
2022-11-09 09:00:00,2022-11-09 15:00:00,LONG,18155.900454,17222.57971358185,-136.52683877682546,-5.17853562088924,6,0.0,-3.1596364799059673,73.9004175,"HIDDEN_EXHAUSTION,TREND_Q1,TREND_Q2,TREND_Q3,HIGHER_LOW,BULL_STRUCTURE,STRUCTURE_ACCELERATION,MOMENTUM_END",STOP_LOSS
2022-11-09 17:00:00,2022-11-09 21:00:00,LONG,17088.356988,15977.501051976638,-510.3615501505177,-6.5380594356070585,4,0.0,-4.977464999106084,100.0,"EARLY_WAVE_LONG,HIST200_BUY,HIST1000_BUY,ANTI_FIBO,MAJOR_DEMAND,TREND_Q1,TREND_Q2,TREND_Q3",STOP_LOSS
2022-11-09 22:00:00,2022-11-10 15:00:00,LONG,17264.18100626341,17632.862721999998,227.63020829155778,1.1928891117770593,17,7.219315332650179,-0.3941305914643281,74.53782,"ANTI_FIBO,HIDDEN_EXHAUSTION,TREND_Q1,TREND_Q2,TREND_Q3,TREND_Q4,BULL_STRUCTURE,MOMENTUM_END,TRAIL_ENERGY,SCALE_OUT_10,PYRAMID_LEVEL2,TRAIL_DELTA,SCALE_OUT_20,DEFENSE_03","TRAIL_ENERGY, SCALE_OUT_10,SIGNAL_EXIT,PYRAMID_LEVEL2"
2022-11-10 17:00:00,2022-11-11 11:00:00,LONG,17791.697627999998,17330.943118,-83.60440046889488,-3.3062120204288146,18,1.7805067207384395,-4.089422174390829,94.42987722000002,"STRONG_WAVE,ANTI_MOMENTUM,EARLY_EXHAUSTION_BUY,EARLY_EXHAUSTION_SELL,HIGHER_LOW,BULL_STRUCTURE,MOMENTUM_END,SUPPORT_MAJOR",SIGNAL_EXIT
2022-11-11 12:00:00,2022-11-11 14:00:00,LONG,17352.91989,16528.828620332635,-120.03921982966847,-4.787106760022614,2,0.27321113853191836,-0.2829488657312145,94.00664196000001,"FIB_382_LONG,WAVE_ACCELERATION,HIDDEN_EXHAUSTION,PRESSURE_EXHAUSTION,DELTA_EXHAUSTION,TREND_Q1,TREND_Q2,TREND_Q3",STOP_LOSS
2022-11-11 15:00:00,2022-11-12 04:00:00,LONG,16919.403204,16904.198484,-9.148391784937365,-0.18464500053176816,13,0.8919155964338408,-1.730340015366413,100.0,"EARLY_WAVE_LONG,SWING_REVERSAL_BUY,ENERGY_WALL,ENERGY_RECOVER,TREND_Q1,TREND_Q2,TREND_Q3,TREND_Q4","DEFENSE_03,SIGNAL_EXIT"
2022-11-12 07:00:00,2022-11-13 09:00:00,LONG,16764.022134,16647.559822,14.751912874345537,0.5961550358786668,26,1.0243237847540931,-0.6780123116723531,52.252829999999996,"FIB_382_LONG,TREND_Q1,TREND_Q2,TREND_Q3,TREND_Q4,BEAR_STRUCTURE,MOMENTUM_START,SUPPORT_MAJOR","SCALE_OUT_10,DEFENSE_03,SIGNAL_EXIT,SCALE_OUT_10, DEFENSE_03"
2022-11-13 16:00:00,2022-11-13 21:00:00,LONG,16582.805898000002,16244.903973452158,-51.463287056345514,-2.07684928748254,5,0.021975183346009536,-0.5687571728218557,55.786429999999996,"FIB_236_LONG,ENERGY_RECOVER,CONFLUENCE_02,CONFLUENCE_03,TREND_Q1,TREND_Q2,TREND_Q3,TREND_Q4",STOP_LOSS
2022-11-13 22:00:00,2022-11-14 01:00:00,LONG,16394.938331999998,16036.89488301906,-54.793121684011524,-2.222992240372066,3,0.2647870160955031,-0.8252445313314797,72.88186248,"EARLY_WAVE_LONG,SWING_REVERSAL_BUY,ENERGY_WALL,ENERGY_RECOVER,TREND_Q1,TREND_Q2,TREND_Q3,TREND_Q4",STOP_LOSS
2022-11-14 02:00:00,2022-11-14 17:00:00,LONG,16561.470770269174,16466.845972,39.320321054339715,0.4719209002284602,15,3.3639794944993273,-1.4339313386689598,52.56657,"EARLY_WAVE_LONG,ANTI_FIBO,ENERGY_RECOVER,TREND_Q1,TREND_Q2,TREND_Q3,TREND_Q4,BEAR_STRUCTURE,SCALE_OUT_30,PYRAMID_LEVEL2,TRAIL_ENERGY,TRAIL_DELTA,SCALE_OUT_10,SCALE_OUT_20","DEFENSE_03,SIGNAL_EXIT"
2022-11-14 19:00:00,2022-11-16 17:00:00,LONG,16618.142964,16495.350270000003,54.38208238862496,1.1053769753158853,46,2.3732316953486534,-2.165903643865172,100.0,"FIB_382_LONG,PRESSURE_EXHAUSTION,DELTA_EXHAUSTION,TREND_Q1,TREND_Q2,TREND_Q3,TREND_Q4,HIGHER_HIGH_CONTINUE","SCALE_OUT_10,SIGNAL_EXIT,TRAIL_ENERGY, SCALE_OUT_10, SCALE_OUT_20,TRAIL_ENERGY, SCALE_OUT_10,TRAIL_DELTA, PYRAMID_LEVEL2,TRAIL_ENERGY, TRAIL_DELTA, SCALE_OUT_10, SCALE_OUT_20, PYRAMID_LEVEL2,DEFENSE_03,TRAIL_ENERGY, SCALE_OUT_10, PYRAMID_LEVEL2"
2022-11-16 23:00:00,2022-11-17 17:00:00,LONG,16672.943922,16651.758982,-20.559880450937406,-0.8313767299472744,18,0.177929453483362,-1.082255916196673,52.252829999999996,"FIB_382_LONG,WAVE_ACCELERATION,TREND_Q1,TREND_Q2,TREND_Q3,TREND_Q4,BEAR_STRUCTURE,MOMENTUM_START","SIGNAL_EXIT,DEFENSE_03"
2022-11-18 01:00:00,2022-11-18 14:00:00,LONG,16954.130148,16749.579414,-28.902246501109595,-1.1712672429533366,13,0.0,-1.2780965234336332,77.51926896,"BOS_RETEST_LONG,LATE_WAVE_EXIT,WAVE_ACCELERATION,STRONG_WAVE,ANTI_LATE_WAVE,EMERGENCY_EXIT_04,DNA_TREND_01,DNA_TREND_02",SIGNAL_EXIT
2022-11-18 15:00:00,2022-11-19 12:00:00,LONG,16702.68987,16672.924747999998,-12.898373926937978,-0.5242959123303901,21,0.0,-0.6900677130275786,90.72869442000001,"EARLY_WAVE_LONG,SWING_REVERSAL_BUY,ENERGY_RECOVER,BULL_STRUCTURE,MOMENTUM_START,BARRIER_L1,TRIPLE_CONFIRMATION,FIVE_CONFIRMATION","SIGNAL_EXIT,DEFENSE_03"
2022-11-19 23:00:00,2022-11-20 08:00:00,LONG,16741.54764,16593.19158321791,-45.48757593236036,-0.925800509894656,9,0.0,-0.36769384362603097,100.0,"BOS_CONTINUE_LONG,LATE_WAVE_EXIT,WAVE_ACCELERATION,ANTI_LATE_WAVE,EMERGENCY_EXIT_04,ENERGY_RECOVER,STRUCTURE_FAILURE_SHORT,CONFLUENCE_02",STOP_LOSS
2022-11-20 09:00:00,2022-11-20 11:00:00,LONG,16618.993133999997,16469.134677460544,-23.01458535251564,-0.941369366657784,2,0.06911890454122936,0.0,52.33032,"FAILED_BOS_LONG,LATE_WAVE_EXIT,WAVE_ACCELERATION,STRONG_WAVE,ANTI_BOS,ANTI_LATE_WAVE,SWING_REVERSAL_BUY,DNA_TREND_02",STOP_LOSS
2022-11-20 21:00:00,2022-11-20 21:00:00,LONG,16542.147768,16308.53872864702,-35.40260668587818,-1.4516401268580312,0,0.0,0.0,78.06508241875,"FIB_236_LONG,PRESSURE_EXHAUSTION,DELTA_EXHAUSTION,HAMMER_BUY,ENERGY_RECOVER,CONFLUENCE_02,CONFLUENCE_03,TREND_Q1",STOP_LOSS
2022-11-21 04:00:00,2022-11-21 18:00:00,LONG,16076.36463,16012.016956,2.4247264749751145,0.09979505774273005,14,0.9437791036218871,-0.3803386611790273,57.14500749999999,"EARLY_WAVE_LONG,ANTI_FIBO,ENERGY_RECOVER,CONFLUENCE_02,CONFLUENCE_03,TREND_Q1,TREND_Q2,TREND_Q3",SIGNAL_EXIT
2022-11-21 22:00:00,2022-11-22 15:00:00,LONG,15651.359645999999,16114.056544000001,9.166836163132146,0.37722531677756893,17,3.3201610962457675,0.0,74.13612554249998,"LATE_WAVE_EXIT,STRONG_WAVE,HIST200_BUY,HIST1000_BUY,ANTI_FIBO,ANTI_LATE_WAVE,MAJOR_DEMAND,ENERGY_RECOVER","SIGNAL_EXIT,SCALE_OUT_10,PYRAMID_LEVEL2"
2022-11-22 20:00:00,2022-11-23 08:00:00,LONG,16322.260451848848,16580.523232,67.48712432817543,1.541640458444278,12,2.1131800444319198,-0.21522536084612304,71.163365,"FIB_786_LONG,STRONG_WAVE,PRESSURE_EXHAUSTION,DELTA_EXHAUSTION,BULL_STRUCTURE,MOMENTUM_END,TRIPLE_CONFIRMATION,FIVE_CONFIRMATION,PYRAMID_LEVEL2",SIGNAL_EXIT
2022-11-23 09:00:00,2022-11-23 21:00:00,LONG,16545.168372,16614.146506,9.2247052275784,0.37674125760538296,12,0.4369954198976892,-1.2741990124245302,70.85646750000001,"EARLY_WAVE_LONG,EMERGENCY_EXIT_04,STRUCTURE_FAILURE_SHORT,BULL_STRUCTURE,MOMENTUM_START,TRIPLE_CONFIRMATION,FIVE_CONFIRMATION,MASTER_EXIT_25",SIGNAL_EXIT
2022-11-24 02:00:00,2022-11-25 02:00:00,LONG,16751.179566000003,16523.534632,-27.708359921557353,-1.1306704649920067,24,0.0,-1.3392463803286194,79.03221375,"EARLY_WAVE_LONG,EMERGENCY_EXIT_04,DNA_TREND_01,DNA_TREND_02,ENERGY_RECOVER,STRUCTURE_FAILURE_SHORT,CONFLUENCE_02,CONFLUENCE_03","SIGNAL_EXIT,DEFENSE_03"
2022-11-25 11:00:00,2022-11-26 02:00:00,LONG,16481.225586,16631.003134000002,9.028496601433826,0.36949925687571344,15,0.9261714986151425,0.0,56.797369999999965,"FIB_786_LONG,LATE_WAVE_EXIT,ANTI_LATE_WAVE,PRESSURE_EXHAUSTION,DELTA_EXHAUSTION,SWING_REVERSAL_BUY,ENERGY_RECOVER,CONFLUENCE_02","SIGNAL_EXIT,DEFENSE_03"
2022-11-28 17:00:00,2022-11-29 05:00:00,LONG,16313.792106,16428.933556,16.274733741515856,0.6655097470420049,12,0.7305958861408012,-0.9506196045183417,78.51020813125,"BOS_CONTINUE_LONG,EARLY_WAVE_LONG,EMERGENCY_EXIT_04,ENERGY_RECOVER,STRUCTURE_FAILURE_SHORT,CONFLUENCE_02,CONFLUENCE_03,TREND_Q1",SIGNAL_EXIT
2022-11-29 06:00:00,2022-11-30 01:00:00,LONG,16488.146969999998,16843.48063,-12.098442251545624,-0.4939595383982231,19,2.1686671683034087,-0.7664109874197544,94.21602868125,"LATE_WAVE_EXIT,STRONG_WAVE,ANTI_LATE_WAVE,EMERGENCY_EXIT_04,STRUCTURE_FAILURE_SHORT,MULTI_SWING_BUY_01,HIGHER_LOW,BULL_STRUCTURE","SIGNAL_EXIT,DEFENSE_03"
2022-11-30 14:00:00,2022-12-01 02:00:00,LONG,16813.482023999997,17113.706574,42.68049159488288,1.7449036847431467,12,2.0826023752853673,-0.14168406024399444,78.689905,"FIB_382_LONG,STRONG_WAVE,ENERGY_RECOVER,CONFLUENCE_02,CONFLUENCE_03,BULL_STRUCTURE,MOMENTUM_START,TRIPLE_CONFIRMATION","TRAIL_ENERGY, SCALE_OUT_10, SCALE_OUT_20"
2022-12-01 03:00:00,2022-12-01 15:00:00,LONG,17127.954906,17100.849146,-4.868436011156286,-0.19819120172080257,12,0.13442990786912187,-0.33713835841412454,74.21911875,"LATE_WAVE_EXIT,STRONG_WAVE,ANTI_LATE_WAVE,EARLY_EXHAUSTION_BUY,SWING_REVERSAL,DNA_ACCUMULATION_01,TREND_Q1,TREND_Q2",SIGNAL_EXIT
2022-12-01 17:00:00,2022-12-02 05:00:00,LONG,16985.156351999998,16924.394443999998,-9.760775382190994,-0.3975922527769288,12,0.31005689266911235,-0.4894058687320309,94.428761765625,"WAVE_ACCELERATION,STRONG_WAVE,EARLY_EXHAUSTION_BUY,EMERGENCY_EXIT_01,DNA_ACCUMULATION_01,HAMMER_BUY,TREND_Q1,TREND_Q2",SIGNAL_EXIT
2022-12-02 13:00:00,2022-12-02 13:00:00,LONG,17034.9063,16804.318715255933,-34.1622185793655,-1.3930767099679797,0,0.0,0.0,72.0309301425,"EARLY_WAVE_LONG,FAILED_WAVE,TREND_RESUME_02,TREND_RESUME_03,TREND_Q1,TREND_Q2,TREND_Q3,TREND_Q4",STOP_LOSS
2022-12-02 19:00:00,2022-12-03 13:00:00,LONG,16958.020926,16962.796761999998,0.9538343972737199,0.03903558404495255,18,0.7944268649500813,-0.0860414435367867,51.528014999999996,"WAVE_ACCELERATION,PRESSURE_EXHAUSTION,DELTA_EXHAUSTION,TREND_Q1,TREND_Q2,TREND_Q3,TREND_Q4,HIGHER_HIGH_CONTINUE",SIGNAL_EXIT
2022-12-03 17:00:00,2022-12-04 07:00:00,LONG,16957.990919999997,16995.620196,5.6672323677586505,0.23193151705027676,14,0.33670899028883083,-0.4292425933201044,50.460865000000005,"FIB_236_SHORT,ANTI_MOMENTUM,EARLY_EXHAUSTION_SELL,HIGHER_LOW,BULL_STRUCTURE,MOMENTUM_END,TRIPLE_CONFIRMATION,FIVE_CONFIRMATION","SIGNAL_EXIT,DEFENSE_03"
2022-12-04 13:00:00,2022-12-05 01:00:00,LONG,16960.721466000003,17212.70677,35.32799331461608,1.4451049254203818,12,1.5060004051834637,-0.08202166416027022,52.878656249999985,"EMERGENCY_EXIT_01,DNA_ACCUMULATION_01,HAMMER_BUY,TREND_Q1,TREND_Q2,TREND_Q3,TREND_Q4,BEAR_STRUCTURE",SIGNAL_EXIT
2022-12-05 05:00:00,2022-12-05 15:00:00,LONG,17357.790864,17120.897607005692,-34.44908753653672,-1.4042202602096552,10,0.010019339520947372,-0.8697585146800684,52.011618750000004,"LATE_WAVE_EXIT,STRONG_WAVE,HIST200_SELL,ANTI_LATE_WAVE,DNA_TREND_02,ENERGY_RECOVER,TREND_Q1,TREND_Q2",STOP_LOSS
2022-12-05 20:00:00,2022-12-07 08:00:00,LONG,16930.035330000002,16759.677394,9.349935323345559,0.3825048958046728,36,0.9387143434862322,-0.9864440725889706,80.05913999999999,"LATE_WAVE_EXIT,STRONG_WAVE,ANTI_LATE_WAVE,SWING_REVERSAL_BUY,DNA_TREND_02,ENERGY_RECOVER,CONFLUENCE_02,CONFLUENCE_03","DEFENSE_03,SIGNAL_EXIT,SCALE_OUT_10"
2022-12-09 02:00:00,2022-12-09 14:00:00,LONG,17238.877086,17148.11969,-41.56037649789444,-0.5662587150486565,12,0.1007195185242194,-0.5115013324830182,100.0,"EARLY_WAVE_LONG,TREND_RESUME_01,TREND_RESUME_02,TREND_RESUME_03,ENERGY_RECOVER,CONFLUENCE_02,CONFLUENCE_03,BULL_STRUCTURE",SIGNAL_EXIT
2022-12-09 15:00:00,2022-12-10 06:00:00,LONG,17159.681249999998,17130.693176,-10.943087958961586,-0.14978024276427196,15,0.12715125463068952,-0.34016511816031847,100.0,"FIB_236_LONG,TREND_RESUME_02,TREND_RESUME_03,EMERGENCY_EXIT_01,HAMMER_BUY,ENERGY_RECOVER,CONFLUENCE_02,TREND_Q1","SIGNAL_EXIT,DEFENSE_03, DEFENSE_04"
2022-12-10 10:00:00,2022-12-11 00:00:00,LONG,17148.719058,17124.064502,-9.227317443849028,-0.18971425080301013,14,0.3439378871419958,-0.13580640000708372,94.66712799185643,"FIB_382_LONG,PRESSURE_EXHAUSTION,DELTA_EXHAUSTION,TREND_RESUME_02,TREND_RESUME_03,DNA_ACCUMULATION_01,HAMMER_BUY,TREND_Q1",SIGNAL_EXIT
2022-12-11 01:00:00,2022-12-11 17:00:00,LONG,17144.208155999997,17160.697174,0.21944953829931985,0.009034170139857585,16,0.21390223255758786,-0.0020890786949123216,73.9004175,"FIB_786_LONG,EARLY_EXHAUSTION_BUY,EMERGENCY_EXIT_01,EMERGENCY_EXIT_05,TREND_Q1,TREND_Q2,TREND_Q3,TREND_Q4",SIGNAL_EXIT
2022-12-11 19:00:00,2022-12-11 20:00:00,LONG,17206.440599999998,17102.890100914396,-15.583248254901457,-0.6415717096420759,1,0.0,-0.16860314503394616,100.0,"LATE_WAVE_EXIT,WAVE_ACCELERATION,ANTI_LATE_WAVE,ENERGY_RECOVER,CONFLUENCE_02,CONFLUENCE_03,TREND_Q1,TREND_Q2",STOP_LOSS
2022-12-11 21:00:00,2022-12-12 00:00:00,LONG,17104.390194,16988.814501302084,-17.347777168771017,-0.7154374819007738,3,0.05150610983542392,-0.1130715201222703,76.30696499999999,"EARLY_WAVE_LONG,FAILED_WAVE,ANTI_FIBO,EMERGENCY_EXIT_04,DNA_TREND_01,DNA_TREND_02,ENERGY_RECOVER,STRUCTURE_FAILURE_LONG",STOP_LOSS
2022-12-12 01:00:00,2022-12-12 14:00:00,LONG,16953.149952,16967.095902,1.0220211798324987,0.042228799128604416,13,0.2092239383266633,-0.2987052680084815,71.32664196,"BOS_RETEST_SHORT,LATE_WAVE_EXIT,WAVE_ACCELERATION,STRONG_WAVE,ANTI_FIBO,ANTI_LATE_WAVE,EMERGENCY_EXIT_04,DNA_TREND_01",SIGNAL_EXIT
2022-12-13 05:00:00,2022-12-14 12:00:00,LONG,17172.743862,17821.365014,78.79390999841601,3.255660179584966,31,4.2224826959921336,-0.12335746791678343,67.836125,"WAVE_ACCELERATION,HIGHER_HIGH_CONTINUE,BULL_STRUCTURE,MOMENTUM_START,TRIPLE_CONFIRMATION,CASCADE_03,CASCADE_05,CASCADE_08","TRAIL_ENERGY, TRAIL_DELTA, TRAIL_WAVE, SCALE_OUT_10, SCALE_OUT_20,TRAIL_DELTA,TRAIL_ENERGY, SCALE_OUT_10,TRAIL_ENERGY, TRAIL_DELTA, SCALE_OUT_10, SCALE_OUT_20,SIGNAL_EXIT,TRAIL_ENERGY, TRAIL_DELTA, SCALE_OUT_10, SCALE_OUT_20, PYRAMID_LEVEL2, DEFENSE_03,TRAIL_ENERGY, SCALE_OUT_10, PYRAMID_LEVEL2,TRAIL_DELTA, PYRAMID_LEVEL2,TRAIL_ENERGY, SCALE_OUT_10, SCALE_OUT_30, PYRAMID_LEVEL2,TRAIL_DELTA, SCALE_OUT_30, PYRAMID_LEVEL2,SCALE_OUT_30, PYRAMID_LEVEL2,TRAIL_ENERGY, SCALE_OUT_10, SCALE_OUT_30, PYRAMID_LEVEL2, DEFENSE_03"
2022-12-14 15:00:00,2022-12-14 19:00:00,LONG,18066.432564,17835.30670449576,-32.17434280407585,-1.318799277843066,4,0.8138708927682595,-0.025475776602229445,79.71683125,"LATE_WAVE_EXIT,WAVE_ACCELERATION,STRONG_WAVE,ANTI_LATE_WAVE,DNA_TREND_01,DNA_TREND_02,ENERGY_RECOVER,CONFLUENCE_02",STOP_LOSS
2022-12-15 00:00:00,2022-12-15 14:00:00,LONG,17807.570802,17501.958908,-18.892683186536473,-0.7770347955036937,14,0.0,-1.6915883999527128,73.263015,"LATE_WAVE_EXIT,WAVE_ACCELERATION,STRONG_WAVE,TREND_Q1,TREND_Q2,TREND_Q3,TREND_Q4,HIGHER_HIGH_CONTINUE",SIGNAL_EXIT
2022-12-15 18:00:00,2022-12-16 09:00:00,LONG,17402.079719999998,17217.80575,-12.635574974849956,-0.5207506557267815,15,0.5819435471474823,-1.0391270636013263,52.24621499999999,"ANTI_FIBO,TREND_RESUME_02,TREND_RESUME_03,EMERGENCY_EXIT_04,STRUCTURE_FAILURE_LONG,BEAR_STRUCTURE,MOMENTUM_END,TRIPLE_CONFIRMATION",SIGNAL_EXIT
2022-12-17 21:00:00,2022-12-18 11:00:00,LONG,16704.800292,16701.828965999997,1.9634586487607106,0.08103373002477927,14,0.429335919893322,-0.04741326960844867,73.263015,"FIB_382_LONG,WAVE_ACCELERATION,EARLY_EXHAUSTION_BUY,TREND_Q1,TREND_Q2,TREND_Q3,TREND_Q4,BULL_STRUCTURE",SIGNAL_EXIT
2022-12-18 15:00:00,2022-12-19 17:00:00,LONG,16690.027338,16564.48926053256,2.2838305706295556,0.0942461033960761,26,0.5731725902101624,-0.3245491268709346,86.13670218489001,"FIB_236_SHORT,EARLY_WAVE_LONG,SWING_REVERSAL_BUY,TREND_Q1,TREND_Q2,TREND_Q3,TREND_Q4,HIGHER_LOW","DEFENSE_03,SIGNAL_EXIT,STOP_LOSS"
2022-12-20 15:00:00,2022-12-21 16:00:00,LONG,16902.72987,16857.137897999997,-9.872980613502316,-0.4073698776816838,25,0.09525165534697465,-0.6417890532140369,73.58171625000001,"EARLY_WAVE_LONG,EMERGENCY_EXIT_04,ENERGY_RECOVER,STRUCTURE_FAILURE_SHORT,BULL_STRUCTURE,STRUCTURE_WEAKENING,MOMENTUM_START,TRIPLE_CONFIRMATION",SIGNAL_EXIT
2022-12-21 17:00:00,2022-12-22 12:00:00,LONG,16784.116152,16830.833160000002,4.072777555110856,0.16823537345452794,19,0.43334928894264635,-0.1663248260866657,85.24092436776002,"EARLY_WAVE_LONG,SWING_REVERSAL_BUY,MARUBOZU_BULL,MARUBOZU_BEAR,BULL_STRUCTURE,MOMENTUM_START,BARRIER_L1,TRIPLE_CONFIRMATION","SIGNAL_EXIT,DEFENSE_03"
2022-12-22 14:00:00,2022-12-22 14:00:00,LONG,16783.836096,16630.280917148208,-23.115517958383837,-0.954533220548025,0,0.0,0.0,71.77450959000001,"BOS_CONTINUE_SHORT,EARLY_WAVE_LONG,SWING_REVERSAL_BUY,ENERGY_RECOVER,TREND_Q1,TREND_Q2,BULL_STRUCTURE,MOMENTUM_START",STOP_LOSS
2022-12-22 15:00:00,2022-12-23 05:00:00,LONG,16677.864906,16834.352456,21.24172779894289,0.8793431868898309,14,1.0203050268070086,-0.5150833543992478,73.263015,"LATE_WAVE_EXIT,WAVE_ACCELERATION,STRONG_WAVE,ANTI_FIBO,ANTI_LATE_WAVE,DNA_TREND_02,ENERGY_WALL,ENERGY_RECOVER","SIGNAL_EXIT,DEFENSE_03,SCALE_OUT_10"
2022-12-23 09:00:00,2022-12-24 23:00:00,LONG,16838.61705,16822.854756,-12.495048509833948,-0.2580870206251925,38,0.20056843088547271,-0.35701892751341324,100.0,"EARLY_WAVE_LONG,WAVE_ACCELERATION,DNA_ACCUMULATION_01,HIGHER_HIGH_CONTINUE,BULL_STRUCTURE,MOMENTUM_START,TRIPLE_CONFIRMATION,FIVE_CONFIRMATION","SIGNAL_EXIT,DEFENSE_03"
2022-12-25 17:00:00,2022-12-25 19:00:00,LONG,16819.323192,16735.270248587072,-13.04121405824992,-0.5395404468803218,2,0.0,-0.2369488447606178,55.786429999999996,"FIB_236_LONG,WAVE_ACCELERATION,PRESSURE_EXHAUSTION,DELTA_EXHAUSTION,SWING_REVERSAL_BUY,ENERGY_RECOVER,CONFLUENCE_02,CONFLUENCE_03",STOP_LOSS
2022-12-25 22:00:00,2022-12-26 21:00:00,LONG,16833.66606,16838.891548,-0.17731256193285286,-0.007346410177839126,23,0.3595410517487664,-0.14349851015163337,76.67748708375,"FIB_236_LONG,FAILED_BOS_SHORT,EARLY_WAVE_LONG,FAILED_WAVE,ANTI_BOS,DNA_TREND_01,DNA_TREND_02,ENERGY_RECOVER","SIGNAL_EXIT,DEFENSE_03"
2022-12-28 06:00:00,2022-12-28 21:00:00,LONG,16607.280791999998,16593.58062,-0.46193759736698237,-0.019141254078770494,15,0.7932015460559732,-0.17318182525011475,52.56657,"EARLY_WAVE_LONG,SWING_REVERSAL_BUY,DNA_TREND_02,ENERGY_RECOVER,BEAR_STRUCTURE,MOMENTUM_START,BARRIER_L1,TRIPLE_CONFIRMATION",SIGNAL_EXIT
2022-12-28 22:00:00,2022-12-29 11:00:00,LONG,16531.185576,16601.459044,9.095677309868968,0.37695224816390827,13,0.44518539618140557,-0.07958035398925231,77.31843294,"LATE_WAVE_EXIT,WAVE_ACCELERATION,STRONG_WAVE,HIST200_BUY,ANTI_FIBO,ANTI_LATE_WAVE,SWING_REVERSAL_BUY,ENERGY_RECOVER",SIGNAL_EXIT
2022-12-29 15:00:00,2022-12-30 05:00:00,LONG,16633.446023999997,16610.617211999997,-5.912591140886097,-0.24482933588515773,14,0.001707258974434388,-0.20660796295854433,78.689905,"FIB_382_LONG,WAVE_ACCELERATION,ENERGY_RECOVER,CONFLUENCE_02,CONFLUENCE_03,TREND_Q1,TREND_Q2,TREND_Q3","SIGNAL_EXIT,DEFENSE_03"
2022-12-30 15:00:00,2022-12-31 04:00:00,LONG,16417.462836,16549.149508,20.126374822323875,0.8339893838246749,13,1.15740882679712,0.0,57.32031784500001,"EARLY_WAVE_LONG,HIST200_BUY,SWING_REVERSAL_BUY,ENERGY_RECOVER,TREND_Q1,TREND_Q2,TREND_Q3,BEAR_STRUCTURE","SCALE_OUT_10,SCALE_OUT_10, DEFENSE_03"
2022-12-31 05:00:00,2023-01-01 23:00:00,LONG,16555.200377999998,16599.069522,8.810412013767644,0.18217969894856256,42,0.31095740809282624,-0.2528533454395715,100.0,"FIB_382_LONG,WAVE_ACCELERATION,STRONG_WAVE,DNA_ACCUMULATION_01,HAMMER_BUY,TREND_Q1,TREND_Q2,TREND_Q3","SIGNAL_EXIT,DEFENSE_03"
2023-01-02 04:00:00,2023-01-03 03:00:00,LONG,16665.712476,16670.705192,6.330325940108605,0.2616081077828572,23,0.5523167649301151,-0.15764388133922533,79.71683125,"BOS_CONTINUE_LONG,LATE_WAVE_EXIT,WAVE_ACCELERATION,STRONG_WAVE,ANTI_LATE_WAVE,EMERGENCY_EXIT_04,ENERGY_WALL,ENERGY_RECOVER","SIGNAL_EXIT,DEFENSE_03"
2023-01-04 14:00:00,2023-01-06 11:00:00,LONG,16831.76568,16713.467527585904,-1.5480253380955837,-0.06393853060032935,45,0.690802867688213,-0.38442597900994024,67.836125,"TREND_Q1,HIGHER_HIGH_CONTINUE,BULL_STRUCTURE,MOMENTUM_START,TRIPLE_CONFIRMATION,CASCADE_03,CASCADE_05,CASCADE_08","SIGNAL_EXIT,DEFENSE_03,STOP_LOSS"
2023-01-06 14:00:00,2023-01-07 20:00:00,LONG,16777.544837999998,16940.66119,22.967445807328673,0.9488775055264737,30,1.1958553169566104,-0.17121002075904732,78.95650083999998,"FIB_786_LONG,LATE_WAVE_EXIT,PRESSURE_EXHAUSTION,DELTA_EXHAUSTION,SWING_REVERSAL_BUY,ENERGY_RECOVER,CONFLUENCE_02,CONFLUENCE_03","TRAIL_ENERGY, SCALE_OUT_10, SCALE_OUT_20,SCALE_OUT_10,SIGNAL_EXIT,SCALE_OUT_10, DEFENSE_03"
2023-01-08 00:00:00,2023-01-08 18:00:00,LONG,16947.218766,16925.504222,-4.1717125802611275,-0.17195948989522955,18,0.313982103699236,-0.1384815191451089,72.0309301425,"EARLY_WAVE_LONG,PRESSURE_EXHAUSTION,DELTA_EXHAUSTION,TREND_RESUME_02,TREND_RESUME_03,TREND_Q1,TREND_Q2,TREND_Q3","DEFENSE_03,SIGNAL_EXIT"
2023-01-08 21:00:00,2023-01-09 09:00:00,LONG,16970.34339,17188.241664,90.45204883787281,1.2434808918406877,12,1.5093778841914156,-0.07591708490468377,100.0,"EARLY_WAVE_LONG,FAILED_WAVE,TREND_RESUME_01,TREND_RESUME_02,TREND_RESUME_03,DNA_TREND_02,ENERGY_RECOVER,CONFLUENCE_02",TRAIL_ENERGY
2023-01-10 00:00:00,2023-01-10 12:00:00,LONG,17182.475808,17249.439422,8.55239559059789,0.3495645150464001,12,0.5153168436807917,0.0,50.81926500000001,"STRONG_WAVE,HIDDEN_EXHAUSTION,TREND_Q1,TREND_Q2,TREND_Q3,TREND_Q4,MULTI_SWING_SELL_01,HIGHER_HIGH_CONTINUE",SIGNAL_EXIT
2023-01-10 18:00:00,2023-01-11 06:00:00,LONG,17329.075122000002,17402.678768,9.416137634289942,0.38457086730609175,12,0.8544880610045485,0.0,73.9004175,"FIB_786_LONG,WAVE_ACCELERATION,STRONG_WAVE,EARLY_EXHAUSTION_BUY,TREND_Q1,TREND_Q2,TREND_Q3,TREND_Q4",SIGNAL_EXIT
2023-01-11 07:00:00,2023-01-11 19:00:00,LONG,17440.377377999997,17482.942712,4.998327281891327,0.20396437613829843,12,0.26784180747675757,-0.6189509301339221,93.35840361750002,"EARLY_WAVE_LONG,TREND_Q1,TREND_Q2,TREND_Q3,TREND_Q4,HIGHER_HIGH_CONTINUE,BULL_STRUCTURE,MOMENTUM_START",SIGNAL_EXIT
2023-01-12 11:00:00,2023-01-12 13:00:00,LONG,18189.237119999998,17940.389550767843,-34.507546457084686,-1.407556146326507,2,0.4381870414585081,0.0,73.58171625000001,"EARLY_WAVE_LONG,TREND_Q1,TREND_Q2,TREND_Q3,TREND_Q4,BULL_STRUCTURE,MOMENTUM_START,RESISTANCE_MAJOR",STOP_LOSS
2023-01-12 14:00:00,2023-01-13 02:00:00,LONG,18687.719572423037,18807.637720000002,38.19449839229185,0.601438244261884,12,2.999103311592645,-1.5857282983703975,94.003295596875,"EARLY_WAVE_LONG,TREND_RESUME_01,ENERGY_WALL,ENERGY_EXTREME,ENERGY_RECOVER,TREND_Q1,TREND_Q2,TREND_Q3,PYRAMID_LEVEL2,TRAIL_ENERGY,TRAIL_DELTA,SCALE_OUT_10,SCALE_OUT_20,SCALE_OUT_30",SCALE_OUT_10
2023-01-13 06:00:00,2023-01-13 18:00:00,LONG,18999.027342243884,19251.988832,56.96465849876195,1.290911844092059,12,2.4996581930077775,0.0,86.13670218489001,"FIB_236_SHORT,EARLY_WAVE_LONG,SWING_REVERSAL_BUY,TREND_Q1,TREND_Q2,TREND_Q3,TREND_Q4,HIGHER_LOW,SCALE_OUT_30,PYRAMID_LEVEL2",TRAIL_ENERGY
2023-01-14 01:00:00,2023-01-14 20:00:00,LONG,20895.848334,20779.523264,-0.7387789288383271,-0.02996546798855976,19,0.5144642336682846,-1.9098450927720925,79.71683125,"LATE_WAVE_EXIT,STRONG_WAVE,ANTI_LATE_WAVE,DNA_TREND_01,DNA_TREND_02,ENERGY_WALL,ENERGY_EXTREME,ENERGY_RECOVER","SIGNAL_EXIT,DEFENSE_03, DEFENSE_04"
2023-01-14 21:00:00,2023-01-15 11:00:00,LONG,20880.485262000002,20728.683434000002,-24.964802121386377,-1.0127696151830003,14,0.5243400075536002,-1.2584729650810489,71.81819127,"FIB_382_LONG,EARLY_EXHAUSTION_BUY,TREND_RESUME_02,TREND_RESUME_03,TREND_Q1,TREND_Q2,TREND_Q3,TREND_Q4",SIGNAL_EXIT
2023-01-15 14:00:00,2023-01-16 02:00:00,LONG,20709.931158,21178.633426,109.26975306512115,2.222271098432982,12,2.2836330955996873,0.0,100.0,"FIB_382_LONG,WAVE_ACCELERATION,PRESSURE_EXHAUSTION,DELTA_EXHAUSTION,TREND_RESUME_02,TREND_RESUME_03,TREND_Q1,TREND_Q2","SCALE_OUT_30, PYRAMID_LEVEL2"
2023-01-16 09:00:00,2023-01-16 21:00:00,LONG,20985.443224754858,21287.7416,62.6250567663196,1.3999384023425865,12,2.559265702380275,0.0,74.53782,"LATE_WAVE_EXIT,WAVE_ACCELERATION,STRONG_WAVE,SWING_REVERSAL_BUY,DNA_TREND_01,DNA_TREND_02,ENERGY_WALL,ENERGY_RECOVER,TRAIL_ENERGY,SCALE_OUT_30,PYRAMID_LEVEL2","DEFENSE_03, DEFENSE_04"
2023-01-17 02:00:00,2023-01-17 17:00:00,LONG,21044.167992,21157.687616,20.591359853001833,0.8234732206171257,15,1.1285407343748841,0.0,73.263015,"ENERGY_RECOVER,TREND_Q1,TREND_Q2,TREND_Q3,TREND_Q4,HIGHER_HIGH_CONTINUE,BULL_STRUCTURE,MOMENTUM_START",SIGNAL_EXIT
2023-01-17 19:00:00,2023-01-18 15:00:00,LONG,21367.162578,20905.66787301878,-13.625532900675813,-0.5438362286917625,20,0.26740762509491767,-1.087428324429152,73.9004175,"FIB_786_LONG,LATE_WAVE_EXIT,WAVE_ACCELERATION,STRONG_WAVE,HIDDEN_EXHAUSTION,TREND_Q1,TREND_Q2,TREND_Q3","SIGNAL_EXIT,DEFENSE_03,STOP_LOSS"
2023-01-18 16:00:00,2023-01-18 16:00:00,LONG,21046.938545999998,20485.580221934768,-67.70112387939857,-2.7061064245006214,0,0.0,0.0,51.137966250000005,"BOS_CONTINUE_SHORT,EARLY_WAVE_LONG,FAILED_WAVE,ANTI_FIBO,EMERGENCY_EXIT_04,ENERGY_RECOVER,STRUCTURE_FAILURE_LONG,TREND_Q1",STOP_LOSS
2023-01-18 17:00:00,2023-01-19 08:00:00,LONG,20854.059977999997,20814.776212,-6.243382457084214,-0.2512816427531607,15,0.3969012369165646,-0.8467894414147175,73.58171625000001,"EARLY_WAVE_LONG,ANTI_FIBO,EMERGENCY_EXIT_04,ENERGY_RECOVER,STRUCTURE_FAILURE_LONG,BULL_STRUCTURE,MOMENTUM_START,RESISTANCE_MAJOR","SIGNAL_EXIT,DEFENSE_03"
2023-01-19 09:00:00,2023-01-19 22:00:00,LONG,20773.213812,20929.46327,32.79548713883201,1.3209040729214923,13,1.5848591892402022,-0.22232386581090344,68.13121875,"EARLY_WAVE_LONG,BULL_STRUCTURE,MOMENTUM_START,RESISTANCE_MAJOR,TRIPLE_CONFIRMATION,CASCADE_03,CASCADE_05,CASCADE_08","SIGNAL_EXIT,SCALE_OUT_10"
2023-01-20 02:00:00,2023-01-20 17:00:00,LONG,21120.663288,21309.027342,-0.9362847798365168,-0.03759037469580623,15,0.9120296525414743,-0.8377260012498154,93.35840361750002,"EARLY_WAVE_LONG,TREND_Q1,TREND_Q2,TREND_Q3,TREND_Q4,HIGHER_HIGH_CONTINUE,BULL_STRUCTURE,MOMENTUM_START","SIGNAL_EXIT,DEFENSE_03"
2023-01-20 21:00:00,2023-01-21 12:00:00,LONG,22293.367782,22902.428598,50.654749405355375,2.034103809589223,15,3.3378636430194986,0.0,55.356831250000006,"LATE_WAVE_EXIT,STRONG_WAVE,ANTI_LATE_WAVE,DNA_TREND_01,DNA_TREND_02,MARUBOZU_BEAR,ENERGY_WALL,ENERGY_EXTREME","SIGNAL_EXIT,PYRAMID_LEVEL1, PYRAMID_LEVEL2,SCALE_OUT_30, PYRAMID_LEVEL2"
2023-01-21 16:00:00,2023-01-22 04:00:00,LONG,23003.499780000002,22754.528184000003,-84.23204509534897,-1.1218875812017828,12,1.1606939055079646,-1.2861511632122722,100.0,"EARLY_WAVE_LONG,WAVE_ACCELERATION,PRESSURE_EXHAUSTION,DELTA_EXHAUSTION,TREND_RESUME_01,TREND_RESUME_02,TREND_RESUME_03,ENERGY_RECOVER",SIGNAL_EXIT
2023-01-22 07:00:00,2023-01-22 20:00:00,LONG,22925.324148,22717.335624000003,-17.211734292784396,-0.6937755321495551,13,0.28390373710671496,-0.8862432944823732,94.00218014250001,"TREND_RESUME_02,TREND_RESUME_03,TREND_Q1,TREND_Q2,TREND_Q3,TREND_Q4,BULL_STRUCTURE,MOMENTUM_START","DEFENSE_03,SIGNAL_EXIT"
2023-01-22 21:00:00,2023-01-23 10:00:00,LONG,22463.951891999997,22780.29303,28.449729878186396,1.148867414756667,13,1.4255199153718123,0.0,50.81926500000001,"BOS_CONTINUE_SHORT,LATE_WAVE_EXIT,WAVE_ACCELERATION,STRONG_WAVE,ANTI_FIBO,ANTI_LATE_WAVE,EMERGENCY_EXIT_04,ENERGY_RECOVER","SIGNAL_EXIT,TRAIL_ENERGY, SCALE_OUT_10"
2023-01-23 11:00:00,2023-01-23 14:00:00,LONG,22914.53199,22528.598712558232,-42.79921707055242,-1.7235556768043354,3,0.0,-0.506761342761335,77.82473485937498,"BOS_CONTINUE_LONG,EARLY_WAVE_LONG,TREND_RESUME_01,DNA_TREND_02,ENERGY_RECOVER,CONFLUENCE_02,CONFLUENCE_03,TREND_Q1",STOP_LOSS
2023-01-23 16:00:00,2023-01-24 11:00:00,LONG,22860.011088,22897.929497999998,22.203104243515885,0.898094796853661,19,1.1293035292336993,-0.2954551847765846,79.71683125,"BOS_CONTINUE_LONG,LATE_WAVE_EXIT,WAVE_ACCELERATION,ANTI_LATE_WAVE,EMERGENCY_EXIT_05,DNA_TREND_02,ENERGY_RECOVER,CONFLUENCE_02","SCALE_OUT_10,SCALE_OUT_10, DEFENSE_03,SIGNAL_EXIT,DEFENSE_03"
2023-01-24 12:00:00,2023-01-24 23:00:00,LONG,22921.693422,22533.454911466273,-42.93796519828187,-1.7330826531212367,11,0.42246694525220296,-0.7249613671235492,51.93247499999999,"FIB_382_LONG,DNA_ACCUMULATION_01,TREND_Q1,TREND_Q2,TREND_Q3,TREND_Q4,BEAR_STRUCTURE,MOMENTUM_START",STOP_LOSS
2023-01-25 00:00:00,2023-01-25 19:00:00,LONG,22636.466387999997,22720.355020000003,-4.805926836579859,-0.1948427946342068,19,0.39066880176529944,-0.887931820076599,71.77450959000001,"BOS_CONTINUE_SHORT,EARLY_WAVE_LONG,ANTI_FIBO,SWING_REVERSAL_BUY,EMERGENCY_EXIT_04,ENERGY_RECOVER,STRUCTURE_FAILURE_LONG,BULL_STRUCTURE","SIGNAL_EXIT,DEFENSE_03"
2023-01-25 20:00:00,2023-01-27 02:00:00,LONG,23121.507029638124,22642.910512,-29.139936988989145,-0.6567463274572372,30,3.6829166522562207,-2.0501562853601896,52.878656249999985,"HIDDEN_EXHAUSTION,SWING_REVERSAL,DNA_ACCUMULATION_01,HAMMER_BUY,BEAR_STRUCTURE,MOMENTUM_END,BARRIER_L1,TRIPLE_CONFIRMATION,TRAIL_WAVE,PYRAMID_LEVEL2","SIGNAL_EXIT,DEFENSE_03"
2023-01-27 06:00:00,2023-01-27 20:00:00,LONG,23039.526983999996,23248.409388,16.503055264106806,0.6715685483107178,14,0.9268116318025746,-0.6063795671543842,55.43523999999998,"FIB_382_LONG,FAILED_BOS_SHORT,ANTI_BOS,DNA_TREND_01,DNA_TREND_02,ENERGY_RECOVER,CONFLUENCE_02,CONFLUENCE_03",SCALE_OUT_10
2023-01-28 00:00:00,2023-01-28 15:00:00,LONG,23078.774832,22944.850112,-12.520356800310237,-0.5086950643697801,15,0.3165903239312864,-0.5604493000237392,51.22041750000001,"FIB_786_LONG,LATE_WAVE_EXIT,WAVE_ACCELERATION,ANTI_LATE_WAVE,EARLY_EXHAUSTION_BUY,PRESSURE_EXHAUSTION,DELTA_EXHAUSTION,SWING_REVERSAL",SIGNAL_EXIT
2023-01-28 16:00:00,2023-01-29 04:00:00,LONG,23016.622404,23189.631146,52.45400126943811,0.7113680133760348,12,0.9371383525087182,-0.21598479189267275,100.0,"FAILED_BOS_SHORT,EARLY_WAVE_LONG,WAVE_ACCELERATION,ANTI_BOS,TREND_RESUME_01,TREND_RESUME_02,TREND_RESUME_03,ENERGY_RECOVER",SCALE_OUT_10
2023-01-29 07:00:00,2023-01-30 09:00:00,LONG,23203.93986,23543.080442000002,57.116636771042316,2.312162182960353,26,2.9904410379729436,-0.13644174304457862,50.81926500000001,"STRONG_WAVE,ANTI_MOMENTUM,EARLY_EXHAUSTION_SELL,TREND_Q1,TREND_Q2,TREND_Q3,TREND_Q4,MULTI_SWING_SELL_01","SCALE_OUT_30, PYRAMID_LEVEL2,TRAIL_DELTA, PYRAMID_LEVEL2,TRAIL_ENERGY, TRAIL_DELTA, SCALE_OUT_10, SCALE_OUT_20, SCALE_OUT_30, PYRAMID_LEVEL2,TRAIL_ENERGY, TRAIL_DELTA, SCALE_OUT_10, SCALE_OUT_20, PYRAMID_LEVEL2,TRAIL_ENERGY, SCALE_OUT_10, PYRAMID_LEVEL2,TRAIL_ENERGY, SCALE_OUT_10, SCALE_OUT_20,TRAIL_ENERGY, SCALE_OUT_10, PYRAMID_LEVEL2, DEFENSE_03,SIGNAL_EXIT"
2023-01-30 10:00:00,2023-01-30 19:00:00,LONG,23195.83824,22788.562356327617,-44.59599990674342,-1.795112141698205,9,0.3960269038330721,-0.5977289484667585,73.58171625000001,"EARLY_WAVE_LONG,ANTI_FIBO,EMERGENCY_EXIT_04,DNA_TREND_01,DNA_TREND_02,ENERGY_RECOVER,STRUCTURE_FAILURE_LONG,TREND_Q1",STOP_LOSS
2023-01-30 22:00:00,2023-01-31 16:00:00,LONG,22749.188928,23117.17564,13.322462386995776,0.5387375085015599,18,1.661250751383276,-0.08518513807824785,52.24621499999999,"ANTI_FIBO,EARLY_EXHAUSTION_BUY,TREND_RESUME_02,TREND_RESUME_03,EMERGENCY_EXIT_04,STRUCTURE_FAILURE_LONG,BEAR_STRUCTURE,MOMENTUM_MIDDLE","SCALE_OUT_10,SIGNAL_EXIT"
2023-01-31 23:00:00,2023-02-01 17:00:00,LONG,23186.446362000002,22996.019876,-15.365368705684398,-0.6205753724714965,18,0.0,-0.8915396467946374,77.3665545975,"EARLY_WAVE_LONG,PRESSURE_EXHAUSTION,DELTA_EXHAUSTION,TREND_RESUME_02,TREND_RESUME_03,ENERGY_RECOVER,CONFLUENCE_02,CONFLUENCE_03",SIGNAL_EXIT
2023-02-01 20:00:00,2023-02-02 12:00:00,LONG,23390.667198000003,23815.725902000002,84.1805176569191,1.702750241205613,16,3.416673817959024,0.0,100.0,"BOS_CONTINUE_LONG,LATE_WAVE_EXIT,WAVE_ACCELERATION,STRONG_WAVE,ANTI_LATE_WAVE,ENERGY_WALL,ENERGY_EXTREME,ENERGY_RECOVER","TRAIL_ENERGY, SCALE_OUT_10,TRAIL_ENERGY, SCALE_OUT_10, SCALE_OUT_20"
2023-02-02 14:00:00,2023-02-02 22:00:00,LONG,23771.283305999998,23359.797567273294,-44.124525370433936,-1.77032788821878,8,1.1915919319698984,-1.3277924541849557,52.08296625000001,"FIB_236_SHORT,EARLY_WAVE_LONG,TREND_Q1,TREND_Q2,TREND_Q3,TREND_Q4,BULL_STRUCTURE,MOMENTUM_START",STOP_LOSS
2023-02-03 09:00:00,2023-02-05 12:00:00,LONG,23428.204704,23052.010627743537,-12.099042599702228,-0.24381738780140838,51,0.7476257707877026,-0.585639001082205,95.32962846273037,"EARLY_WAVE_LONG,SWING_REVERSAL_BUY,DNA_ACCUMULATION_01,HAMMER_BUY,BEAR_STRUCTURE,BUY_LIQUIDITY_GRAB,MOMENTUM_START,TRIPLE_CONFIRMATION","SIGNAL_EXIT,DEFENSE_03,STOP_LOSS"
2023-02-06 16:00:00,2023-02-06 23:00:00,LONG,23047.468572,22693.78986195702,-38.997003760169626,-1.573952579019773,7,0.0,-0.7293580701709812,56.11808124999999,"BOS_CONTINUE_LONG,EARLY_WAVE_LONG,EMERGENCY_EXIT_04,DNA_TREND_02,ENERGY_RECOVER,STRUCTURE_FAILURE_SHORT,CONFLUENCE_02,CONFLUENCE_03",STOP_LOSS
2023-02-07 10:00:00,2023-02-07 22:00:00,LONG,23015.532186,23191.61075,17.883962410734107,0.7247363143810446,12,1.1617711545364389,-0.480728340782417,79.3745225,"FIB_786_LONG,WAVE_ACCELERATION,STRONG_WAVE,DNA_TREND_01,DNA_TREND_02,ENERGY_RECOVER,CONFLUENCE_02,CONFLUENCE_03","SCALE_OUT_10, DEFENSE_03"
2023-02-09 05:00:00,2023-02-09 19:00:00,LONG,22573.553808,22203.22900204199,-24.449283675681357,-0.9890986447714009,14,0.7709295287759556,-0.27356706225900473,78.51020813125,"EARLY_WAVE_LONG,ANTI_FIBO,HAMMER_BUY,ENERGY_RECOVER,CONFLUENCE_02,CONFLUENCE_03,BEAR_STRUCTURE,BUY_LIQUIDITY_GRAB","SIGNAL_EXIT,STOP_LOSS"
2023-02-11 20:00:00,2023-02-12 10:00:00,LONG,21666.692472,21902.6186,19.09504089372564,0.7744846765385032,14,1.1091103467248271,0.0,73.263015,"FIB_382_LONG,EARLY_EXHAUSTION_BUY,EMERGENCY_EXIT_01,TREND_Q1,TREND_Q2,TREND_Q3,TREND_Q4,BULL_STRUCTURE","SCALE_OUT_10,SIGNAL_EXIT"
2023-02-12 22:00:00,2023-02-13 10:00:00,LONG,21742.727676000002,21470.71593475502,-25.648007821000924,-1.0383628668129343,12,0.5747315877847838,-0.7266230730304835,71.56289196,"BOS_CONTINUE_SHORT,LATE_WAVE_EXIT,WAVE_ACCELERATION,STRONG_WAVE,ANTI_LATE_WAVE,SWING_REVERSAL_BUY,DNA_TREND_01,DNA_TREND_02","SIGNAL_EXIT,STOP_LOSS"
2023-02-13 11:00:00,2023-02-14 01:00:00,LONG,21598.478832,21733.612408,9.955296183181977,0.404130934782676,14,0.812516332122405,-0.6486513846171019,92.92159819914998,"EARLY_WAVE_LONG,SWING_REVERSAL_BUY,HAMMER_BUY,ENERGY_RECOVER,CONFLUENCE_02,CONFLUENCE_03,TREND_Q1,TREND_Q2",SIGNAL_EXIT
2023-02-14 15:00:00,2023-02-15 12:00:00,LONG,22251.839477999998,22439.791144,-19.242132075018777,-0.7804155800549807,21,0.8686496331734997,-1.0941993278385878,56.11808124999999,"BOS_CONTINUE_LONG,EARLY_WAVE_LONG,EMERGENCY_EXIT_04,DNA_TREND_01,DNA_TREND_02,ENERGY_WALL,ENERGY_EXTREME,ENERGY_RECOVER","DEFENSE_03,SIGNAL_EXIT"
2023-02-16 01:00:00,2023-02-16 15:00:00,LONG,24589.316880000002,24418.91524,-17.8050044797933,-0.7236132267733157,14,0.5819727351449551,-0.673125165728487,74.21911875,"LATE_WAVE_EXIT,STRONG_WAVE,ANTI_LATE_WAVE,ENERGY_RECOVER,TREND_Q1,BULL_STRUCTURE,MOMENTUM_START,BARRIER_L1",SIGNAL_EXIT
2023-02-16 16:00:00,2023-02-16 21:00:00,LONG,25077.684533999996,24421.33595193237,-65.23322868765223,-2.656214594075801,5,0.0,-2.0429499115254957,91.705193946625,"BOS_CONTINUE_LONG,LATE_WAVE_EXIT,WAVE_ACCELERATION,STRONG_WAVE,ANTI_LATE_WAVE,DNA_TREND_01,DNA_TREND_02,MARUBOZU_BULL",STOP_LOSS
2023-02-17 09:00:00,2023-02-18 00:00:00,LONG,24325.998910986676,24563.326352000004,91.26747288295495,1.100585691762272,15,2.6665891718850285,-0.24971822917612968,50.31116999999999,"WAVE_ACCELERATION,TREND_RESUME_02,TREND_RESUME_03,BEAR_STRUCTURE,MOMENTUM_START,TRIPLE_CONFIRMATION,FIVE_CONFIRMATION,CASCADE_03,TRAIL_ENERGY,PYRAMID_LEVEL2,SCALE_OUT_10","SIGNAL_EXIT,TRAIL_ENERGY, SCALE_OUT_10, SCALE_OUT_20"
2023-02-18 04:00:00,2023-02-19 05:00:00,LONG,24614.601936,24707.437524,3.1158879440674982,0.12659492135599304,25,0.5063988616354478,-0.6410501230540713,73.9004175,"WAVE_ACCELERATION,EARLY_EXHAUSTION_BUY,HIDDEN_EXHAUSTION,PRESSURE_EXHAUSTION,DELTA_EXHAUSTION,TREND_Q1,TREND_Q2,TREND_Q3",SIGNAL_EXIT
2023-02-19 06:00:00,2023-02-19 17:00:00,LONG,24763.111632,24428.610275055755,-34.22607157117467,-1.3902647057059778,11,0.6424813261125271,-0.783631858886573,79.3745225,"FIB_786_LONG,WAVE_ACCELERATION,ENERGY_RECOVER,CONFLUENCE_02,CONFLUENCE_03,TREND_Q1,TREND_Q2,TREND_Q3",STOP_LOSS
2023-02-19 18:00:00,2023-02-20 01:00:00,LONG,24369.252876000002,23910.705043360063,-47.12068005392663,-1.9209128693407829,7,0.7050980383942052,-0.6491084351452916,51.137966250000005,"BOS_CONTINUE_SHORT,EARLY_WAVE_LONG,FAILED_WAVE,ANTI_FIBO,EMERGENCY_EXIT_04,DNA_TREND_01,DNA_TREND_02,ENERGY_RECOVER",STOP_LOSS
2023-02-20 15:00:00,2023-02-21 10:00:00,LONG,24974.994,24795.030002000003,-12.720881182941762,-0.26056590444416117,19,0.22993398917332866,-1.144200475083194,100.0,"FIB_786_LONG,STRONG_WAVE,ENERGY_RECOVER,CONFLUENCE_02,CONFLUENCE_03,TREND_Q1,TREND_Q2,TREND_Q3","SIGNAL_EXIT,DEFENSE_03"
2023-02-21 14:00:00,2023-02-22 02:00:00,LONG,24574.643946,24170.884856,-41.00421673573232,-1.6823334036939035,12,0.4493088658481806,-1.624210494675218,94.00664196000001,"LATE_WAVE_EXIT,WAVE_ACCELERATION,STRONG_WAVE,ANTI_FIBO,ANTI_LATE_WAVE,SWING_REVERSAL_BUY,EMERGENCY_EXIT_04,EMERGENCY_EXIT_05",SIGNAL_EXIT
2023-02-22 10:00:00,2023-02-22 16:00:00,LONG,24112.361508,23578.76389822108,-54.654482219258355,-2.2520776953267014,6,0.28752261356481035,-1.6537223360213116,69.363117915,"EARLY_WAVE_LONG,WAVE_ACCELERATION,TREND_RESUME_02,TREND_RESUME_03,BEAR_STRUCTURE,MOMENTUM_START,TRIPLE_CONFIRMATION,FIVE_CONFIRMATION",STOP_LOSS
2023-02-22 17:00:00,2023-02-23 05:00:00,LONG,23638.366727999997,24515.016015999998,88.48502691052244,3.6671031106680125,12,3.778785913080633,0.0,73.58171625000001,"EARLY_WAVE_LONG,ANTI_FIBO,EMERGENCY_EXIT_01,EMERGENCY_EXIT_04,STRUCTURE_FAILURE_LONG,BULL_STRUCTURE,MOMENTUM_START,TRIPLE_CONFIRMATION","TRAIL_DELTA, TRAIL_WAVE"
2023-02-23 11:00:00,2023-02-23 11:00:00,LONG,24260.781186,23736.865067782408,-53.53330686498713,-2.1986549408908433,0,0.0,0.0,50.84715999999999,"FIB_382_SHORT,BOS_RETEST_LONG,WAVE_ACCELERATION,TREND_Q1,BULL_STRUCTURE,MOMENTUM_START,TRIPLE_CONFIRMATION,FIVE_CONFIRMATION",STOP_LOSS
2023-02-25 16:00:00,2023-02-26 04:00:00,LONG,23010.781236,23209.887093999998,19.973056906183917,0.8249259389134762,12,0.9787966853017259,-0.3833039612840599,51.93247499999999,"FIB_382_LONG,WAVE_ACCELERATION,EARLY_EXHAUSTION_BUY,PRESSURE_EXHAUSTION,DELTA_EXHAUSTION,DNA_ACCUMULATION_01,TREND_Q1,TREND_Q2",SIGNAL_EXIT
2023-02-26 09:00:00,2023-02-26 21:00:00,LONG,23157.020478,23634.952064,49.07803006544598,2.0230478511666603,12,2.0842902585785836,0.0,57.212476335000005,"FIB_236_SHORT,BOS_RETEST_LONG,TREND_Q1,TREND_Q2,TREND_Q3,TREND_Q4,MULTI_SWING_SELL_01,HIGHER_HIGH_CONTINUE",PYRAMID_LEVEL2
2023-02-26 23:00:00,2023-02-27 13:00:00,LONG,23481.835428,23398.499364,-8.291173949540113,-0.3400848709755221,14,0.32708078648919536,-0.523491565967714,73.58171625000001,"EARLY_WAVE_LONG,EMERGENCY_EXIT_04,ENERGY_RECOVER,STRUCTURE_FAILURE_SHORT,BULL_STRUCTURE,STRUCTURE_WEAKENING,MOMENTUM_START,TRIPLE_CONFIRMATION",SIGNAL_EXIT
2023-02-27 14:00:00,2023-02-27 16:00:00,LONG,23709.030858000002,23359.983145785904,-36.817983126705435,-1.5116252858200765,2,0.3982834328638724,-0.6311133462020501,79.03221375,"EARLY_WAVE_LONG,FAILED_WAVE,EMERGENCY_EXIT_04,DNA_TREND_01,DNA_TREND_02,ENERGY_WALL,ENERGY_EXTREME,ENERGY_RECOVER",STOP_LOSS
2023-02-27 21:00:00,2023-02-28 18:00:00,LONG,23325.044076000002,23521.19482,0.4801812976216604,0.019791436907426012,21,0.8638608499236471,-0.3788377664457351,100.0,"BOS_RETEST_SHORT,LATE_WAVE_EXIT,WAVE_ACCELERATION,STRONG_WAVE,ANTI_LATE_WAVE,PRESSURE_EXHAUSTION,DELTA_EXHAUSTION,SWING_REVERSAL_BUY","SIGNAL_EXIT,DEFENSE_03,SCALE_OUT_10"
2023-02-28 20:00:00,2023-03-01 08:00:00,LONG,23268.032676,23711.316788,45.23092198117322,1.8643586732291606,12,2.26253474597794,-0.7178633377642026,72.71950959000002,"FIB_236_SHORT,EARLY_WAVE_LONG,FAILED_WAVE,SWING_REVERSAL_BUY,DNA_TREND_01,DNA_TREND_02,ENERGY_RECOVER,BULL_STRUCTURE","TRAIL_ENERGY, SCALE_OUT_10, SCALE_OUT_20"
2023-03-02 19:00:00,2023-03-03 01:00:00,LONG,23445.828228,23099.323890292137,-36.97892902666325,-1.5173021989435809,6,0.09055671564908482,-0.15857075995974937,56.11630499999998,"FIB_786_LONG,FAILED_BOS_SHORT,STRONG_WAVE,ANTI_BOS,DNA_TREND_01,DNA_TREND_02,ENERGY_RECOVER,CONFLUENCE_02",STOP_LOSS
2023-03-03 19:00:00,2023-03-05 00:00:00,LONG,22317.66264,22342.100686,2.931753215958885,0.12076450002704789,29,0.30311131183943135,-0.4660552571198701,73.9004175,"ANTI_MOMENTUM,EARLY_EXHAUSTION_SELL,HIDDEN_EXHAUSTION,TREND_Q1,TREND_Q2,TREND_Q3,TREND_Q4,HIGHER_LOW","SIGNAL_EXIT,DEFENSE_03"
2023-03-05 02:00:00,2023-03-05 02:00:00,LONG,22595.658228,22293.64158171247,-33.41328407774105,-1.3760789784601815,0,0.0,0.0,54.18297499999999,"BOS_CONTINUE_LONG,EARLY_WAVE_LONG,EMERGENCY_EXIT_04,DNA_TREND_02,ENERGY_RECOVER,STRUCTURE_FAILURE_SHORT,CONFLUENCE_02,TREND_Q1",STOP_LOSS
2023-03-05 07:00:00,2023-03-05 21:00:00,LONG,22420.243152,22404.098284000003,-3.218691880493441,-0.06651411582156633,14,0.20306134813680696,-0.34581762327177806,100.0,"BOS_RETEST_LONG,ANTI_MOMENTUM,EARLY_EXHAUSTION_SELL,DNA_ACCUMULATION_01,TREND_Q1,TREND_Q2,TREND_Q3,TREND_Q4",SIGNAL_EXIT
2023-03-06 01:00:00,2023-03-06 19:00:00,LONG,22450.969296,22499.579184000002,-3.794134341306193,-0.15689477177817227,18,0.4563308721742014,-0.4825595481942095,71.39163858749998,"FIB_236_LONG,FIB_382_LONG,EARLY_EXHAUSTION_BUY,HAMMER_BUY,TREND_Q1,TREND_Q2,TREND_Q3,TREND_Q4",SIGNAL_EXIT
2023-03-06 20:00:00,2023-03-07 15:00:00,LONG,22397.82867,22167.76034290994,-4.4142160956931935,-0.1826262434946405,19,0.4466117295288768,-0.3957913568592302,72.71950959000002,"FIB_236_SHORT,EARLY_WAVE_LONG,SWING_REVERSAL_BUY,DNA_TREND_01,DNA_TREND_02,ENERGY_RECOVER,BULL_STRUCTURE,MOMENTUM_START","SIGNAL_EXIT,DEFENSE_03,STOP_LOSS"
2023-03-08 03:00:00,2023-03-08 05:00:00,LONG,22181.4354,21864.669252811655,-35.450796719744375,-1.4674975222273874,2,0.0,-0.17873234660006543,93.574483065,"FIB_382_LONG,EARLY_EXHAUSTION_BUY,PRESSURE_EXHAUSTION,DELTA_EXHAUSTION,TREND_Q1,TREND_Q2,TREND_Q3,TREND_Q4",STOP_LOSS
2023-03-08 19:00:00,2023-03-08 22:00:00,LONG,22026.374394000002,21694.95558681111,-37.15936653896783,-1.5440434423754277,3,0.339981536046146,-0.13222509287745382,72.2469864375,"FIB_382_LONG,EARLY_EXHAUSTION_BUY,HIDDEN_EXHAUSTION,DNA_ACCUMULATION_01,HAMMER_BUY,TREND_Q1,TREND_Q2,TREND_Q3",STOP_LOSS
2023-03-08 23:00:00,2023-03-09 17:00:00,LONG,21804.830094,21396.960533794572,-18.999805902234012,-0.7926174792258043,18,0.0,-1.4949902961624164,85.19170218489,"EARLY_WAVE_LONG,FAILED_WAVE,HIST200_BUY,ANTI_FIBO,SWING_REVERSAL_BUY,ENERGY_RECOVER,TREND_Q1,TREND_Q2","SIGNAL_EXIT,STOP_LOSS"
2023-03-09 18:00:00,2023-03-09 18:00:00,LONG,21474.764094000002,21066.62303218742,-46.40211499546532,-1.9398011042265375,0,0.0,0.0,53.514405,"HIST200_BUY,ANTI_FIBO,ANTI_MOMENTUM,EARLY_EXHAUSTION_BUY,EARLY_EXHAUSTION_SELL,TREND_Q1,TREND_Q2,TREND_Q3",STOP_LOSS
2023-03-10 02:00:00,2023-03-10 20:00:00,LONG,20115.892374,20018.715456,-45.04765509346317,-0.9462731091456339,18,0.34314970828347674,-2.456924926874235,95.97248677572452,"LATE_WAVE_EXIT,STRONG_WAVE,HIST200_BUY,HIST1000_BUY,ANTI_FIBO,ANTI_LATE_WAVE,MAJOR_DEMAND,HAMMER_BUY","SIGNAL_EXIT,DEFENSE_03"
2023-03-11 02:00:00,2023-03-11 07:00:00,LONG,20590.86735,19957.90645515837,-73.72660171775082,-3.1127589067961003,5,0.0,-1.4873455537073326,78.05322594999997,"BOS_CONTINUE_LONG,EARLY_WAVE_LONG,EMERGENCY_EXIT_04,DNA_TREND_01,DNA_TREND_02,ENERGY_RECOVER,STRUCTURE_FAILURE_SHORT,CONFLUENCE_02",STOP_LOSS
2023-03-11 09:00:00,2023-03-12 01:00:00,LONG,20075.834364,20449.319318,35.75037284043878,1.5213826856811907,16,1.892303099896213,-0.2200873109375142,74.53782,"ENERGY_RECOVER,TREND_Q1,TREND_Q2,TREND_Q3,TREND_Q4,BULL_STRUCTURE,MOMENTUM_START,SUPPORT_MAJOR","SIGNAL_EXIT,TRAIL_ENERGY, SCALE_OUT_10,TRAIL_ENERGY, SCALE_OUT_10, SCALE_OUT_20"
2023-03-12 02:00:00,2023-03-12 18:00:00,LONG,20423.413866000003,20782.362696,-4.131512926800779,-0.17517075025813486,16,1.7729951337999186,-0.44857273422107974,71.77716,"STRONG_WAVE,EARLY_EXHAUSTION_BUY,BULL_STRUCTURE,MOMENTUM_END,SUPPORT_MAJOR,TRIPLE_CONFIRMATION,FIVE_CONFIRMATION,CASCADE_03","DEFENSE_03,SIGNAL_EXIT"
2023-03-12 19:00:00,2023-03-13 15:00:00,LONG,21354.2659800521,23479.943072,196.24076329109513,4.625111184973006,20,9.976292427648707,-1.4218949752650711,56.46038999999999,"EARLY_WAVE_LONG,EMERGENCY_EXIT_04,ENERGY_WALL,ENERGY_RECOVER,STRUCTURE_FAILURE_SHORT,CONFLUENCE_02,CONFLUENCE_03,BEAR_STRUCTURE,PYRAMID_LEVEL2","SIGNAL_EXIT,TRAIL_ENERGY, SCALE_OUT_10,TRAIL_DELTA,TRAIL_ENERGY, TRAIL_DELTA, SCALE_OUT_10, SCALE_OUT_20,TRAIL_WAVE"
2023-03-14 00:00:00,2023-03-14 13:00:00,LONG,24117.092454,25827.403486,115.27780079068869,4.791402136177249,13,7.113119250473635,0.0,94.21825959000002,"EARLY_WAVE_LONG,WAVE_ACCELERATION,PRESSURE_EXHAUSTION,DELTA_EXHAUSTION,TREND_Q1,TREND_Q2,BULL_STRUCTURE,STRUCTURE_ACCELERATION","TRAIL_DELTA, SCALE_OUT_30, PYRAMID_LEVEL2,PYRAMID_LEVEL2"
2023-03-14 14:00:00,2023-03-14 19:00:00,LONG,25768.032576,24690.691432125925,-205.43600847931398,-4.219248858989517,5,0.491451660605029,-3.0186727438573735,100.0,"LATE_WAVE_EXIT,WAVE_ACCELERATION,STRONG_WAVE,ANTI_LATE_WAVE,ENERGY_RECOVER,TREND_Q1,TREND_Q2,TREND_Q3",STOP_LOSS
2023-03-14 20:00:00,2023-03-16 09:00:00,LONG,25053.399677999998,24576.18378,-26.30207220713349,-1.1038937634037402,37,0.0,-3.786750262213253,74.53782,"STRONG_WAVE,ENERGY_RECOVER,TREND_Q1,TREND_Q2,TREND_Q3,TREND_Q4,BULL_STRUCTURE,MOMENTUM_START","SIGNAL_EXIT,DEFENSE_03"
2023-03-16 10:00:00,2023-03-16 23:00:00,LONG,24663.141642,24977.643472,28.685048769950562,1.2073596364736847,13,1.2911913762750367,0.0,74.53782,"LATE_WAVE_EXIT,WAVE_ACCELERATION,ANTI_LATE_WAVE,ENERGY_RECOVER,TREND_Q1,TREND_Q2,TREND_Q3,TREND_Q4","PYRAMID_LEVEL1,TRAIL_ENERGY, SCALE_OUT_10, SCALE_OUT_20"
2023-03-17 00:00:00,2023-03-17 12:00:00,LONG,25895.62966677734,26914.725978000002,389.61657761873204,3.8938246870478532,12,3.9508610000522295,-0.3425072402481471,74.53782,"HIDDEN_EXHAUSTION,SWING_REVERSAL,TREND_Q1,TREND_Q2,TREND_Q3,TREND_Q4,BULL_STRUCTURE,MOMENTUM_END,PYRAMID_LEVEL2,SCALE_OUT_30,TRAIL_ENERGY,TRAIL_DELTA,SCALE_OUT_20","SCALE_OUT_30, PYRAMID_LEVEL2"
2023-03-17 13:00:00,2023-03-18 01:00:00,LONG,27023.141837367904,27617.975300000002,96.40076721007381,2.1603197586182645,12,3.280839402253808,-1.3375598207036263,94.21825959000002,"EARLY_WAVE_LONG,ENERGY_RECOVER,TREND_Q1,TREND_Q2,TREND_Q3,TREND_Q4,BULL_STRUCTURE,MOMENTUM_START,SCALE_OUT_30,PYRAMID_LEVEL2","TRAIL_DELTA, SCALE_OUT_30, PYRAMID_LEVEL2"
2023-03-18 04:00:00,2023-03-18 18:00:00,LONG,27312.031314,27304.108086,-4.649130350657897,-0.18575414147607947,14,0.9739981729723621,-0.3458597162327497,50.81926500000001,"WAVE_ACCELERATION,ANTI_MOMENTUM,EARLY_EXHAUSTION_SELL,TREND_Q1,TREND_Q2,TREND_Q3,TREND_Q4,MULTI_SWING_SELL_01",SIGNAL_EXIT
2023-03-18 19:00:00,2023-03-19 15:00:00,LONG,27325.16394,27322.274452,-34.03853386976159,-1.3607639857365816,20,0.01707605491498178,-1.5285322383320967,72.2469864375,"FIB_382_LONG,WAVE_ACCELERATION,EARLY_EXHAUSTION_BUY,EMERGENCY_EXIT_01,DNA_ACCUMULATION_01,HAMMER_BUY,TREND_Q1,TREND_Q2",SIGNAL_EXIT
2023-03-19 17:00:00,2023-03-20 03:00:00,LONG,27924.443772,27203.609118778615,-65.31645226894122,-2.6203426032162938,10,1.3581156032918813,-1.7530654361354092,79.71683125,"LATE_WAVE_EXIT,WAVE_ACCELERATION,STRONG_WAVE,ANTI_LATE_WAVE,ENERGY_WALL,ENERGY_EXTREME,ENERGY_RECOVER,CONFLUENCE_02",STOP_LOSS
2023-03-20 04:00:00,2023-03-20 22:00:00,LONG,27869.069424098783,27990.490782,-53.13617052883337,-0.8254445215723948,18,3.330919745660779,-1.1312161855902247,79.3745225,"FIB_786_LONG,WAVE_ACCELERATION,STRONG_WAVE,ENERGY_RECOVER,CONFLUENCE_02,CONFLUENCE_03,TREND_Q1,TREND_Q2,SCALE_OUT_30,PYRAMID_LEVEL2",SIGNAL_EXIT
2023-03-20 23:00:00,2023-03-21 12:00:00,LONG,27956.460174,28034.521974000003,0.7429304391061876,0.030173902497306886,13,0.29928619531672895,-1.6139746276591669,73.263015,"FIB_382_LONG,TREND_Q1,TREND_Q2,TREND_Q3,TREND_Q4,BULL_STRUCTURE,MOMENTUM_END,RESISTANCE_MAJOR",SIGNAL_EXIT
2023-03-21 23:00:00,2023-03-22 15:00:00,LONG,28037.466372,28557.897278,9.03076795165469,0.3667910094124709,16,1.8765733715705575,-0.030517636245991325,93.7905625125,"FIB_382_LONG,DNA_ACCUMULATION_01,TREND_Q1,TREND_Q2,TREND_Q3,TREND_Q4,BULL_STRUCTURE,MOMENTUM_END",SIGNAL_EXIT
2023-03-22 20:00:00,2023-03-23 09:00:00,LONG,27161.202948459595,27626.503593999998,107.12008432547975,1.672146443434915,13,2.497520255727832,0.0,56.63560959000001,"BOS_CONTINUE_SHORT,EARLY_WAVE_LONG,ANTI_FIBO,EMERGENCY_EXIT_04,DNA_TREND_01,DNA_TREND_02,MARUBOZU_BULL,MARUBOZU_BEAR,PYRAMID_LEVEL2","TRAIL_ENERGY, SCALE_OUT_10, SCALE_OUT_20"
2023-03-23 15:00:00,2023-03-24 04:00:00,LONG,28050.919062,28214.336004,22.52630423714824,0.4522895321040295,13,1.8892462554566052,-0.5244714502039284,100.0,"BOS_CONTINUE_LONG,EARLY_WAVE_LONG,TREND_RESUME_01,TREND_RESUME_02,TREND_RESUME_03,DNA_TREND_01,DNA_TREND_02,ENERGY_RECOVER","SIGNAL_EXIT,SCALE_OUT_10"
2023-03-24 06:00:00,2023-03-24 17:00:00,LONG,28290.10689,27635.258667175756,-58.737263684642606,-2.3538346068480096,10,0.0,-1.6216866616441314,85.09744761462,"TREND_RESUME_02,TREND_RESUME_03,MARUBOZU_BULL,MARUBOZU_BEAR,TREND_Q1,TREND_Q2,TREND_Q3,TREND_Q4",STOP_LOSS
2023-03-25 11:00:00,2023-03-26 02:00:00,LONG,27482.4954,27587.821332,-3.7488422951571296,-0.15113542975594238,15,0.6001441921463962,-1.0654614718865723,51.93247499999999,"FIB_382_LONG,WAVE_ACCELERATION,PRESSURE_EXHAUSTION,DELTA_EXHAUSTION,DNA_ACCUMULATION_01,BEAR_STRUCTURE,MOMENTUM_START,BARRIER_L1",SIGNAL_EXIT
2023-03-26 09:00:00,2023-03-26 22:00:00,LONG,27664.73184,27832.53238,22.6645950624941,0.45708256404049913,13,1.7540678247181636,0.0,100.0,"BOS_CONTINUE_LONG,EARLY_WAVE_LONG,TREND_RESUME_01,TREND_RESUME_02,TREND_RESUME_03,ENERGY_RECOVER,CONFLUENCE_02,CONFLUENCE_03","SIGNAL_EXIT,SCALE_OUT_10"
2023-03-26 23:00:00,2023-03-27 14:00:00,LONG,28045.888056,27580.19289363648,-15.738094360650686,-0.6334671393650895,15,0.0,-1.258288043136152,79.3745225,"FIB_786_LONG,WAVE_ACCELERATION,DNA_TREND_01,DNA_TREND_02,ENERGY_RECOVER,CONFLUENCE_02,CONFLUENCE_03,TREND_Q1","SIGNAL_EXIT,STOP_LOSS"
2023-03-27 15:00:00,2023-03-28 03:00:00,LONG,26965.772076,27032.172484000002,5.112823700090014,0.2061410993526686,12,0.7596961192975705,-0.2304850601897601,56.63560959000001,"BOS_CONTINUE_SHORT,EARLY_WAVE_LONG,ANTI_FIBO,EMERGENCY_EXIT_04,DNA_TREND_01,DNA_TREND_02,MARUBOZU_BULL,MARUBOZU_BEAR",SIGNAL_EXIT
2023-03-29 22:00:00,2023-03-30 17:00:00,LONG,28296.668201999997,27737.510077859555,39.681373676098346,0.7996135124099227,19,2.361026369715078,-0.17457250319140127,100.0,"FIB_382_LONG,TREND_Q1,TREND_Q2,MULTI_SWING_BUY_01,HIGHER_LOW,BULL_STRUCTURE,MOMENTUM_START,TRIPLE_CONFIRMATION","SIGNAL_EXIT,TRAIL_ENERGY, SCALE_OUT_10, SCALE_OUT_20,TRAIL_ENERGY, SCALE_OUT_10,DEFENSE_03,STOP_LOSS"
2023-03-30 19:00:00,2023-03-31 09:00:00,LONG,27909.270738,27791.750538,-0.8433197635627543,-0.033858627168036795,14,1.2178722446416614,-0.6119498413387733,86.3727212320875,"ANTI_FIBO,EARLY_EXHAUSTION_BUY,TREND_RESUME_02,TREND_RESUME_03,EMERGENCY_EXIT_04,DNA_ACCUMULATION_01,STRUCTURE_FAILURE_LONG,BEAR_STRUCTURE","SCALE_OUT_10, DEFENSE_03,SIGNAL_EXIT"
2023-03-31 20:00:00,2023-04-01 17:00:00,LONG,28475.003862,28320.3348,-9.900081374875477,-0.19877695521638178,21,0.4762989274989817,-0.5512338567562738,100.0,"BOS_RETEST_LONG,EARLY_WAVE_LONG,PRESSURE_EXHAUSTION,DELTA_EXHAUSTION,TREND_Q1,TREND_Q2,HIGHER_HIGH_CONTINUE,BULL_STRUCTURE",SIGNAL_EXIT
2023-04-01 18:00:00,2023-04-02 15:00:00,LONG,28378.034472,28267.445379999997,2.5952663623797547,0.10434172455411928,21,0.4930064065502532,-0.39740057441706594,73.263015,"FIB_382_LONG,STRONG_WAVE,EARLY_EXHAUSTION_BUY,TREND_Q1,TREND_Q2,TREND_Q3,TREND_Q4,BULL_STRUCTURE","SIGNAL_EXIT,DEFENSE_03"
2023-04-05 09:00:00,2023-04-05 14:00:00,LONG,28549.508759999997,28108.03305676251,-39.44789027013671,-1.5857327713269993,5,0.06809658324924449,-0.5076401181482019,51.07465999999999,"FIB_236_SHORT,BOS_RETEST_LONG,TREND_Q1,BULL_STRUCTURE,MOMENTUM_START,TRIPLE_CONFIRMATION,FIVE_CONFIRMATION,CASCADE_03",STOP_LOSS
2023-04-06 02:00:00,2023-04-06 17:00:00,LONG,28070.06289,28059.53697,-9.036987004255986,-0.364752763982143,15,0.2078980379512687,-0.7839771890158421,69.77283722499999,"WAVE_ACCELERATION,TREND_RESUME_02,TREND_RESUME_03,DNA_ACCUMULATION_01,BEAR_STRUCTURE,MOMENTUM_START,TRIPLE_CONFIRMATION,FIVE_CONFIRMATION",SIGNAL_EXIT
2023-04-09 16:00:00,2023-04-10 07:00:00,LONG,27897.488382,28272.284412,31.355501478651483,1.2668592360003825,15,1.9345885572560184,-0.001822321755416524,54.402985,"FIB_236_LONG,FIB_382_LONG,WAVE_ACCELERATION,ENERGY_RECOVER,CONFLUENCE_02,CONFLUENCE_03,BEAR_STRUCTURE,MOMENTUM_START","TRAIL_ENERGY, SCALE_OUT_10, SCALE_OUT_20,TRAIL_ENERGY, SCALE_OUT_10,SIGNAL_EXIT"
2023-04-10 15:00:00,2023-04-11 04:00:00,LONG,29178.58377556647,30109.92681,197.8859592645296,3.0659777445478937,13,4.099671783466381,0.0,54.402985,"FIB_236_LONG,FIB_382_LONG,PRESSURE_EXHAUSTION,DELTA_EXHAUSTION,DNA_TREND_02,ENERGY_RECOVER,CONFLUENCE_02,CONFLUENCE_03,TRAIL_ENERGY,TRAIL_DELTA,TRAIL_WAVE,SCALE_OUT_10,SCALE_OUT_20,SCALE_OUT_30,SCALE_OUT_50,PYRAMID_LEVEL3","TRAIL_DELTA, TRAIL_WAVE, SCALE_OUT_30, PYRAMID_LEVEL3,TRAIL_ENERGY, TRAIL_DELTA, TRAIL_WAVE, SCALE_OUT_10, SCALE_OUT_20, PYRAMID_LEVEL3"
2023-04-11 08:00:00,2023-04-12 03:00:00,LONG,30112.92138,29910.176768,3.489698701294605,0.13785236024843203,19,0.5008767435635639,-0.6534117946147938,73.263015,"HIDDEN_EXHAUSTION,PRESSURE_EXHAUSTION,DELTA_EXHAUSTION,TREND_Q1,TREND_Q2,TREND_Q3,HIGHER_HIGH_CONTINUE,BULL_STRUCTURE","SIGNAL_EXIT,SCALE_OUT_10"
2023-04-12 04:00:00,2023-04-12 17:00:00,LONG,29928.024408,29933.032196,0.9967299394466004,0.03936384828345079,13,0.7653882824914028,-0.04361934427088485,94.00218014250001,"ANTI_MOMENTUM,EARLY_EXHAUSTION_BUY,EARLY_EXHAUSTION_SELL,TREND_RESUME_02,TREND_RESUME_03,EMERGENCY_EXIT_01,EMERGENCY_EXIT_04,STRUCTURE_FAILURE_LONG",SIGNAL_EXIT
2023-04-12 22:00:00,2023-04-13 11:00:00,LONG,29950.108824,30197.089374000003,19.8739749322882,0.784883996400679,13,0.8505517542422655,-0.3631333182764547,51.93247499999999,"FIB_382_LONG,WAVE_ACCELERATION,EARLY_EXHAUSTION_BUY,PRESSURE_EXHAUSTION,DELTA_EXHAUSTION,DNA_ACCUMULATION_01,TREND_Q1,TREND_Q2","SIGNAL_EXIT,SCALE_OUT_10"
2023-04-13 15:00:00,2023-04-14 04:00:00,LONG,30441.417066,30684.751822,15.295493066866017,0.6029429512747566,13,1.0969362341970494,-0.6223332691420398,80.05913999999999,"BOS_RETEST_LONG,LATE_WAVE_EXIT,WAVE_ACCELERATION,STRONG_WAVE,ANTI_LATE_WAVE,DNA_TREND_01,DNA_TREND_02,ENERGY_RECOVER","SIGNAL_EXIT,SCALE_OUT_10"
2023-04-14 08:00:00,2023-04-14 15:00:00,LONG,30739.876745999998,30267.068271508215,-40.07391788077082,-1.577479655521019,7,0.20173553235886266,-0.4553913704882188,51.85782,"LATE_WAVE_EXIT,STRONG_WAVE,ANTI_LATE_WAVE,DNA_TREND_01,DNA_TREND_02,MARUBOZU_BULL,MARUBOZU_BEAR,ENERGY_RECOVER",STOP_LOSS
2023-04-14 16:00:00,2023-04-15 12:00:00,LONG,30243.927576000002,30379.232938,9.257105191363928,0.3658784902225636,20,0.7373461116768494,-0.31886591368684564,74.53782,"LATE_WAVE_EXIT,WAVE_ACCELERATION,STRONG_WAVE,ANTI_LATE_WAVE,SWING_REVERSAL_BUY,DNA_TREND_02,ENERGY_WALL,ENERGY_RECOVER","DEFENSE_03,SIGNAL_EXIT"
2023-04-15 17:00:00,2023-04-16 07:00:00,LONG,30326.043996,30299.998788,-3.6574494987087687,-0.14443962216851836,14,0.08222636623256328,-0.29378706966115026,73.51013840624998,"WAVE_ACCELERATION,EARLY_EXHAUSTION_BUY,HIDDEN_EXHAUSTION,PRESSURE_EXHAUSTION,DELTA_EXHAUSTION,DNA_ACCUMULATION_01,HAMMER_BUY,BEAR_STRUCTURE","SIGNAL_EXIT,DEFENSE_03, DEFENSE_04"
2023-04-16 13:00:00,2023-04-17 00:00:00,LONG,30266.062002,30054.702232779393,-18.68027532134108,-0.7380598443859542,11,0.7016703989635921,-0.053102389068439455,70.54957,"WAVE_ACCELERATION,EARLY_EXHAUSTION_BUY,HIDDEN_EXHAUSTION,HIGHER_HIGH_CONTINUE,BULL_STRUCTURE,MOMENTUM_END,TRIPLE_CONFIRMATION,FIVE_CONFIRMATION",STOP_LOSS
2023-04-17 02:00:00,2023-04-17 11:00:00,LONG,29952.209244,29568.174205136085,-33.3857699976036,-1.321646444578272,9,0.22632973563904402,-0.3803033127608789,77.95948999999999,"LATE_WAVE_EXIT,STRONG_WAVE,ANTI_FIBO,ANTI_LATE_WAVE,EMERGENCY_EXIT_01,EMERGENCY_EXIT_04,ENERGY_RECOVER,STRUCTURE_FAILURE_LONG",STOP_LOSS
2023-04-17 15:00:00,2023-04-18 03:00:00,LONG,29446.298081999998,29459.936834000004,0.15857190892321027,0.006298847010381917,12,0.26717082663811786,-0.2988086371841144,52.24621499999999,"ANTI_FIBO,EARLY_EXHAUSTION_BUY,TREND_RESUME_02,TREND_RESUME_03,EMERGENCY_EXIT_01,EMERGENCY_EXIT_04,STRUCTURE_FAILURE_LONG,BEAR_STRUCTURE",SIGNAL_EXIT
2023-04-18 19:00:00,2023-04-19 08:00:00,LONG,30150.528899999998,29683.4777829721,-80.06583091784445,-1.060223334076712,13,0.8908337923053863,-0.47229320743357345,100.0,"FIB_236_LONG,TREND_RESUME_01,TREND_RESUME_02,TREND_RESUME_03,ENERGY_RECOVER,CONFLUENCE_02,CONFLUENCE_03,BULL_STRUCTURE","DEFENSE_03,STOP_LOSS"
2023-04-20 17:00:00,2023-04-21 06:00:00,LONG,28448.248512000002,27821.329417446548,-34.41350893080437,-1.378474953129522,13,0.013890092384183084,-1.208751083058596,52.88030999999997,"LATE_WAVE_EXIT,WAVE_ACCELERATION,STRONG_WAVE,HIST200_BUY,ANTI_LATE_WAVE,SWING_REVERSAL_BUY,ENERGY_RECOVER,TREND_Q1","SIGNAL_EXIT,STOP_LOSS"
2023-04-21 07:00:00,2023-04-21 19:00:00,LONG,27922.453373999997,27358.034412710855,-23.181843436394043,-0.9318815586872564,12,1.0607471414950835,-0.49599285616125705,57.95187646499998,"LATE_WAVE_EXIT,WAVE_ACCELERATION,HIST200_BUY,ANTI_FIBO,ANTI_LATE_WAVE,SWING_REVERSAL_BUY,DNA_TREND_02,ENERGY_RECOVER","SIGNAL_EXIT,STOP_LOSS"
2023-04-22 04:00:00,2023-04-22 16:00:00,LONG,27327.61443,27483.432214,13.151364347980467,0.5299562883008626,12,0.5903024225301865,-0.4251905350085956,58.00998734999998,"EARLY_WAVE_LONG,TREND_Q1,TREND_Q2,TREND_Q3,TREND_Q4,MULTI_SWING_BUY_01,LOWER_LOW_CONTINUE,BEAR_STRUCTURE",SIGNAL_EXIT
2023-04-22 17:00:00,2023-04-23 19:00:00,LONG,27592.077312,27450.198862,-2.5158934632028314,-0.05062905873769235,26,0.9466582926918611,-0.49426257565858955,100.0,"BOS_RETEST_LONG,LATE_WAVE_EXIT,WAVE_ACCELERATION,STRONG_WAVE,ANTI_LATE_WAVE,EMERGENCY_EXIT_04,ENERGY_RECOVER,STRUCTURE_FAILURE_SHORT","SIGNAL_EXIT,DEFENSE_03"
2023-04-23 22:00:00,2023-04-24 11:00:00,LONG,27523.333566,27413.426218,-18.063041059595545,-0.7273196390101873,13,1.0324201220706175,-1.2265358961351371,52.252829999999996,"FIB_382_LONG,WAVE_ACCELERATION,ANTI_MOMENTUM,EARLY_EXHAUSTION_BUY,EARLY_EXHAUSTION_SELL,TREND_Q1,TREND_Q2,TREND_Q3",SIGNAL_EXIT
2023-04-24 12:00:00,2023-04-24 16:00:00,LONG,27556.340166,27091.80152979137,-42.760893862969354,-1.725103384400384,4,0.2464399611519813,-1.0498134522121303,74.53782,"STRONG_WAVE,EARLY_EXHAUSTION_BUY,DNA_TREND_01,DNA_TREND_02,TREND_Q1,TREND_Q2,TREND_Q3,TREND_Q4",STOP_LOSS
2023-04-25 00:00:00,2023-04-25 12:00:00,LONG,27516.432186,27385.481808,-12.726683169039983,-0.5157084674494862,12,0.0,-0.9081562039396198,52.88030999999997,"FIB_786_LONG,WAVE_ACCELERATION,STRONG_WAVE,EARLY_EXHAUSTION_BUY,HIDDEN_EXHAUSTION,TREND_Q1,TREND_Q2,TREND_Q3",SIGNAL_EXIT
2023-04-25 14:00:00,2023-04-26 02:00:00,LONG,27781.180612300723,28386.341596000002,326.5118544398256,2.137441368485105,12,2.847352512993813,-0.20255482223089896,100.0,"FIB_382_LONG,PRESSURE_EXHAUSTION,DELTA_EXHAUSTION,TREND_Q1,TREND_Q2,TREND_Q3,TREND_Q4,MULTI_SWING_BUY_01,PYRAMID_LEVEL2,TRAIL_ENERGY,TRAIL_DELTA,SCALE_OUT_10,SCALE_OUT_20","TRAIL_ENERGY, SCALE_OUT_10"
2023-04-26 06:00:00,2023-04-26 19:00:00,LONG,28400.939051999998,27943.01587907598,154.90068904863273,3.0438602549918596,13,5.508659221216243,-0.08717687804148178,100.0,"EARLY_WAVE_LONG,PRESSURE_EXHAUSTION,DELTA_EXHAUSTION,HIGHER_HIGH_CONTINUE,BULL_STRUCTURE,MOMENTUM_START,SUPPORT_MAJOR,TRIPLE_CONFIRMATION","TRAIL_ENERGY, SCALE_OUT_10,TRAIL_ENERGY, TRAIL_DELTA, SCALE_OUT_10, SCALE_OUT_20,STOP_LOSS"
2023-04-27 13:00:00,2023-04-28 23:00:00,LONG,28867.912428,29339.480929999998,55.1131309883128,2.133939680970476,34,3.1322236211406014,0.0,69.0165,"STRONG_WAVE,BULL_STRUCTURE,MOMENTUM_START,SUPPORT_MAJOR,TRIPLE_CONFIRMATION,CASCADE_03,CASCADE_05,CASCADE_08","SCALE_OUT_30,TRAIL_ENERGY, SCALE_OUT_10, DEFENSE_03,SIGNAL_EXIT,TRAIL_ENERGY, SCALE_OUT_10, SCALE_OUT_20,TRAIL_ENERGY, SCALE_OUT_10,TRAIL_DELTA"
2023-04-29 00:00:00,2023-04-29 18:00:00,LONG,29317.552337999998,29149.408952,-2.832571828713772,-0.10910394409670775,18,0.22698914709105844,-0.5536353653562499,52.80281999999999,"FIB_382_SHORT,PRESSURE_EXHAUSTION,DELTA_EXHAUSTION,TREND_Q1,TREND_Q2,TREND_Q3,BULL_STRUCTURE,MOMENTUM_END",SIGNAL_EXIT
2023-04-30 00:00:00,2023-04-30 16:00:00,LONG,29236.29609,29649.248964000002,4.3528038818165395,0.16772219480864248,16,1.432753002331495,-0.4764833738554405,73.08908774999998,"WAVE_ACCELERATION,PRESSURE_EXHAUSTION,DELTA_EXHAUSTION,DNA_ACCUMULATION_01,HAMMER_BUY,BEAR_STRUCTURE,MOMENTUM_START,SUPPORT_MAJOR","SIGNAL_EXIT,DEFENSE_03"
2023-04-30 17:00:00,2023-04-30 19:00:00,LONG,29723.49351,29359.89365842575,-98.3485300348525,-1.2627849714615216,2,0.0,-0.4925514894497342,100.0,"BOS_RETEST_LONG,LATE_WAVE_EXIT,WAVE_ACCELERATION,STRONG_WAVE,ANTI_LATE_WAVE,TREND_RESUME_04,EMERGENCY_EXIT_01,ENERGY_RECOVER",STOP_LOSS
2023-04-30 21:00:00,2023-05-01 01:00:00,LONG,29335.76598,28918.78433555272,-37.55399274489746,-1.4608418899771398,4,0.25717419497903626,-0.3495936668908517,51.055515,"FIB_786_SHORT,WAVE_ACCELERATION,STRONG_WAVE,ENERGY_RECOVER,TREND_Q1,TREND_Q2,TREND_Q3,HIGHER_HIGH_CONTINUE",STOP_LOSS
2023-05-01 02:00:00,2023-05-01 16:00:00,LONG,28510.060872,28165.005872,-29.429998425566907,-1.1491319977255947,14,0.4174986806741671,-1.1905301553857686,52.09407,"BOS_CONTINUE_SHORT,LATE_WAVE_EXIT,STRONG_WAVE,ANTI_FIBO,ANTI_LATE_WAVE,EMERGENCY_EXIT_04,DNA_TREND_01,DNA_TREND_02",SIGNAL_EXIT
2023-05-02 11:00:00,2023-05-02 23:00:00,LONG,28022.133306,28731.162618000002,63.561373546655936,2.4892353459879097,12,2.550757596485185,-0.04661781405915638,52.40166750000001,"FIB_236_SHORT,ANTI_MOMENTUM,EARLY_EXHAUSTION_SELL,TREND_Q1,TREND_Q2,HIGHER_LOW,BULL_STRUCTURE,MOMENTUM_MIDDLE","TRAIL_ENERGY, SCALE_OUT_10"
2023-05-03 01:00:00,2023-05-03 15:00:00,LONG,28509.410742,28210.216828,-20.345061903188608,-0.7919186772878252,14,0.637681569939195,-1.0296626073984094,68.30760845999998,"FIB_382_LONG,FAILED_BOS_LONG,ANTI_BOS,HIGHER_HIGH_CONTINUE,BULL_STRUCTURE,MOMENTUM_START,TRIPLE_CONFIRMATION,FIVE_CONFIRMATION",SIGNAL_EXIT
2023-05-05 08:00:00,2023-05-05 20:00:00,LONG,29068.102458,29555.747668,41.966515609595646,1.6369245691916319,12,1.784868973644372,-0.3980736553656804,67.836125,"STRONG_WAVE,HIGHER_HIGH_CONTINUE,BULL_STRUCTURE,MOMENTUM_START,TRIPLE_CONFIRMATION,CASCADE_03,CASCADE_05,CASCADE_08","TRAIL_ENERGY, SCALE_OUT_10, SCALE_OUT_20"
2023-05-06 01:00:00,2023-05-06 08:00:00,LONG,29677.054224,29160.9653739352,-137.3206977667629,-1.7783208273669457,7,0.0,-1.1245867648484378,100.0,"EARLY_WAVE_LONG,TREND_RESUME_01,TREND_RESUME_02,TREND_RESUME_03,ENERGY_RECOVER,CONFLUENCE_02,CONFLUENCE_03,TREND_Q1",STOP_LOSS
2023-05-07 01:00:00,2023-05-07 23:00:00,LONG,28948.518546,28733.472156000003,-3.297770334540759,-0.12989103609724104,22,0.3357389561941136,-0.7230026146844681,57.05197139250001,"EARLY_WAVE_LONG,TREND_RESUME_02,TREND_RESUME_03,LOWER_HIGH,BEAR_STRUCTURE,MOMENTUM_START,BARRIER_L1,TRIPLE_CONFIRMATION","SIGNAL_EXIT,DEFENSE_03"
2023-05-08 19:00:00,2023-05-09 13:00:00,LONG,27480.755051999997,27752.798329999998,7.54603600315766,0.29734602908085334,18,1.010106700033343,-0.5095749797813657,72.45862722000001,"EARLY_WAVE_LONG,HIST200_BUY,ANTI_FIBO,SWING_REVERSAL_BUY,ENERGY_RECOVER,TREND_Q1,BEAR_STRUCTURE,MOMENTUM_START","DEFENSE_03,SIGNAL_EXIT"
2023-05-09 16:00:00,2023-05-10 13:00:00,LONG,27405.870078,28169.634946000002,24.05919998717681,0.9474256365884629,21,2.8074639477242544,0.0,94.21825959000002,"EARLY_WAVE_LONG,FAILED_WAVE,SWING_REVERSAL_BUY,TREND_Q1,TREND_Q2,TREND_Q3,TREND_Q4,BULL_STRUCTURE","TRAIL_ENERGY, SCALE_OUT_10, SCALE_OUT_20, DEFENSE_03,TRAIL_ENERGY, SCALE_OUT_10, SCALE_OUT_20,SCALE_OUT_10,SIGNAL_EXIT,PYRAMID_LEVEL2"
2023-05-10 14:00:00,2023-05-10 17:00:00,LONG,28175.393952,27752.011802114135,-39.24848567047461,-1.542065233752899,3,0.02404952353654217,-0.3055288318120807,50.74791750000001,"LATE_WAVE_EXIT,WAVE_ACCELERATION,STRONG_WAVE,ANTI_LATE_WAVE,EMERGENCY_EXIT_04,ENERGY_RECOVER,STRUCTURE_FAILURE_SHORT,HIGHER_LOW",STOP_LOSS
2023-05-10 18:00:00,2023-05-11 17:00:00,LONG,27504.229745999997,26871.026253367058,-2.38023483827102,-0.09389030716556988,23,1.2834035246936522,-1.3926576004394557,57.58509834000001,"FIB_236_SHORT,FAILED_BOS_LONG,EARLY_WAVE_LONG,FAILED_WAVE,ANTI_BOS,SWING_REVERSAL_BUY,ENERGY_WALL,ENERGY_EXTREME","SIGNAL_EXIT,STOP_LOSS"
2023-05-11 19:00:00,2023-05-12 05:00:00,LONG,26969.132748,26379.070087431457,-56.43939277106086,-2.2270433914789356,10,0.2397083087693764,-1.4268636355336177,72.66803709374999,"FIB_786_LONG,STRONG_WAVE,EMERGENCY_EXIT_01,DNA_ACCUMULATION_01,HAMMER_BUY,TREND_Q1,TREND_Q2,TREND_Q3",STOP_LOSS
2023-05-12 21:00:00,2023-05-13 18:00:00,LONG,26443.707683999997,26806.947538,33.914934892965576,1.3458781629699972,21,1.5063784578174815,0.0,51.93247499999999,"FIB_382_LONG,WAVE_ACCELERATION,EMERGENCY_EXIT_01,DNA_ACCUMULATION_01,TREND_Q1,TREND_Q2,TREND_Q3,TREND_Q4","TRAIL_ENERGY, SCALE_OUT_10,SIGNAL_EXIT,DEFENSE_03,TRAIL_ENERGY, SCALE_OUT_10, SCALE_OUT_20,TRAIL_ENERGY, SCALE_OUT_10, SCALE_OUT_20, DEFENSE_03, DEFENSE_04"
2023-05-13 20:00:00,2023-05-14 14:00:00,LONG,26843.297586,26907.027518,-2.505577121783455,-0.033035870070773965,18,0.2575034374168997,-0.42207029757435777,100.0,"FIB_382_LONG,FIB_786_LONG,PRESSURE_EXHAUSTION,DELTA_EXHAUSTION,EMERGENCY_EXIT_05,ENERGY_RECOVER,CONFLUENCE_02,CONFLUENCE_03","SIGNAL_EXIT,DEFENSE_03"
2023-05-14 16:00:00,2023-05-15 00:00:00,LONG,27087.426401999997,26783.301819786935,-29.368521219173967,-1.162302753567356,8,0.0,-0.7695688726803696,56.46038999999999,"BOS_RETEST_LONG,EARLY_WAVE_LONG,EMERGENCY_EXIT_04,ENERGY_RECOVER,STRUCTURE_FAILURE_SHORT,CONFLUENCE_02,CONFLUENCE_03,BEAR_STRUCTURE",STOP_LOSS
2023-05-15 01:00:00,2023-05-15 16:00:00,LONG,27101.681408908953,27391.330638000003,46.65548349154516,1.0289494243622062,15,2.499551208684399,0.0,74.53782,"LATE_WAVE_EXIT,WAVE_ACCELERATION,STRONG_WAVE,SWING_REVERSAL_BUY,ENERGY_RECOVER,BULL_STRUCTURE,MOMENTUM_START,BARRIER_L1,TRAIL_DELTA,PYRAMID_LEVEL2","TRAIL_ENERGY, SCALE_OUT_10,SIGNAL_EXIT"
2023-05-15 19:00:00,2023-05-16 01:00:00,LONG,27437.366376,27058.372724230234,-35.95027127294537,-1.4207522526667884,6,0.0,-1.0031078501789015,70.85646750000001,"EARLY_WAVE_LONG,WAVE_ACCELERATION,EMERGENCY_EXIT_01,EMERGENCY_EXIT_05,BULL_STRUCTURE,MOMENTUM_START,TRIPLE_CONFIRMATION,FIVE_CONFIRMATION",STOP_LOSS
2023-05-17 01:00:00,2023-05-17 07:00:00,LONG,27103.999716000002,26756.794172390284,-66.58298456791073,-1.3204997971845245,6,0.24634845299449515,-0.41772327769457407,100.0,"FIB_786_LONG,LATE_WAVE_EXIT,WAVE_ACCELERATION,TREND_Q1,TREND_Q2,MULTI_SWING_BUY_01,HIGHER_LOW,BULL_STRUCTURE",STOP_LOSS
2023-05-17 08:00:00,2023-05-17 20:00:00,LONG,26850.509028,27379.612982000002,48.32093049056066,1.9297664273957238,12,1.9909528398233827,-0.7992363488387291,52.09407,"BOS_CONTINUE_SHORT,LATE_WAVE_EXIT,WAVE_ACCELERATION,STRONG_WAVE,ANTI_LATE_WAVE,SWING_REVERSAL_BUY,ENERGY_RECOVER,TREND_Q1",SIGNAL_EXIT
2023-05-18 03:00:00,2023-05-18 16:00:00,LONG,27354.789864,26981.13522971993,-42.350889616033086,-0.841695573982085,13,0.18355153247249056,-0.9797913467166602,100.0,"BOS_RETEST_LONG,EARLY_WAVE_LONG,HIGHER_HIGH_CONTINUE,BULL_STRUCTURE,MOMENTUM_START,TRIPLE_CONFIRMATION,FIVE_CONFIRMATION,CASCADE_03","SIGNAL_EXIT,STOP_LOSS"
2023-05-20 02:00:00,2023-05-20 20:00:00,LONG,26864.351796,27057.627392000002,11.695769798611064,0.46694972461006423,18,1.0240269562020954,-0.09202453938858475,73.263015,"FIB_382_LONG,WAVE_ACCELERATION,EARLY_EXHAUSTION_BUY,PRESSURE_EXHAUSTION,DELTA_EXHAUSTION,TREND_Q1,TREND_Q2,BULL_STRUCTURE",SIGNAL_EXIT
2023-05-21 01:00:00,2023-05-21 10:00:00,LONG,27243.207551999996,27005.459465445303,-22.875889836055592,-0.912338497096773,9,0.0,-0.73536697768648,56.11808124999999,"BOS_CONTINUE_LONG,EARLY_WAVE_LONG,EMERGENCY_EXIT_04,DNA_TREND_02,ENERGY_RECOVER,STRUCTURE_FAILURE_SHORT,CONFLUENCE_02,CONFLUENCE_03",STOP_LOSS
2023-05-21 17:00:00,2023-05-22 00:00:00,LONG,26891.797283999997,26655.139627963075,-23.00518221821553,-0.9196845762155734,7,0.03838611414099934,-0.5453234770858805,52.40166750000001,"FIB_236_SHORT,PRESSURE_EXHAUSTION,DELTA_EXHAUSTION,EMERGENCY_EXIT_01,TREND_Q1,HIGHER_LOW,BULL_STRUCTURE,MOMENTUM_START",STOP_LOSS
2023-05-22 02:00:00,2023-05-22 14:00:00,LONG,26589.486834,27001.608598,37.66392867205645,1.50932254942066,12,1.5702189688976103,0.0,52.786965,"BOS_RETEST_SHORT,EARLY_WAVE_LONG,ANTI_FIBO,ENERGY_RECOVER,CONFLUENCE_02,TREND_Q1,BULL_STRUCTURE,MOMENTUM_START",SIGNAL_EXIT
2023-05-23 02:00:00,2023-05-23 16:00:00,LONG,27000.378996,27314.575992000002,27.407285290994214,1.0942840988334765,14,1.4337243342300905,0.0,79.3745225,"FIB_786_LONG,WAVE_ACCELERATION,ENERGY_RECOVER,CONFLUENCE_02,CONFLUENCE_03,BULL_STRUCTURE,STRUCTURE_WEAKENING,MOMENTUM_START","SIGNAL_EXIT,TRAIL_ENERGY, SCALE_OUT_10, SCALE_OUT_20"
2023-05-25 18:00:00,2023-05-26 12:00:00,LONG,26356.12017,26457.997342000002,6.741715363721954,0.26846724864247345,18,0.5509529819388566,-0.032972114043893566,73.263015,"HIDDEN_EXHAUSTION,PRESSURE_EXHAUSTION,DELTA_EXHAUSTION,TREND_Q1,TREND_Q2,TREND_Q3,HIGHER_HIGH_CONTINUE,BULL_STRUCTURE",SIGNAL_EXIT
2023-05-26 15:00:00,2023-05-27 16:00:00,LONG,26765.352,26684.721988,-3.077628370776086,-0.12248674447929486,25,0.10090657503776387,-0.5120874180918603,79.71683125,"BOS_CONTINUE_LONG,LATE_WAVE_EXIT,WAVE_ACCELERATION,STRONG_WAVE,ANTI_LATE_WAVE,EMERGENCY_EXIT_04,ENERGY_RECOVER,STRUCTURE_FAILURE_SHORT","SIGNAL_EXIT,DEFENSE_03"
2023-05-28 14:00:00,2023-05-29 02:00:00,LONG,27186.746262,28160.936686,88.95827092709388,3.5418951574632542,12,3.699537003461949,0.0,68.13121875,"EARLY_WAVE_LONG,BULL_STRUCTURE,MOMENTUM_START,TRIPLE_CONFIRMATION,CASCADE_03,CASCADE_05,CASCADE_08,CASCADE_10","TRAIL_ENERGY, TRAIL_DELTA, TRAIL_WAVE, SCALE_OUT_10, SCALE_OUT_20"
2023-05-29 06:00:00,2023-05-29 15:00:00,LONG,27996.308141999998,27601.45345545219,-36.73241160181313,-1.4498171182830604,9,0.022080975708113272,-0.7448772921853548,73.263015,"STRONG_WAVE,TREND_Q1,TREND_Q2,TREND_Q3,HIGHER_HIGH_CONTINUE,BULL_STRUCTURE,STRUCTURE_ACCELERATION,MOMENTUM_START",STOP_LOSS
2023-05-29 18:00:00,2023-05-30 13:00:00,LONG,27694.677828,27897.939296,11.619341325768959,0.4603263748190133,19,1.1797290946265404,-0.21385996388128534,75.1752225,"STRONG_WAVE,EARLY_EXHAUSTION_BUY,TREND_Q1,TREND_Q2,TREND_Q3,TREND_Q4,BULL_STRUCTURE,BUY_LIQUIDITY_GRAB",SIGNAL_EXIT
2023-05-30 17:00:00,2023-05-31 04:00:00,LONG,27718.972686,27333.714675705884,-36.11601242275028,-1.4293152226543515,11,0.47342055380818143,-0.2224926828949569,50.81926500000001,"WAVE_ACCELERATION,HIDDEN_EXHAUSTION,TREND_Q1,TREND_Q2,TREND_Q3,TREND_Q4,MULTI_SWING_SELL_01,HIGHER_HIGH_CONTINUE",STOP_LOSS
2023-05-31 06:00:00,2023-05-31 19:00:00,LONG,27093.577632,27031.652588,-5.907659327833649,-0.23466152815089703,13,0.2743172902799646,-0.6718848078040326,73.58171625000001,"EARLY_WAVE_LONG,ANTI_FIBO,EMERGENCY_EXIT_04,DNA_TREND_02,ENERGY_RECOVER,STRUCTURE_FAILURE_LONG,BULL_STRUCTURE,STRUCTURE_WEAKENING","SIGNAL_EXIT,DEFENSE_03, DEFENSE_04"
2023-06-05 17:00:00,2023-06-06 05:00:00,LONG,25814.211809999997,25792.500468000002,-6.242820137475849,-0.1240725164220889,12,0.0,-0.9676135449668676,95.90450790374999,"LATE_WAVE_EXIT,STRONG_WAVE,HIST1000_BUY,ANTI_FIBO,ANTI_LATE_WAVE,MAJOR_DEMAND,ENERGY_RECOVER,BULL_STRUCTURE",SIGNAL_EXIT
2023-06-06 14:00:00,2023-06-07 02:00:00,LONG,26018.70640786556,27080.402836,182.7397128048743,4.03887976030338,12,4.655779473218693,0.0,54.74884624999999,"FIB_236_LONG,EARLY_WAVE_LONG,FAILED_WAVE,PRESSURE_EXHAUSTION,DELTA_EXHAUSTION,ENERGY_RECOVER,CONFLUENCE_02,CONFLUENCE_03,TRAIL_ENERGY,SCALE_OUT_10,PYRAMID_LEVEL2","TRAIL_DELTA, TRAIL_WAVE"
2023-06-07 10:00:00,2023-06-08 14:00:00,LONG,26491.577255999997,26395.639816,-16.038969387061126,-0.6267760038211472,28,1.5271372485319816,-1.2667318852220963,90.72869442000001,"EARLY_WAVE_LONG,ANTI_FIBO,MARUBOZU_BULL,BULL_STRUCTURE,MOMENTUM_START,TRIPLE_CONFIRMATION,FIVE_CONFIRMATION,CASCADE_03","SIGNAL_EXIT,DEFENSE_03"
2023-06-10 01:00:00,2023-06-10 04:00:00,LONG,26465.281998000002,26189.94066462088,-27.589990534571346,-1.079970769503114,3,0.0,-0.5373530424151518,72.28958160375001,"FIB_236_SHORT,EARLY_WAVE_LONG,TREND_Q1,TREND_Q2,HIGHER_LOW,BULL_STRUCTURE,MOMENTUM_START,BARRIER_L1",STOP_LOSS
2023-06-10 05:00:00,2023-06-10 18:00:00,LONG,25770.443058,25358.857906775112,-16.90658407980534,-0.6636422339341967,13,0.977464537311485,-0.9793508688693319,71.53825959000001,"EARLY_WAVE_LONG,ANTI_FIBO,DNA_TREND_01,DNA_TREND_02,MARUBOZU_BULL,MARUBOZU_BEAR,ENERGY_WALL,ENERGY_EXTREME","SIGNAL_EXIT,STOP_LOSS"
2023-06-10 19:00:00,2023-06-11 08:00:00,LONG,25552.389455999997,25736.171736,19.512506250459467,0.7672834763653292,13,1.2631716675882632,0.0,52.56657,"EARLY_WAVE_LONG,SWING_REVERSAL_BUY,EMERGENCY_EXIT_05,DNA_TREND_02,ENERGY_RECOVER,TREND_Q1,TREND_Q2,BEAR_STRUCTURE",SCALE_OUT_10
2023-06-11 10:00:00,2023-06-12 00:00:00,LONG,25711.39125,25920.354892000003,24.924686963903454,0.978325969744635,14,1.603525635743261,-0.03135283470900796,93.78833160375001,"EARLY_WAVE_LONG,TREND_Q1,TREND_Q2,TREND_Q3,TREND_Q4,HIGHER_LOW,BULL_STRUCTURE,MOMENTUM_START","TRAIL_ENERGY, SCALE_OUT_10, SCALE_OUT_20,SIGNAL_EXIT,SCALE_OUT_10"
2023-06-12 05:00:00,2023-06-12 19:00:00,LONG,25820.152998,25840.150936000002,-1.03585319302025,-0.0405634137296239,14,0.653276539504107,-0.1833954973220725,73.9004175,"FIB_786_LONG,STRONG_WAVE,HIDDEN_EXHAUSTION,TREND_Q1,TREND_Q2,TREND_Q3,TREND_Q4,BULL_STRUCTURE",SIGNAL_EXIT
2023-06-12 20:00:00,2023-06-13 09:00:00,LONG,25829.394846,26171.584636,27.706424862943194,1.0851861869021233,13,1.3451153465711456,0.0,52.878656249999985,"WAVE_ACCELERATION,ANTI_MOMENTUM,EARLY_EXHAUSTION_BUY,EARLY_EXHAUSTION_SELL,DNA_ACCUMULATION_01,HAMMER_BUY,TREND_Q1,TREND_Q2","SCALE_OUT_10, DEFENSE_03,SIGNAL_EXIT"
2023-06-13 10:00:00,2023-06-13 15:00:00,LONG,26152.599474,25838.35901664855,-31.769532481019585,-1.241084280286523,5,0.14992974613856,-0.6382901790162616,68.13121875,"EARLY_WAVE_LONG,WAVE_ACCELERATION,BULL_STRUCTURE,MOMENTUM_START,TRIPLE_CONFIRMATION,CASCADE_03,CASCADE_05,CASCADE_08",STOP_LOSS
2023-06-13 21:00:00,2023-06-14 20:00:00,LONG,25853.139594,25869.405084,8.40263152528727,0.3293054526764171,23,0.7470288291207074,-0.05082397807904791,72.28958160375001,"FIB_236_SHORT,EARLY_WAVE_LONG,TREND_Q1,TREND_Q2,HIGHER_LOW,BULL_STRUCTURE,MOMENTUM_START,BARRIER_L1","SIGNAL_EXIT,SCALE_OUT_10"
2023-06-15 12:00:00,2023-06-16 16:00:00,LONG,25261.949203668893,25834.832000000002,54.2506800129529,1.1803793153524966,28,2.2882667986964003,-0.2618827526940656,57.14500749999999,"EARLY_WAVE_LONG,WAVE_ACCELERATION,ENERGY_RECOVER,CONFLUENCE_02,CONFLUENCE_03,TREND_Q1,TREND_Q2,TREND_Q3,PYRAMID_LEVEL2","TRAIL_ENERGY, SCALE_OUT_10,SCALE_OUT_10,TRAIL_ENERGY, SCALE_OUT_10, SCALE_OUT_20,TRAIL_ENERGY, SCALE_OUT_10, DEFENSE_03,DEFENSE_03,SIGNAL_EXIT"
2023-06-17 03:00:00,2023-06-17 17:00:00,LONG,26281.915332,26467.85537,18.842836766019822,0.7341638873094911,14,1.554432631105016,-0.0751670178921366,68.13121875,"EARLY_WAVE_LONG,BULL_STRUCTURE,MOMENTUM_START,TRIPLE_CONFIRMATION,CASCADE_03,CASCADE_05,CASCADE_08,CASCADE_10","SCALE_OUT_10,SIGNAL_EXIT"
2023-06-18 02:00:00,2023-06-18 16:00:00,LONG,26497.418424,26556.777582000002,7.771183053085104,0.1511300583729452,14,0.33045323359007417,-0.08264361323654307,100.0,"FIB_382_LONG,WAVE_ACCELERATION,ANTI_MOMENTUM,EARLY_EXHAUSTION_BUY,EARLY_EXHAUSTION_SELL,TREND_RESUME_02,TREND_RESUME_03,EMERGENCY_EXIT_01",SIGNAL_EXIT
2023-06-18 17:00:00,2023-06-18 20:00:00,LONG,26625.434022,26376.078486226088,-50.222357178833136,-0.9761567340222481,3,0.09226507999719517,-0.0171415872365917,100.0,"FIB_236_LONG,EARLY_WAVE_LONG,FAILED_WAVE,TREND_RESUME_01,ENERGY_RECOVER,CONFLUENCE_02,CONFLUENCE_03,TREND_Q1",STOP_LOSS
2023-06-18 21:00:00,2023-06-19 19:00:00,LONG,26479.034748000002,26490.690802,-6.745275379899586,-0.26355079066795045,22,0.7025378899585839,-0.5251881321334965,56.94108084000001,"FIB_236_SHORT,EARLY_WAVE_LONG,FAILED_WAVE,SWING_REVERSAL_BUY,ENERGY_WALL,ENERGY_RECOVER,TREND_Q1,TREND_Q2","SIGNAL_EXIT,DEFENSE_03"
2023-06-20 00:00:00,2023-06-20 20:00:00,LONG,26849.718869999997,27977.173446,81.7282169470837,1.5978513295798247,20,4.546867458504619,-0.3555674845693346,100.0,"TREND_RESUME_02,TREND_RESUME_03,TREND_Q1,TREND_Q2,HIGHER_HIGH_CONTINUE,BULL_STRUCTURE,MOMENTUM_MIDDLE,TRIPLE_CONFIRMATION","SIGNAL_EXIT,TRAIL_DELTA, SCALE_OUT_30,TRAIL_ENERGY, TRAIL_DELTA, TRAIL_WAVE, SCALE_OUT_20, SCALE_OUT_30, SCALE_OUT_50"
2023-06-21 07:00:00,2023-06-21 19:00:00,LONG,29556.067000142215,30125.353724,165.19317396273547,1.8853543076807353,12,2.698374499551125,-0.13640486386326856,93.35840361750002,"EARLY_WAVE_LONG,TREND_Q1,TREND_Q2,TREND_Q3,TREND_Q4,HIGHER_HIGH_CONTINUE,BULL_STRUCTURE,MOMENTUM_START,TRAIL_DELTA,SCALE_OUT_30,PYRAMID_LEVEL2","TRAIL_ENERGY, SCALE_OUT_10, SCALE_OUT_20"
2023-06-21 23:00:00,2023-06-22 20:00:00,LONG,30120.57291,30207.067378,-0.16919584215096853,-0.006463323546120047,21,1.1670996134449079,-1.2410551124540365,94.00218014250001,"PRESSURE_EXHAUSTION,DELTA_EXHAUSTION,TREND_RESUME_02,TREND_RESUME_03,TREND_Q1,TREND_Q2,TREND_Q3,TREND_Q4",SIGNAL_EXIT
2023-06-23 16:00:00,2023-06-23 22:00:00,LONG,31244.257601999998,30466.244858915936,-198.5962268181209,-2.529102310874068,6,0.0,-1.8706080632320303,100.0,"LATE_WAVE_EXIT,WAVE_ACCELERATION,STRONG_WAVE,ANTI_LATE_WAVE,TREND_RESUME_04,DNA_TREND_01,DNA_TREND_02,ENERGY_WALL",STOP_LOSS
2023-06-24 01:00:00,2023-06-24 16:00:00,LONG,30494.29764,30392.640256000002,12.524299573648074,0.487887711578067,15,0.8601685570745214,-0.3134607037960346,74.53782,"WAVE_ACCELERATION,STRONG_WAVE,ANTI_MOMENTUM,EARLY_EXHAUSTION_SELL,HIDDEN_EXHAUSTION,MARUBOZU_BULL,TREND_Q1,TREND_Q2","DEFENSE_03,SIGNAL_EXIT"
2023-06-24 17:00:00,2023-06-25 06:00:00,LONG,30516.112001999998,30852.37829,29.3056947937426,1.1403349600604307,13,1.2273778454327808,-0.028024546506567508,94.21825959000002,"EARLY_WAVE_LONG,SWING_REVERSAL_BUY,EMERGENCY_EXIT_04,ENERGY_RECOVER,STRUCTURE_FAILURE_LONG,TREND_Q1,TREND_Q2,TREND_Q3",SIGNAL_EXIT
2023-06-25 12:00:00,2023-06-25 20:00:00,LONG,30722.173206,30320.250045856454,-34.73080055911831,-1.347727771032242,8,0.0,-0.9517334728875776,73.263015,"FIB_382_LONG,PRESSURE_EXHAUSTION,DELTA_EXHAUSTION,TREND_Q1,TREND_Q2,TREND_Q3,TREND_Q4,BULL_STRUCTURE",STOP_LOSS
2023-06-26 02:00:00,2023-06-26 15:00:00,LONG,30178.764546,30388.481088,27.211352256635337,1.0596119163876958,13,1.5254947010778832,0.0,52.09407,"BOS_CONTINUE_SHORT,LATE_WAVE_EXIT,STRONG_WAVE,ANTI_FIBO,ANTI_LATE_WAVE,SWING_REVERSAL_BUY,EMERGENCY_EXIT_04,ENERGY_WALL","SIGNAL_EXIT,DEFENSE_03, DEFENSE_04"
2023-06-26 17:00:00,2023-06-27 06:00:00,LONG,30106.480091999998,30311.846418,18.505958009649813,0.7187910497192503,13,1.2408621228998216,-0.07257604320806348,71.77450959000001,"BOS_CONTINUE_SHORT,EARLY_WAVE_LONG,FAILED_WAVE,SWING_REVERSAL_BUY,EMERGENCY_EXIT_04,DNA_TREND_01,DNA_TREND_02,ENERGY_RECOVER",SCALE_OUT_10
2023-06-27 08:00:00,2023-06-27 21:00:00,LONG,30417.312245999998,30643.830008,18.043625897652177,0.6996462957011876,13,1.286496817454551,-0.1293087491817114,57.05197139250001,"EARLY_WAVE_LONG,TREND_RESUME_02,TREND_RESUME_03,LOWER_HIGH,BEAR_STRUCTURE,MOMENTUM_START,BARRIER_L1,RESISTANCE_MAJOR",SCALE_OUT_10
2023-06-28 00:00:00,2023-06-28 07:00:00,LONG,30698.578488,30226.832106945207,-40.71381512580267,-1.5760896358334677,7,0.0,-1.0537572224279046,73.263015,"FIB_382_LONG,EARLY_EXHAUSTION_BUY,TREND_Q1,TREND_Q2,TREND_Q3,TREND_Q4,BULL_STRUCTURE,MOMENTUM_END",STOP_LOSS
2023-06-28 08:00:00,2023-06-28 21:00:00,LONG,30192.177228,30101.9784,-9.053268007720693,-0.35188656941862184,13,0.7249651800434272,-0.3053016922360803,52.09407,"BOS_CONTINUE_SHORT,LATE_WAVE_EXIT,STRONG_WAVE,ANTI_LATE_WAVE,SWING_REVERSAL_BUY,EMERGENCY_EXIT_04,DNA_TREND_01,DNA_TREND_02","DEFENSE_03,SIGNAL_EXIT"
2023-06-29 19:00:00,2023-06-30 07:00:00,LONG,30572.91336,30659.8668,6.279132960834193,0.24429956151225343,12,0.9978657787947329,-0.616177325928221,57.212476335000005,"FIB_236_SHORT,BOS_RETEST_LONG,ANTI_MOMENTUM,EARLY_EXHAUSTION_SELL,EMERGENCY_EXIT_01,TREND_Q1,TREND_Q2,TREND_Q3",SIGNAL_EXIT
2023-06-30 08:00:00,2023-06-30 13:00:00,LONG,30771.253019999996,30238.71593185955,-45.515276186261445,-1.7699395411659093,5,0.7762341684453256,-0.007874297476348664,73.9004175,"FIB_786_LONG,LATE_WAVE_EXIT,WAVE_ACCELERATION,STRONG_WAVE,ANTI_MOMENTUM,EARLY_EXHAUSTION_BUY,EARLY_EXHAUSTION_SELL,HIDDEN_EXHAUSTION",STOP_LOSS
2023-06-30 14:00:00,2023-07-01 15:00:00,LONG,30141.657126000002,30602.398296,21.951449299726633,0.8574997942655419,25,1.548895842217267,-0.24529880918930305,52.09407,"BOS_CONTINUE_SHORT,LATE_WAVE_EXIT,WAVE_ACCELERATION,STRONG_WAVE,ANTI_FIBO,ANTI_LATE_WAVE,SWING_REVERSAL_BUY,EMERGENCY_EXIT_04","SIGNAL_EXIT,SCALE_OUT_10,TRAIL_ENERGY, SCALE_OUT_10,SCALE_OUT_10, DEFENSE_03"
2023-07-01 21:00:00,2023-07-02 15:00:00,LONG,30588.706518,30322.385739246816,-9.478885886884623,-0.36952296775249954,18,0.004980537503617605,-0.35538121867307604,57.212476335000005,"FIB_236_SHORT,BOS_RETEST_LONG,ANTI_MOMENTUM,EARLY_EXHAUSTION_SELL,TREND_Q1,TREND_Q2,TREND_Q3,TREND_Q4","SIGNAL_EXIT,DEFENSE_03,STOP_LOSS"
2023-07-02 16:00:00,2023-07-03 06:00:00,LONG,30504.099599999998,30667.475278,16.313875414651733,0.6366286003668964,14,0.8279228146763714,-0.2062004806724307,57.907107090000004,"FIB_236_SHORT,FIB_382_SHORT,EARLY_WAVE_LONG,FAILED_WAVE,SWING_REVERSAL_BUY,ENERGY_RECOVER,TREND_Q1,TREND_Q2","SCALE_OUT_10,SIGNAL_EXIT"
2023-07-03 07:00:00,2023-07-03 19:00:00,LONG,30657.38025,31192.890174,43.78366904722882,1.7060582595944473,12,1.767143003029429,-0.15255788204537718,73.58171625000001,"EARLY_WAVE_LONG,WAVE_ACCELERATION,TREND_Q1,TREND_Q2,TREND_Q3,TREND_Q4,BULL_STRUCTURE,MOMENTUM_START","TRAIL_ENERGY, SCALE_OUT_20"
2023-07-04 02:00:00,2023-07-04 06:00:00,LONG,31295.05776,30903.864277133413,-33.23153816373566,-1.2895168038106235,4,0.0,-1.0300596422353399,94.003295596875,"EARLY_WAVE_LONG,TREND_RESUME_01,DNA_TREND_01,DNA_TREND_02,ENERGY_RECOVER,TREND_Q1,TREND_Q2,TREND_Q3",STOP_LOSS
2023-07-04 15:00:00,2023-07-04 19:00:00,LONG,30978.59448,30652.55952796519,-28.048694423638555,-1.0920313898179026,4,0.0,-0.25367348428520875,52.40166750000001,"FIB_236_SHORT,TREND_Q1,TREND_Q2,TREND_Q3,TREND_Q4,HIGHER_LOW,BULL_STRUCTURE,MOMENTUM_START",STOP_LOSS
2023-07-04 20:00:00,2023-07-05 11:00:00,LONG,30702.979368,30424.123958,-4.189969032546848,-0.1635927730525326,15,0.5397868070508188,-0.8884133514557007,51.137966250000005,"BOS_CONTINUE_SHORT,EARLY_WAVE_LONG,ANTI_FIBO,EMERGENCY_EXIT_04,DNA_TREND_02,ENERGY_RECOVER,STRUCTURE_FAILURE_LONG,BULL_STRUCTURE","SIGNAL_EXIT,DEFENSE_03"
2023-07-06 02:00:00,2023-07-06 14:00:00,LONG,30482.805342,30154.816816648457,-19.634181548679333,-0.7669855955736683,12,2.7791558175019935,-0.3586787396150623,69.15825826,"FIB_382_LONG,TREND_RESUME_02,TREND_RESUME_03,BEAR_STRUCTURE,MOMENTUM_START,BARRIER_L1,TRIPLE_CONFIRMATION,FIVE_CONFIRMATION","DEFENSE_03,STOP_LOSS"
2023-07-08 03:00:00,2023-07-08 18:00:00,LONG,30361.491083999997,30248.639062,-13.585084013623806,-0.5317577061670705,15,0.0,-0.6246105748736981,71.163365,"FIB_786_LONG,WAVE_ACCELERATION,PRESSURE_EXHAUSTION,DELTA_EXHAUSTION,BULL_STRUCTURE,MOMENTUM_START,TRIPLE_CONFIRMATION,FIVE_CONFIRMATION","DEFENSE_03,SIGNAL_EXIT"
2023-07-08 20:00:00,2023-07-09 16:00:00,LONG,30118.022399999998,30343.400106,11.787274604489525,0.46204692811969,20,0.7684687823328107,0.0,71.77450959000001,"BOS_CONTINUE_SHORT,EARLY_WAVE_LONG,ANTI_FIBO,SWING_REVERSAL_BUY,ENERGY_RECOVER,TREND_Q1,BULL_STRUCTURE,MOMENTUM_START","SIGNAL_EXIT,SCALE_OUT_10"
2023-07-09 21:00:00,2023-07-10 00:00:00,LONG,30200.028798,29987.783181616596,-18.96236251207063,-0.7425182643233113,3,0.0,-0.15274421858515844,94.21825959000002,"EARLY_WAVE_LONG,SWING_REVERSAL_BUY,ENERGY_RECOVER,TREND_Q1,BULL_STRUCTURE,MOMENTUM_START,BARRIER_L1,TRIPLE_CONFIRMATION",STOP_LOSS
2023-07-10 03:00:00,2023-07-10 15:00:00,LONG,30206.029998,30303.957996,7.240373508598603,0.2840704813154215,12,0.34430212115555425,-0.409785721619814,100.0,"EARLY_WAVE_LONG,WAVE_ACCELERATION,SWING_REVERSAL_BUY,DNA_TREND_01,DNA_TREND_02,ENERGY_RECOVER,CONFLUENCE_02,CONFLUENCE_03",SIGNAL_EXIT
2023-07-10 19:00:00,2023-07-10 22:00:00,LONG,30535.095798000002,30185.007077844784,-30.248527560156862,-1.1860539930255491,3,0.9900221174999548,-0.7626823886213471,77.51926896,"BOS_RETEST_LONG,LATE_WAVE_EXIT,WAVE_ACCELERATION,STRONG_WAVE,ANTI_LATE_WAVE,EMERGENCY_EXIT_04,DNA_TREND_01,DNA_TREND_02",STOP_LOSS
2023-07-12 07:00:00,2023-07-12 19:00:00,LONG,30726.144,30515.575664,-36.86838417749178,-0.7250326180388931,12,0.1630728541791634,-0.9053983474138488,100.0,"FIB_786_LONG,WAVE_ACCELERATION,MULTI_SWING_BUY_01,HIGHER_LOW,BULL_STRUCTURE,MOMENTUM_START,BARRIER_L1,TRIPLE_CONFIRMATION",SIGNAL_EXIT
2023-07-13 20:00:00,2023-07-13 21:00:00,LONG,31612.3212,31003.916170239227,-49.73957470963065,-1.963812123447827,1,0.0,-0.7573350861688659,61.11338344999997,"BOS_RETEST_LONG,LATE_WAVE_EXIT,STRONG_WAVE,HIST200_SELL,HIST1000_SELL,ANTI_LATE_WAVE,MAJOR_SUPPLY,DNA_TREND_02",STOP_LOSS
2023-07-14 12:00:00,2023-07-14 17:00:00,LONG,31215.821916,30771.784105865194,-36.841815554471744,-1.4619077626889196,5,0.27145876289282367,-0.28534220960027334,52.24621499999999,"ANTI_MOMENTUM,EARLY_EXHAUSTION_SELL,TREND_RESUME_02,TREND_RESUME_03,TREND_Q1,TREND_Q2,BEAR_STRUCTURE,MOMENTUM_MIDDLE",STOP_LOSS
2023-07-14 18:00:00,2023-07-14 18:00:00,LONG,30694.767726000002,30081.702490198357,-51.12943660779894,-2.0364966510830937,0,0.0,0.0,56.63560959000001,"BOS_CONTINUE_SHORT,EARLY_WAVE_LONG,ANTI_FIBO,EMERGENCY_EXIT_04,DNA_TREND_01,DNA_TREND_02,MARUBOZU_BULL,MARUBOZU_BEAR",STOP_LOSS
2023-07-14 19:00:00,2023-07-15 07:00:00,LONG,30097.838364,30305.437700000002,16.22137351214271,0.6494724257467374,12,0.7927866217974134,0.0,73.58171625000001,"EARLY_WAVE_LONG,ANTI_FIBO,EMERGENCY_EXIT_04,DNA_TREND_01,DNA_TREND_02,ENERGY_RECOVER,STRUCTURE_FAILURE_LONG,BULL_STRUCTURE","SCALE_OUT_10, DEFENSE_03"
2023-07-15 08:00:00,2023-07-15 20:00:00,LONG,30344.0676,30320.404706,-2.9504539692580902,-0.11795075187084453,12,0.02317553497672821,-0.21110419619550314,69.363117915,"EARLY_WAVE_LONG,TREND_RESUME_02,TREND_RESUME_03,BEAR_STRUCTURE,MOMENTUM_START,BARRIER_L1,TRIPLE_CONFIRMATION,FIVE_CONFIRMATION",SIGNAL_EXIT
2023-07-16 20:00:00,2023-07-17 10:00:00,LONG,30258.990587999997,30053.40802350496,-4.398066250852051,-0.17589162611460102,14,0.20502802900703923,-0.25443871888617986,67.836125,"TREND_Q1,HIGHER_HIGH_CONTINUE,BULL_STRUCTURE,MOMENTUM_START,TRIPLE_CONFIRMATION,CASCADE_03,CASCADE_05,CASCADE_08","SIGNAL_EXIT,STOP_LOSS"
2023-07-17 11:00:00,2023-07-17 17:00:00,LONG,30169.962786,29926.23026183154,-21.180841729611025,-0.8475417026097486,6,0.38673303917412183,-0.08602193573816645,55.85456709,"EARLY_WAVE_LONG,SWING_REVERSAL_BUY,TREND_RESUME_05,ENERGY_WALL,ENERGY_RECOVER,SMART_DISTRIBUTION,TREND_Q1,BULL_STRUCTURE",STOP_LOSS
2023-07-19 03:00:00,2023-07-19 17:00:00,LONG,30029.994798,29897.919220000003,-9.77909660281905,-0.39217626369166525,14,0.23005399256547024,-0.6859301820915398,52.878656249999985,"STRONG_WAVE,EARLY_EXHAUSTION_BUY,DNA_ACCUMULATION_01,HAMMER_BUY,TREND_Q1,TREND_Q2,BEAR_STRUCTURE,MOMENTUM_MIDDLE",SIGNAL_EXIT
2023-07-19 21:00:00,2023-07-20 09:00:00,LONG,29970.932987999997,30258.507088000002,22.894074625344587,0.9191261989578385,12,0.9796725784865061,-0.3274272043492568,71.163365,"WAVE_ACCELERATION,ANTI_MOMENTUM,EARLY_EXHAUSTION_SELL,HIGHER_LOW,BULL_STRUCTURE,MOMENTUM_MIDDLE,TRIPLE_CONFIRMATION,FIVE_CONFIRMATION",SIGNAL_EXIT
2023-07-20 15:00:00,2023-07-21 19:00:00,LONG,29788.15644,29975.703660000003,5.005982413260258,0.20053395497707793,28,0.6496996898408925,-0.33676619163075233,71.77450959000001,"BOS_CONTINUE_SHORT,EARLY_WAVE_LONG,FAILED_WAVE,SWING_REVERSAL_BUY,DNA_TREND_01,DNA_TREND_02,ENERGY_WALL,ENERGY_EXTREME","DEFENSE_03,SIGNAL_EXIT"
2023-07-21 22:00:00,2023-07-22 19:00:00,LONG,29905.549914,29808.267154,-2.8595950692008434,-0.11450616682548251,21,0.26162396687236394,-0.3053610927156004,73.9004175,"FIB_786_LONG,WAVE_ACCELERATION,ANTI_MOMENTUM,EARLY_EXHAUSTION_BUY,EARLY_EXHAUSTION_SELL,TREND_Q1,TREND_Q2,TREND_Q3",SIGNAL_EXIT
2023-07-23 03:00:00,2023-07-23 15:00:00,LONG,29891.097024,29888.841036,-1.186879664390368,-0.04754433871392047,12,0.1904010948621369,-0.15180782412757798,84.943754225505,"FIB_236_LONG,FIB_382_LONG,FIB_786_LONG,FAILED_BOS_SHORT,FAILED_WAVE,ANTI_BOS,EARLY_EXHAUSTION_BUY,SWING_REVERSAL",SIGNAL_EXIT
2023-07-23 17:00:00,2023-07-24 02:00:00,LONG,29960.110824,29785.276526294456,-15.55701643710232,-0.6233234897331013,9,0.9609416256543784,-0.14726522294655253,70.85646750000001,"EARLY_WAVE_LONG,DNA_TREND_01,DNA_TREND_02,ENERGY_RECOVER,BULL_STRUCTURE,MOMENTUM_START,TRIPLE_CONFIRMATION,FIVE_CONFIRMATION",STOP_LOSS
2023-07-24 03:00:00,2023-07-24 09:00:00,LONG,29805.589926,29525.284524604907,-24.420183743736583,-0.9800695638978685,6,0.07518748682927659,-0.30054740141834885,52.09407,"BOS_CONTINUE_SHORT,LATE_WAVE_EXIT,STRONG_WAVE,ANTI_FIBO,ANTI_LATE_WAVE,SWING_REVERSAL_BUY,DNA_TREND_01,DNA_TREND_02",STOP_LOSS
2023-07-24 15:00:00,2023-07-25 06:00:00,LONG,29049.188676,29122.52433,3.749361338398701,0.15086003804404297,15,0.43826120384966594,-0.03252647123947503,57.79836972000001,"EARLY_WAVE_LONG,HIST200_BUY,SWING_REVERSAL_BUY,DNA_TREND_01,DNA_TREND_02,ENERGY_RECOVER,TREND_Q1,LOWER_LOW_CONTINUE","SIGNAL_EXIT,DEFENSE_03"
2023-07-25 07:00:00,2023-07-25 19:00:00,LONG,29150.498934,29258.157198,8.183235590009629,0.32917104210824794,12,0.43625691034629815,-0.11148671614019545,51.6929175,"FIB_786_SHORT,WAVE_ACCELERATION,ANTI_MOMENTUM,EARLY_EXHAUSTION_SELL,HIDDEN_EXHAUSTION,TREND_Q1,TREND_Q2,TREND_Q3",SIGNAL_EXIT
2023-07-25 21:00:00,2023-07-26 21:00:00,LONG,29235.685967999998,29572.174382,-3.3509082048978165,-0.13469306910786388,24,1.171185216501441,-0.35804177167100826,74.53782,"BOS_RETEST_LONG,LATE_WAVE_EXIT,WAVE_ACCELERATION,ANTI_LATE_WAVE,ANTI_MOMENTUM,EARLY_EXHAUSTION_SELL,HIDDEN_EXHAUSTION,SWING_REVERSAL",SIGNAL_EXIT
2023-07-27 13:00:00,2023-07-27 15:00:00,LONG,29502.319283999997,29260.22753613245,-42.78444515341882,-0.8602572443165223,2,0.0,-0.5162959648484478,100.0,"FIB_382_LONG,WAVE_ACCELERATION,ANTI_MOMENTUM,EARLY_EXHAUSTION_BUY,EARLY_EXHAUSTION_SELL,HIDDEN_EXHAUSTION,DNA_ACCUMULATION_01,HAMMER_BUY",STOP_LOSS
2023-07-28 01:00:00,2023-07-28 13:00:00,LONG,29278.8546,29300.148798,0.8094944866304449,0.03269983956544392,12,0.09274748063402605,-0.4715163959999975,51.61211999999998,"FIB_382_LONG,FAILED_BOS_SHORT,WAVE_ACCELERATION,ANTI_BOS,TREND_Q1,TREND_Q2,TREND_Q3,TREND_Q4",SIGNAL_EXIT
2023-07-28 14:00:00,2023-07-29 05:00:00,LONG,29299.278683999997,29375.043815999998,5.09604582172768,0.2058604781639348,15,0.6421022101910621,-0.13624459643027223,51.6929175,"FIB_786_SHORT,LATE_WAVE_EXIT,WAVE_ACCELERATION,ANTI_LATE_WAVE,TREND_Q1,TREND_Q2,TREND_Q3,TREND_Q4",SIGNAL_EXIT
2023-07-29 09:00:00,2023-07-30 13:00:00,LONG,29301.299088,29318.145198,2.55594498827753,0.1032074651724265,28,0.1840563854798048,-0.11651049292207376,74.21911875,"DNA_ACCUMULATION_01,TREND_Q1,TREND_Q2,TREND_Q3,TREND_Q4,BULL_STRUCTURE,MOMENTUM_START,TRIPLE_CONFIRMATION","SIGNAL_EXIT,DEFENSE_03"
2023-07-30 21:00:00,2023-08-01 02:00:00,LONG,29276.814191999998,29074.553129702308,19.93286489466669,0.26824983075023995,29,0.6683985720463872,-0.4126616755760637,100.0,"FIB_786_LONG,LATE_WAVE_EXIT,WAVE_ACCELERATION,SWING_REVERSAL_BUY,HAMMER_BUY,ENERGY_RECOVER,CONFLUENCE_02,CONFLUENCE_03","SIGNAL_EXIT,STOP_LOSS"
2023-08-01 04:00:00,2023-08-01 17:00:00,LONG,28840.777002,28930.222798,7.472333898334647,0.3011649568039688,13,0.5344273421943951,-0.043677748346117914,73.58171625000001,"EARLY_WAVE_LONG,ANTI_FIBO,EMERGENCY_EXIT_01,TREND_Q1,BULL_STRUCTURE,MOMENTUM_START,BARRIER_L1,TRIPLE_CONFIRMATION",SIGNAL_EXIT
2023-08-03 14:00:00,2023-08-04 19:00:00,LONG,29201.379108,29056.6875,-5.453203158709682,-0.10982125054611622,29,0.6547324059349653,-0.47555667657476514,100.0,"FIB_786_LONG,WAVE_ACCELERATION,PRESSURE_EXHAUSTION,DELTA_EXHAUSTION,MULTI_SWING_BUY_01,HIGHER_LOW,BULL_STRUCTURE,MOMENTUM_START","SIGNAL_EXIT,DEFENSE_03"
2023-08-05 10:00:00,2023-08-05 22:00:00,LONG,29063.871612,29067.625312,-0.6720722148341247,-0.0270898186927997,12,0.044689118412699305,-0.16894380988018579,70.03933499076696,"FIB_236_SHORT,FIB_382_SHORT,EARLY_WAVE_LONG,SWING_REVERSAL_BUY,MARUBOZU_BULL,MARUBOZU_BEAR,TREND_Q1,TREND_Q2",SIGNAL_EXIT
2023-08-06 01:00:00,2023-08-06 16:00:00,LONG,29073.3135,29007.117415999997,-5.543165960578611,-0.2234708530539533,15,0.13392522321200093,-0.20769390458366543,72.2469864375,"FIB_382_LONG,WAVE_ACCELERATION,HIDDEN_EXHAUSTION,PRESSURE_EXHAUSTION,DELTA_EXHAUSTION,DNA_ACCUMULATION_01,HAMMER_BUY,TREND_Q1",SIGNAL_EXIT
2023-08-06 17:00:00,2023-08-07 05:00:00,LONG,29095.11786,29177.433346,12.037578960027272,0.24280538405628976,12,0.35016919501834776,-0.13448256229197098,100.0,"FIB_382_LONG,FAILED_BOS_SHORT,ANTI_BOS,DNA_TREND_01,DNA_TREND_02,MARUBOZU_BULL,ENERGY_RECOVER,CONFLUENCE_02",SIGNAL_EXIT
2023-08-07 06:00:00,2023-08-07 14:00:00,LONG,29133.445524,28964.370878388334,-15.387288844148722,-0.6201133807334702,8,0.03358502856086938,-0.353324236624201,57.004097220000006,"FIB_786_SHORT,ANTI_MOMENTUM,EARLY_EXHAUSTION_SELL,SWING_REVERSAL,DNA_TREND_01,DNA_TREND_02,MARUBOZU_BULL,MARUBOZU_BEAR",STOP_LOSS
2023-08-07 15:00:00,2023-08-07 15:00:00,LONG,29029.804799999998,28822.33845355521,-18.68806539946963,-0.7543808280316432,0,0.0,0.0,74.53782,"LATE_WAVE_EXIT,STRONG_WAVE,ANTI_LATE_WAVE,SWING_REVERSAL_BUY,ENERGY_RECOVER,TREND_Q1,BULL_STRUCTURE,MOMENTUM_START",STOP_LOSS
2023-08-08 03:00:00,2023-08-08 15:00:00,LONG,29178.864606,29433.232176,20.555238477047695,0.8314041015828901,12,1.369845603649053,0.0,86.4429663125,"EARLY_WAVE_LONG,HIGHER_HIGH_CONTINUE,BULL_STRUCTURE,MOMENTUM_START,TRIPLE_CONFIRMATION,CASCADE_03,CASCADE_05,CASCADE_08",SIGNAL_EXIT
2023-08-09 03:00:00,2023-08-09 17:00:00,LONG,29698.118436,29507.507318,-5.5524782251558396,-0.2241393457171687,14,1.2734866177297748,-0.6219196559473321,67.836125,"STRONG_WAVE,HIGHER_HIGH_CONTINUE,BULL_STRUCTURE,MOMENTUM_START,TRIPLE_CONFIRMATION,CASCADE_03,CASCADE_05,CASCADE_08",SIGNAL_EXIT
2023-08-10 06:00:00,2023-08-11 16:00:00,LONG,29591.76717,29390.02082,-15.014044059792699,-0.6064790483474898,34,0.29853854111681094,-0.7392163122375592,52.24621499999999,"WAVE_ACCELERATION,PRESSURE_EXHAUSTION,DELTA_EXHAUSTION,TREND_RESUME_02,TREND_RESUME_03,TREND_Q1,TREND_Q2,BEAR_STRUCTURE","SIGNAL_EXIT,DEFENSE_03,DEFENSE_03, DEFENSE_04"
2023-08-11 17:00:00,2023-08-13 05:00:00,LONG,29367.642354,29388.811062,4.696949706692514,0.09501813544906357,36,0.3033871256194541,-0.09276316318353568,98.47538911504068,"FIB_236_LONG,EARLY_WAVE_LONG,SWING_REVERSAL_BUY,HAMMER_BUY,ENERGY_RECOVER,CONFLUENCE_02,BEAR_STRUCTURE,BUY_LIQUIDITY_GRAB","SIGNAL_EXIT,DEFENSE_03"
2023-08-13 06:00:00,2023-08-13 21:00:00,LONG,29390.866998,29414.125998,0.4117393325760925,0.016654189115730064,15,0.17707202037809897,-0.12683191007103609,73.58171625000001,"EARLY_WAVE_LONG,ANTI_FIBO,EMERGENCY_EXIT_04,ENERGY_RECOVER,STRUCTURE_FAILURE_LONG,BULL_STRUCTURE,MOMENTUM_START,TRIPLE_CONFIRMATION",SIGNAL_EXIT
2023-08-16 14:00:00,2023-08-16 20:00:00,LONG,29094.437724,28896.273720030367,-17.82003700615049,-0.7208337052159088,6,0.26658798749019796,-0.027213875295028188,52.56657,"EARLY_WAVE_LONG,SWING_REVERSAL_BUY,TREND_Q1,BEAR_STRUCTURE,MOMENTUM_START,BARRIER_L1,BARRIER_L2,TRIPLE_CONFIRMATION",STOP_LOSS
2023-08-17 07:00:00,2023-08-17 13:00:00,LONG,28695.948042,28417.18619860707,-24.94691264285471,-1.0110441984622194,6,0.0,-0.6953526738616617,51.93247499999999,"FIB_382_LONG,WAVE_ACCELERATION,STRONG_WAVE,ANTI_MOMENTUM,EARLY_EXHAUSTION_BUY,EARLY_EXHAUSTION_SELL,HIDDEN_EXHAUSTION,DNA_ACCUMULATION_01",STOP_LOSS
2023-08-17 15:00:00,2023-08-17 15:00:00,LONG,28400.018868,28019.672740647427,-67.85893419628823,-1.3787103391329718,0,0.0,0.0,100.0,"EARLY_WAVE_LONG,HIST200_BUY,HIST1000_BUY,SWING_REVERSAL_BUY,MAJOR_DEMAND,ENERGY_RECOVER,CONFLUENCE_02,CONFLUENCE_03",STOP_LOSS
2023-08-17 17:00:00,2023-08-17 20:00:00,LONG,27942.947472,27531.234301562505,-36.96568327565805,-1.5128170161065109,3,0.11112831969897269,-0.2253787724544976,86.79567480341623,"EARLY_WAVE_LONG,HIST200_BUY,HIST1000_BUY,ANTI_FIBO,MAJOR_DEMAND,ENERGY_RECOVER,TREND_Q1,TREND_Q2",STOP_LOSS
2023-08-18 10:00:00,2023-08-18 17:00:00,LONG,26456.900322,25734.697421834015,-67.38913238935329,-2.7686417162240997,7,0.1402268502676739,-2.0863756346430304,94.42987722000002,"ANTI_MOMENTUM,EARLY_EXHAUSTION_SELL,HIDDEN_EXHAUSTION,TREND_Q1,TREND_Q2,TREND_Q3,TREND_Q4,HIGHER_LOW",STOP_LOSS
2023-08-18 18:00:00,2023-08-20 03:00:00,LONG,26017.212401999997,26088.771202000004,-30.264203154369746,-0.4173929242359738,33,0.9074284913853928,-0.695433466139093,100.0,"EARLY_WAVE_LONG,ANTI_FIBO,PRESSURE_EXHAUSTION,DELTA_EXHAUSTION,SWING_REVERSAL_BUY,DNA_ACCUMULATION_01,TREND_Q1,TREND_Q2","SIGNAL_EXIT,DEFENSE_03"
2023-08-20 04:00:00,2023-08-20 17:00:00,LONG,26110.451046,26047.799398,-6.244439616009249,-0.25925249781929277,13,0.280611598286531,-0.21999254589207726,52.252829999999996,"FIB_382_LONG,EARLY_EXHAUSTION_BUY,HIDDEN_EXHAUSTION,TREND_Q1,TREND_Q2,TREND_Q3,TREND_Q4,BEAR_STRUCTURE",SIGNAL_EXIT
2023-08-20 18:00:00,2023-08-21 10:00:00,LONG,26129.404836,25892.302606048514,-7.220977037885561,-0.30002018457739776,16,0.3963931235712514,-0.4059213620276176,77.14405390999998,"FIB_236_LONG,EARLY_WAVE_LONG,ENERGY_RECOVER,CONFLUENCE_02,CONFLUENCE_03,TREND_Q1,TREND_Q2,TREND_Q3","SIGNAL_EXIT,STOP_LOSS"
2023-08-21 11:00:00,2023-08-21 23:00:00,LONG,25949.198802,26126.7736,15.487854476130483,0.6440433472925592,12,0.9511322483720646,-0.0370292819956285,72.40936248000001,"BOS_CONTINUE_SHORT,LATE_WAVE_EXIT,STRONG_WAVE,ANTI_LATE_WAVE,SWING_REVERSAL_BUY,ENERGY_WALL,ENERGY_RECOVER,TREND_Q1","SCALE_OUT_10, DEFENSE_03"
2023-08-22 03:00:00,2023-08-22 16:00:00,LONG,26070.833123999997,25844.24360292754,-12.184381710251216,-0.505908525516903,13,0.1375363642176549,-0.5148401792976643,57.05477946000001,"FIB_382_SHORT,TREND_Q1,TREND_Q2,TREND_Q3,TREND_Q4,MULTI_SWING_SELL_01,HIGHER_HIGH_CONTINUE,BULL_STRUCTURE","SIGNAL_EXIT,STOP_LOSS"
2023-08-23 00:00:00,2023-08-23 17:00:00,LONG,26061.201198000002,26390.730798,4.369317327158911,0.1816666495444725,17,1.2846637400032457,-0.833389053520188,91.80938680350647,"FIB_236_LONG,FIB_382_LONG,FIB_786_LONG,SWING_REVERSAL_BUY,DNA_TREND_01,DNA_TREND_02,MARUBOZU_BULL,MARUBOZU_BEAR","DEFENSE_03,SIGNAL_EXIT"
2023-08-23 18:00:00,2023-08-24 14:00:00,LONG,26544.65787,26154.82423579024,-9.477918303734535,-0.3939315774412175,20,0.32903844693629464,-0.8462639492290381,52.56657,"EARLY_WAVE_LONG,EMERGENCY_EXIT_04,DNA_TREND_02,ENERGY_RECOVER,STRUCTURE_FAILURE_SHORT,BEAR_STRUCTURE,MOMENTUM_START,SUPPORT_MAJOR","SIGNAL_EXIT,DEFENSE_03,STOP_LOSS"
2023-08-24 23:00:00,2023-08-25 14:00:00,LONG,26124.933942,25776.808694687275,-5.223185726136972,-0.21732750487993718,15,0.21097109038577033,-0.5528585921811616,72.69487722000001,"FIB_382_SHORT,ANTI_MOMENTUM,EARLY_EXHAUSTION_SELL,TREND_Q1,TREND_Q2,TREND_Q3,TREND_Q4,HIGHER_LOW","DEFENSE_03,SIGNAL_EXIT,STOP_LOSS"
2023-08-25 16:00:00,2023-08-26 12:00:00,LONG,25937.196401999998,26040.650828,11.22696318609126,0.4674347584895027,20,0.578141120867022,-0.18196416169466367,94.21825959000002,"EARLY_WAVE_LONG,SWING_REVERSAL_BUY,EMERGENCY_EXIT_01,EMERGENCY_EXIT_05,ENERGY_RECOVER,TREND_Q1,TREND_Q2,TREND_Q3","SCALE_OUT_10,SIGNAL_EXIT,DEFENSE_03"
2023-08-26 17:00:00,2023-08-27 10:00:00,LONG,26047.128383999996,26072.904376,-2.2403239719034653,-0.09317635072407592,17,0.11902124312117422,-0.1896116273236948,52.878656249999985,"WAVE_ACCELERATION,PRESSURE_EXHAUSTION,DELTA_EXHAUSTION,DNA_ACCUMULATION_01,HAMMER_BUY,TREND_Q1,TREND_Q2,TREND_Q3",SIGNAL_EXIT
2023-08-27 21:00:00,2023-08-28 05:00:00,LONG,26096.7183,25961.518140572265,-13.408819586845626,-0.5578661845921226,8,0.01935760635466561,-0.32087674410770983,50.84715999999999,"FIB_382_SHORT,BOS_RETEST_LONG,WAVE_ACCELERATION,BULL_STRUCTURE,MOMENTUM_END,TRIPLE_CONFIRMATION,FIVE_CONFIRMATION,CASCADE_03",STOP_LOSS
2023-08-28 07:00:00,2023-08-28 21:00:00,LONG,25951.449252,25987.841392000002,9.681973206537872,0.40341586793860723,14,0.7608852441440573,-0.07671730317127975,50.90171625000001,"BOS_RETEST_SHORT,EARLY_WAVE_LONG,ANTI_FIBO,EMERGENCY_EXIT_01,ENERGY_RECOVER,TREND_Q1,TREND_Q2,TREND_Q3","SCALE_OUT_10,SIGNAL_EXIT"
2023-08-28 23:00:00,2023-08-29 15:00:00,LONG,26066.622282,27486.531594,47.074651963350156,1.9596649429884592,16,5.4683253648260255,-0.4227332594453251,51.85782,"EARLY_EXHAUSTION_BUY,HIDDEN_EXHAUSTION,MARUBOZU_BULL,MARUBOZU_BEAR,TREND_Q1,TREND_Q2,TREND_Q3,TREND_Q4","SIGNAL_EXIT,DEFENSE_03"
2023-08-29 16:00:00,2023-08-30 15:00:00,LONG,27428.924688,27104.578,-2.510277539661381,-0.10400092011779966,23,2.0819821356315886,-1.1626948253626732,94.21602868125,"LATE_WAVE_EXIT,WAVE_ACCELERATION,STRONG_WAVE,ANTI_LATE_WAVE,EMERGENCY_EXIT_01,EMERGENCY_EXIT_04,ENERGY_RECOVER,STRUCTURE_FAILURE_SHORT","SIGNAL_EXIT,DEFENSE_03"
2023-08-31 05:00:00,2023-08-31 15:00:00,LONG,27257.75046,26948.14054712589,-28.360638121181694,-1.1754057605124848,10,0.16952807630919897,-0.3953387868824069,71.81819127,"FIB_382_LONG,TREND_RESUME_02,TREND_RESUME_03,TREND_Q1,TREND_Q2,TREND_Q3,TREND_Q4,BEAR_STRUCTURE",STOP_LOSS
2023-08-31 16:00:00,2023-08-31 16:00:00,LONG,26927.394401999998,26448.425828173637,-43.7328181512862,-1.8180293898813709,0,0.0,0.0,73.58171625000001,"EARLY_WAVE_LONG,ANTI_FIBO,EMERGENCY_EXIT_04,EMERGENCY_EXIT_05,STRUCTURE_FAILURE_LONG,BULL_STRUCTURE,STRUCTURE_WEAKENING,MOMENTUM_START",STOP_LOSS
2023-08-31 17:00:00,2023-08-31 21:00:00,LONG,26239.466844000002,25746.885237109953,-45.88747954831981,-1.9165037307146486,4,0.34148238046416834,-0.8264529355313059,71.32664196,"LATE_WAVE_EXIT,WAVE_ACCELERATION,STRONG_WAVE,ANTI_FIBO,ANTI_LATE_WAVE,EMERGENCY_EXIT_04,DNA_TREND_01,DNA_TREND_02",STOP_LOSS
2023-09-01 18:00:00,2023-09-02 17:00:00,LONG,25483.94577,25856.237718,27.988126401364045,1.1746777717339734,23,1.6120511074215804,0.0,71.13073306499999,"LATE_WAVE_EXIT,WAVE_ACCELERATION,STRONG_WAVE,HIST200_BUY,ANTI_FIBO,ANTI_LATE_WAVE,DNA_TREND_02,ENERGY_RECOVER","TRAIL_ENERGY, SCALE_OUT_10, SCALE_OUT_20,DEFENSE_03,TRAIL_ENERGY, SCALE_OUT_10, SCALE_OUT_20, DEFENSE_03,SIGNAL_EXIT"
2023-09-03 00:00:00,2023-09-03 15:00:00,LONG,25874.693904,25921.774608,8.760663127983893,0.18332499953866443,15,0.315080426854434,-0.055010907772710636,100.0,"FIB_382_LONG,TREND_Q1,TREND_Q2,TREND_Q3,TREND_Q4,MULTI_SWING_BUY_01,HIGHER_LOW,BULL_STRUCTURE",SIGNAL_EXIT
2023-09-03 18:00:00,2023-09-04 15:00:00,LONG,25893.167598,25849.229120000004,3.8345615640246815,0.16036858873755128,21,0.5986614090891433,-0.149682721719199,73.263015,"WAVE_ACCELERATION,STRONG_WAVE,EMERGENCY_EXIT_01,TREND_Q1,TREND_Q2,TREND_Q3,TREND_Q4,HIGHER_HIGH_CONTINUE",SIGNAL_EXIT
2023-09-04 22:00:00,2023-09-05 17:00:00,LONG,25682.855544000002,25748.459278000002,6.417232907247893,0.2683000326993277,19,0.5574320026631328,-0.0481470760866739,52.56657,"EARLY_WAVE_LONG,ANTI_FIBO,SWING_REVERSAL_BUY,DNA_TREND_01,DNA_TREND_02,ENERGY_RECOVER,TREND_Q1,TREND_Q2","SIGNAL_EXIT,DEFENSE_03"
2023-09-05 20:00:00,2023-09-06 17:00:00,LONG,25689.066786,25590.070961999998,3.348084826273661,0.13990124310386848,21,0.6251033380765568,-0.39334549145657305,73.9004175,"HIDDEN_EXHAUSTION,TREND_Q1,TREND_Q2,TREND_Q3,TREND_Q4,HIGHER_LOW,BULL_STRUCTURE,MOMENTUM_END","SIGNAL_EXIT,DEFENSE_03"
2023-09-06 18:00:00,2023-09-07 11:00:00,LONG,25865.172,25743.620246000002,-9.78865056700215,-0.40892107460917465,17,0.0,-0.9092226411639507,57.14500749999999,"EARLY_WAVE_LONG,FAILED_WAVE,ENERGY_WALL,ENERGY_EXTREME,ENERGY_RECOVER,CONFLUENCE_02,CONFLUENCE_03,TREND_Q1","SIGNAL_EXIT,DEFENSE_03"
2023-09-07 18:00:00,2023-09-08 10:00:00,LONG,25936.376237999997,25675.540018172007,14.649161392808782,0.6126565984087624,16,1.629771862195195,-0.21732503215856036,52.247868749999995,"BOS_CONTINUE_LONG,EARLY_WAVE_LONG,EMERGENCY_EXIT_04,DNA_TREND_02,ENERGY_RECOVER,STRUCTURE_FAILURE_SHORT,BEAR_STRUCTURE,STRUCTURE_WEAKENING","SIGNAL_EXIT,TRAIL_ENERGY, SCALE_OUT_10, SCALE_OUT_20,STOP_LOSS"
2023-09-09 11:00:00,2023-09-10 06:00:00,LONG,25873.6737,25842.650436,-0.7330008341524097,-0.030611704408244553,19,0.13471724349681144,-0.18966653351588347,58.11872471999999,"FIB_236_SHORT,FIB_382_SHORT,SWING_REVERSAL_BUY,HIGHER_LOW,BULL_STRUCTURE,MOMENTUM_START,BARRIER_L1,TRIPLE_CONFIRMATION","SIGNAL_EXIT,DEFENSE_03"
2023-09-10 15:00:00,2023-09-10 16:00:00,LONG,25778.394648,25646.680220204955,-13.18531416633455,-0.5507445355762034,1,0.0,-0.013129785800162391,52.56657,"EARLY_WAVE_LONG,SWING_REVERSAL_BUY,ENERGY_RECOVER,TREND_Q1,TREND_Q2,BEAR_STRUCTURE,MOMENTUM_START,BARRIER_L1",STOP_LOSS
2023-09-11 06:00:00,2023-09-11 09:00:00,LONG,25898.138592,25663.93220960125,-22.566224994448103,-0.9439750058257345,3,0.0,-0.3586303767356136,76.38280390999999,"FIB_236_LONG,DNA_TREND_01,DNA_TREND_02,MARUBOZU_BULL,MARUBOZU_BEAR,ENERGY_RECOVER,CONFLUENCE_02,CONFLUENCE_03",STOP_LOSS
2023-09-11 20:00:00,2023-09-12 08:00:00,LONG,25025.664131999998,25817.545458,74.47359430800341,3.1230112563423993,12,3.18491394991923,0.0,74.13612554249998,"LATE_WAVE_EXIT,STRONG_WAVE,HIST200_BUY,HIST1000_BUY,ANTI_FIBO,ANTI_LATE_WAVE,MAJOR_DEMAND,TREND_Q1","TRAIL_ENERGY, TRAIL_WAVE, SCALE_OUT_10"
2023-09-12 11:00:00,2023-09-13 11:00:00,LONG,26165.211995999998,26146.66962,-20.949872012537668,-0.8718024919039121,24,0.42097118883210755,-1.2425353024072616,100.0,"BOS_CONTINUE_LONG,EARLY_WAVE_LONG,EMERGENCY_EXIT_04,ENERGY_RECOVER,STRUCTURE_FAILURE_SHORT,CONFLUENCE_02,CONFLUENCE_03,BULL_STRUCTURE",SIGNAL_EXIT
2023-09-14 01:00:00,2023-09-14 16:00:00,LONG,26527.3044,26688.631206000002,2.952448579447023,0.12314312813536275,15,0.7693793418376899,-1.3342267825750207,92.06097586244996,"LATE_WAVE_EXIT,WAVE_ACCELERATION,STRONG_WAVE,HIST200_SELL,ANTI_LATE_WAVE,DNA_TREND_01,DNA_TREND_02,MARUBOZU_BULL",SIGNAL_EXIT
2023-09-15 00:00:00,2023-09-15 12:00:00,LONG,26528.034546,26419.884965999998,-10.731791229561122,-0.44751726246640405,12,0.43020697142905817,-0.38779558214768284,50.81926500000001,"ANTI_MOMENTUM,EARLY_EXHAUSTION_SELL,HIDDEN_EXHAUSTION,TREND_Q1,TREND_Q2,MULTI_SWING_SELL_01,HIGHER_HIGH_CONTINUE,BULL_STRUCTURE",SIGNAL_EXIT
2023-09-15 13:00:00,2023-09-16 01:00:00,LONG,26369.942934,26624.843966,22.185034763040367,0.9262480962697771,12,1.5410236837337046,-0.4998225985163574,73.58171625000001,"EARLY_WAVE_LONG,ANTI_FIBO,EMERGENCY_EXIT_04,ENERGY_RECOVER,STRUCTURE_FAILURE_LONG,TREND_Q1,TREND_Q2,TREND_Q3",SCALE_OUT_10
2023-09-16 05:00:00,2023-09-16 22:00:00,LONG,26560.591055999997,26564.695998,-3.2707196563734215,-0.13625403383469362,17,0.0777804377788336,-0.2756379022049594,73.263015,"STRONG_WAVE,TREND_Q1,TREND_Q2,TREND_Q3,HIGHER_HIGH_CONTINUE,BULL_STRUCTURE,MOMENTUM_START,TRIPLE_CONFIRMATION","SIGNAL_EXIT,DEFENSE_03"
2023-09-17 13:00:00,2023-09-17 20:00:00,LONG,26582.175372,26427.477741804265,-14.917719271533416,-0.6217272250281739,7,0.0,-0.38437550941608284,51.6929175,"FIB_786_SHORT,ANTI_MOMENTUM,EARLY_EXHAUSTION_SELL,EMERGENCY_EXIT_05,TREND_Q1,TREND_Q2,TREND_Q3,TREND_Q4",STOP_LOSS
2023-09-17 22:00:00,2023-09-18 11:00:00,LONG,26490.206982,27123.694176,38.896114597101544,1.623763340968525,13,2.4118460774358357,-0.10493304948084321,74.53782,"LATE_WAVE_EXIT,ANTI_LATE_WAVE,SWING_REVERSAL_BUY,EMERGENCY_EXIT_04,ENERGY_RECOVER,STRUCTURE_FAILURE_LONG,BULL_STRUCTURE,MOMENTUM_START",SIGNAL_EXIT
2023-09-18 19:00:00,2023-09-20 00:00:00,LONG,26715.342,27204.807950000002,18.765088051833764,0.7802808778572139,29,2.6460376213787606,-0.14307134829118628,73.263015,"WAVE_ACCELERATION,STRONG_WAVE,EMERGENCY_EXIT_01,ENERGY_RECOVER,TREND_Q1,TREND_Q2,TREND_Q3,HIGHER_HIGH_CONTINUE","SIGNAL_EXIT,SCALE_OUT_30,TRAIL_ENERGY, SCALE_OUT_10, SCALE_OUT_20,TRAIL_ENERGY, SCALE_OUT_10, SCALE_OUT_30,TRAIL_ENERGY, SCALE_OUT_10"
2023-09-20 01:00:00,2023-09-20 13:00:00,LONG,27212.131338,27062.876342000003,-14.17351489355063,-0.5882675801775745,12,0.4910995773909976,-0.6876761532408243,93.7905625125,"FIB_382_LONG,WAVE_ACCELERATION,EARLY_EXHAUSTION_BUY,HIDDEN_EXHAUSTION,DNA_ACCUMULATION_01,TREND_Q1,TREND_Q2,TREND_Q3",SIGNAL_EXIT
2023-09-20 21:00:00,2023-09-21 09:00:00,LONG,27104.149746,26921.36465,-17.178511886946737,-0.7141107309170031,12,0.07692642711685843,-0.654548280106737,56.95044768,"FIB_382_LONG,FAILED_BOS_SHORT,WAVE_ACCELERATION,ANTI_BOS,EMERGENCY_EXIT_01,MARUBOZU_BULL,MARUBOZU_BEAR,TREND_Q1",SIGNAL_EXIT
2023-09-21 10:00:00,2023-09-21 13:00:00,LONG,26752.649459999997,26411.030919287565,-31.608360804295657,-1.3164413999694637,3,0.0,-0.4124057326170984,73.58171625000001,"EARLY_WAVE_LONG,ANTI_FIBO,EMERGENCY_EXIT_04,DNA_TREND_01,DNA_TREND_02,ENERGY_RECOVER,STRUCTURE_FAILURE_LONG,BULL_STRUCTURE",STOP_LOSS
2023-09-21 14:00:00,2023-09-23 08:00:00,LONG,26425.153973999997,26580.002936,15.892556675155388,0.6641536546094,42,0.9609254358549634,0.0,73.58171625000001,"EARLY_WAVE_LONG,ANTI_FIBO,EMERGENCY_EXIT_04,DNA_TREND_01,DNA_TREND_02,ENERGY_RECOVER,STRUCTURE_FAILURE_LONG,BULL_STRUCTURE","SIGNAL_EXIT,SCALE_OUT_10,DEFENSE_03"
2023-09-24 06:00:00,2023-09-24 18:00:00,LONG,26563.301598000002,26667.735386,8.459971310071525,0.352993371323459,12,0.41323327823173356,-0.03840485702564693,52.33032,"FIB_786_SHORT,LATE_WAVE_EXIT,WAVE_ACCELERATION,SWING_REVERSAL_BUY,ENERGY_RECOVER,TREND_Q1,BULL_STRUCTURE,MOMENTUM_START",SIGNAL_EXIT
2023-09-25 07:00:00,2023-09-25 19:00:00,LONG,26143.2276,26326.313684,15.83112527004816,0.6600392314467028,12,0.8230904129067885,-0.30653292403726845,52.247868749999995,"EARLY_WAVE_LONG,WAVE_ACCELERATION,PRESSURE_EXHAUSTION,DELTA_EXHAUSTION,DNA_ACCUMULATION_01,TREND_Q1,BEAR_STRUCTURE,MOMENTUM_START",SCALE_OUT_10
2023-09-25 20:00:00,2023-09-26 16:00:00,LONG,26337.106368,26121.434668,-8.872932233815442,-0.3693622025674485,20,0.07606618479674722,-0.7990489352152081,52.878656249999985,"STRONG_WAVE,ANTI_MOMENTUM,EARLY_EXHAUSTION_BUY,EARLY_EXHAUSTION_SELL,HIDDEN_EXHAUSTION,DNA_ACCUMULATION_01,HAMMER_BUY,TREND_Q1","SIGNAL_EXIT,DEFENSE_03"
2023-09-27 03:00:00,2023-09-27 15:00:00,LONG,26233.275606,26187.671418,-5.130028195221687,-0.21377146113759138,12,2.033388441502891,-0.15387177189099133,52.165417500000004,"FIB_382_SHORT,ANTI_MOMENTUM,EARLY_EXHAUSTION_SELL,HIDDEN_EXHAUSTION,TREND_Q1,TREND_Q2,TREND_Q3,HIGHER_LOW","DEFENSE_03, DEFENSE_04"
2023-09-27 23:00:00,2023-09-28 11:00:00,LONG,26339.386823999997,26565.315874,19.60372839701508,0.8174181315953115,12,0.8778988574984815,0.0,94.42987722,"FIB_786_LONG,BOS_RETEST_LONG,LATE_WAVE_EXIT,STRONG_WAVE,TREND_Q1,BULL_STRUCTURE,MOMENTUM_START,BARRIER_L1",SIGNAL_EXIT
2023-09-29 03:00:00,2023-09-29 16:00:00,LONG,26900.589042,26883.192286,-1.641884400302688,-0.06832897637929115,13,1.038605353822497,-0.04467947516403645,73.263015,"FIB_382_LONG,LATE_WAVE_EXIT,WAVE_ACCELERATION,STRONG_WAVE,ANTI_LATE_WAVE,BULL_STRUCTURE,MOMENTUM_START,TRIPLE_CONFIRMATION",SIGNAL_EXIT
2023-09-29 19:00:00,2023-09-30 11:00:00,LONG,26925.373998000003,26973.554210000002,-0.6008218724717391,-0.02501069183522354,16,0.1989424622438848,-0.2056573030484772,50.92177999999998,"FIB_786_LONG,LATE_WAVE_EXIT,SWING_REVERSAL_BUY,TREND_Q1,BEAR_STRUCTURE,MOMENTUM_START,TRIPLE_CONFIRMATION,FIVE_CONFIRMATION","DEFENSE_03,SIGNAL_EXIT"
2023-09-30 14:00:00,2023-10-01 09:00:00,LONG,26978.79468,27130.042906000002,2.7285576706523806,0.11360140386994655,19,0.5807350619564525,-0.06017570537364626,72.0309301425,"EARLY_WAVE_LONG,TREND_RESUME_02,TREND_RESUME_03,TREND_Q1,TREND_Q2,TREND_Q3,TREND_Q4,BEAR_STRUCTURE","SIGNAL_EXIT,DEFENSE_03"
2023-10-01 20:00:00,2023-10-02 10:00:00,LONG,27583.74885015182,28282.952278,134.8622779663734,2.551928328955389,14,3.27569338632106,0.0,94.428761765625,"WAVE_ACCELERATION,STRONG_WAVE,EARLY_EXHAUSTION_BUY,PRESSURE_EXHAUSTION,DELTA_EXHAUSTION,DNA_ACCUMULATION_01,HAMMER_BUY,TREND_Q1,PYRAMID_LEVEL3,TRAIL_ENERGY,SCALE_OUT_10,SCALE_OUT_30,PYRAMID_LEVEL2","SCALE_OUT_30, PYRAMID_LEVEL2,TRAIL_ENERGY, TRAIL_DELTA, SCALE_OUT_10, SCALE_OUT_20, PYRAMID_LEVEL2"
2023-10-02 14:00:00,2023-10-02 15:00:00,LONG,28549.7088,28096.039186454575,-39.6600511966402,-1.6284160110943329,1,0.0,-0.847710222529491,61.11338344999997,"LATE_WAVE_EXIT,STRONG_WAVE,HIST200_SELL,HIST1000_SELL,ANTI_LATE_WAVE,MAJOR_SUPPLY,DNA_TREND_01,DNA_TREND_02",STOP_LOSS
2023-10-02 20:00:00,2023-10-02 21:00:00,LONG,27970.593,27406.636711266572,-99.70285605768152,-2.055440667339213,1,0.0,-0.45373725183445507,100.0,"FIB_382_LONG,STRONG_WAVE,PRESSURE_EXHAUSTION,DELTA_EXHAUSTION,TREND_Q1,TREND_Q2,TREND_Q3,TREND_Q4",STOP_LOSS
2023-10-03 03:00:00,2023-10-03 19:00:00,LONG,27589.71684,27295.019904,-43.37444770203013,-0.9036609170400668,16,0.1736631088961914,-1.048350157695933,100.0,"TREND_RESUME_02,TREND_RESUME_03,HIGHER_LOW,BULL_STRUCTURE,MOMENTUM_END,TRIPLE_CONFIRMATION,FIVE_CONFIRMATION,CASCADE_03",SIGNAL_EXIT
2023-10-04 01:00:00,2023-10-04 13:00:00,LONG,27315.892086,27564.505996,20.77561025671118,0.8697797855314021,12,1.1499090456613257,0.0,56.797369999999965,"FIB_786_LONG,LATE_WAVE_EXIT,WAVE_ACCELERATION,ANTI_LATE_WAVE,SWING_REVERSAL_BUY,ENERGY_RECOVER,CONFLUENCE_02,CONFLUENCE_03",SCALE_OUT_10
2023-10-04 20:00:00,2023-10-05 14:00:00,LONG,27623.62362,27987.161448,17.685367744428824,0.3694363552347079,18,1.336306869359234,-0.056631310269781764,100.0,"FIB_786_LONG,LATE_WAVE_EXIT,WAVE_ACCELERATION,ANTI_LATE_WAVE,ENERGY_RECOVER,CONFLUENCE_02,CONFLUENCE_03,TREND_Q1",SIGNAL_EXIT
2023-10-05 18:00:00,2023-10-06 13:00:00,LONG,27488.926686,27247.539402000002,-0.6541512494561985,-0.0090948947769506,19,0.9861182180607208,-0.8582971925206483,100.0,"ANTI_FIBO,ANTI_MOMENTUM,EARLY_EXHAUSTION_SELL,TREND_RESUME_02,TREND_RESUME_03,EMERGENCY_EXIT_04,STRUCTURE_FAILURE_LONG,BULL_STRUCTURE","SIGNAL_EXIT,DEFENSE_03"
2023-10-06 22:00:00,2023-10-07 15:00:00,LONG,28047.988476,27946.879506,-9.94475954399816,-0.41494925272879474,17,0.0,-0.6031037703282779,85.66270524511873,"EARLY_WAVE_LONG,TREND_RESUME_01,TREND_RESUME_02,TREND_RESUME_03,ENERGY_RECOVER,TREND_Q1,BEAR_STRUCTURE,MOMENTUM_START","SIGNAL_EXIT,DEFENSE_03, DEFENSE_04"
2023-10-07 20:00:00,2023-10-08 11:00:00,LONG,27871.063098000002,27813.196248,0.4372664686061851,0.018265901494671548,15,0.6953696072465352,-0.18762505691343512,52.88030999999997,"FIB_786_LONG,LATE_WAVE_EXIT,WAVE_ACCELERATION,SWING_REVERSAL_BUY,TREND_Q1,TREND_Q2,TREND_Q3,TREND_Q4",SIGNAL_EXIT
2023-10-08 16:00:00,2023-10-09 09:00:00,LONG,27898.318548,27740.220846,-0.8734222975826507,-0.03648739086943198,17,0.22776086627111983,-0.546837787867103,52.33032,"FIB_786_SHORT,LATE_WAVE_EXIT,WAVE_ACCELERATION,SWING_REVERSAL_BUY,TREND_Q1,TREND_Q2,TREND_Q3,TREND_Q4","SIGNAL_EXIT,DEFENSE_03"
2023-10-09 11:00:00,2023-10-09 16:00:00,LONG,27538.346568,27258.936641188353,-25.23061201850024,-1.054215440100068,5,0.0,-0.3716147872106424,95.34317693066251,"BOS_RETEST_SHORT,EARLY_WAVE_LONG,ANTI_FIBO,TREND_RESUME_04,EMERGENCY_EXIT_01,EMERGENCY_EXIT_04,ENERGY_RECOVER,SMART_ACCUMULATION",STOP_LOSS
2023-10-09 17:00:00,2023-10-10 13:00:00,LONG,27408.510606,27421.004702000002,15.588340922805703,0.653117228259896,20,0.9924267608341149,0.0,73.58171625000001,"EARLY_WAVE_LONG,ANTI_FIBO,EMERGENCY_EXIT_04,ENERGY_RECOVER,STRUCTURE_FAILURE_LONG,BULL_STRUCTURE,STRUCTURE_WEAKENING,MOMENTUM_START","SCALE_OUT_10, DEFENSE_03,SCALE_OUT_10,SIGNAL_EXIT"
2023-10-12 02:00:00,2023-10-12 19:00:00,LONG,26785.145958,26652.738386,-10.525012986767614,-0.44030002590773903,17,0.44108044878774855,-0.5347962569426127,52.878656249999985,"DELTA_EXHAUSTION,DNA_ACCUMULATION_01,HAMMER_BUY,TREND_Q1,TREND_Q2,TREND_Q3,BEAR_STRUCTURE,MOMENTUM_START",SIGNAL_EXIT
2023-10-12 23:00:00,2023-10-13 21:00:00,LONG,26760.401009999998,26975.973726,0.6961627318517492,0.029158060536527478,22,0.8256938672833545,-0.20018762043206026,94.21602868125,"WAVE_ACCELERATION,HIDDEN_EXHAUSTION,DNA_ACCUMULATION_01,TREND_Q1,TREND_Q2,TREND_Q3,TREND_Q4,HIGHER_LOW",SIGNAL_EXIT
2023-10-13 22:00:00,2023-10-14 11:00:00,LONG,27024.60384,26873.404244,-14.227886873763707,-0.595936571648182,13,0.0,-0.7204688037343614,79.03221375,"EARLY_WAVE_LONG,EMERGENCY_EXIT_04,ENERGY_WALL,ENERGY_RECOVER,STRUCTURE_FAILURE_SHORT,CONFLUENCE_02,CONFLUENCE_03,BULL_STRUCTURE",SIGNAL_EXIT
2023-10-14 13:00:00,2023-10-15 01:00:00,LONG,26898.458616,26843.390248,-5.831571902053537,-0.2446449628903903,12,0.16395506013779024,-0.29164725429039245,69.61218969250001,"FIB_236_SHORT,EARLY_WAVE_LONG,HIGHER_LOW,BULL_STRUCTURE,MOMENTUM_START,BARRIER_L1,TRIPLE_CONFIRMATION,FIVE_CONFIRMATION",SIGNAL_EXIT
2023-10-15 19:00:00,2023-10-16 07:00:00,LONG,27061.81128,27807.03748,129.23214663500616,2.7126912438064905,12,3.1580617836604654,-0.0667408393811019,100.0,"BOS_RETEST_LONG,LATE_WAVE_EXIT,WAVE_ACCELERATION,STRONG_WAVE,ANTI_LATE_WAVE,EMERGENCY_EXIT_04,DNA_TREND_02,ENERGY_RECOVER",TRAIL_DELTA
2023-10-16 19:00:00,2023-10-17 07:00:00,LONG,28556.91024,28223.95408,-29.09797698776909,-1.2054726465113599,12,0.0,-1.2980404283401268,50.583015,"LATE_WAVE_EXIT,WAVE_ACCELERATION,STRONG_WAVE,ANTI_LATE_WAVE,MARUBOZU_BEAR,HIGHER_HIGH_CONTINUE,BULL_STRUCTURE,MOMENTUM_START",SIGNAL_EXIT
2023-10-17 10:00:00,2023-10-18 09:00:00,LONG,28452.479358,28555.807696,-1.8971217282074346,-0.0788395481663684,23,0.9779135185340802,-0.820875239241083,73.9004175,"WAVE_ACCELERATION,ANTI_MOMENTUM,EARLY_EXHAUSTION_SELL,TREND_Q1,TREND_Q2,TREND_Q3,HIGHER_LOW,BULL_STRUCTURE","SIGNAL_EXIT,DEFENSE_03"
2023-10-18 10:00:00,2023-10-19 03:00:00,LONG,28273.223513999998,28204.348002000002,-0.9119115650830771,-0.03790798495969745,17,0.40765244169251064,-0.29262144077426805,94.00664196000001,"LATE_WAVE_EXIT,WAVE_ACCELERATION,STRONG_WAVE,ANTI_LATE_WAVE,SWING_REVERSAL_BUY,EMERGENCY_EXIT_04,STRUCTURE_FAILURE_LONG,TREND_Q1","SIGNAL_EXIT,DEFENSE_03"
2023-10-19 23:00:00,2023-10-20 12:00:00,LONG,29158.818030027658,29834.022002,243.40509532643867,2.300413406954232,13,3.162761560570585,-0.05363716482676312,100.0,"FIB_382_LONG,ANTI_MOMENTUM,EARLY_EXHAUSTION_SELL,TREND_RESUME_02,TREND_RESUME_03,TREND_Q1,TREND_Q2,TREND_Q3,PYRAMID_LEVEL2,TRAIL_WAVE,TRAIL_DELTA,SCALE_OUT_30","SCALE_OUT_30, PYRAMID_LEVEL2,TRAIL_ENERGY, TRAIL_DELTA, SCALE_OUT_20, PYRAMID_LEVEL2"
2023-10-20 20:00:00,2023-10-21 13:00:00,LONG,29567.312280000002,29762.326344,13.424114342188416,0.5446071684915571,17,0.9338275910413468,-0.2717605145813503,73.263015,"FIB_382_LONG,STRONG_WAVE,HIDDEN_EXHAUSTION,TREND_Q1,TREND_Q2,TREND_Q3,TREND_Q4,BULL_STRUCTURE","SIGNAL_EXIT,SCALE_OUT_10"
2023-10-22 00:00:00,2023-10-22 22:00:00,LONG,29915.78196,29744.059998,-2.4577929787576394,-0.09958535711324079,22,0.6642916446767623,-0.554128788014478,50.81926500000001,"STRONG_WAVE,ANTI_MOMENTUM,EARLY_EXHAUSTION_SELL,HIDDEN_EXHAUSTION,TREND_Q1,TREND_Q2,TREND_Q3,TREND_Q4","SIGNAL_EXIT,DEFENSE_03"
2023-10-22 23:00:00,2023-10-23 11:00:00,LONG,30351.18177756219,30553.408096000003,27.799741587142968,0.6260216046673971,12,2.302153504516645,-0.17489694244645954,100.0,"FAILED_BOS_SHORT,WAVE_ACCELERATION,ANTI_BOS,DNA_TREND_01,DNA_TREND_02,MARUBOZU_BULL,ENERGY_RECOVER,CONFLUENCE_02,SCALE_OUT_30,PYRAMID_LEVEL2,DEFENSE_03",SCALE_OUT_10
2023-10-23 12:00:00,2023-10-24 00:00:00,LONG,31290.83397657235,33063.376002,667.4724512870739,5.622466554723529,12,7.061811340960558,-0.17340479004115533,100.0,"HIDDEN_EXHAUSTION,PRESSURE_EXHAUSTION,DELTA_EXHAUSTION,TREND_RESUME_02,TREND_RESUME_03,TREND_Q1,TREND_Q2,TREND_Q3,TRAIL_ENERGY,TRAIL_DELTA,SCALE_OUT_20,SCALE_OUT_30,PYRAMID_LEVEL2,SCALE_OUT_10,TRAIL_WAVE,PYRAMID_LEVEL3","TRAIL_DELTA, TRAIL_WAVE, PYRAMID_LEVEL3"
2023-10-24 03:00:00,2023-10-24 15:00:00,LONG,34576.36388999999,34417.495124,-13.177977857505832,-0.4992883710930669,12,7.551401324101477e-05,-1.9529060144906716,66.5378186725,"LATE_WAVE_EXIT,STRONG_WAVE,HIST200_SELL,HIST1000_SELL,ANTI_LATE_WAVE,MAJOR_SUPPLY,TREND_RESUME_04,ENERGY_RECOVER",SIGNAL_EXIT
2023-10-24 16:00:00,2023-10-25 04:00:00,LONG,33675.623778,33992.590122,23.744738679583776,0.9008572786983948,12,1.5450529600580432,-0.04782028124011975,71.77450959000001,"BOS_CONTINUE_SHORT,EARLY_WAVE_LONG,SWING_REVERSAL_BUY,EMERGENCY_EXIT_04,ENERGY_RECOVER,STRUCTURE_FAILURE_LONG,TREND_Q1,TREND_Q2",SCALE_OUT_10
2023-10-25 10:00:00,2023-10-26 04:00:00,LONG,34432.170071176275,34786.331342000005,17.28676423939541,0.36359294207387327,18,2.146854975327056,0.0,52.24621499999999,"PRESSURE_EXHAUSTION,DELTA_EXHAUSTION,TREND_RESUME_02,TREND_RESUME_03,TREND_Q1,TREND_Q2,TREND_Q3,TREND_Q4,PYRAMID_LEVEL2","SIGNAL_EXIT,SCALE_OUT_10,TRAIL_ENERGY, SCALE_OUT_10, SCALE_OUT_20"
2023-10-26 05:00:00,2023-10-26 11:00:00,LONG,34706.929998,33984.60874712518,-56.09039402060149,-2.1203693164911903,6,0.0,-1.2371304463539257,73.9004175,"WAVE_ACCELERATION,ANTI_MOMENTUM,EARLY_EXHAUSTION_SELL,TREND_Q1,TREND_Q2,TREND_Q3,TREND_Q4,HIGHER_LOW",STOP_LOSS
2023-10-27 02:00:00,2023-10-27 18:00:00,LONG,33855.239694,33593.419972,11.790573769912173,0.4481360773058205,16,1.1364867284285853,-0.7534718297835898,52.56657,"EARLY_WAVE_LONG,SWING_REVERSAL_BUY,DNA_TREND_02,ENERGY_RECOVER,BEAR_STRUCTURE,MOMENTUM_START,RESISTANCE_MAJOR,TRIPLE_CONFIRMATION",SIGNAL_EXIT
2023-10-28 12:00:00,2023-10-29 03:00:00,LONG,34182.68517,34025.39356,-10.692523068589136,-0.4059871259742151,15,0.030117089833075237,-0.5153052462788609,92.00809081883122,"EARLY_WAVE_LONG,TREND_RESUME_01,TREND_RESUME_02,TREND_RESUME_03,ENERGY_WALL,ENERGY_RECOVER,CONFLUENCE_02,CONFLUENCE_03",SIGNAL_EXIT
2023-10-29 04:00:00,2023-10-29 18:00:00,LONG,33977.664174000005,34555.497518000004,34.527366080685404,1.3124416683193594,14,1.720971232764879,0.0,68.13121875,"EARLY_WAVE_LONG,BULL_STRUCTURE,MOMENTUM_START,RESISTANCE_MAJOR,TRIPLE_CONFIRMATION,CASCADE_03,CASCADE_05,CASCADE_08","SIGNAL_EXIT,TRAIL_ENERGY, SCALE_OUT_10, SCALE_OUT_20"
2023-10-29 20:00:00,2023-10-30 02:00:00,LONG,34568.882394,34196.677417928746,-29.460072943416687,-1.1162745808218615,6,0.3863810362095471,-0.427559075573852,74.53782,"BOS_RETEST_LONG,LATE_WAVE_EXIT,STRONG_WAVE,ANTI_LATE_WAVE,EMERGENCY_EXIT_05,DNA_TREND_02,ENERGY_RECOVER,TREND_Q1",STOP_LOSS
2023-10-30 10:00:00,2023-10-30 17:00:00,LONG,34539.00642,34091.12100095818,-70.32633645585754,-1.3362337695242938,7,0.35274199413405893,-0.23155391046132778,100.0,"FIB_236_LONG,TREND_RESUME_02,TREND_RESUME_03,ENERGY_RECOVER,CONFLUENCE_02,CONFLUENCE_03,TREND_Q1,TREND_Q2",STOP_LOSS
2023-10-31 05:00:00,2023-10-31 19:00:00,LONG,34242.957222,34468.464928,12.541565482732592,0.4798936218327151,14,0.7163889976254562,-0.2854520459967713,52.24621499999999,"WAVE_ACCELERATION,EARLY_EXHAUSTION_BUY,TREND_RESUME_02,TREND_RESUME_03,BEAR_STRUCTURE,MOMENTUM_END,RESISTANCE_MAJOR,TRIPLE_CONFIRMATION","SIGNAL_EXIT,DEFENSE_03,SCALE_OUT_10"
2023-11-01 05:00:00,2023-11-01 20:00:00,LONG,34446.457914,34550.758466,2.2135898668318887,0.08460831379692231,15,0.9990928148816395,-0.7620461722228721,73.263015,"FIB_382_LONG,TREND_Q1,TREND_Q2,TREND_Q3,TREND_Q4,BULL_STRUCTURE,MOMENTUM_END,TRIPLE_CONFIRMATION","SIGNAL_EXIT,DEFENSE_03, DEFENSE_04"
2023-11-01 21:00:00,2023-11-02 14:00:00,LONG,35413.161216,34919.984606000005,-8.639102415956593,-0.3301688326206865,17,0.7502543542482658,-1.3729393234183538,80.51034209788676,"BOS_CONTINUE_LONG,LATE_WAVE_EXIT,WAVE_ACCELERATION,STRONG_WAVE,HIST1000_SELL,ANTI_LATE_WAVE,MAJOR_SUPPLY,TREND_RESUME_04",SIGNAL_EXIT
2023-11-02 15:00:00,2023-11-03 08:00:00,LONG,34931.724947999995,34212.148199577896,-25.70618169276817,-0.983347722465815,17,0.19548147737237978,-1.5100168937697878,73.58171625000001,"EARLY_WAVE_LONG,ANTI_FIBO,EMERGENCY_EXIT_04,ENERGY_RECOVER,STRUCTURE_FAILURE_LONG,TREND_Q1,TREND_Q2,TREND_Q3","SIGNAL_EXIT,STOP_LOSS"
2023-11-03 10:00:00,2023-11-03 22:00:00,LONG,34265.80179,34594.019812000006,23.922828696454047,0.9174757269708943,12,1.453076198395886,-0.03911126925361303,54.135270000000006,"LATE_WAVE_EXIT,WAVE_ACCELERATION,STRONG_WAVE,ANTI_LATE_WAVE,SWING_REVERSAL_BUY,EMERGENCY_EXIT_04,STRUCTURE_FAILURE_LONG,BEAR_STRUCTURE","SCALE_OUT_10, DEFENSE_03, DEFENSE_04"
2023-11-04 00:00:00,2023-11-04 13:00:00,LONG,34723.723355999995,34751.828244,-0.6763232277638759,-0.025881216889836772,13,0.3763900623791253,-0.15177910346671228,50.31116999999999,"HIDDEN_EXHAUSTION,TREND_RESUME_02,TREND_RESUME_03,BEAR_STRUCTURE,MOMENTUM_END,BARRIER_L1,TRIPLE_CONFIRMATION,FIVE_CONFIRMATION","DEFENSE_03,SIGNAL_EXIT"
2023-11-04 23:00:00,2023-11-05 13:00:00,LONG,35167.032,34787.15558309084,-9.000621633435543,-0.3444882631269487,14,0.31273040045006584,-0.5373839907786256,77.29197594999998,"BOS_CONTINUE_LONG,LATE_WAVE_EXIT,WAVE_ACCELERATION,STRONG_WAVE,ANTI_LATE_WAVE,DNA_TREND_01,DNA_TREND_02,MARUBOZU_BULL","SIGNAL_EXIT,STOP_LOSS"
2023-11-05 18:00:00,2023-11-05 21:00:00,LONG,35073.923382,34661.508946262154,-31.72415413223327,-1.2153731268487584,3,0.0,-0.24437922460647785,78.689905,"FIB_382_LONG,ENERGY_RECOVER,CONFLUENCE_02,CONFLUENCE_03,TREND_Q1,TREND_Q2,TREND_Q3,TREND_Q4",STOP_LOSS
2023-11-05 22:00:00,2023-11-06 16:00:00,LONG,34652.849184,35073.933809999995,39.08292778244065,1.5020065125468374,18,1.6725920945848607,0.0,51.137966250000005,"BOS_CONTINUE_SHORT,EARLY_WAVE_LONG,ANTI_FIBO,EMERGENCY_EXIT_04,DNA_TREND_02,ENERGY_WALL,ENERGY_RECOVER,STRUCTURE_FAILURE_LONG","SIGNAL_EXIT,TRAIL_ENERGY, SCALE_OUT_10, SCALE_OUT_20,TRAIL_ENERGY, SCALE_OUT_10, SCALE_OUT_20, DEFENSE_03, DEFENSE_04"
2023-11-06 19:00:00,2023-11-07 10:00:00,LONG,34957.59012,34778.472914,-3.7560948289401854,-0.14382580525748465,15,0.45237637794010055,-0.49245419781241606,52.878656249999985,"WAVE_ACCELERATION,DNA_ACCUMULATION_01,HAMMER_BUY,TREND_Q1,TREND_Q2,TREND_Q3,BEAR_STRUCTURE,MOMENTUM_START","SIGNAL_EXIT,DEFENSE_03"
2023-11-07 15:00:00,2023-11-08 17:00:00,LONG,34829.444496000004,35399.338716,33.28367054270293,1.2750614417263388,26,2.2655988788182397,-0.4467613487716625,50.92177999999998,"FIB_786_LONG,LATE_WAVE_EXIT,SWING_REVERSAL_BUY,BEAR_STRUCTURE,MOMENTUM_START,BARRIER_L1,TRIPLE_CONFIRMATION,FIVE_CONFIRMATION","TRAIL_ENERGY, SCALE_OUT_10, SCALE_OUT_20,SIGNAL_EXIT,TRAIL_ENERGY, SCALE_OUT_10"
2023-11-09 13:00:00,2023-11-09 16:00:00,LONG,36888.696264,36175.53933846427,-51.648126286451564,-1.972493514175005,3,2.6187798264444644,0.0,69.60414300611625,"EARLY_WAVE_LONG,HIST200_SELL,HIST1000_SELL,PRESSURE_EXHAUSTION,DELTA_EXHAUSTION,MAJOR_SUPPLY,TREND_RESUME_02,TREND_RESUME_03",STOP_LOSS
2023-11-09 18:00:00,2023-11-10 15:00:00,LONG,36632.605056,37049.278662000004,0.6250025279530396,0.023990170773023144,21,1.5088060026172532,-0.7208197604192722,94.00218014250001,"ANTI_MOMENTUM,EARLY_EXHAUSTION_BUY,EARLY_EXHAUSTION_SELL,TREND_RESUME_02,TREND_RESUME_03,EMERGENCY_EXIT_01,TREND_Q1,TREND_Q2","SIGNAL_EXIT,TRAIL_ENERGY, SCALE_OUT_10, SCALE_OUT_20"
2023-11-10 22:00:00,2023-11-11 20:00:00,LONG,37273.70325,37141.360242,-39.35985615566061,-0.7554269168888332,22,0.20928092246911492,-0.8224115751095785,100.0,"PRESSURE_EXHAUSTION,DELTA_EXHAUSTION,TREND_RESUME_02,TREND_RESUME_03,TREND_Q1,TREND_Q2,TREND_Q3,TREND_Q4",SIGNAL_EXIT
2023-11-12 00:00:00,2023-11-12 17:00:00,LONG,37137.415998,37102.578,-7.247813398767768,-0.279322964964826,17,0.039566570815791686,-0.6433026950848191,76.44541418499996,"FIB_236_LONG,FIB_382_LONG,FAILED_BOS_SHORT,ANTI_BOS,DNA_TREND_02,ENERGY_RECOVER,CONFLUENCE_02,CONFLUENCE_03","SIGNAL_EXIT,DEFENSE_03"
2023-11-12 19:00:00,2023-11-13 04:00:00,LONG,37152.57903,36810.67078978838,-24.88774125076098,-0.9599131953654136,9,0.10868954741309203,-0.6421331606814127,94.00218014250001,"FIB_786_LONG,LATE_WAVE_EXIT,WAVE_ACCELERATION,HIDDEN_EXHAUSTION,PRESSURE_EXHAUSTION,DELTA_EXHAUSTION,SWING_REVERSAL,TREND_Q1",STOP_LOSS
2023-11-13 09:00:00,2023-11-13 12:00:00,LONG,37030.724664,36656.040373509066,-27.191978900236506,-1.0514153049206962,3,0.0,-0.5960041722180119,100.0,"FIB_786_LONG,FAILED_BOS_SHORT,LATE_WAVE_EXIT,STRONG_WAVE,ANTI_BOS,ANTI_LATE_WAVE,ENERGY_RECOVER,CONFLUENCE_02",STOP_LOSS
2023-11-13 13:00:00,2023-11-13 21:00:00,LONG,36936.965916,36516.64583989456,-30.36930105077537,-1.1774836499307593,8,0.0,-0.722517156950354,74.53782,"LATE_WAVE_EXIT,STRONG_WAVE,ANTI_LATE_WAVE,SWING_REVERSAL_BUY,EMERGENCY_EXIT_04,ENERGY_RECOVER,STRUCTURE_FAILURE_LONG,BULL_STRUCTURE",STOP_LOSS
2023-11-14 12:00:00,2023-11-14 18:00:00,LONG,36266.421834,35817.84441296079,-32.82031754024682,-1.276399863552076,6,0.9054881882285145,-0.4834550119185716,57.58420248000001,"EARLY_WAVE_LONG,FAILED_WAVE,SWING_REVERSAL_BUY,DNA_TREND_01,DNA_TREND_02,MARUBOZU_BULL,MARUBOZU_BEAR,ENERGY_RECOVER",STOP_LOSS
2023-11-16 07:00:00,2023-11-16 13:00:00,LONG,37569.982494,36863.83425931738,-98.35233698622693,-1.9188025134200644,6,0.0,-1.1769568805910888,100.0,"EARLY_WAVE_LONG,TREND_RESUME_02,TREND_RESUME_03,TREND_Q1,BULL_STRUCTURE,MOMENTUM_START,RESISTANCE_MAJOR,TRIPLE_CONFIRMATION",STOP_LOSS
2023-11-16 21:00:00,2023-11-17 19:00:00,LONG,35962.211004,36464.90556,28.30954075141114,1.115534141471769,22,1.6678312574643694,0.0,52.878656249999985,"STRONG_WAVE,EMERGENCY_EXIT_01,DNA_ACCUMULATION_01,HAMMER_BUY,BEAR_STRUCTURE,MOMENTUM_START,RESISTANCE_MAJOR,TRIPLE_CONFIRMATION","TRAIL_ENERGY, SCALE_OUT_10,SCALE_OUT_10, DEFENSE_03,SIGNAL_EXIT,TRAIL_ENERGY, SCALE_OUT_10, SCALE_OUT_20, DEFENSE_03"
2023-11-19 12:00:00,2023-11-20 00:00:00,LONG,36460.920726,37352.37803,61.171415232679145,2.4039885316526477,12,2.4654870368069925,-0.0080379922987211,68.13121875,"EARLY_WAVE_LONG,ENERGY_RECOVER,BULL_STRUCTURE,MOMENTUM_START,TRIPLE_CONFIRMATION,CASCADE_03,CASCADE_05,CASCADE_08",SIGNAL_EXIT
2023-11-20 10:00:00,2023-11-20 14:00:00,LONG,37197.598032,36748.048273230655,-63.89123824186498,-1.2480617100041211,4,0.24840842658847917,-0.2803891582200395,100.0,"FIB_236_LONG,PRESSURE_EXHAUSTION,DELTA_EXHAUSTION,TREND_RESUME_02,TREND_RESUME_03,ENERGY_RECOVER,CONFLUENCE_02,CONFLUENCE_03",STOP_LOSS
2023-11-20 15:00:00,2023-11-20 17:00:00,LONG,37418.592222,36838.2375819128,-80.88991337000104,-1.5903589627032688,2,0.11496364626649228,-0.49109870545037726,100.0,"EARLY_WAVE_LONG,TREND_RESUME_02,TREND_RESUME_03,ENERGY_RECOVER,CONFLUENCE_02,CONFLUENCE_03,TREND_Q1,BULL_STRUCTURE",STOP_LOSS
2023-11-20 18:00:00,2023-11-21 14:00:00,LONG,37584.16533,36832.51009684682,-40.37299168984177,-0.8002883799261459,20,0.04375425090755136,-1.522676704338577,100.0,"EARLY_WAVE_LONG,TREND_RESUME_02,TREND_RESUME_03,EMERGENCY_EXIT_05,ENERGY_RECOVER,CONFLUENCE_02,CONFLUENCE_03,TREND_Q1","SIGNAL_EXIT,DEFENSE_03,STOP_LOSS"
2023-11-22 01:00:00,2023-11-22 20:00:00,LONG,36115.381632000004,37282.522004000006,34.35029695304797,1.3675542926258983,19,3.2523493174422033,-0.06191719702109937,54.135270000000006,"LATE_WAVE_EXIT,STRONG_WAVE,ANTI_FIBO,ANTI_LATE_WAVE,SWING_REVERSAL_BUY,EMERGENCY_EXIT_04,STRUCTURE_FAILURE_LONG,BEAR_STRUCTURE","TRAIL_ENERGY, SCALE_OUT_10, SCALE_OUT_20,SIGNAL_EXIT,DEFENSE_03,SCALE_OUT_10,TRAIL_ENERGY, SCALE_OUT_10,TRAIL_DELTA"
2023-11-23 09:00:00,2023-11-23 15:00:00,LONG,37507.510002,36946.08286204548,-77.43086703470287,-1.53624053707809,6,0.34745041191230774,-0.8089046753138879,100.0,"FIB_382_LONG,TREND_Q1,MULTI_SWING_BUY_01,HIGHER_LOW,BULL_STRUCTURE,MOMENTUM_START,TRIPLE_CONFIRMATION,FIVE_CONFIRMATION",STOP_LOSS
2023-11-24 10:00:00,2023-11-25 06:00:00,LONG,37629.944484,37805.207446,9.754012991102458,0.39011688304737224,20,1.570997576813754,-0.08656532569121243,92.16221225273998,"BOS_RETEST_LONG,EARLY_WAVE_LONG,TREND_RESUME_02,TREND_RESUME_03,EMERGENCY_EXIT_05,DNA_TREND_02,ENERGY_RECOVER,CONFLUENCE_02","SCALE_OUT_10, DEFENSE_03,SIGNAL_EXIT,SCALE_OUT_10"
2023-11-25 11:00:00,2023-11-26 02:00:00,LONG,37692.93708,37672.983896,2.760775217381627,0.11032209372673256,15,0.33558785756473863,-0.10725372744023187,73.58171625000001,"EARLY_WAVE_LONG,TREND_Q1,TREND_Q2,TREND_Q3,TREND_Q4,BULL_STRUCTURE,MOMENTUM_START,TRIPLE_CONFIRMATION","SIGNAL_EXIT,DEFENSE_03, DEFENSE_04"
2023-11-26 08:00:00,2023-11-26 12:00:00,LONG,37797.32795399999,37585.37559913707,-15.030860220572437,-0.6005358510496394,4,0.0,-0.31223888139295264,73.9004175,"WAVE_ACCELERATION,TREND_Q1,TREND_Q2,TREND_Q3,TREND_Q4,HIGHER_LOW,BULL_STRUCTURE,MOMENTUM_END",STOP_LOSS
2023-11-26 13:00:00,2023-11-26 13:00:00,LONG,37635.035502,37360.81751750289,-19.199868056574665,-0.7683327719692069,0,0.0,0.0,71.77450959000001,"BOS_CONTINUE_SHORT,EARLY_WAVE_LONG,ANTI_FIBO,SWING_REVERSAL_BUY,EMERGENCY_EXIT_04,ENERGY_RECOVER,STRUCTURE_FAILURE_LONG,BULL_STRUCTURE",STOP_LOSS
2023-11-29 07:00:00,2023-11-29 15:00:00,LONG,38182.044882,37656.11416936304,-35.334825538535654,-1.4168784306252376,8,0.4084514553423494,-0.9382286441365675,71.163365,"FIB_786_LONG,WAVE_ACCELERATION,TREND_Q1,BULL_STRUCTURE,MOMENTUM_START,BARRIER_L1,TRIPLE_CONFIRMATION,FIVE_CONFIRMATION",STOP_LOSS
2023-11-29 17:00:00,2023-11-30 10:00:00,LONG,37769.912471999996,37705.987294,2.1551530060797974,0.08673460787982692,17,0.7464341576353976,-0.2675210647493547,52.33032,"FIB_786_SHORT,LATE_WAVE_EXIT,WAVE_ACCELERATION,STRONG_WAVE,SWING_REVERSAL_BUY,TREND_Q1,BULL_STRUCTURE,MOMENTUM_START",SIGNAL_EXIT
2023-11-30 13:00:00,2023-12-01 05:00:00,LONG,37887.565998,38172.224028000004,4.062740721146293,0.16348679481357173,16,0.771477381300852,-0.7066328779582578,51.93247499999999,"FIB_382_LONG,WAVE_ACCELERATION,DNA_ACCUMULATION_01,TREND_Q1,TREND_Q2,BEAR_STRUCTURE,MOMENTUM_START,TRIPLE_CONFIRMATION",SIGNAL_EXIT
2023-12-01 10:00:00,2023-12-01 14:00:00,LONG,38712.99105,38231.10180938016,-63.849701049163905,-1.2842760733766339,4,0.0,-0.9093615358868011,100.0,"LATE_WAVE_EXIT,STRONG_WAVE,ANTI_LATE_WAVE,TREND_RESUME_04,DNA_TREND_01,DNA_TREND_02,MARUBOZU_BULL,MARUBOZU_BEAR",STOP_LOSS
2023-12-01 16:00:00,2023-12-02 13:00:00,LONG,38421.192702,38771.944059999994,65.3231496241394,0.8817806662228238,21,1.0331987897380897,0.0,100.0,"FIB_382_LONG,EARLY_EXHAUSTION_BUY,HIDDEN_EXHAUSTION,TREND_RESUME_02,TREND_RESUME_03,TREND_Q1,TREND_Q2,TREND_Q3","SCALE_OUT_10,TRAIL_ENERGY, SCALE_OUT_10,SIGNAL_EXIT"
2023-12-02 14:00:00,2023-12-03 14:00:00,LONG,38823.66318,39663.435726,78.54634851908092,1.5804380563019975,24,2.1834539828706534,-0.19357570575338262,100.0,"FIB_786_LONG,LATE_WAVE_EXIT,WAVE_ACCELERATION,ANTI_LATE_WAVE,TREND_Q1,TREND_Q2,TREND_Q3,TREND_Q4","TRAIL_ENERGY, SCALE_OUT_10,SIGNAL_EXIT,TRAIL_ENERGY, SCALE_OUT_10, PYRAMID_LEVEL1,TRAIL_ENERGY, SCALE_OUT_10, SCALE_OUT_20,TRAIL_ENERGY, SCALE_OUT_10, SCALE_OUT_20, DEFENSE_03,SCALE_OUT_30, PYRAMID_LEVEL2"
2023-12-03 18:00:00,2023-12-04 08:00:00,LONG,40222.12584521573,41432.811779999996,274.96838546074184,3.050618667082899,14,3.177042804007514,0.0,52.165417500000004,"FIB_382_SHORT,ANTI_MOMENTUM,EARLY_EXHAUSTION_SELL,TREND_Q1,TREND_Q2,TREND_Q3,TREND_Q4,HIGHER_LOW,PYRAMID_LEVEL1,TRAIL_ENERGY,TRAIL_DELTA,SCALE_OUT_20,PYRAMID_LEVEL2,SCALE_OUT_10,SCALE_OUT_30","TRAIL_WAVE, PYRAMID_LEVEL2, PYRAMID_LEVEL3,TRAIL_DELTA, SCALE_OUT_30, PYRAMID_LEVEL2,TRAIL_ENERGY, TRAIL_DELTA, TRAIL_WAVE, SCALE_OUT_10, SCALE_OUT_20, PYRAMID_LEVEL2, PYRAMID_LEVEL3"
2023-12-04 11:00:00,2023-12-05 00:00:00,LONG,41986.585638000004,41982.70178,-3.1261274352615316,-0.12154766901506181,13,0.12719386725187815,-1.705915418261004,79.71683125,"LATE_WAVE_EXIT,STRONG_WAVE,ANTI_LATE_WAVE,EMERGENCY_EXIT_05,DNA_TREND_01,DNA_TREND_02,ENERGY_RECOVER,CONFLUENCE_02",SIGNAL_EXIT
2023-12-05 06:00:00,2023-12-05 19:00:00,LONG,41919.48222,43703.257600000004,92.96597841659727,3.6160916956388034,13,4.276097139255175,-0.9338908766702749,73.263015,"FIB_382_LONG,HIDDEN_EXHAUSTION,TREND_Q1,TREND_Q2,TREND_Q3,TREND_Q4,BULL_STRUCTURE,MOMENTUM_END","TRAIL_WAVE, PYRAMID_LEVEL2, PYRAMID_LEVEL3,TRAIL_WAVE, SCALE_OUT_30, PYRAMID_LEVEL2, PYRAMID_LEVEL3"
2023-12-06 10:00:00,2023-12-07 00:00:00,LONG,43883.15487599999,43753.937462,-13.588295081666146,-0.261929808296567,14,0.5197783173168199,-0.29023637056151835,100.0,"EARLY_WAVE_LONG,TREND_RESUME_02,TREND_RESUME_03,TREND_Q1,TREND_Q2,TREND_Q3,TREND_Q4,BULL_STRUCTURE",SIGNAL_EXIT
2023-12-07 05:00:00,2023-12-07 09:00:00,LONG,43973.612964,43316.66835671377,-39.71334143005252,-1.5333542758492908,4,0.07649368276274639,-0.8823768115611901,73.9004175,"PRESSURE_EXHAUSTION,TREND_Q1,TREND_Q2,TREND_Q3,TREND_Q4,HIGHER_LOW,BULL_STRUCTURE,MOMENTUM_START",STOP_LOSS
2023-12-07 10:00:00,2023-12-08 00:00:00,LONG,43359.740214,43264.495370000004,-6.740881658182642,-0.2612969845958895,14,0.754985579674444,-0.5200681851114739,73.58171625000001,"EARLY_WAVE_LONG,ANTI_FIBO,EMERGENCY_EXIT_04,ENERGY_RECOVER,STRUCTURE_FAILURE_LONG,TREND_Q1,TREND_Q2,TREND_Q3","SIGNAL_EXIT,DEFENSE_03"
2023-12-08 01:00:00,2023-12-08 16:00:00,LONG,43400.62839,43752.187812000004,18.025464633599157,0.6992482941726913,15,1.2957222760617388,-0.6097800880251145,84.81345675515999,"FIB_382_LONG,ANTI_MOMENTUM,EARLY_EXHAUSTION_BUY,EARLY_EXHAUSTION_SELL,MARUBOZU_BULL,MARUBOZU_BEAR,HIGHER_LOW,BULL_STRUCTURE",SIGNAL_EXIT
2023-12-08 20:00:00,2023-12-09 10:00:00,LONG,43953.909024,43833.2316,1.6402881218370302,0.0635257654634326,14,1.3046188353506567,-0.27200999104475454,50.81926500000001,"SWING_REVERSAL,TREND_Q1,TREND_Q2,TREND_Q3,TREND_Q4,MULTI_SWING_SELL_01,HIGHER_HIGH_CONTINUE,BULL_STRUCTURE",SIGNAL_EXIT
2023-12-09 14:00:00,2023-12-10 03:00:00,LONG,44005.129266,43735.95106,-15.380248936719838,-0.595617692366861,13,0.09083198860383275,-0.6624892844599626,52.165417500000004,"FIB_382_SHORT,TREND_Q1,TREND_Q2,TREND_Q3,TREND_Q4,HIGHER_LOW,BULL_STRUCTURE,MOMENTUM_START","SIGNAL_EXIT,DEFENSE_03"
2023-12-10 10:00:00,2023-12-10 23:00:00,LONG,43615.511358,43774.72330400001,8.896520503842051,0.34507625084990495,13,0.7898534976979248,0.0,52.56657,"EARLY_WAVE_LONG,FAILED_WAVE,SWING_REVERSAL_BUY,DNA_TREND_01,DNA_TREND_02,ENERGY_RECOVER,BEAR_STRUCTURE,MOMENTUM_START","SIGNAL_EXIT,DEFENSE_03"
2023-12-12 19:00:00,2023-12-13 16:00:00,LONG,41313.701088,41930.782166,-23.864651227158404,-0.9249513115018709,21,1.513974530308241,-1.172349790129752,50.93451999999999,"FIB_382_LONG,PRESSURE_EXHAUSTION,DELTA_EXHAUSTION,BEAR_STRUCTURE,BUY_LIQUIDITY_GRAB,MOMENTUM_START,TRIPLE_CONFIRMATION,FIVE_CONFIRMATION",SIGNAL_EXIT
2023-12-15 10:00:00,2023-12-15 14:00:00,LONG,42843.46698,42154.5750453391,-42.399024708083296,-1.6472844389752328,4,0.008409730243549698,-1.2964566575793037,67.836125,"FIB_382_LONG,BULL_STRUCTURE,MOMENTUM_START,TRIPLE_CONFIRMATION,CASCADE_03,CASCADE_05,CASCADE_08,CASCADE_10",STOP_LOSS
2023-12-18 10:00:00,2023-12-18 22:00:00,LONG,41055.729503999995,42611.466002,96.05707277357163,3.7478128636084596,12,3.810090613169105,-0.5656445685062534,56.11808124999999,"EARLY_WAVE_LONG,HAMMER_BUY,ENERGY_RECOVER,CONFLUENCE_02,CONFLUENCE_03,TREND_Q1,BEAR_STRUCTURE,MOMENTUM_START",SIGNAL_EXIT
2023-12-18 23:00:00,2023-12-20 06:00:00,LONG,42519.60222,42700.628166,7.1376269582579255,0.27592765676342346,31,1.8706378669409793,-1.5652597513881514,70.85646750000001,"EARLY_WAVE_LONG,EMERGENCY_EXIT_01,EMERGENCY_EXIT_04,STRUCTURE_FAILURE_SHORT,BULL_STRUCTURE,MOMENTUM_START,TRIPLE_CONFIRMATION,FIVE_CONFIRMATION","SIGNAL_EXIT,TRAIL_ENERGY, SCALE_OUT_10,SCALE_OUT_10"
2023-12-20 13:00:00,2023-12-21 14:00:00,LONG,42988.215924000004,44138.790476,35.81382236665325,1.3836810149873249,25,2.697050926816205,0.0,69.363117915,"EARLY_WAVE_LONG,TREND_RESUME_02,TREND_RESUME_03,BEAR_STRUCTURE,MOMENTUM_START,BARRIER_L1,TRIPLE_CONFIRMATION,FIVE_CONFIRMATION","TRAIL_ENERGY, SCALE_OUT_10, SCALE_OUT_20,SIGNAL_EXIT,TRAIL_ENERGY, SCALE_OUT_10,SCALE_OUT_30,TRAIL_DELTA, SCALE_OUT_30,TRAIL_ENERGY, TRAIL_DELTA, SCALE_OUT_10, SCALE_OUT_20, SCALE_OUT_30"
2023-12-21 22:00:00,2023-12-22 11:00:00,LONG,44003.728986,43692.269798,-17.601974937948672,-0.6777823683026812,13,0.30513553531501175,-0.9530078374344602,71.81819127,"FIB_382_LONG,TREND_RESUME_02,TREND_RESUME_03,TREND_Q1,TREND_Q2,TREND_Q3,BEAR_STRUCTURE,MOMENTUM_START",SIGNAL_EXIT
2023-12-22 12:00:00,2023-12-23 06:00:00,LONG,43762.700789999995,43597.248806,-12.498641435667109,-0.48213837538776194,18,0.4714956030482358,-0.6211928996441556,50.81926500000001,"WAVE_ACCELERATION,HIDDEN_EXHAUSTION,TREND_Q1,TREND_Q2,TREND_Q3,TREND_Q4,MULTI_SWING_SELL_01,HIGHER_HIGH_CONTINUE","SIGNAL_EXIT,DEFENSE_03"
2023-12-23 17:00:00,2023-12-24 07:00:00,LONG,43798.02785399999,43546.678922,-10.263596624776786,-0.3964384241961585,14,0.13430318414356132,-0.7032687750844926,73.9004175,"TREND_Q1,TREND_Q2,TREND_Q3,TREND_Q4,HIGHER_LOW,BULL_STRUCTURE,MOMENTUM_START,TRIPLE_CONFIRMATION","DEFENSE_03,SIGNAL_EXIT"
2023-12-25 13:00:00,2023-12-26 05:00:00,LONG,43656.759606,43101.14512688919,-26.028636753014673,-0.5032360079588598,16,0.05357794351000608,-0.5707010970318488,100.0,"BOS_CONTINUE_LONG,EARLY_WAVE_LONG,TREND_RESUME_01,TREND_RESUME_02,TREND_RESUME_03,DNA_TREND_01,DNA_TREND_02,ENERGY_RECOVER","SIGNAL_EXIT,STOP_LOSS"
2023-12-27 09:00:00,2023-12-27 21:00:00,LONG,42722.542799999996,43436.630936,84.11929208064132,1.6307865542722466,12,1.691793495025779,0.0,100.0,"BOS_CONTINUE_LONG,LATE_WAVE_EXIT,WAVE_ACCELERATION,STRONG_WAVE,ANTI_LATE_WAVE,EMERGENCY_EXIT_04,DNA_TREND_01,DNA_TREND_02",SIGNAL_EXIT
2023-12-29 01:00:00,2023-12-29 13:00:00,LONG,42415.601424,42816.88491,23.544636724029665,0.905696769912198,12,1.0524631527384414,-0.3353988137004423,70.85646750000001,"EARLY_WAVE_LONG,PRESSURE_EXHAUSTION,ENERGY_RECOVER,BULL_STRUCTURE,MOMENTUM_START,BARRIER_L1,TRIPLE_CONFIRMATION,FIVE_CONFIRMATION",SCALE_OUT_10
2023-12-29 16:00:00,2023-12-29 22:00:00,LONG,42279.544217999995,41473.05490742566,-50.7176422000315,-1.946753560760683,6,0.0,-1.1190144708290697,72.71950959000002,"FIB_236_SHORT,EARLY_WAVE_LONG,FAILED_WAVE,SWING_REVERSAL_BUY,DNA_TREND_01,DNA_TREND_02,ENERGY_WALL,ENERGY_RECOVER",STOP_LOSS
2023-12-29 23:00:00,2023-12-30 19:00:00,LONG,41769.382205999995,42402.627778,21.599879303590264,0.8332315609111924,20,1.7228356178479347,-0.46319144737601553,73.9004175,"LATE_WAVE_EXIT,STRONG_WAVE,HIST200_BUY,ANTI_FIBO,ANTI_LATE_WAVE,ENERGY_RECOVER,TREND_Q1,BULL_STRUCTURE","SIGNAL_EXIT,SCALE_OUT_10,TRAIL_ENERGY, SCALE_OUT_10, SCALE_OUT_20"
2023-12-30 22:00:00,2023-12-31 10:00:00,LONG,42313.541016,42737.980694,25.00509281058606,0.9626811558228279,12,1.0233106792841287,-0.5413421105867384,68.72140625,"STRONG_WAVE,DNA_ACCUMULATION_01,BULL_STRUCTURE,MOMENTUM_MIDDLE,TRIPLE_CONFIRMATION,CASCADE_03,CASCADE_05,CASCADE_08",SIGNAL_EXIT
2023-12-31 17:00:00,2024-01-01 14:00:00,LONG,42600.988494,42706.996892,-10.440259674043437,-0.4010187379829881,21,0.2688940093869819,-0.8614318751117274,67.836125,"FIB_382_LONG,BULL_STRUCTURE,MOMENTUM_START,TRIPLE_CONFIRMATION,CASCADE_03,CASCADE_05,CASCADE_08,CASCADE_10","SIGNAL_EXIT,DEFENSE_03"
2024-01-02 15:00:00,2024-01-03 11:00:00,LONG,45267.781746,44251.45276434881,-4.07766599793677,-0.156799296250748,20,0.19894558674272517,-1.0592561144049697,93.35840361750002,"EARLY_WAVE_LONG,ENERGY_RECOVER,TREND_Q1,TREND_Q2,TREND_Q3,HIGHER_HIGH_CONTINUE,BULL_STRUCTURE,MOMENTUM_START","SIGNAL_EXIT,DEFENSE_03,STOP_LOSS"
2024-01-04 02:00:00,2024-01-04 17:00:00,LONG,42716.551602,43906.91686,44.36156183751381,1.7066835872567636,15,3.1241950671353234,0.0,50.15396750000001,"FIB_236_SHORT,EARLY_WAVE_LONG,PRESSURE_EXHAUSTION,DELTA_EXHAUSTION,BULL_STRUCTURE,MOMENTUM_START,TRIPLE_CONFIRMATION,FIVE_CONFIRMATION","TRAIL_ENERGY, SCALE_OUT_10,TRAIL_DELTA, SCALE_OUT_30,TRAIL_DELTA, TRAIL_WAVE,TRAIL_DELTA"
2024-01-06 07:00:00,2024-01-07 02:00:00,LONG,43463.39094,43958.916458,24.643252662424434,0.9441443416098438,19,1.5086698157196363,0.0,50.39216,"FIB_786_SHORT,WAVE_ACCELERATION,STRONG_WAVE,MARUBOZU_BULL,BULL_STRUCTURE,MOMENTUM_START,TRIPLE_CONFIRMATION,FIVE_CONFIRMATION","SIGNAL_EXIT,SCALE_OUT_10,TRAIL_ENERGY, SCALE_OUT_10, DEFENSE_03"
2024-01-07 07:00:00,2024-01-07 19:00:00,LONG,44030.794398,44097.288778,2.9026643243985,0.11095749044905463,12,0.8596610785137065,-0.2470870659670404,78.689905,"FIB_382_LONG,ENERGY_RECOVER,CONFLUENCE_02,CONFLUENCE_03,TREND_Q1,BULL_STRUCTURE,MOMENTUM_START,TRIPLE_CONFIRMATION",SIGNAL_EXIT
2024-01-07 23:00:00,2024-01-08 02:00:00,LONG,43871.62257,43212.655653204405,-40.33128655323558,-1.5414337091769803,3,0.13083042440113984,-0.5461903525853559,52.40166750000001,"FIB_236_SHORT,DNA_TREND_01,DNA_TREND_02,ENERGY_RECOVER,TREND_Q1,HIGHER_LOW,BULL_STRUCTURE,MOMENTUM_START",STOP_LOSS
2024-01-08 03:00:00,2024-01-08 16:00:00,LONG,43863.12209494873,44954.047392,78.0774268739236,2.139996506208949,13,3.9910908074544205,0.0,50.90171625000001,"BOS_RETEST_SHORT,EARLY_WAVE_LONG,ANTI_FIBO,EMERGENCY_EXIT_04,ENERGY_WALL,ENERGY_RECOVER,STRUCTURE_FAILURE_LONG,BULL_STRUCTURE,TRAIL_WAVE,PYRAMID_LEVEL3","TRAIL_ENERGY, TRAIL_DELTA, SCALE_OUT_20, SCALE_OUT_30,TRAIL_ENERGY, TRAIL_DELTA, SCALE_OUT_20"
2024-01-08 19:00:00,2024-01-09 12:00:00,LONG,46979.414004,45710.405895617434,-13.807352367844231,-0.5259365007337549,17,0.19582193169155374,-1.144169239646608,82.5558721841,"LATE_WAVE_EXIT,STRONG_WAVE,ANTI_LATE_WAVE,TREND_RESUME_04,DNA_TREND_01,DNA_TREND_02,MARUBOZU_BULL,MARUBOZU_BEAR","SIGNAL_EXIT,DEFENSE_03,STOP_LOSS"
2024-01-09 13:00:00,2024-01-09 21:00:00,LONG,46175.593272,44919.58789271146,-72.3285928333566,-2.758975303124335,8,1.5750457686940258,0.0,71.77450959000001,"BOS_CONTINUE_SHORT,EARLY_WAVE_LONG,SWING_REVERSAL_BUY,EMERGENCY_EXIT_04,ENERGY_RECOVER,STRUCTURE_FAILURE_LONG,TREND_Q1,TREND_Q2",STOP_LOSS
2024-01-09 23:00:00,2024-01-10 12:00:00,LONG,46263.2508,44661.58751524541,-66.90732588621988,-2.5701655656241593,13,0.0,-2.017391307054452,51.61211999999998,"FIB_382_LONG,FAILED_BOS_SHORT,ANTI_BOS,EMERGENCY_EXIT_01,TREND_Q1,TREND_Q2,TREND_Q3,BEAR_STRUCTURE","SIGNAL_EXIT,STOP_LOSS"
2024-01-10 13:00:00,2024-01-11 01:00:00,LONG,44679.474108,46660.675998000006,113.60024593056052,4.39248146667287,12,4.975922247038996,0.0,71.77450959000001,"BOS_CONTINUE_SHORT,EARLY_WAVE_LONG,SWING_REVERSAL_BUY,EMERGENCY_EXIT_04,DNA_TREND_02,ENERGY_RECOVER,STRUCTURE_FAILURE_LONG,BULL_STRUCTURE","TRAIL_ENERGY, SCALE_OUT_10"
2024-01-11 12:00:00,2024-01-11 17:00:00,LONG,47314.71544851755,45691.83757995188,-217.63036122814282,-3.4685923566070316,5,3.190646021089923,-2.763253326420484,100.0,"FIB_786_LONG,WAVE_ACCELERATION,STRONG_WAVE,TREND_Q1,TREND_Q2,TREND_Q3,MULTI_SWING_BUY_01,HIGHER_LOW,TRAIL_WAVE,SCALE_OUT_30,PYRAMID_LEVEL3",STOP_LOSS
2024-01-11 20:00:00,2024-01-12 12:00:00,LONG,46701.628458,45945.15913,-39.492751464815,-1.5430777332766643,16,0.0,-1.8021180112742465,50.81926500000001,"WAVE_ACCELERATION,STRONG_WAVE,TREND_Q1,TREND_Q2,MULTI_SWING_SELL_01,HIGHER_HIGH_CONTINUE,BULL_STRUCTURE,MOMENTUM_MIDDLE","SIGNAL_EXIT,DEFENSE_03, DEFENSE_04"
2024-01-13 18:00:00,2024-01-14 09:00:00,LONG,42907.52978999999,42987.660748,-3.508951814121344,-0.13764803999180297,15,0.24217243572065608,-0.7633154171376297,52.165417500000004,"FIB_382_SHORT,WAVE_ACCELERATION,ANTI_MOMENTUM,EARLY_EXHAUSTION_SELL,TREND_Q1,TREND_Q2,HIGHER_LOW,BULL_STRUCTURE",SIGNAL_EXIT
2024-01-14 10:00:00,2024-01-14 20:00:00,LONG,43061.020482,42428.628510075745,-38.42536094245143,-1.5080075113401608,10,0.0,-0.9312842043946242,73.9004175,"LATE_WAVE_EXIT,WAVE_ACCELERATION,ANTI_LATE_WAVE,EMERGENCY_EXIT_04,STRUCTURE_FAILURE_SHORT,TREND_Q1,TREND_Q2,TREND_Q3",STOP_LOSS
2024-01-14 21:00:00,2024-01-14 23:00:00,LONG,42516.411582,41843.665890834476,-41.162099838595566,-1.6216870894479767,2,0.09050250613410007,-0.5772396419831108,73.58171625000001,"EARLY_WAVE_LONG,ANTI_FIBO,ENERGY_RECOVER,TREND_Q1,TREND_Q2,TREND_Q3,TREND_Q4,BULL_STRUCTURE",STOP_LOSS
2024-01-15 14:00:00,2024-01-16 12:00:00,LONG,42861.12051,42891.96989,-15.50630478312873,-0.6134593147343624,22,0.3609319778840263,-1.544804480427711,56.11808124999999,"BOS_CONTINUE_LONG,EARLY_WAVE_LONG,EMERGENCY_EXIT_04,ENERGY_RECOVER,STRUCTURE_FAILURE_SHORT,CONFLUENCE_02,CONFLUENCE_03,TREND_Q1","SIGNAL_EXIT,DEFENSE_03"
2024-01-16 13:00:00,2024-01-16 14:00:00,LONG,43164.741222,42498.178647061024,-39.963283029803726,-1.5836115937361457,1,0.0,-0.8314916569384344,71.163365,"FIB_786_LONG,WAVE_ACCELERATION,STRONG_WAVE,HIDDEN_EXHAUSTION,BULL_STRUCTURE,MOMENTUM_END,TRIPLE_CONFIRMATION,FIVE_CONFIRMATION",STOP_LOSS
2024-01-16 16:00:00,2024-01-17 07:00:00,LONG,43261.10049,42797.48879,-26.865282262894087,-1.068920295168378,15,0.4013062729186297,-1.104249509580605,76.63747,"FIB_786_LONG,LATE_WAVE_EXIT,WAVE_ACCELERATION,STRONG_WAVE,EMERGENCY_EXIT_05,DNA_TREND_01,DNA_TREND_02,ENERGY_RECOVER",SIGNAL_EXIT
2024-01-17 12:00:00,2024-01-18 08:00:00,LONG,42688.696032,42906.736936,1.8114728594697018,0.07227555138033633,20,0.530899252181688,-0.7693278608318607,51.85782,"STRONG_WAVE,ANTI_MOMENTUM,EARLY_EXHAUSTION_SELL,MARUBOZU_BULL,MARUBOZU_BEAR,TREND_Q1,TREND_Q2,TREND_Q3","SIGNAL_EXIT,DEFENSE_03"
2024-01-18 14:00:00,2024-01-18 16:00:00,LONG,42516.511602,41945.76871414244,-34.637088069070565,-1.3818659462070706,2,0.5225931988021957,0.0,73.263015,"EARLY_EXHAUSTION_BUY,HIDDEN_EXHAUSTION,TREND_Q1,TREND_Q2,TREND_Q3,TREND_Q4,HIGHER_HIGH_CONTINUE,BULL_STRUCTURE",STOP_LOSS
2024-01-18 19:00:00,2024-01-19 16:00:00,LONG,41517.251789999995,40635.82034240961,-5.906195044081161,-0.2364715222807165,21,0.0,-1.6418519064023924,51.22041750000001,"BOS_RETEST_SHORT,LATE_WAVE_EXIT,STRONG_WAVE,HIST200_BUY,ANTI_FIBO,ANTI_LATE_WAVE,ENERGY_RECOVER,TREND_Q1","SIGNAL_EXIT,DEFENSE_03,STOP_LOSS"
2024-01-19 18:00:00,2024-01-20 06:00:00,LONG,41247.817914,41619.294476,21.470719433876326,0.8602366431829364,12,1.3732898239151141,0.0,78.51370911999999,"FIB_382_LONG,DNA_TREND_01,DNA_TREND_02,MARUBOZU_BULL,ENERGY_RECOVER,CONFLUENCE_02,CONFLUENCE_03,TREND_Q1",SCALE_OUT_10
2024-01-20 09:00:00,2024-01-20 23:00:00,LONG,41598.328002,41773.183692,7.885471708790956,0.31528940022852675,14,0.44040711922649556,-0.18565169733814885,52.08296625000001,"FIB_236_SHORT,EARLY_WAVE_LONG,TREND_Q1,TREND_Q2,TREND_Q3,TREND_Q4,BULL_STRUCTURE,MOMENTUM_START","SIGNAL_EXIT,DEFENSE_03"
2024-01-21 02:00:00,2024-01-22 01:00:00,LONG,41675.163366,41260.098615115974,3.132099410874507,0.12514642315045105,23,0.4423897091436734,-0.22755367547609226,73.9004175,"FIB_786_LONG,WAVE_ACCELERATION,HIDDEN_EXHAUSTION,TREND_Q1,TREND_Q2,TREND_Q3,TREND_Q4,BULL_STRUCTURE","SIGNAL_EXIT,DEFENSE_03,STOP_LOSS"
2024-01-23 15:00:00,2024-01-24 11:00:00,LONG,39547.61425612384,40344.349516,23.069673447018587,0.3544834653940047,20,2.893828183438245,0.0,87.20404736021999,"LATE_WAVE_EXIT,STRONG_WAVE,HIST200_BUY,HIST1000_BUY,ANTI_FIBO,ANTI_LATE_WAVE,MAJOR_DEMAND,TREND_Q1,PYRAMID_LEVEL2","SCALE_OUT_10, DEFENSE_03,SIGNAL_EXIT,TRAIL_ENERGY, SCALE_OUT_10, SCALE_OUT_20,TRAIL_DELTA, PYRAMID_LEVEL2"
2024-01-24 12:00:00,2024-01-25 15:00:00,LONG,40217.381868,40004.927414,-10.220575040583705,-0.40745440815390177,27,0.0,-1.6733607130589245,90.72869442000001,"EARLY_WAVE_LONG,WAVE_ACCELERATION,BULL_STRUCTURE,MOMENTUM_START,SUPPORT_MAJOR,TRIPLE_CONFIRMATION,FIVE_CONFIRMATION,CASCADE_03","SIGNAL_EXIT,DEFENSE_03"
2024-01-25 16:00:00,2024-01-26 04:00:00,LONG,39812.190846000005,40059.506495999995,14.556416345200157,0.5809573461964548,12,0.8342147139922124,-0.2558785232243515,53.03906999999999,"FIB_236_SHORT,HIDDEN_EXHAUSTION,TREND_Q1,TREND_Q2,TREND_Q3,TREND_Q4,BULL_STRUCTURE,MOMENTUM_END",SIGNAL_EXIT
2024-01-26 05:00:00,2024-01-26 17:00:00,LONG,40656.26624972778,41952.757770000004,142.145978496754,3.1476338956059307,12,3.2095267732091814,-0.46639077820905,50.92177999999998,"FIB_786_LONG,WAVE_ACCELERATION,STRONG_WAVE,BEAR_STRUCTURE,MOMENTUM_START,SUPPORT_MAJOR,TRIPLE_CONFIRMATION,FIVE_CONFIRMATION,PYRAMID_LEVEL2",TRAIL_WAVE
2024-01-26 21:00:00,2024-01-27 09:00:00,LONG,41985.575436,41461.715998,-32.747551824230605,-1.2872138080446613,12,0.031450239428367055,-1.2279584848989162,80.05913999999999,"LATE_WAVE_EXIT,STRONG_WAVE,ANTI_LATE_WAVE,PRESSURE_EXHAUSTION,DELTA_EXHAUSTION,EMERGENCY_EXIT_04,ENERGY_RECOVER,STRUCTURE_FAILURE_SHORT",SIGNAL_EXIT
2024-01-28 05:00:00,2024-01-28 15:00:00,LONG,42728.874066000004,42213.91503112999,-31.56080369646292,-1.2446960340236612,10,0.0,-1.0317942506957232,76.48605458199998,"BOS_CONTINUE_LONG,LATE_WAVE_EXIT,STRONG_WAVE,ANTI_LATE_WAVE,DNA_TREND_01,DNA_TREND_02,MARUBOZU_BULL,MARUBOZU_BEAR",STOP_LOSS
2024-01-28 16:00:00,2024-01-28 20:00:00,LONG,42266.4516,41704.993191063346,-34.572055122255506,-1.367847037845684,4,0.10856932215240936,-1.1369102013758876,94.00664196000001,"FIB_382_LONG,WAVE_ACCELERATION,STRONG_WAVE,TREND_Q1,TREND_Q2,TREND_Q3,TREND_Q4,BULL_STRUCTURE",STOP_LOSS
2024-01-28 21:00:00,2024-01-29 16:00:00,LONG,41953.479018,42633.22165,31.301173976000925,0.621404244019322,19,1.6405575845204672,-0.28478929708960754,100.0,"STRONG_WAVE,ENERGY_RECOVER,CONFLUENCE_02,CONFLUENCE_03,BULL_STRUCTURE,BUY_LIQUIDITY_GRAB,MOMENTUM_START,SUPPORT_MAJOR","DEFENSE_03,SIGNAL_EXIT,SCALE_OUT_10"
2024-01-29 17:00:00,2024-01-30 05:00:00,LONG,43208.650002,43412.8157,10.920049097838625,0.43232216630547504,12,0.9407838430063973,-0.4921699752020967,78.05322594999997,"EARLY_WAVE_LONG,DNA_TREND_01,DNA_TREND_02,ENERGY_WALL,ENERGY_EXTREME,ENERGY_RECOVER,CONFLUENCE_02,CONFLUENCE_03",SIGNAL_EXIT
2024-01-30 06:00:00,2024-01-30 23:00:00,LONG,43373.703005999996,42729.48112798159,-0.2503877233528307,-0.009903077875680703,17,0.43205209842027864,-0.1984912516878857,74.53782,"ANTI_MOMENTUM,EARLY_EXHAUSTION_SELL,SWING_REVERSAL,TREND_Q1,TREND_Q2,TREND_Q3,TREND_Q4,BULL_STRUCTURE","SIGNAL_EXIT,DEFENSE_03,STOP_LOSS"
2024-01-31 00:00:00,2024-01-31 12:00:00,LONG,42949.68822,42639.450404,-19.264872742992846,-0.7620395158286286,12,0.2335797631082447,-1.3153953926420219,71.77450959000001,"BOS_CONTINUE_SHORT,EARLY_WAVE_LONG,ANTI_FIBO,EMERGENCY_EXIT_04,ENERGY_RECOVER,STRUCTURE_FAILURE_LONG,TREND_Q1,TREND_Q2",SIGNAL_EXIT
2024-01-31 16:00:00,2024-01-31 20:00:00,LONG,43369.782222,42577.863595586765,-47.0599314357977,-1.865238261309781,4,0.7960791138694301,-0.08102927937271444,54.18297499999999,"BOS_CONTINUE_LONG,EARLY_WAVE_LONG,FAILED_WAVE,DNA_TREND_02,ENERGY_RECOVER,CONFLUENCE_02,TREND_Q1,TREND_Q2",STOP_LOSS
2024-01-31 22:00:00,2024-02-02 11:00:00,LONG,42495.617424000004,43113.845506000005,-13.827995414439567,-0.550700892765722,37,1.7021109936656478,-1.2050123166602111,92.32427216886998,"FIB_236_LONG,EARLY_WAVE_LONG,FAILED_WAVE,SWING_REVERSAL_BUY,ENERGY_RECOVER,CONFLUENCE_02,CONFLUENCE_03,BEAR_STRUCTURE","SIGNAL_EXIT,DEFENSE_03,SCALE_OUT_10,TRAIL_ENERGY, SCALE_OUT_10, SCALE_OUT_20,TRAIL_ENERGY, SCALE_OUT_10"
2024-02-02 16:00:00,2024-02-03 17:00:00,LONG,43250.748419999996,43086.420992,-5.957696629018399,-0.2376165893174716,25,0.0,-0.7462030873221922,54.51347999999999,"EARLY_WAVE_LONG,DNA_TREND_01,DNA_TREND_02,MARUBOZU_BULL,ENERGY_RECOVER,CONFLUENCE_02,TREND_Q1,TREND_Q2","SIGNAL_EXIT,DEFENSE_03"
2024-02-03 18:00:00,2024-02-04 06:00:00,LONG,43238.646,42836.02532119656,-22.939413242751126,-0.9155502828889639,12,0.0,-0.8008252617346142,100.0,"FIB_236_LONG,EARLY_WAVE_LONG,TREND_RESUME_01,TREND_RESUME_02,TREND_RESUME_03,DNA_TREND_01,DNA_TREND_02,ENERGY_RECOVER","SIGNAL_EXIT,STOP_LOSS"
2024-02-04 08:00:00,2024-02-04 20:00:00,LONG,42853.599006,42627.902714,-14.158875653763529,-0.5664575641630608,12,0.4818754988842111,-0.5067462501097973,58.14529,"LATE_WAVE_EXIT,STRONG_WAVE,ANTI_LATE_WAVE,SWING_REVERSAL_BUY,EMERGENCY_EXIT_04,DNA_TREND_02,ENERGY_RECOVER,STRUCTURE_FAILURE_LONG",SIGNAL_EXIT
2024-02-04 22:00:00,2024-02-04 22:00:00,LONG,42788.525994,42294.26559826748,-29.815860637228774,-1.194661629717072,0,0.0,0.0,56.797369999999965,"FIB_786_LONG,LATE_WAVE_EXIT,WAVE_ACCELERATION,PRESSURE_EXHAUSTION,DELTA_EXHAUSTION,SWING_REVERSAL_BUY,EMERGENCY_EXIT_05,ENERGY_RECOVER",STOP_LOSS
2024-02-05 14:00:00,2024-02-05 15:00:00,LONG,43456.359533999996,42907.145728370684,-32.427379512477046,-1.3033228507729235,1,0.0,-0.6007855623426755,62.86815500000001,"LATE_WAVE_EXIT,STRONG_WAVE,ANTI_LATE_WAVE,TREND_RESUME_04,ENERGY_RECOVER,SMART_ACCUMULATION,CONFLUENCE_02,CONFLUENCE_03",STOP_LOSS
2024-02-06 16:00:00,2024-02-07 12:00:00,LONG,43253.538978,42919.694344,-22.44507421547563,-0.9051533224652222,20,0.05835596946839493,-1.0485592363452154,77.82473485937498,"BOS_CONTINUE_LONG,EARLY_WAVE_LONG,TREND_RESUME_01,DNA_TREND_01,DNA_TREND_02,ENERGY_RECOVER,CONFLUENCE_02,CONFLUENCE_03",SIGNAL_EXIT
2024-02-07 15:00:00,2024-02-08 05:00:00,LONG,43406.5752719567,44480.992022,92.14940983810723,2.6607583681013574,14,3.0494651431275748,0.0,75.97645999999999,"FIB_382_LONG,ENERGY_RECOVER,CONFLUENCE_02,CONFLUENCE_03,BULL_STRUCTURE,MOMENTUM_START,TRIPLE_CONFIRMATION,FIVE_CONFIRMATION,TRAIL_ENERGY,TRAIL_DELTA,TRAIL_WAVE,SCALE_OUT_10,SCALE_OUT_20,SCALE_OUT_30,SCALE_OUT_50,PYRAMID_LEVEL3","TRAIL_DELTA, SCALE_OUT_30,TRAIL_ENERGY, TRAIL_DELTA, SCALE_OUT_10, SCALE_OUT_20, SCALE_OUT_30,TRAIL_ENERGY, TRAIL_DELTA, SCALE_OUT_10, SCALE_OUT_20"
2024-02-08 08:00:00,2024-02-08 20:00:00,LONG,44926.04530874773,45275.073174,33.09878432662086,0.7365834978540478,12,2.044257287276532,0.0,93.35840361750002,"EARLY_WAVE_LONG,PRESSURE_EXHAUSTION,DELTA_EXHAUSTION,TREND_Q1,TREND_Q2,TREND_Q3,TREND_Q4,HIGHER_HIGH_CONTINUE,SCALE_OUT_30,PYRAMID_LEVEL2",SCALE_OUT_10
2024-02-09 02:00:00,2024-02-09 16:00:00,LONG,46587.38354891957,47150.558002,122.93965723375298,1.4440167989958523,14,2.5555750024310484,0.0,85.1250473460895,"EARLY_WAVE_LONG,HIST200_SELL,TREND_RESUME_02,TREND_RESUME_03,MARUBOZU_BULL,MARUBOZU_BEAR,TREND_Q1,TREND_Q2,TRAIL_DELTA,SCALE_OUT_30,PYRAMID_LEVEL2","SIGNAL_EXIT,TRAIL_ENERGY, SCALE_OUT_20"
2024-02-09 17:00:00,2024-02-10 11:00:00,LONG,47285.33517599999,46874.843156,3.74525812946974,0.1477862877440289,18,0.7759378729882196,-0.8482866294740382,94.00218014250001,"TREND_RESUME_02,TREND_RESUME_03,TREND_Q1,TREND_Q2,TREND_Q3,TREND_Q4,BULL_STRUCTURE,MOMENTUM_END",SIGNAL_EXIT
2024-02-10 12:00:00,2024-02-11 02:00:00,LONG,47191.446402,47617.064682,55.83403532034394,1.1012968433561876,14,1.5896601083373505,0.0,99.99935862717706,"FAILED_BOS_SHORT,EARLY_WAVE_LONG,WAVE_ACCELERATION,ANTI_BOS,TREND_RESUME_02,TREND_RESUME_03,MARUBOZU_BULL,MARUBOZU_BEAR","TRAIL_ENERGY, SCALE_OUT_10, SCALE_OUT_20,SCALE_OUT_10"
2024-02-11 03:00:00,2024-02-11 17:00:00,LONG,47783.784846,48094.389198000004,19.94563079376143,0.7826807726519179,14,1.5399055482345168,0.0,51.85782,"PRESSURE_EXHAUSTION,DELTA_EXHAUSTION,MARUBOZU_BULL,MARUBOZU_BEAR,TREND_Q1,TREND_Q2,TREND_Q3,TREND_Q4","SIGNAL_EXIT,SCALE_OUT_10"
2024-02-11 19:00:00,2024-02-12 10:00:00,LONG,48291.876444,47871.343816,-8.827035464720083,-0.3457372339102727,15,0.6463272479418808,-0.8509846256990127,76.67990811249997,"FIB_236_LONG,FIB_382_LONG,WAVE_ACCELERATION,HAMMER_BUY,ENERGY_RECOVER,CONFLUENCE_02,CONFLUENCE_03,TREND_Q1",SIGNAL_EXIT
2024-02-12 11:00:00,2024-02-12 23:00:00,LONG,49096.88810776978,50011.085781999995,241.51546443857882,1.82128292521233,12,4.252498088264304,0.0,95.27634774,"LATE_WAVE_EXIT,STRONG_WAVE,ANTI_LATE_WAVE,SWING_REVERSAL_BUY,EMERGENCY_EXIT_04,ENERGY_RECOVER,STRUCTURE_FAILURE_LONG,TREND_Q1,TRAIL_WAVE,PYRAMID_LEVEL2,PYRAMID_LEVEL3,TRAIL_DELTA,SCALE_OUT_30,TRAIL_ENERGY,SCALE_OUT_20,DEFENSE_03","TRAIL_ENERGY, SCALE_OUT_10"
2024-02-13 01:00:00,2024-02-13 14:00:00,LONG,50111.730341999995,49518.14439,-23.305628117094116,-0.8930399697312362,13,0.18610344796224135,-1.164737952604298,94.00218014250001,"HIDDEN_EXHAUSTION,TREND_RESUME_02,TREND_RESUME_03,TREND_Q1,TREND_Q2,TREND_Q3,TREND_Q4,BULL_STRUCTURE",SIGNAL_EXIT
2024-02-14 07:00:00,2024-02-14 19:00:00,LONG,50891.033190545015,51435.150912000005,96.41207858179764,1.0287542387476196,12,2.815309777300037,0.0,72.0309301425,"EARLY_WAVE_LONG,TREND_RESUME_02,TREND_RESUME_03,TREND_Q1,TREND_Q2,TREND_Q3,TREND_Q4,BEAR_STRUCTURE,PYRAMID_LEVEL2,PYRAMID_LEVEL1,TRAIL_ENERGY,SCALE_OUT_10,SCALE_OUT_30","TRAIL_ENERGY, SCALE_OUT_10, SCALE_OUT_20"
2024-02-14 20:00:00,2024-02-15 09:00:00,LONG,51900.97529746168,51923.623198,-11.656922076957697,-0.14793427598851877,13,1.224404920604527,-0.23962034768884258,100.0,"HIDDEN_EXHAUSTION,TREND_RESUME_02,TREND_RESUME_03,TREND_Q1,TREND_Q2,TREND_Q3,TREND_Q4,HIGHER_HIGH_CONTINUE,PYRAMID_LEVEL1",SIGNAL_EXIT
2024-02-15 10:00:00,2024-02-15 22:00:00,LONG,52176.4332,51317.004546,-44.23810865409328,-1.6864998273174472,12,0.8526393482948891,-1.62748418763129,73.58171625000001,"EARLY_WAVE_LONG,TREND_Q1,TREND_Q2,TREND_Q3,TREND_Q4,BULL_STRUCTURE,MOMENTUM_START,BARRIER_L1",SIGNAL_EXIT
2024-02-15 23:00:00,2024-02-16 13:00:00,LONG,51654.718878,52372.97331,31.00598720898,1.1871726809594159,14,1.4107542114808964,0.0,74.53782,"LATE_WAVE_EXIT,STRONG_WAVE,ANTI_LATE_WAVE,SWING_REVERSAL_BUY,TREND_Q1,TREND_Q2,TREND_Q3,TREND_Q4","SIGNAL_EXIT,TRAIL_ENERGY, SCALE_OUT_10"
2024-02-16 18:00:00,2024-02-17 08:00:00,LONG,52027.183355999994,51900.957731999995,-6.938758621432929,-0.2649148881779698,14,0.18630000270585184,-0.5206765742946041,94.428761765625,"EARLY_EXHAUSTION_BUY,DNA_ACCUMULATION_01,HAMMER_BUY,TREND_Q1,TREND_Q2,TREND_Q3,TREND_Q4,BULL_STRUCTURE","SIGNAL_EXIT,DEFENSE_03"
2024-02-17 22:00:00,2024-02-18 12:00:00,LONG,51814.16076,51821.643598,4.805428032923694,0.18360641346109527,14,0.3139088573746858,-1.0347958012550098,54.18125999999998,"FIB_786_LONG,FAILED_BOS_SHORT,STRONG_WAVE,ANTI_BOS,ENERGY_RECOVER,CONFLUENCE_02,BEAR_STRUCTURE,MOMENTUM_START",SIGNAL_EXIT
2024-02-18 15:00:00,2024-02-19 03:00:00,LONG,51892.3764,52138.17028,11.349077773760246,0.43347140272419177,12,0.6695079780543677,-0.2587208551890455,79.3745225,"FIB_786_LONG,LATE_WAVE_EXIT,WAVE_ACCELERATION,STRONG_WAVE,PRESSURE_EXHAUSTION,DELTA_EXHAUSTION,DNA_TREND_01,DNA_TREND_02",SIGNAL_EXIT
2024-02-19 06:00:00,2024-02-19 19:00:00,LONG,52140.856086,51916.23467600001,-11.560130576656114,-0.14703284740463227,13,0.485576825939346,-0.7002111461265925,100.0,"FIB_382_LONG,PRESSURE_EXHAUSTION,DELTA_EXHAUSTION,DNA_ACCUMULATION_01,HAMMER_BUY,TREND_Q1,TREND_Q2,TREND_Q3",SIGNAL_EXIT
2024-02-19 21:00:00,2024-02-20 13:00:00,LONG,51809.3598,52168.494214,1.363789117502929,0.05211103945973427,16,0.9215327150211274,-0.4422556095742282,73.9004175,"FIB_786_LONG,LATE_WAVE_EXIT,WAVE_ACCELERATION,STRONG_WAVE,ANTI_MOMENTUM,EARLY_EXHAUSTION_SELL,BULL_STRUCTURE,MOMENTUM_END","SIGNAL_EXIT,DEFENSE_03"
2024-02-20 19:00:00,2024-02-21 14:00:00,LONG,51520.191977999995,51170.86378,3.006288472731253,0.11486825349284237,19,1.4336670607039106,-1.0765914425102427,73.263015,"LATE_WAVE_EXIT,WAVE_ACCELERATION,STRONG_WAVE,EMERGENCY_EXIT_01,HIGHER_HIGH_CONTINUE,BULL_STRUCTURE,MOMENTUM_END,RESISTANCE_MAJOR",SIGNAL_EXIT
2024-02-22 06:00:00,2024-02-23 08:00:00,LONG,51535.194978,50905.76681,6.521276513326283,0.24912694488630902,26,0.8933409919115223,-1.2015768607537962,69.15825826,"FIB_382_LONG,TREND_RESUME_02,TREND_RESUME_03,BEAR_STRUCTURE,MOMENTUM_START,RESISTANCE_MAJOR,TRIPLE_CONFIRMATION,FIVE_CONFIRMATION",SIGNAL_EXIT
2024-02-23 10:00:00,2024-02-24 02:00:00,LONG,51019.581876,50579.89199800001,-11.963325695242723,-0.45678624289591035,16,0.3907678516153909,-0.8419745129312172,71.77716,"LATE_WAVE_EXIT,STRONG_WAVE,ANTI_LATE_WAVE,SWING_REVERSAL_BUY,BULL_STRUCTURE,MOMENTUM_START,TRIPLE_CONFIRMATION,FIVE_CONFIRMATION","DEFENSE_03,SIGNAL_EXIT"
2024-02-25 02:00:00,2024-02-25 18:00:00,LONG,51694.346802,51549.658006000005,-20.14450311949289,-0.25670605246182576,16,0.12096718861641174,-0.6110277458574567,100.0,"EARLY_WAVE_LONG,TREND_RESUME_01,TREND_RESUME_02,TREND_RESUME_03,DNA_TREND_01,DNA_TREND_02,ENERGY_RECOVER,CONFLUENCE_02",SIGNAL_EXIT
2024-02-25 22:00:00,2024-02-26 07:00:00,LONG,51777.183366,51292.30755051352,-25.475473358349063,-0.9760916018435908,9,0.0,-0.6648939622043311,73.9004175,"LATE_WAVE_EXIT,WAVE_ACCELERATION,STRONG_WAVE,ANTI_LATE_WAVE,EMERGENCY_EXIT_01,TREND_Q1,HIGHER_LOW,BULL_STRUCTURE",STOP_LOSS
2024-02-26 08:00:00,2024-02-26 20:00:00,LONG,52238.934045272945,54476.20258,198.72365375263934,4.241047590624658,12,4.303640561996673,-0.689092407867855,72.17311248000001,"LATE_WAVE_EXIT,WAVE_ACCELERATION,STRONG_WAVE,ANTI_LATE_WAVE,SWING_REVERSAL_BUY,DNA_TREND_01,DNA_TREND_02,MARUBOZU_BULL,TRAIL_WAVE,PYRAMID_LEVEL3,TRAIL_ENERGY,SCALE_OUT_10,SCALE_OUT_30,DEFENSE_03","TRAIL_ENERGY, TRAIL_WAVE, TRAIL_WHALE, PYRAMID_LEVEL3"
2024-02-27 08:00:00,2024-02-27 20:00:00,LONG,56070.30181799999,57328.222062,58.42388015466757,2.2025723335392233,12,2.2639046711756863,0.0,93.35840361750002,"EARLY_WAVE_LONG,TREND_Q1,TREND_Q2,TREND_Q3,TREND_Q4,HIGHER_HIGH_CONTINUE,BULL_STRUCTURE,MOMENTUM_START","TRAIL_ENERGY, SCALE_OUT_10, SCALE_OUT_30, PYRAMID_LEVEL2"
2024-02-27 21:00:00,2024-02-28 10:00:00,LONG,57538.29083432609,59288.149998,150.1910526111459,3.128880542862915,13,3.3197530513616917,-0.4843226532011826,73.58171625000001,"EARLY_WAVE_LONG,WAVE_ACCELERATION,TREND_Q1,TREND_Q2,TREND_Q3,TREND_Q4,BULL_STRUCTURE,MOMENTUM_START,PYRAMID_LEVEL2","PYRAMID_LEVEL2,TRAIL_DELTA, SCALE_OUT_30, PYRAMID_LEVEL2"
2024-02-28 14:00:00,2024-02-28 17:00:00,LONG,61013.45330254054,58745.23298453855,-284.35808405071634,-3.756087038430889,3,3.2169015210402043,0.0,100.0,"EARLY_WAVE_LONG,TREND_RESUME_01,DNA_TREND_01,DNA_TREND_02,ENERGY_RECOVER,CONFLUENCE_02,CONFLUENCE_03,TREND_Q1,TRAIL_ENERGY,TRAIL_DELTA,SCALE_OUT_20,PYRAMID_LEVEL2",STOP_LOSS
2024-02-28 18:00:00,2024-02-29 08:00:00,LONG,61370.86171799999,62694.628566,56.8423384984973,2.159588362631195,14,2.6545794476308995,-1.576728256556617,73.58171625000001,"EARLY_WAVE_LONG,ENERGY_WALL,ENERGY_EXTREME,ENERGY_RECOVER,TREND_Q1,TREND_Q2,TREND_Q3,TREND_Q4","SIGNAL_EXIT,SCALE_OUT_30, PYRAMID_LEVEL2,TRAIL_ENERGY, TRAIL_DELTA, SCALE_OUT_10, SCALE_OUT_20, PYRAMID_LEVEL2"
2024-02-29 11:00:00,2024-02-29 18:00:00,LONG,62715.830658,60353.12265275312,-201.4067419232288,-3.8058162177965458,7,0.3510905295996596,-2.7640240746438693,100.0,"FIB_786_LONG,STRONG_WAVE,ANTI_MOMENTUM,EARLY_EXHAUSTION_SELL,HIDDEN_EXHAUSTION,DNA_ACCUMULATION_01,HAMMER_BUY,TREND_Q1",STOP_LOSS
2024-03-01 00:00:00,2024-03-01 18:00:00,LONG,61143.216197999995,61897.59800400001,32.459169168251954,1.2507589618973176,18,2.150302002011819,-0.2669408123240554,73.9004175,"ANTI_MOMENTUM,EARLY_EXHAUSTION_BUY,EARLY_EXHAUSTION_SELL,TREND_Q1,TREND_Q2,TREND_Q3,TREND_Q4,HIGHER_LOW","TRAIL_ENERGY, SCALE_OUT_10, SCALE_OUT_20,SIGNAL_EXIT,PYRAMID_LEVEL2,TRAIL_ENERGY, SCALE_OUT_10"
2024-03-01 21:00:00,2024-03-02 16:00:00,LONG,62873.67222,61758.855758,-40.93601441883285,-1.572639579629406,19,0.0,-1.7534719717696223,100.0,"LATE_WAVE_EXIT,WAVE_ACCELERATION,STRONG_WAVE,ANTI_LATE_WAVE,DNA_TREND_01,DNA_TREND_02,ENERGY_RECOVER,CONFLUENCE_02",SIGNAL_EXIT
2024-03-02 19:00:00,2024-03-03 08:00:00,LONG,62036.694858,61585.690398000006,-14.301354098232261,-0.5516393583870426,13,0.12585316187251067,-0.7071538208219522,57.37148675999998,"ANTI_MOMENTUM,EARLY_EXHAUSTION_SELL,SWING_REVERSAL,TREND_RESUME_02,TREND_RESUME_03,MARUBOZU_BULL,MARUBOZU_BEAR,TREND_Q1",SIGNAL_EXIT
2024-03-03 09:00:00,2024-03-03 21:00:00,LONG,62158.00861789083,62745.4484,42.1536708468286,0.9046969413162828,12,2.0057494318780305,0.0,52.33032,"FIB_786_SHORT,LATE_WAVE_EXIT,ANTI_LATE_WAVE,SWING_REVERSAL_BUY,ENERGY_RECOVER,BULL_STRUCTURE,MOMENTUM_START,RESISTANCE_MAJOR,PYRAMID_LEVEL2",SCALE_OUT_10
2024-03-04 01:00:00,2024-03-04 13:00:00,LONG,64251.837612651936,65110.665262,60.62689421411729,1.296123837365986,12,2.7872111287746493,-0.1795782243809564,62.86815500000001,"LATE_WAVE_EXIT,STRONG_WAVE,ANTI_LATE_WAVE,TREND_RESUME_04,ENERGY_WALL,ENERGY_EXTREME,ENERGY_RECOVER,SMART_ACCUMULATION,PYRAMID_LEVEL2","TRAIL_ENERGY, SCALE_OUT_10"
2024-03-04 15:00:00,2024-03-05 03:00:00,LONG,67081.21162632057,68124.182438,213.6522534464133,1.5141663575821551,12,2.638858189337146,0.0,100.0,"LATE_WAVE_EXIT,STRONG_WAVE,ANTI_LATE_WAVE,TREND_RESUME_04,ENERGY_RECOVER,SMART_ACCUMULATION,CONFLUENCE_02,CONFLUENCE_03,TRAIL_ENERGY,TRAIL_DELTA,SCALE_OUT_10,SCALE_OUT_20,SCALE_OUT_30,PYRAMID_LEVEL2","TRAIL_ENERGY, SCALE_OUT_10, SCALE_OUT_20"
2024-03-05 07:00:00,2024-03-05 16:00:00,LONG,67595.02972497723,64917.78535973828,-405.03410305863935,-3.9991275843525114,9,2.095315375180313,-1.7393950720547495,100.0,"FIB_382_LONG,TREND_RESUME_02,TREND_RESUME_03,EMERGENCY_EXIT_01,TREND_Q1,TREND_Q2,TREND_Q3,TREND_Q4,SCALE_OUT_30,PYRAMID_LEVEL2",STOP_LOSS
2024-03-05 17:00:00,2024-03-05 19:00:00,LONG,65509.079196,62411.70487380827,-122.16788331700634,-4.766269107216983,2,0.10093380156080056,-2.3213716551412786,94.21825959000002,"EARLY_WAVE_LONG,FAILED_WAVE,SWING_REVERSAL_BUY,ENERGY_RECOVER,TREND_Q1,TREND_Q2,TREND_Q3,TREND_Q4",STOP_LOSS
2024-03-06 17:00:00,2024-03-07 05:00:00,LONG,67099.42720199999,65830.411284,-48.88731877881722,-1.9304905220934288,12,0.3359384832323667,-1.8716362484276945,52.24621499999999,"SWING_REVERSAL,TREND_RESUME_02,TREND_RESUME_03,TREND_Q1,TREND_Q2,TREND_Q3,BEAR_STRUCTURE,MOMENTUM_END",SIGNAL_EXIT
2024-03-07 07:00:00,2024-03-07 19:00:00,LONG,66417.4960923203,67587.68975800001,199.48685380038205,1.7211708616469283,12,2.1464197438901387,0.0,100.0,"EARLY_WAVE_LONG,PRESSURE_EXHAUSTION,DELTA_EXHAUSTION,SWING_REVERSAL_BUY,TREND_Q1,TREND_Q2,TREND_Q3,TREND_Q4,SCALE_OUT_30,PYRAMID_LEVEL2,TRAIL_ENERGY,TRAIL_DELTA,SCALE_OUT_10,SCALE_OUT_20","TRAIL_ENERGY, SCALE_OUT_10, SCALE_OUT_20"
2024-03-07 20:00:00,2024-03-08 10:00:00,LONG,67511.529606,67107.96572200001,-13.614881585535036,-0.5300474319995143,14,0.0771281502639539,-1.0196178490063734,74.53782,"BOS_RETEST_LONG,LATE_WAVE_EXIT,STRONG_WAVE,ANTI_LATE_WAVE,TREND_Q1,TREND_Q2,TREND_Q3,TREND_Q4",SIGNAL_EXIT
2024-03-08 11:00:00,2024-03-08 16:00:00,LONG,67350.127332,66087.06334134555,-49.10913647878765,-1.9146197150221465,5,1.5914931574163758,0.0,73.263015,"FIB_382_LONG,WAVE_ACCELERATION,EARLY_EXHAUSTION_BUY,TREND_Q1,TREND_Q2,TREND_Q3,TREND_Q4,BULL_STRUCTURE",STOP_LOSS
2024-03-08 21:00:00,2024-03-09 12:00:00,LONG,69085.80439800001,68286.34,-92.43670703080016,-1.207176697107694,15,0.0,-1.7005727996329472,100.0,"FIB_236_LONG,HIDDEN_EXHAUSTION,TREND_RESUME_01,TREND_RESUME_02,TREND_RESUME_03,TREND_Q1,TREND_Q2,TREND_Q3","DEFENSE_03,SIGNAL_EXIT"
2024-03-09 16:00:00,2024-03-10 05:00:00,LONG,68301.847638,69389.939236,63.68771761779684,1.2593740931316124,13,1.6133712338799309,-0.2888027847291571,100.0,"FIB_382_LONG,FIB_786_LONG,ANTI_MOMENTUM,EARLY_EXHAUSTION_BUY,EARLY_EXHAUSTION_SELL,TREND_Q1,TREND_Q2,TREND_Q3","SIGNAL_EXIT,TRAIL_ENERGY"
2024-03-10 10:00:00,2024-03-10 14:00:00,LONG,69790.27526400001,68834.08873085854,-35.85811015044497,-1.4095375966245125,4,0.0,-0.6830683246293451,79.71683125,"LATE_WAVE_EXIT,STRONG_WAVE,ANTI_LATE_WAVE,HAMMER_BUY,ENERGY_RECOVER,CONFLUENCE_02,CONFLUENCE_03,TREND_Q1",STOP_LOSS
2024-03-10 17:00:00,2024-03-10 22:00:00,LONG,69440.295282,68333.72692581869,-41.39024169538162,-1.6329162229895824,5,0.0,-0.49005448582563294,94.00218014250001,"EARLY_EXHAUSTION_BUY,TREND_RESUME_02,TREND_RESUME_03,TREND_Q1,TREND_Q2,TREND_Q3,TREND_Q4,BULL_STRUCTURE",STOP_LOSS
2024-03-10 23:00:00,2024-03-11 00:00:00,LONG,68432.273718,67278.38224757649,-43.554227669051016,-1.7255057579826496,1,0.7651452356496549,0.0,51.137966250000005,"BOS_CONTINUE_SHORT,EARLY_WAVE_LONG,FAILED_WAVE,ANTI_FIBO,EMERGENCY_EXIT_04,DNA_TREND_02,ENERGY_WALL,ENERGY_RECOVER",STOP_LOSS
2024-03-11 01:00:00,2024-03-11 13:00:00,LONG,70358.02644199887,71953.866348,190.27776654091144,2.2272630980543013,12,4.273083983699412,0.0,51.137966250000005,"BOS_CONTINUE_SHORT,EARLY_WAVE_LONG,ANTI_FIBO,EMERGENCY_EXIT_04,ENERGY_WALL,ENERGY_RECOVER,STRUCTURE_FAILURE_LONG,BULL_STRUCTURE,TRAIL_WAVE,PYRAMID_LEVEL2,PYRAMID_LEVEL3,SCALE_OUT_30,DEFENSE_03,TRAIL_ENERGY,TRAIL_DELTA,SCALE_OUT_20","SCALE_OUT_30, PYRAMID_LEVEL2, DEFENSE_03"
2024-03-12 01:00:00,2024-03-12 16:00:00,LONG,72002.677656,70490.73761298422,2.9862843523785108,0.11666463577014166,15,0.5981199005647111,-0.5328658162312494,55.933450492500015,"EARLY_WAVE_LONG,DNA_DISTRIBUTION_01,SHOOTING_SELL,TREND_Q1,TREND_Q2,TREND_Q3,TREND_Q4,HIGHER_HIGH_CONTINUE","SIGNAL_EXIT,STOP_LOSS"
2024-03-12 17:00:00,2024-03-13 05:00:00,LONG,71179.58722480215,72195.54800200001,63.90375440907396,1.3867494832185807,12,2.1041652741016144,0.0,51.137966250000005,"BOS_CONTINUE_SHORT,EARLY_WAVE_LONG,FAILED_WAVE,ANTI_FIBO,EMERGENCY_EXIT_04,DNA_TREND_02,ENERGY_RECOVER,STRUCTURE_FAILURE_LONG,PYRAMID_LEVEL2","TRAIL_ENERGY, SCALE_OUT_10, SCALE_OUT_20"
2024-03-13 14:00:00,2024-03-14 04:00:00,LONG,72198.056724,73252.426584,25.811117780382546,1.0020923045636652,14,1.5944795860652794,0.0,51.055515,"FAILED_BOS_LONG,ANTI_BOS,ENERGY_RECOVER,TREND_Q1,TREND_Q2,TREND_Q3,TREND_Q4,HIGHER_HIGH_CONTINUE","DEFENSE_03,SIGNAL_EXIT,TRAIL_ENERGY, SCALE_OUT_10"
2024-03-14 08:00:00,2024-03-14 13:00:00,LONG,73238.6448,71861.83073090856,-49.5508523245657,-1.9191491120870567,5,0.12353478173588593,-0.5580589333897691,73.9004175,"FIB_786_LONG,EARLY_EXHAUSTION_BUY,HIDDEN_EXHAUSTION,SWING_REVERSAL,TREND_Q1,TREND_Q2,TREND_Q3,TREND_Q4",STOP_LOSS
2024-03-14 15:00:00,2024-03-14 16:00:00,LONG,71704.32799800001,69904.75656066596,-65.48321641086137,-2.5487071575502185,1,0.0,-1.1998132079614627,80.7437575,"LATE_WAVE_EXIT,STRONG_WAVE,ANTI_FIBO,ANTI_LATE_WAVE,EMERGENCY_EXIT_04,ENERGY_RECOVER,STRUCTURE_FAILURE_LONG,CONFLUENCE_02",STOP_LOSS
2024-03-15 03:00:00,2024-03-15 09:00:00,LONG,69049.197078,66006.2736113667,-113.46832892953245,-4.4451291339573995,6,0.0,-2.871774273870294,52.56657,"EARLY_WAVE_LONG,FAILED_WAVE,SWING_REVERSAL_BUY,DNA_TREND_02,ENERGY_WALL,ENERGY_RECOVER,BEAR_STRUCTURE,STRUCTURE_WEAKENING",STOP_LOSS
2024-03-15 11:00:00,2024-03-15 23:00:00,LONG,67264.24015799999,69090.47914000001,67.49072988947603,2.6739360856811967,12,4.415064877004798,0.0,50.619659999999996,"EARLY_WAVE_LONG,SWING_REVERSAL_BUY,EMERGENCY_EXIT_01,BEAR_STRUCTURE,MOMENTUM_START,RESISTANCE_MAJOR,TRIPLE_CONFIRMATION,FIVE_CONFIRMATION","TRAIL_ENERGY, SCALE_OUT_10"
2024-03-18 10:00:00,2024-03-19 01:00:00,LONG,67857.54879599999,66112.9959216192,-14.497873318502958,-0.5706381624920418,15,1.021244086024008,-1.3580637856083462,67.836125,"FIB_382_LONG,BULL_STRUCTURE,MOMENTUM_START,RESISTANCE_MAJOR,TRIPLE_CONFIRMATION,CASCADE_03,CASCADE_05,CASCADE_08","SIGNAL_EXIT,STOP_LOSS"
2024-03-19 15:00:00,2024-03-20 04:00:00,LONG,62900.5776,61848.447836,-22.86233232114794,-0.9012401760698568,13,3.293169123458102,-1.6530334691235,52.88030999999997,"LATE_WAVE_EXIT,STRONG_WAVE,HIST200_BUY,ANTI_FIBO,ANTI_LATE_WAVE,ENERGY_RECOVER,TREND_Q1,TREND_Q2",SIGNAL_EXIT
2024-03-20 05:00:00,2024-03-20 20:00:00,LONG,61659.239382,65771.313106,85.49926713228167,3.3783570365106623,15,6.69035275061189,-0.177928536095481,52.88030999999997,"LATE_WAVE_EXIT,STRONG_WAVE,HIST200_BUY,ANTI_FIBO,ANTI_LATE_WAVE,ENERGY_RECOVER,TREND_Q1,TREND_Q2","TRAIL_DELTA,SIGNAL_EXIT,TRAIL_WAVE,TRAIL_ENERGY, TRAIL_WAVE, SCALE_OUT_10"
2024-03-21 04:00:00,2024-03-21 22:00:00,LONG,66667.790892,65640.849204,-9.228734469624015,-0.3616394251987346,18,0.9236230865929115,-2.301142532959042,74.53782,"LATE_WAVE_EXIT,STRONG_WAVE,ANTI_LATE_WAVE,EMERGENCY_EXIT_04,STRUCTURE_FAILURE_SHORT,BULL_STRUCTURE,MOMENTUM_START,SUPPORT_MAJOR","SIGNAL_EXIT,DEFENSE_03"
2024-03-22 01:00:00,2024-03-22 13:00:00,LONG,65807.14879800001,63817.064195956285,-65.57849780349703,-2.5723578064384647,12,0.9739537629374873,-2.3906958844687427,53.50778999999999,"LATE_WAVE_EXIT,ANTI_LATE_WAVE,SWING_REVERSAL_BUY,TREND_Q1,BEAR_STRUCTURE,MOMENTUM_START,BARRIER_L1,SUPPORT_MAJOR","SIGNAL_EXIT,STOP_LOSS"
2024-03-22 22:00:00,2024-03-24 10:00:00,LONG,62986.5948,64867.033998000006,57.46541723272257,2.26893529733614,36,4.246530882472785,0.0,72.88186248,"EARLY_WAVE_LONG,SWING_REVERSAL_BUY,ENERGY_RECOVER,TREND_Q1,TREND_Q2,BEAR_STRUCTURE,MOMENTUM_START,BARRIER_L1","TRAIL_DELTA,TRAIL_ENERGY, TRAIL_DELTA, SCALE_OUT_10, SCALE_OUT_20,TRAIL_ENERGY, SCALE_OUT_10,SIGNAL_EXIT,TRAIL_ENERGY, SCALE_OUT_10, DEFENSE_03,TRAIL_ENERGY, SCALE_OUT_10, SCALE_OUT_20"
2024-03-24 11:00:00,2024-03-24 23:00:00,LONG,65111.029602,66937.869748,70.4095218863189,2.7646084067537195,12,2.826295958224974,0.0,71.77716,"WAVE_ACCELERATION,STRONG_WAVE,EARLY_EXHAUSTION_BUY,BULL_STRUCTURE,MOMENTUM_MIDDLE,SUPPORT_MAJOR,TRIPLE_CONFIRMATION,FIVE_CONFIRMATION",SIGNAL_EXIT
2024-03-25 00:00:00,2024-03-25 14:00:00,LONG,67223.442,67970.413198,-3.5345775674063855,-0.13784517507151675,14,1.1313880654906134,-0.9928709095258698,80.05913999999999,"LATE_WAVE_EXIT,STRONG_WAVE,ANTI_LATE_WAVE,EMERGENCY_EXIT_04,ENERGY_WALL,ENERGY_RECOVER,STRUCTURE_FAILURE_SHORT,CONFLUENCE_02",SIGNAL_EXIT
2024-03-25 22:00:00,2024-03-26 11:00:00,LONG,70246.75335086844,70879.55125399999,48.63608946992274,0.9488499885125479,13,1.274758770215083,0.0,94.21825959000002,"EARLY_WAVE_LONG,DNA_TREND_01,DNA_TREND_02,ENERGY_RECOVER,TREND_Q1,BULL_STRUCTURE,MOMENTUM_START,SUPPORT_MAJOR,PYRAMID_LEVEL1","SIGNAL_EXIT,SCALE_OUT_10"
2024-03-26 12:00:00,2024-03-27 13:00:00,LONG,70707.308634,70172.132766,-21.55296272761286,-0.8371151318530636,25,0.5695045869789658,-1.7390545019397388,74.53782,"WAVE_ACCELERATION,ANTI_MOMENTUM,EARLY_EXHAUSTION_SELL,TREND_Q1,TREND_Q2,TREND_Q3,TREND_Q4,BULL_STRUCTURE","SIGNAL_EXIT,DEFENSE_03"
2024-03-27 14:00:00,2024-03-28 13:00:00,LONG,69905.968398,70824.98217,-16.64040553802281,-0.6477321921716744,23,1.3349240749902906,-2.04611770751311,56.797369999999965,"FIB_786_LONG,WAVE_ACCELERATION,ENERGY_RECOVER,CONFLUENCE_02,CONFLUENCE_03,TREND_Q1,TREND_Q2,TREND_Q3","SIGNAL_EXIT,SCALE_OUT_10,SCALE_OUT_10, DEFENSE_03,TRAIL_ENERGY, SCALE_OUT_10, SCALE_OUT_20"
2024-03-28 14:00:00,2024-03-29 02:00:00,LONG,70892.155596,70775.851998,-5.2315822643057395,-0.20399145375593328,12,0.9109814740016786,-0.4826423926927433,92.00809081883122,"EARLY_WAVE_LONG,PRESSURE_EXHAUSTION,DELTA_EXHAUSTION,TREND_RESUME_01,TREND_RESUME_02,TREND_RESUME_03,ENERGY_RECOVER,CONFLUENCE_02",SIGNAL_EXIT
2024-03-29 11:00:00,2024-03-30 07:00:00,LONG,70122.03160199999,69946.017998,-8.829765559578957,-0.344503055455691,20,0.43448313039367115,-1.3484515214374053,50.93451999999999,"FIB_382_LONG,EARLY_EXHAUSTION_BUY,HIDDEN_EXHAUSTION,BEAR_STRUCTURE,BUY_LIQUIDITY_GRAB,MOMENTUM_END,TRIPLE_CONFIRMATION,FIVE_CONFIRMATION",SIGNAL_EXIT
2024-03-30 17:00:00,2024-03-31 07:00:00,LONG,70192.205634,70200.957,-2.8165143521046048,-0.10999515186298905,14,0.2185917433625709,-0.8690788791861503,56.11808124999999,"EARLY_WAVE_LONG,PRESSURE_EXHAUSTION,DELTA_EXHAUSTION,TREND_RESUME_01,ENERGY_RECOVER,CONFLUENCE_02,CONFLUENCE_03,TREND_Q1",SIGNAL_EXIT
2024-04-01 02:00:00,2024-04-01 05:00:00,LONG,70833.42385199999,70055.0050778106,-29.14135782195943,-1.1385031703472466,3,0.04737332487289592,-0.5695529455740073,51.85782,"LATE_WAVE_EXIT,STRONG_WAVE,ANTI_LATE_WAVE,DNA_TREND_01,DNA_TREND_02,MARUBOZU_BULL,MARUBOZU_BEAR,ENERGY_RECOVER",STOP_LOSS
2024-04-01 07:00:00,2024-04-01 15:00:00,LONG,69628.882992,68595.85949656776,-38.86867390556131,-1.523020036602778,8,0.36065063406065717,-1.0380936199752615,74.53782,"LATE_WAVE_EXIT,STRONG_WAVE,ANTI_LATE_WAVE,SWING_REVERSAL_BUY,ENERGY_RECOVER,BULL_STRUCTURE,STRUCTURE_WEAKENING,MOMENTUM_START",STOP_LOSS
2024-04-01 20:00:00,2024-04-02 02:00:00,LONG,69661.939602,68312.95104130173,-50.22450195828507,-1.9757040199829263,6,0.09778711070807361,-0.44911124178778195,76.44541418499996,"FIB_236_LONG,FIB_382_LONG,FAILED_BOS_SHORT,ANTI_BOS,DNA_TREND_01,DNA_TREND_02,ENERGY_RECOVER,CONFLUENCE_02",STOP_LOSS
2024-04-02 14:00:00,2024-04-03 09:00:00,LONG,65237.24483999999,66504.74639,28.215424660054747,1.1155444796927452,19,1.9632882460644419,-0.5322800508385053,51.9291675,"EARLY_WAVE_LONG,HIST200_BUY,ANTI_FIBO,ENERGY_RECOVER,BEAR_STRUCTURE,MOMENTUM_START,BARRIER_L1,TRIPLE_CONFIRMATION","SIGNAL_EXIT,TRAIL_ENERGY, SCALE_OUT_10,TRAIL_ENERGY, SCALE_OUT_10, SCALE_OUT_20"
2024-04-03 17:00:00,2024-04-04 11:00:00,LONG,66207.74890199999,66265.354278,-38.070662145575255,-0.7505757772348423,18,0.12121103546171724,-1.0985706568525504,100.0,"FIB_786_LONG,TREND_Q1,TREND_Q2,TREND_Q3,MULTI_SWING_BUY_01,HIGHER_LOW,BULL_STRUCTURE,MOMENTUM_START","SIGNAL_EXIT,DEFENSE_03"
2024-04-05 02:00:00,2024-04-05 05:00:00,LONG,68173.632,66538.78383024849,-61.56305958644959,-2.4371060108453784,3,0.0,-0.8414279585397443,50.233365,"FIB_382_SHORT,WAVE_ACCELERATION,ENERGY_RECOVER,HIGHER_LOW,BULL_STRUCTURE,MOMENTUM_START,TRIPLE_CONFIRMATION,FIVE_CONFIRMATION",STOP_LOSS
2024-04-05 06:00:00,2024-04-05 21:00:00,LONG,66901.407606,67629.951304,21.335392056024045,0.8498703912736816,15,1.9270332869414546,-0.6328829559066265,51.137966250000005,"BOS_CONTINUE_SHORT,EARLY_WAVE_LONG,ANTI_FIBO,ENERGY_RECOVER,BULL_STRUCTURE,MOMENTUM_START,BARRIER_L1,TRIPLE_CONFIRMATION","SCALE_OUT_10, DEFENSE_03,TRAIL_ENERGY, SCALE_OUT_10,DEFENSE_03"
2024-04-06 08:00:00,2024-04-06 20:00:00,LONG,68005.61840400001,68246.338002,7.894394576947571,0.31382857447355095,12,0.4435833436700981,-0.496221359234277,50.233365,"FIB_382_SHORT,WAVE_ACCELERATION,HIGHER_LOW,BULL_STRUCTURE,MOMENTUM_START,TRIPLE_CONFIRMATION,FIVE_CONFIRMATION,CASCADE_03",SIGNAL_EXIT
2024-04-07 09:00:00,2024-04-07 21:00:00,LONG,69493.885998,69295.83806,-8.177791164498734,-0.32487213800434295,12,0.8347698415033195,-0.6128251311378093,68.13121875,"EARLY_WAVE_LONG,BULL_STRUCTURE,MOMENTUM_START,BARRIER_L1,TRIPLE_CONFIRMATION,CASCADE_03,CASCADE_05,CASCADE_08",SIGNAL_EXIT
2024-04-08 02:00:00,2024-04-08 16:00:00,LONG,70629.32749228299,71759.625204,76.05631344536806,1.6801912344107677,14,3.624261115638699,-0.32097114671192944,78.689905,"FIB_382_LONG,WAVE_ACCELERATION,ENERGY_RECOVER,CONFLUENCE_02,CONFLUENCE_03,TREND_Q1,BULL_STRUCTURE,MOMENTUM_START,PYRAMID_LEVEL3,TRAIL_ENERGY,TRAIL_DELTA,SCALE_OUT_20,SCALE_OUT_30","TRAIL_ENERGY, SCALE_OUT_20,TRAIL_ENERGY, SCALE_OUT_10, SCALE_OUT_20"
2024-04-08 20:00:00,2024-04-09 07:00:00,LONG,71780.3532,70489.43189961153,-93.11689486645056,-1.8377132660142856,11,0.18910021189474832,-1.4135667418253877,100.0,"FIB_382_LONG,PRESSURE_EXHAUSTION,DELTA_EXHAUSTION,TREND_Q1,TREND_Q2,TREND_Q3,TREND_Q4,MULTI_SWING_BUY_01",STOP_LOSS
2024-04-09 08:00:00,2024-04-09 14:00:00,LONG,70398.05679599999,69017.15501536932,-50.213780552953104,-2.0007777298717206,6,0.5636422680669244,-0.6677127429271577,73.58171625000001,"EARLY_WAVE_LONG,ANTI_FIBO,EMERGENCY_EXIT_04,ENERGY_RECOVER,STRUCTURE_FAILURE_LONG,TREND_Q1,TREND_Q2,TREND_Q3",STOP_LOSS
2024-04-09 15:00:00,2024-04-10 12:00:00,LONG,69372.19166400001,67725.21743270174,-18.204033554333712,-0.729062851199334,21,0.0,-1.1113266649179327,52.56657,"EARLY_WAVE_LONG,SWING_REVERSAL_BUY,EMERGENCY_EXIT_04,ENERGY_RECOVER,STRUCTURE_FAILURE_LONG,BEAR_STRUCTURE,STRUCTURE_WEAKENING,MOMENTUM_START","SIGNAL_EXIT,DEFENSE_03,STOP_LOSS"
2024-04-10 14:00:00,2024-04-11 02:00:00,LONG,68273.421954,70539.169344,81.67410515304744,3.2773100545186558,12,3.453258938139201,0.0,94.21825959000002,"EARLY_WAVE_LONG,ANTI_FIBO,SWING_REVERSAL_BUY,EMERGENCY_EXIT_01,EMERGENCY_EXIT_04,ENERGY_RECOVER,STRUCTURE_FAILURE_LONG,BULL_STRUCTURE","TRAIL_ENERGY, TRAIL_DELTA, TRAIL_WAVE, SCALE_OUT_10, SCALE_OUT_20, DEFENSE_03"
2024-04-11 05:00:00,2024-04-12 06:00:00,LONG,70618.130802,70942.12873600001,-18.70390182829605,-0.7444998972649739,25,0.7050019482898937,-1.4409766874928196,70.85646750000001,"EARLY_WAVE_LONG,WAVE_ACCELERATION,TREND_Q1,BULL_STRUCTURE,MOMENTUM_START,TRIPLE_CONFIRMATION,FIVE_CONFIRMATION,CASCADE_03","SIGNAL_EXIT,DEFENSE_03"
2024-04-12 11:00:00,2024-04-12 13:00:00,LONG,70800.567282,69752.44465213438,-76.2131713822847,-1.5197951782514072,2,0.14610436324327294,-0.3761654633912914,100.0,"FIB_382_LONG,EARLY_EXHAUSTION_BUY,PRESSURE_EXHAUSTION,DELTA_EXHAUSTION,TREND_RESUME_02,TREND_RESUME_03,TREND_Q1,TREND_Q2",STOP_LOSS
2024-04-12 14:00:00,2024-04-12 17:00:00,LONG,69901.9776,68657.7136046764,-45.26047460993121,-1.8193005755039793,3,0.0,-1.5184657665536558,74.53782,"LATE_WAVE_EXIT,WAVE_ACCELERATION,STRONG_WAVE,ANTI_LATE_WAVE,SWING_REVERSAL_BUY,DNA_TREND_01,DNA_TREND_02,ENERGY_RECOVER",STOP_LOSS
2024-04-14 22:00:00,2024-04-15 10:00:00,LONG,64926.47121396677,66565.074322,159.83218055193691,2.482773279009916,12,3.310279979454992,0.0,52.878656249999985,"WAVE_ACCELERATION,ANTI_MOMENTUM,EARLY_EXHAUSTION_SELL,DNA_ACCUMULATION_01,HAMMER_BUY,TREND_Q1,TREND_Q2,TREND_Q3,TRAIL_ENERGY,SCALE_OUT_10,PYRAMID_LEVEL2,TRAIL_DELTA,SCALE_OUT_20","TRAIL_ENERGY, TRAIL_DELTA, SCALE_OUT_10, SCALE_OUT_20"
2024-04-15 15:00:00,2024-04-16 04:00:00,LONG,64248.09705,62224.80792476899,-56.007702197767884,-2.2264633118717554,13,0.4991789091440507,-2.011105556938821,56.42399196,"BOS_CONTINUE_SHORT,LATE_WAVE_EXIT,WAVE_ACCELERATION,STRONG_WAVE,ANTI_FIBO,ANTI_LATE_WAVE,DNA_TREND_01,DNA_TREND_02","SIGNAL_EXIT,STOP_LOSS"
2024-04-16 05:00:00,2024-04-16 17:00:00,LONG,62499.4974,62718.343822,7.754431819416347,0.31001702818685767,12,1.6267212414415386,-1.179685326557527,52.56657,"EARLY_WAVE_LONG,SWING_REVERSAL_BUY,ENERGY_RECOVER,TREND_Q1,TREND_Q2,TREND_Q3,TREND_Q4,BEAR_STRUCTURE",SIGNAL_EXIT
2024-04-16 22:00:00,2024-04-17 11:00:00,LONG,64019.911422,62885.47039,-74.17988347252401,-1.4818309104151495,13,0.1268333182543265,-1.7523789038147175,100.0,"BOS_CONTINUE_LONG,LATE_WAVE_EXIT,WAVE_ACCELERATION,STRONG_WAVE,ANTI_LATE_WAVE,EMERGENCY_EXIT_04,DNA_TREND_01,DNA_TREND_02","DEFENSE_03,SIGNAL_EXIT"
2024-04-17 16:00:00,2024-04-18 12:00:00,LONG,60924.898926890746,62585.400416,53.92747679132065,1.2061925651059127,20,2.7460383235380665,-0.20236578039358535,60.71541005966624,"LATE_WAVE_EXIT,STRONG_WAVE,HIST200_BUY,HIST1000_BUY,ANTI_FIBO,ANTI_LATE_WAVE,MAJOR_DEMAND,TREND_RESUME_05,TRAIL_ENERGY,SCALE_OUT_10,PYRAMID_LEVEL2","TRAIL_ENERGY, SCALE_OUT_10,SIGNAL_EXIT,DEFENSE_03,PYRAMID_LEVEL2"
2024-04-18 15:00:00,2024-04-19 01:00:00,LONG,63829.32331199999,61872.63690685367,-77.5127242196584,-3.104271449383435,10,0.0,-1.7519272553368277,74.53782,"BOS_RETEST_LONG,LATE_WAVE_EXIT,WAVE_ACCELERATION,STRONG_WAVE,ANTI_LATE_WAVE,EMERGENCY_EXIT_04,DNA_TREND_01,DNA_TREND_02",STOP_LOSS
2024-04-19 02:00:00,2024-04-19 14:00:00,LONG,61034.194398,64890.729258,155.48093020139896,6.276118831548503,12,6.440644692328101,0.0,74.53782,"LATE_WAVE_EXIT,WAVE_ACCELERATION,STRONG_WAVE,ANTI_LATE_WAVE,SWING_REVERSAL_BUY,DNA_TREND_01,DNA_TREND_02,ENERGY_RECOVER","TRAIL_DELTA, TRAIL_WAVE"
2024-04-20 00:00:00,2024-04-20 16:00:00,LONG,63830.773602,64795.38833,-3.374997241580979,-0.044714425185351764,16,1.531512690250972,-0.6051369585592745,100.0,"FIB_236_LONG,EARLY_WAVE_LONG,SWING_REVERSAL_BUY,HAMMER_BUY,ENERGY_RECOVER,CONFLUENCE_02,CONFLUENCE_03,BULL_STRUCTURE","SIGNAL_EXIT,DEFENSE_03"
2024-04-20 18:00:00,2024-04-21 17:00:00,LONG,65213.029998,64565.45432600001,-8.378670970186079,-0.33323195494219854,23,0.1302807153763679,-0.9732104121207982,80.05913999999999,"BOS_RETEST_LONG,LATE_WAVE_EXIT,WAVE_ACCELERATION,STRONG_WAVE,ANTI_LATE_WAVE,EMERGENCY_EXIT_04,EMERGENCY_EXIT_05,DNA_TREND_02","DEFENSE_03,SIGNAL_EXIT"
2024-04-22 13:00:00,2024-04-23 01:00:00,LONG,66008.67909599999,67014.74437,111.79979972673887,1.4835312411384842,12,1.5444346379320053,-0.021662448326214747,100.0,"PRESSURE_EXHAUSTION,DELTA_EXHAUSTION,TREND_RESUME_02,TREND_RESUME_03,DNA_ACCUMULATION_01,HAMMER_BUY,HIGHER_HIGH_CONTINUE,BULL_STRUCTURE",SIGNAL_EXIT
2024-04-23 06:00:00,2024-04-24 14:00:00,LONG,66503.30800199999,65436.66810637994,3.9816287772051955,0.15680542357550697,32,0.7588975844402078,-0.690669405477051,70.54957,"FIB_382_LONG,TREND_Q1,TREND_Q2,BULL_STRUCTURE,MOMENTUM_START,TRIPLE_CONFIRMATION,FIVE_CONFIRMATION,CASCADE_03","SIGNAL_EXIT,DEFENSE_03,STOP_LOSS"
2024-04-26 03:00:00,2024-04-26 15:00:00,LONG,64512.819983999994,63841.37917,-27.44094961889687,-1.08037032924751,12,0.06381679797940062,-1.020975341278442,93.14232417,"FIB_382_LONG,PRESSURE_EXHAUSTION,DELTA_EXHAUSTION,EMERGENCY_EXIT_01,HIGHER_HIGH_CONTINUE,BULL_STRUCTURE,MOMENTUM_START,TRIPLE_CONFIRMATION",SIGNAL_EXIT
2024-04-26 16:00:00,2024-04-27 04:00:00,LONG,63515.920644,63069.3836,-18.8127068613731,-0.7427504673736663,12,0.8566031169563125,-1.4526131946843723,70.85646750000001,"EARLY_WAVE_LONG,ANTI_FIBO,ENERGY_RECOVER,BULL_STRUCTURE,MOMENTUM_START,BARRIER_L1,TRIPLE_CONFIRMATION,FIVE_CONFIRMATION",SIGNAL_EXIT
2024-04-27 17:00:00,2024-04-28 05:00:00,LONG,62762.549999999996,63830.371372,83.9605595559727,1.66068654548167,12,2.006084838809142,0.0,100.0,"EARLY_WAVE_LONG,SWING_REVERSAL_BUY,TREND_Q1,TREND_Q2,TREND_Q3,HIGHER_LOW,BULL_STRUCTURE,MOMENTUM_START",SIGNAL_EXIT
2024-04-28 14:00:00,2024-04-28 22:00:00,LONG,63788.175083999995,62975.45441749159,-33.47498496782725,-1.3135833517293574,8,0.21291550639464754,-0.38906126985633865,73.263015,"FIB_382_LONG,EARLY_EXHAUSTION_BUY,HIDDEN_EXHAUSTION,TREND_Q1,TREND_Q2,TREND_Q3,BULL_STRUCTURE,MOMENTUM_END",STOP_LOSS
2024-04-28 23:00:00,2024-04-29 03:00:00,LONG,63163.690211999994,62344.90639276357,-33.92519828426256,-1.3357702486376177,4,0.14840771285746904,-0.7240872255324656,79.03221375,"EARLY_WAVE_LONG,ANTI_FIBO,DNA_TREND_02,ENERGY_WALL,ENERGY_EXTREME,ENERGY_RECOVER,CONFLUENCE_02,CONFLUENCE_03",STOP_LOSS
2024-04-30 09:00:00,2024-04-30 16:00:00,LONG,61931.703863999996,60523.06916867859,-58.55718458312606,-2.313587118699913,7,0.0,-1.8324279701590305,59.90794665407999,"LATE_WAVE_EXIT,STRONG_WAVE,HIST200_BUY,ANTI_LATE_WAVE,SWING_REVERSAL_BUY,TREND_RESUME_05,DNA_TREND_01,DNA_TREND_02",STOP_LOSS
2024-04-30 17:00:00,2024-05-01 07:00:00,LONG,60348.747336,58819.11487645801,-16.320816352581694,-0.6486500711527984,14,0.5356410501783007,-1.7494933741071799,71.98612722000001,"LATE_WAVE_EXIT,STRONG_WAVE,HIST200_BUY,ANTI_FIBO,ANTI_LATE_WAVE,ENERGY_RECOVER,TREND_Q1,TREND_Q2","SIGNAL_EXIT,STOP_LOSS"
2024-05-01 16:00:00,2024-05-02 06:00:00,LONG,57462.44335919728,57473.073086000004,-8.11415420339697,-0.1153790534715605,14,3.5442983477277097,-0.8840093276610931,100.0,"EARLY_WAVE_LONG,HIST200_BUY,HIST1000_BUY,SWING_REVERSAL_BUY,MAJOR_DEMAND,TREND_Q1,TREND_Q2,TREND_Q3,PYRAMID_LEVEL2,PYRAMID_LEVEL3",SIGNAL_EXIT
2024-05-02 11:00:00,2024-05-03 03:00:00,LONG,58363.68035642868,59531.841250000005,62.59874680414471,1.3861235970169965,16,2.148790681295924,0.0,73.08908774999998,"WAVE_ACCELERATION,STRONG_WAVE,DNA_ACCUMULATION_01,HAMMER_BUY,TREND_Q1,TREND_Q2,TREND_Q3,TREND_Q4,PYRAMID_LEVEL2","SIGNAL_EXIT,TRAIL_ENERGY, SCALE_OUT_10,TRAIL_ENERGY, SCALE_OUT_10, SCALE_OUT_20,PYRAMID_LEVEL2"
2024-05-03 04:00:00,2024-05-03 16:00:00,LONG,60592.01626134697,61678.401852,79.61201696652313,1.7522345276196423,12,3.2774525230184324,-1.1589118589026346,74.53782,"LATE_WAVE_EXIT,WAVE_ACCELERATION,ANTI_LATE_WAVE,EMERGENCY_EXIT_04,STRUCTURE_FAILURE_SHORT,BULL_STRUCTURE,MOMENTUM_START,SUPPORT_MAJOR,PYRAMID_LEVEL2","TRAIL_ENERGY, SCALE_OUT_10, SCALE_OUT_20"
2024-05-03 21:00:00,2024-05-04 11:00:00,LONG,62912.569998,64408.01582,33.96663842995541,1.3353222580172899,14,2.3975177012287925,-0.33935984177213957,80.05913999999999,"LATE_WAVE_EXIT,STRONG_WAVE,ANTI_LATE_WAVE,EMERGENCY_EXIT_04,DNA_TREND_02,ENERGY_RECOVER,STRUCTURE_FAILURE_SHORT,CONFLUENCE_02",SIGNAL_EXIT
2024-05-04 22:00:00,2024-05-05 15:00:00,LONG,63916.690782000005,64087.189998,-8.960811222096346,-0.351137119373691,17,0.31795954313896646,-1.2124857725241518,87.23912925,"EARLY_WAVE_LONG,BULL_STRUCTURE,MOMENTUM_START,SUPPORT_MAJOR,TRIPLE_CONFIRMATION,CASCADE_03,CASCADE_05,CASCADE_08","SIGNAL_EXIT,DEFENSE_03"
2024-05-05 16:00:00,2024-05-06 09:00:00,LONG,64441.525728,65130.011392,-31.741117638898462,-0.6225102580701718,17,1.0886059323936688,-1.090516898942163,100.0,"BOS_RETEST_LONG,EARLY_WAVE_LONG,TREND_RESUME_01,TREND_RESUME_02,TREND_RESUME_03,ENERGY_RECOVER,CONFLUENCE_02,CONFLUENCE_03","SIGNAL_EXIT,PYRAMID_LEVEL1"
2024-05-06 12:00:00,2024-05-06 15:00:00,LONG,64216.39071,62934.62626034341,-51.71468560451434,-2.0352098361660302,3,0.0,-1.4706848198071183,74.53782,"WAVE_ACCELERATION,ANTI_MOMENTUM,EARLY_EXHAUSTION_BUY,EARLY_EXHAUSTION_SELL,EMERGENCY_EXIT_01,TREND_Q1,TREND_Q2,TREND_Q3",STOP_LOSS
2024-05-06 20:00:00,2024-05-07 10:00:00,LONG,63232.644,64107.156004000004,21.001518353969352,0.8308162718153987,14,1.5804431647678685,-0.10667591252391392,74.53782,"LATE_WAVE_EXIT,STRONG_WAVE,ANTI_FIBO,ANTI_LATE_WAVE,PRESSURE_EXHAUSTION,DELTA_EXHAUSTION,EMERGENCY_EXIT_04,ENERGY_RECOVER","SCALE_OUT_10, DEFENSE_03,SIGNAL_EXIT"
2024-05-07 11:00:00,2024-05-07 18:00:00,LONG,64099.187274,62799.40362773973,-104.70445495808616,-2.066958200340204,7,0.0,-1.382275363668131,94.85311248000001,"BOS_RETEST_LONG,LATE_WAVE_EXIT,STRONG_WAVE,ANTI_LATE_WAVE,TREND_Q1,TREND_Q2,BULL_STRUCTURE,MOMENTUM_START",STOP_LOSS
2024-05-07 19:00:00,2024-05-08 13:00:00,LONG,63182.623997999995,61861.43064655367,-34.20934933157706,-1.3650256582042704,18,0.0,-1.5425506829707587,52.33032,"FIB_786_SHORT,WAVE_ACCELERATION,ANTI_MOMENTUM,EARLY_EXHAUSTION_SELL,HIDDEN_EXHAUSTION,BULL_STRUCTURE,MOMENTUM_MIDDLE,SUPPORT_MAJOR","DEFENSE_03,SIGNAL_EXIT,STOP_LOSS"
2024-05-08 14:00:00,2024-05-08 22:00:00,LONG,62460.089519999994,61250.42103857845,-49.34552050704467,-1.9759316058005099,8,0.2146818568953057,-1.5596351646086974,92.77381646259998,"FIB_382_LONG,WAVE_ACCELERATION,PRESSURE_EXHAUSTION,DELTA_EXHAUSTION,HAMMER_BUY,ENERGY_RECOVER,CONFLUENCE_02,CONFLUENCE_03",STOP_LOSS
2024-05-09 13:00:00,2024-05-10 01:00:00,LONG,61528.963332,62828.151856000004,51.450650787484584,2.0706626509908914,12,2.8466377022300287,-0.5633661177251145,54.402985,"FIB_236_LONG,FIB_382_LONG,DNA_TREND_01,DNA_TREND_02,ENERGY_RECOVER,CONFLUENCE_02,CONFLUENCE_03,BEAR_STRUCTURE","TRAIL_ENERGY, TRAIL_DELTA, SCALE_OUT_10, SCALE_OUT_20"
2024-05-11 16:00:00,2024-05-12 11:00:00,LONG,61186.414835999996,61147.758002,-11.049737585808401,-0.4424571887102365,19,0.04596635392903704,-0.5988499848897999,56.11808124999999,"BOS_CONTINUE_LONG,EARLY_WAVE_LONG,EMERGENCY_EXIT_04,ENERGY_RECOVER,STRUCTURE_FAILURE_SHORT,CONFLUENCE_02,CONFLUENCE_03,TREND_Q1","SIGNAL_EXIT,DEFENSE_03"
2024-05-12 22:00:00,2024-05-13 10:00:00,LONG,61248.2472,63047.997878,72.26809629329252,2.8972771629761906,12,2.959028025866511,-0.6355728005225214,67.836125,"ENERGY_RECOVER,HIGHER_HIGH_CONTINUE,BULL_STRUCTURE,MOMENTUM_START,TRIPLE_CONFIRMATION,CASCADE_03,CASCADE_05,CASCADE_08","TRAIL_ENERGY, TRAIL_DELTA, SCALE_OUT_20"
2024-05-16 07:00:00,2024-05-16 17:00:00,LONG,65971.331628,64831.657492060294,-88.77171503895447,-1.766838367776428,10,0.8071208491022928,-1.2374187512284878,100.0,"EARLY_WAVE_LONG,PRESSURE_EXHAUSTION,DELTA_EXHAUSTION,TREND_RESUME_02,TREND_RESUME_03,TREND_Q1,TREND_Q2,TREND_Q3",STOP_LOSS
2024-05-17 19:00:00,2024-05-18 10:00:00,LONG,66835.344396,67111.604994,2.2325268826959332,0.0896788920243675,15,0.43344671388770617,-0.09537527871826094,94.42987722,"BOS_RETEST_LONG,ANTI_MOMENTUM,EARLY_EXHAUSTION_SELL,HIDDEN_EXHAUSTION,SWING_REVERSAL,TREND_Q1,TREND_Q2,TREND_Q3",SIGNAL_EXIT
2024-05-18 11:00:00,2024-05-19 01:00:00,LONG,67235.654442,66893.13869600001,-13.082452076672633,-0.5254468036799731,14,0.0,-0.6573810363982946,52.247868749999995,"EARLY_WAVE_LONG,TREND_RESUME_01,ENERGY_RECOVER,TREND_Q1,TREND_Q2,TREND_Q3,TREND_Q4,BEAR_STRUCTURE",SIGNAL_EXIT
2024-05-19 17:00:00,2024-05-19 19:00:00,LONG,66675.3324,65888.17129221496,-30.33521992948705,-1.2201159664588719,2,0.06700768993840882,-0.13366622526203248,74.53782,"LATE_WAVE_EXIT,WAVE_ACCELERATION,STRONG_WAVE,ANTI_LATE_WAVE,SWING_REVERSAL_BUY,ENERGY_RECOVER,TREND_Q1,TREND_Q2",STOP_LOSS
2024-05-20 01:00:00,2024-05-20 14:00:00,LONG,66473.281998,67086.560004,17.29375469693407,0.6977720510287855,13,0.9975105517130098,-0.09519914783492986,82.97008791748073,"FIB_382_LONG,TREND_RESUME_01,TREND_RESUME_02,TREND_RESUME_03,ENERGY_RECOVER,CONFLUENCE_02,MULTI_SWING_BUY_01,LOWER_LOW_CONTINUE",SIGNAL_EXIT
2024-05-20 17:00:00,2024-05-21 05:00:00,LONG,70104.12977882792,70895.827998,91.89405048952435,1.0888657920455493,12,3.5510181976722497,0.0,62.07227424999998,"BOS_CONTINUE_LONG,LATE_WAVE_EXIT,STRONG_WAVE,ANTI_LATE_WAVE,DNA_TREND_01,DNA_TREND_02,MARUBOZU_BULL,MARUBOZU_BEAR,PYRAMID_LEVEL2,TRAIL_WAVE,SCALE_OUT_30,PYRAMID_LEVEL3,DEFENSE_03,TRAIL_ENERGY","TRAIL_ENERGY, SCALE_OUT_10"
2024-05-21 06:00:00,2024-05-21 15:00:00,LONG,71224.111974,69728.83110433987,-107.12616689714326,-2.1385628544696913,9,0.17673512875240469,-1.4193395269975857,100.0,"ANTI_MOMENTUM,EARLY_EXHAUSTION_SELL,HIDDEN_EXHAUSTION,PRESSURE_EXHAUSTION,TREND_RESUME_02,TREND_RESUME_03,TREND_Q1,TREND_Q2",STOP_LOSS
2024-05-21 19:00:00,2024-05-22 11:00:00,LONG,69843.705948,70175.962,-2.10139879985916,-0.08482455151146427,16,0.5419443983711427,-0.7985199817650394,73.51013840624998,"WAVE_ACCELERATION,STRONG_WAVE,EARLY_EXHAUSTION_BUY,PRESSURE_EXHAUSTION,DELTA_EXHAUSTION,DNA_ACCUMULATION_01,HAMMER_BUY,TREND_Q1","DEFENSE_03,SIGNAL_EXIT"
2024-05-22 15:00:00,2024-05-22 21:00:00,LONG,70128.65292600001,68894.29422456045,-44.56423486714407,-1.7994305700709272,6,0.46663818617091735,-0.9791189440421205,73.9004175,"FIB_786_LONG,WAVE_ACCELERATION,TREND_Q1,TREND_Q2,TREND_Q3,TREND_Q4,BULL_STRUCTURE,MOMENTUM_START",STOP_LOSS
2024-05-22 23:00:00,2024-05-23 13:00:00,LONG,69155.10825599999,67866.20921335844,10.185561415545777,0.4131762542759661,14,1.1967470876284894,0.0,74.53782,"LATE_WAVE_EXIT,WAVE_ACCELERATION,STRONG_WAVE,ANTI_LATE_WAVE,SWING_REVERSAL_BUY,EMERGENCY_EXIT_04,STRUCTURE_FAILURE_LONG,BULL_STRUCTURE","SCALE_OUT_10,SIGNAL_EXIT,STOP_LOSS"
2024-05-23 15:00:00,2024-05-23 20:00:00,LONG,67762.16972399999,66344.55861241711,-52.58710713126766,-2.1312023226380856,5,0.46313492805537415,-0.8296513029170021,53.20397249999999,"EARLY_WAVE_LONG,ANTI_FIBO,EMERGENCY_EXIT_01,EMERGENCY_EXIT_04,ENERGY_RECOVER,STRUCTURE_FAILURE_LONG,BEAR_STRUCTURE,BUY_LIQUIDITY_GRAB",STOP_LOSS
2024-05-24 14:00:00,2024-05-25 13:00:00,LONG,67090.53542399999,69102.48673799999,180.92321975001104,2.4574360648028626,23,3.424409361887669,0.0,100.0,"FIB_236_LONG,FIB_382_LONG,DNA_TREND_02,ENERGY_RECOVER,MULTI_SWING_BUY_01,HIGHER_LOW,BULL_STRUCTURE,MOMENTUM_START","TRAIL_ENERGY, SCALE_OUT_10,TRAIL_ENERGY, TRAIL_DELTA, SCALE_OUT_10, SCALE_OUT_20,SCALE_OUT_30,TRAIL_WAVE, SCALE_OUT_30,TRAIL_DELTA, SCALE_OUT_30,TRAIL_DELTA, SCALE_OUT_30, DEFENSE_03"
2024-05-25 14:00:00,2024-05-26 17:00:00,LONG,69039.795198,68794.848278,1.0162478922998028,0.04067291219207406,27,0.43504590524725084,-0.33484340058805473,73.9004175,"FIB_786_LONG,TREND_Q1,TREND_Q2,TREND_Q3,BULL_STRUCTURE,MOMENTUM_START,BARRIER_L1,TRIPLE_CONFIRMATION","SIGNAL_EXIT,DEFENSE_03"
2024-05-26 20:00:00,2024-05-26 21:00:00,LONG,68917.310706,68295.20945077523,-23.54463784143255,-0.9423167160069428,1,0.0,-0.28508179438130976,51.22041750000001,"FIB_786_LONG,LATE_WAVE_EXIT,STRONG_WAVE,ANTI_MOMENTUM,EARLY_EXHAUSTION_SELL,MARUBOZU_BEAR,BULL_STRUCTURE,MOMENTUM_END",STOP_LOSS
2024-05-26 23:00:00,2024-05-27 16:00:00,LONG,68573.722002,70359.78522800001,8.68183845780293,0.3483248268616483,17,2.6250988650543263,-0.2632086996746872,75.73139225273998,"BOS_RETEST_SHORT,EARLY_WAVE_LONG,ANTI_FIBO,SWING_REVERSAL_BUY,TREND_RESUME_02,TREND_RESUME_03,EMERGENCY_EXIT_01,EMERGENCY_EXIT_04",SIGNAL_EXIT
2024-05-27 22:00:00,2024-05-28 01:00:00,LONG,69818.97100199999,68756.66697036536,-77.86959680601089,-1.560903408890914,3,0.0,-0.6324369947923452,100.0,"FIB_382_LONG,BOS_RETEST_LONG,EARLY_EXHAUSTION_BUY,TREND_Q1,TREND_Q2,HIGHER_HIGH_CONTINUE,BULL_STRUCTURE,MOMENTUM_MIDDLE",STOP_LOSS
2024-05-28 09:00:00,2024-05-29 05:00:00,LONG,68173.632,68829.761294,7.086990628294984,0.2864113752311772,20,0.9826350457608025,-0.6753520187981134,80.05913999999999,"LATE_WAVE_EXIT,STRONG_WAVE,ANTI_LATE_WAVE,SWING_REVERSAL_BUY,EMERGENCY_EXIT_04,DNA_TREND_02,ENERGY_RECOVER,STRUCTURE_FAILURE_LONG","SIGNAL_EXIT,DEFENSE_03,SCALE_OUT_10"
2024-06-02 01:00:00,2024-06-02 09:00:00,LONG,67902.567798,67429.01787114372,-18.250535855414377,-0.7371172405345844,8,0.0,-0.2673945977126237,73.9004175,"FIB_786_LONG,LATE_WAVE_EXIT,WAVE_ACCELERATION,ANTI_LATE_WAVE,TREND_Q1,BULL_STRUCTURE,MOMENTUM_START,TRIPLE_CONFIRMATION",STOP_LOSS
2024-06-02 10:00:00,2024-06-03 02:00:00,LONG,67543.506,68462.31479799999,10.80337365942291,0.4371846561925006,16,1.3805975662560377,-0.020010806072146607,73.58171625000001,"EARLY_WAVE_LONG,ANTI_FIBO,ENERGY_RECOVER,TREND_Q1,BULL_STRUCTURE,MOMENTUM_START,BARRIER_L1,TRIPLE_CONFIRMATION","SIGNAL_EXIT,SCALE_OUT_10"
2024-06-04 01:00:00,2024-06-05 04:00:00,LONG,69015.20027999999,70933.390484,11.801622224521198,0.4771074504575653,27,2.856037093282508,-0.4307460947644906,94.00218014250001,"WAVE_ACCELERATION,PRESSURE_EXHAUSTION,DELTA_EXHAUSTION,TREND_RESUME_02,TREND_RESUME_03,BULL_STRUCTURE,MOMENTUM_START,TRIPLE_CONFIRMATION","DEFENSE_03,SIGNAL_EXIT,SCALE_OUT_30,TRAIL_ENERGY, SCALE_OUT_30,TRAIL_ENERGY, TRAIL_DELTA, SCALE_OUT_10, SCALE_OUT_20, SCALE_OUT_30,TRAIL_ENERGY, TRAIL_DELTA, SCALE_OUT_10, SCALE_OUT_20,TRAIL_ENERGY, SCALE_OUT_10,TRAIL_DELTA, SCALE_OUT_30"
2024-06-05 07:00:00,2024-06-05 19:00:00,LONG,71133.283812,71082.58064,-2.754876865005047,-0.11125059889705811,12,0.6968554823225792,-0.5659570181857432,71.1509036175,"EARLY_WAVE_LONG,WAVE_ACCELERATION,HIST200_SELL,TREND_Q1,TREND_Q2,TREND_Q3,HIGHER_HIGH_CONTINUE,BULL_STRUCTURE",SIGNAL_EXIT
2024-06-05 20:00:00,2024-06-06 09:00:00,LONG,71294.20599,70889.82919799999,-11.967961930985688,-0.48348679159221464,13,0.0,-0.5697741974389537,51.6929175,"FIB_786_SHORT,LATE_WAVE_EXIT,WAVE_ACCELERATION,ANTI_LATE_WAVE,PRESSURE_EXHAUSTION,DELTA_EXHAUSTION,SWING_REVERSAL,TREND_Q1",SIGNAL_EXIT
2024-06-06 10:00:00,2024-06-06 20:00:00,LONG,70993.085778,70205.52950643838,-28.401972268483327,-1.1488984799375261,10,0.6641269594540172,-0.7234447867304086,94.00218014250001,"WAVE_ACCELERATION,TREND_RESUME_02,TREND_RESUME_03,TREND_Q1,TREND_Q2,TREND_Q3,TREND_Q4,BULL_STRUCTURE",STOP_LOSS
2024-06-07 03:00:00,2024-06-07 15:00:00,LONG,70838.254818,71416.643814,19.130601236502752,0.7761658441290177,12,1.2164827948034613,0.0,72.2469864375,"FIB_382_LONG,WAVE_ACCELERATION,PRESSURE_EXHAUSTION,DELTA_EXHAUSTION,DNA_ACCUMULATION_01,HAMMER_BUY,TREND_Q1,TREND_Q2",SCALE_OUT_10
2024-06-07 18:00:00,2024-06-07 18:00:00,LONG,69817.550718,68496.9951897561,-47.67417726966755,-1.930681200439593,0,0.0,0.0,56.42399196,"BOS_CONTINUE_SHORT,LATE_WAVE_EXIT,WAVE_ACCELERATION,STRONG_WAVE,ANTI_FIBO,ANTI_LATE_WAVE,EMERGENCY_EXIT_04,DNA_TREND_01",STOP_LOSS
2024-06-08 02:00:00,2024-06-08 17:00:00,LONG,69479.133048,69373.28256800001,-3.0477248731951803,-0.12403608448776464,15,0.14834231153804042,-0.23374363046212804,85.94671163990625,"WAVE_ACCELERATION,STRONG_WAVE,ANTI_MOMENTUM,EARLY_EXHAUSTION_BUY,EARLY_EXHAUSTION_SELL,TREND_RESUME_02,TREND_RESUME_03,DNA_ACCUMULATION_01","DEFENSE_03,SIGNAL_EXIT"
2024-06-09 02:00:00,2024-06-09 15:00:00,LONG,69298.867002,69476.23197400001,4.687876406999541,0.19086512384275853,13,0.5975321327952554,-0.17884419668279591,71.81819127,"FIB_382_LONG,WAVE_ACCELERATION,TREND_RESUME_02,TREND_RESUME_03,BEAR_STRUCTURE,MOMENTUM_START,RESISTANCE_MAJOR,TRIPLE_CONFIRMATION",SIGNAL_EXIT
2024-06-11 10:00:00,2024-06-12 00:00:00,LONG,67097.746866,67300.767154,8.587177266689228,0.349491875683428,14,0.4609143353466379,-1.2716773749557537,51.4566675,"LATE_WAVE_EXIT,STRONG_WAVE,HIST200_BUY,ANTI_FIBO,ANTI_LATE_WAVE,ENERGY_RECOVER,BULL_STRUCTURE,MOMENTUM_START","SIGNAL_EXIT,DEFENSE_03"
2024-06-12 07:00:00,2024-06-12 21:00:00,LONG,67295.086326,68090.339208,33.463420667528666,1.3608839517802438,14,3.960889003229009,0.0,73.9004175,"ANTI_MOMENTUM,EARLY_EXHAUSTION_SELL,TREND_Q1,TREND_Q2,TREND_Q3,TREND_Q4,HIGHER_LOW,BULL_STRUCTURE","TRAIL_DELTA,DEFENSE_03,SIGNAL_EXIT"
2024-06-13 03:00:00,2024-06-13 16:00:00,LONG,67748.34696,66282.30121673958,-42.235215713468136,-1.7119603721508487,13,0.10635394549558597,-1.8868902598535087,52.08296625000001,"FIB_236_SHORT,EARLY_WAVE_LONG,TREND_Q1,BULL_STRUCTURE,MOMENTUM_START,BARRIER_L1,RESISTANCE_MAJOR,TRIPLE_CONFIRMATION","SIGNAL_EXIT,STOP_LOSS"
2024-06-13 17:00:00,2024-06-14 12:00:00,LONG,66989.405202,67022.582802,-6.642155461487635,-0.27041723742300794,19,0.24277689510690506,-0.575307693564196,78.73510497999999,"EARLY_WAVE_LONG,WAVE_ACCELERATION,SWING_REVERSAL_BUY,DNA_TREND_02,ENERGY_RECOVER,CONFLUENCE_02,CONFLUENCE_03,TREND_Q1",SIGNAL_EXIT
2024-06-14 16:00:00,2024-06-14 16:00:00,LONG,66405.2784,65216.71808041089,-44.893657077989765,-1.829142255085062,0,0.0,0.0,94.21825959000002,"EARLY_WAVE_LONG,SWING_REVERSAL_BUY,DNA_TREND_01,DNA_TREND_02,ENERGY_RECOVER,TREND_Q1,TREND_Q2,TREND_Q3",STOP_LOSS
2024-06-14 18:00:00,2024-06-15 18:00:00,LONG,65429.093202000004,66236.75,27.72270022327332,1.1348335800485525,24,1.4044467881634988,0.0,73.9004175,"HIST200_BUY,ANTI_FIBO,EMERGENCY_EXIT_01,TREND_Q1,TREND_Q2,TREND_Q3,BULL_STRUCTURE,MOMENTUM_END","DEFENSE_03,SIGNAL_EXIT,TRAIL_ENERGY, SCALE_OUT_10, DEFENSE_03,TRAIL_ENERGY, SCALE_OUT_10"
2024-06-15 21:00:00,2024-06-16 09:00:00,LONG,66061.22960400001,66259.255498,6.360102164196445,0.25964123409293244,12,0.3796181171668694,0.0,73.263015,"WAVE_ACCELERATION,ENERGY_RECOVER,TREND_Q1,TREND_Q2,TREND_Q3,TREND_Q4,HIGHER_HIGH_CONTINUE,BULL_STRUCTURE",DEFENSE_03
2024-06-16 10:00:00,2024-06-17 00:00:00,LONG,66423.251994,66663.524628,8.09356499557006,0.16511290893887878,14,0.5107217665745165,0.0,100.0,"BOS_RETEST_LONG,LATE_WAVE_EXIT,WAVE_ACCELERATION,ANTI_LATE_WAVE,EMERGENCY_EXIT_04,ENERGY_RECOVER,STRUCTURE_FAILURE_SHORT,CONFLUENCE_02",SIGNAL_EXIT
2024-06-17 02:00:00,2024-06-17 09:00:00,LONG,66485.54445,65910.54660398055,-22.182435492868724,-0.9045004739538482,7,0.0,-0.5311597474629796,93.7905625125,"FIB_382_LONG,WAVE_ACCELERATION,ANTI_MOMENTUM,EARLY_EXHAUSTION_BUY,EARLY_EXHAUSTION_SELL,HIDDEN_EXHAUSTION,HAMMER_BUY,BULL_STRUCTURE",STOP_LOSS
2024-06-17 11:00:00,2024-06-17 14:00:00,LONG,65903.188002,65163.299788186625,-28.4360806939534,-1.1622404878279944,3,0.0,-1.0669863223895233,74.53782,"LATE_WAVE_EXIT,STRONG_WAVE,ANTI_FIBO,ANTI_LATE_WAVE,SWING_REVERSAL_BUY,ENERGY_RECOVER,TREND_Q1,TREND_Q2",STOP_LOSS
2024-06-17 15:00:00,2024-06-18 02:00:00,LONG,65486.074596,64583.289227858215,-69.18069338303954,-1.41803992613973,11,2.466792236312587,-0.5376480391779453,98.80510136,"LATE_WAVE_EXIT,STRONG_WAVE,ANTI_FIBO,ANTI_LATE_WAVE,ENERGY_RECOVER,CONFLUENCE_02,TREND_Q1,TREND_Q2",STOP_LOSS
2024-06-18 03:00:00,2024-06-18 17:00:00,LONG,65480.513483999996,64688.049802,-30.847170445256364,-1.2738742761835786,14,0.3772366813530887,-1.2927868749942584,52.33032,"FIB_786_SHORT,LATE_WAVE_EXIT,STRONG_WAVE,ENERGY_RECOVER,TREND_Q1,TREND_Q2,BULL_STRUCTURE,MOMENTUM_START",SIGNAL_EXIT
2024-06-18 20:00:00,2024-06-20 08:00:00,LONG,64425.062436,65845.668232,36.40950974789264,1.508533415776569,36,2.225496584383312,0.0,86.09018847408001,"EARLY_WAVE_LONG,HIST200_BUY,SWING_REVERSAL_BUY,TREND_Q1,TREND_Q2,TREND_Q3,BEAR_STRUCTURE,MOMENTUM_START","TRAIL_ENERGY, SCALE_OUT_10,DEFENSE_03,TRAIL_ENERGY, SCALE_OUT_10, SCALE_OUT_20,SCALE_OUT_10,SIGNAL_EXIT,PYRAMID_LEVEL2"
2024-06-20 13:00:00,2024-06-20 14:00:00,LONG,65993.185998,65024.495875962544,-36.512738285645014,-1.5072767064435824,1,0.0,-1.2888239674104776,74.53782,"LATE_WAVE_EXIT,STRONG_WAVE,ANTI_LATE_WAVE,EMERGENCY_EXIT_04,ENERGY_RECOVER,STRUCTURE_FAILURE_SHORT,BULL_STRUCTURE,MOMENTUM_START",STOP_LOSS
2024-06-20 16:00:00,2024-06-21 08:00:00,LONG,64844.206247999995,63858.585330987364,-11.435079895699532,-0.4738828356652527,16,0.41916428271244416,-0.9909539883061128,53.03906999999999,"FIB_236_SHORT,FAILED_WAVE,TREND_Q1,TREND_Q2,TREND_Q3,BULL_STRUCTURE,MOMENTUM_END,BARRIER_L1","SIGNAL_EXIT,STOP_LOSS"
2024-06-21 10:00:00,2024-06-21 23:00:00,LONG,64112.82,64142.188996,-1.186196783792277,-0.049220590237023715,13,0.18590665642222934,-0.7761474226215609,56.46038999999999,"EARLY_WAVE_LONG,ANTI_FIBO,DNA_TREND_02,ENERGY_RECOVER,CONFLUENCE_02,CONFLUENCE_03,TREND_Q1,TREND_Q2","DEFENSE_03,SIGNAL_EXIT"
2024-06-22 02:00:00,2024-06-22 14:00:00,LONG,64157.16886799999,64271.1432,3.3148255860060134,0.1375775712634821,12,0.5655348239360634,0.0,57.69548946,"FIB_236_SHORT,FIB_382_SHORT,WAVE_ACCELERATION,TREND_Q1,TREND_Q2,TREND_Q3,TREND_Q4,HIGHER_HIGH_CONTINUE",SIGNAL_EXIT
2024-06-22 15:00:00,2024-06-23 03:00:00,LONG,64300.817592,64494.268566,6.283686351708962,0.26073271359843175,12,0.32091723826801266,-0.06912445854425148,54.45782440800187,"FIB_236_SHORT,FIB_382_SHORT,PRESSURE_EXHAUSTION,DELTA_EXHAUSTION,SWING_REVERSAL_BUY,DNA_DISTRIBUTION_01,SHOOTING_SELL,TREND_Q1",SIGNAL_EXIT
2024-06-23 05:00:00,2024-06-23 16:00:00,LONG,64390.895604,64027.03886384894,-14.584964798486883,-0.6048487942950815,11,0.043351464113299376,-0.46108320316879425,52.33032,"FIB_786_SHORT,LATE_WAVE_EXIT,ANTI_MOMENTUM,EARLY_EXHAUSTION_SELL,SWING_REVERSAL,BULL_STRUCTURE,MOMENTUM_END,SUPPORT_MAJOR",STOP_LOSS
2024-06-23 22:00:00,2024-06-23 23:00:00,LONG,63857.438934,63401.380896324226,-18.149690568769998,-0.7538958625194359,1,0.0,-0.31233469009952136,73.71735209999999,"LATE_WAVE_EXIT,STRONG_WAVE,ANTI_FIBO,ANTI_LATE_WAVE,HAMMER_BUY,ENERGY_RECOVER,TREND_Q1,TREND_Q2",STOP_LOSS
2024-06-24 07:00:00,2024-06-24 09:00:00,LONG,62417.481,61646.44934544666,-30.629001387181635,-1.274787481877907,2,0.5021654110008036,0.0,78.95650083999998,"LATE_WAVE_EXIT,STRONG_WAVE,HIST200_BUY,ANTI_FIBO,ANTI_LATE_WAVE,EMERGENCY_EXIT_01,ENERGY_RECOVER,CONFLUENCE_02",STOP_LOSS
2024-06-24 16:00:00,2024-06-24 19:00:00,LONG,60856.158798,59476.24927975526,-55.23761932219571,-2.306586622754061,3,0.0,-1.1307792203648093,52.56657,"EARLY_WAVE_LONG,TREND_Q1,TREND_Q2,TREND_Q3,TREND_Q4,BEAR_STRUCTURE,MOMENTUM_START,BARRIER_L1",STOP_LOSS
2024-06-24 22:00:00,2024-06-25 15:00:00,LONG,60681.4362850173,61751.087312,40.50432392016292,0.9452316992903039,17,2.062165457114777,-0.13684037675973224,53.50778999999999,"ANTI_FIBO,EARLY_EXHAUSTION_BUY,EMERGENCY_EXIT_01,MARUBOZU_BULL,TREND_Q1,TREND_Q2,TREND_Q3,TREND_Q4,TRAIL_DELTA,PYRAMID_LEVEL2","SIGNAL_EXIT,TRAIL_ENERGY, SCALE_OUT_10, SCALE_OUT_20,SCALE_OUT_10"
2024-06-25 16:00:00,2024-06-26 05:00:00,LONG,61822.362,61700.617408,-5.6616694975424595,-0.2368476943071226,13,0.5446702279023171,-0.7132079489295453,52.56657,"EARLY_WAVE_LONG,EMERGENCY_EXIT_04,STRUCTURE_FAILURE_SHORT,TREND_Q1,TREND_Q2,TREND_Q3,TREND_Q4,BEAR_STRUCTURE",SIGNAL_EXIT
2024-06-26 06:00:00,2024-06-26 21:00:00,LONG,61574.322402,60981.161328,-24.360965976564255,-1.0198113484515945,15,0.3015503715782198,-1.0788627078394353,53.03906999999999,"FIB_236_SHORT,WAVE_ACCELERATION,ANTI_MOMENTUM,EARLY_EXHAUSTION_SELL,HIDDEN_EXHAUSTION,TREND_Q1,TREND_Q2,TREND_Q3",SIGNAL_EXIT
2024-06-27 03:00:00,2024-06-27 15:00:00,LONG,61041.695898,61717.654,25.418951841086535,1.0669281559415893,12,1.5535349862897119,-0.49095277185740044,57.79142774999998,"BOS_RETEST_SHORT,DNA_ACCUMULATION_01,HAMMER_BUY,TREND_Q1,TREND_Q2,TREND_Q3,TREND_Q4,BEAR_STRUCTURE",SIGNAL_EXIT
2024-06-27 20:00:00,2024-06-28 17:00:00,LONG,61462.29,60927.82199800001,-3.064808213826747,-0.12831200653853272,21,1.0245306512334589,-0.8692647149984227,85.10041026144002,"STRONG_WAVE,DNA_TREND_01,DNA_TREND_02,MARUBOZU_BULL,MARUBOZU_BEAR,ENERGY_RECOVER,HIGHER_HIGH_CONTINUE,BULL_STRUCTURE",SIGNAL_EXIT
2024-06-29 05:00:00,2024-06-30 08:00:00,LONG,60785.70471,61515.704398,8.604726173696143,0.36039920883802,27,1.221183983210259,-0.03896427640840517,85.94965899449998,"FIB_382_LONG,WAVE_ACCELERATION,ANTI_MOMENTUM,EARLY_EXHAUSTION_SELL,DNA_ACCUMULATION_01,HAMMER_BUY,TREND_Q1,TREND_Q2","SIGNAL_EXIT,DEFENSE_03"
2024-06-30 14:00:00,2024-07-01 02:00:00,LONG,61731.953922,63628.081838,72.40851903916166,3.0303215181370216,12,3.0921847709727497,-0.23463362618169228,70.85646750000001,"EARLY_WAVE_LONG,DNA_TREND_01,DNA_TREND_02,ENERGY_RECOVER,BULL_STRUCTURE,MOMENTUM_START,TRIPLE_CONFIRMATION,FIVE_CONFIRMATION",TRAIL_ENERGY
2024-07-01 03:00:00,2024-07-01 13:00:00,LONG,63448.547172,62573.46649832688,-34.151478763722835,-1.4186456591864547,10,0.0,-1.2395195903667084,50.42921625000001,"EARLY_WAVE_LONG,EMERGENCY_EXIT_04,ENERGY_RECOVER,STRUCTURE_FAILURE_SHORT,BULL_STRUCTURE,STRUCTURE_WEAKENING,SELL_LIQUIDITY_GRAB,MOMENTUM_START",STOP_LOSS
2024-07-02 07:00:00,2024-07-02 14:00:00,LONG,62878.583202,62153.97761079561,-28.588992719187022,-1.1919275913724279,7,0.0,-0.40023675659409363,90.72869442000001,"EARLY_WAVE_LONG,SWING_REVERSAL_BUY,TREND_Q1,BULL_STRUCTURE,MOMENTUM_START,TRIPLE_CONFIRMATION,FIVE_CONFIRMATION,CASCADE_03",STOP_LOSS
2024-07-03 22:00:00,2024-07-04 01:00:00,LONG,60259.629516,59136.57843841278,-45.50246098822405,-1.9029418504110098,3,0.2827439952228085,-0.08471594732663362,56.811579999999985,"FIB_382_LONG,PRESSURE_EXHAUSTION,DELTA_EXHAUSTION,DNA_TREND_02,ENERGY_RECOVER,CONFLUENCE_02,CONFLUENCE_03,TREND_Q1",STOP_LOSS
2024-07-04 13:00:00,2024-07-05 02:00:00,LONG,57806.678704555154,55719.62633726987,-55.352572137051425,-1.2923790152887924,13,2.1561171892746986,-1.3089641569314487,87.20404736021999,"HIST200_BUY,HIST1000_BUY,ANTI_FIBO,HIDDEN_EXHAUSTION,MAJOR_DEMAND,MARUBOZU_BULL,TREND_Q1,TREND_Q2,TRAIL_ENERGY,SCALE_OUT_10,PYRAMID_LEVEL2","SIGNAL_EXIT,STOP_LOSS"
2024-07-05 04:00:00,2024-07-06 11:00:00,LONG,56617.31517216575,56768.653998,55.907965931742886,1.291953056926858,31,2.57599381840153,-2.3496886774596977,72.22508861022,"LATE_WAVE_EXIT,WAVE_ACCELERATION,STRONG_WAVE,HIST200_BUY,HIST1000_BUY,ANTI_FIBO,ANTI_LATE_WAVE,MAJOR_DEMAND,PYRAMID_LEVEL2","TRAIL_ENERGY, SCALE_OUT_10, PYRAMID_LEVEL2,TRAIL_ENERGY, TRAIL_DELTA, SCALE_OUT_10, SCALE_OUT_20, PYRAMID_LEVEL2,TRAIL_DELTA, PYRAMID_LEVEL2, DEFENSE_03,TRAIL_ENERGY, SCALE_OUT_10, PYRAMID_LEVEL2, DEFENSE_03,PYRAMID_LEVEL2, DEFENSE_03,TRAIL_DELTA, PYRAMID_LEVEL2,DEFENSE_03,PYRAMID_LEVEL2,TRAIL_ENERGY, SCALE_OUT_10, DEFENSE_03,SIGNAL_EXIT"
2024-07-06 12:00:00,2024-07-07 00:00:00,LONG,57284.64483991181,58218.483973999995,68.05868637166205,1.5895214905202304,12,2.154325204875845,0.0,52.33032,"FIB_786_SHORT,TREND_Q1,TREND_Q2,TREND_Q3,TREND_Q4,BULL_STRUCTURE,MOMENTUM_START,SUPPORT_MAJOR,TRAIL_ENERGY,TRAIL_DELTA,SCALE_OUT_10,SCALE_OUT_20,PYRAMID_LEVEL2",SIGNAL_EXIT
2024-07-07 01:00:00,2024-07-07 13:00:00,LONG,57943.376358,56871.433632771696,-43.361834840382755,-1.8101979515380051,12,0.7190013219560625,-1.0394395284783051,74.53782,"LATE_WAVE_EXIT,STRONG_WAVE,ANTI_LATE_WAVE,PRESSURE_EXHAUSTION,DELTA_EXHAUSTION,EMERGENCY_EXIT_04,STRUCTURE_FAILURE_SHORT,BULL_STRUCTURE","SIGNAL_EXIT,STOP_LOSS"
2024-07-07 14:00:00,2024-07-07 23:00:00,LONG,56883.384402,55881.46675195529,-42.9335915218545,-1.8006492537555183,9,0.6870118613868142,-0.8576219701562798,71.77450959000001,"BOS_CONTINUE_SHORT,EARLY_WAVE_LONG,ANTI_FIBO,DNA_TREND_01,DNA_TREND_02,ENERGY_RECOVER,TREND_Q1,TREND_Q2",STOP_LOSS
2024-07-08 07:00:00,2024-07-09 16:00:00,LONG,56584.12444848721,57465.5046,-18.18632238711247,-0.42572255500877787,33,3.858188666742441,-1.4537725139426514,62.082089299999986,"FIB_382_LONG,STRONG_WAVE,ENERGY_RECOVER,CONFLUENCE_02,CONFLUENCE_03,TREND_Q1,TREND_Q2,TREND_Q3,TRAIL_WAVE,PYRAMID_LEVEL2","SIGNAL_EXIT,TRAIL_ENERGY, SCALE_OUT_10,TRAIL_ENERGY, SCALE_OUT_10, SCALE_OUT_20,DEFENSE_03"
2024-07-09 19:00:00,2024-07-10 07:00:00,LONG,57919.0815,59226.632304000006,52.498873941226535,2.2166445285883998,12,2.4661276784922808,-0.7470966196174875,50.619659999999996,"EARLY_WAVE_LONG,EMERGENCY_EXIT_04,STRUCTURE_FAILURE_SHORT,BEAR_STRUCTURE,MOMENTUM_START,SUPPORT_MAJOR,TRIPLE_CONFIRMATION,FIVE_CONFIRMATION",SIGNAL_EXIT
2024-07-10 10:00:00,2024-07-10 20:00:00,LONG,58501.687997999994,57191.03324290866,-54.28071548562555,-2.279474685301532,10,0.2637906824248967,-1.8967965472003665,74.53782,"LATE_WAVE_EXIT,ANTI_LATE_WAVE,EMERGENCY_EXIT_04,STRUCTURE_FAILURE_SHORT,BULL_STRUCTURE,MOMENTUM_START,SUPPORT_MAJOR,TRIPLE_CONFIRMATION",STOP_LOSS
2024-07-10 21:00:00,2024-07-11 11:00:00,LONG,57420.711846,58450.597542,62.483376353147776,1.3196214640318558,14,1.8139415561295593,0.0,94.85311248000001,"LATE_WAVE_EXIT,STRONG_WAVE,ANTI_LATE_WAVE,SWING_REVERSAL_BUY,BULL_STRUCTURE,MOMENTUM_START,BARRIER_L1,SUPPORT_MAJOR","TRAIL_ENERGY, SCALE_OUT_10, SCALE_OUT_20,SIGNAL_EXIT,TRAIL_ENERGY, SCALE_OUT_10"
2024-07-12 01:00:00,2024-07-12 15:00:00,LONG,57189.4356,57808.436,50.908178672316254,1.0683231271616238,14,1.1553959102194744,-0.4816022349414391,100.0,"EARLY_WAVE_LONG,SWING_REVERSAL_BUY,BULL_STRUCTURE,MOMENTUM_START,BARRIER_L1,SUPPORT_MAJOR,TRIPLE_CONFIRMATION,FIVE_CONFIRMATION",DEFENSE_03
2024-07-13 03:00:00,2024-07-13 15:00:00,LONG,57958.019286,58788.24,33.33370801666515,1.3918788597988865,12,1.4527423890129065,-0.31429522306674684,71.4702625,"WAVE_ACCELERATION,PRESSURE_EXHAUSTION,DELTA_EXHAUSTION,DNA_ACCUMULATION_01,BULL_STRUCTURE,MOMENTUM_START,TRIPLE_CONFIRMATION,FIVE_CONFIRMATION",SIGNAL_EXIT
2024-07-14 05:00:00,2024-07-14 22:00:00,LONG,59961.99,61264.104728,2.753311645146586,0.11457975105498583,17,2.192005302025504,-0.6306161620052927,55.86433124999999,"LATE_WAVE_EXIT,STRONG_WAVE,HIST200_SELL,ANTI_LATE_WAVE,DNA_TREND_01,DNA_TREND_02,ENERGY_RECOVER,CONFLUENCE_02",SIGNAL_EXIT
2024-07-15 03:00:00,2024-07-15 17:00:00,LONG,62494.496399999996,63399.087646,79.15262874033073,1.0977807839059621,14,1.467767008040088,-0.06479994612773031,100.0,"LATE_WAVE_EXIT,STRONG_WAVE,ANTI_LATE_WAVE,TREND_RESUME_04,DNA_TREND_01,DNA_TREND_02,ENERGY_RECOVER,SMART_ACCUMULATION",SIGNAL_EXIT
2024-07-15 23:00:00,2024-07-16 06:00:00,LONG,64356.46872,62944.32703737175,-54.10300242840873,-2.2333720945700644,7,0.7638879040099151,-1.0900982200441636,79.71683125,"LATE_WAVE_EXIT,WAVE_ACCELERATION,STRONG_WAVE,ANTI_LATE_WAVE,DNA_TREND_02,ENERGY_RECOVER,CONFLUENCE_02,CONFLUENCE_03",STOP_LOSS
2024-07-16 08:00:00,2024-07-16 20:00:00,LONG,63773.97386415472,65152.386916,91.93575780204763,2.1205391716055404,12,3.132612502344264,-0.1381693423304444,79.3745225,"FIB_786_LONG,ENERGY_RECOVER,CONFLUENCE_02,CONFLUENCE_03,TREND_Q1,TREND_Q2,TREND_Q3,TREND_Q4,TRAIL_WAVE,SCALE_OUT_30,PYRAMID_LEVEL2","TRAIL_ENERGY, SCALE_OUT_10, SCALE_OUT_30, PYRAMID_LEVEL2"
2024-07-17 01:00:00,2024-07-17 16:00:00,LONG,65518.511082000005,63900.154611728634,-24.74215668968127,-1.0176668781309661,15,0.475421240281468,-1.213063405859894,71.79579559687501,"EARLY_WAVE_LONG,HIST200_SELL,TREND_Q1,TREND_Q2,TREND_Q3,TREND_Q4,BULL_STRUCTURE,MOMENTUM_START","DEFENSE_03,SIGNAL_EXIT,STOP_LOSS"
2024-07-17 18:00:00,2024-07-18 06:00:00,LONG,64291.685766,64743.808648000006,16.075575015469763,0.6629556426504658,12,0.8918637412727992,-0.3168306501425209,94.428761765625,"STRONG_WAVE,EARLY_EXHAUSTION_BUY,EMERGENCY_EXIT_01,DNA_ACCUMULATION_01,HAMMER_BUY,TREND_Q1,TREND_Q2,TREND_Q3",SCALE_OUT_10
2024-07-18 07:00:00,2024-07-18 14:00:00,LONG,65013.010002,63820.96296111194,-45.48345897450598,-1.872818111382711,7,0.0,-0.6441941420449872,73.9004175,"FIB_786_LONG,WAVE_ACCELERATION,TREND_Q1,TREND_Q2,TREND_Q3,TREND_Q4,BULL_STRUCTURE,MOMENTUM_START",STOP_LOSS
2024-07-18 17:00:00,2024-07-19 05:00:00,LONG,63916.7808,64129.081618000004,7.058091630349152,0.2920190645033289,12,0.638672966458285,-0.6207615512450815,58.14529,"LATE_WAVE_EXIT,STRONG_WAVE,ANTI_LATE_WAVE,SWING_REVERSAL_BUY,EMERGENCY_EXIT_04,DNA_TREND_02,ENERGY_RECOVER,STRUCTURE_FAILURE_LONG",SIGNAL_EXIT
2024-07-19 07:00:00,2024-07-19 19:00:00,LONG,65520.98246217697,66774.6424,163.01975325273781,1.872606354111525,12,2.685250223461832,-0.8234328838951023,73.9004175,"ANTI_MOMENTUM,EARLY_EXHAUSTION_BUY,EARLY_EXHAUSTION_SELL,HIDDEN_EXHAUSTION,HIGHER_LOW,BULL_STRUCTURE,MOMENTUM_END,RESISTANCE_MAJOR,PYRAMID_LEVEL1,TRAIL_ENERGY,TRAIL_DELTA,SCALE_OUT_20,SCALE_OUT_30,PYRAMID_LEVEL2","TRAIL_ENERGY, SCALE_OUT_10, SCALE_OUT_20"
2024-07-20 01:00:00,2024-07-20 13:00:00,LONG,66433.153974,66462.984744,0.1201047525082235,0.004885476465065483,12,0.3427295143763691,-0.10712117330429173,51.76426499999999,"FIB_236_SHORT,TREND_Q1,TREND_Q2,TREND_Q3,TREND_Q4,HIGHER_HIGH_CONTINUE,BULL_STRUCTURE,MOMENTUM_START","DEFENSE_03, DEFENSE_04"
2024-07-20 14:00:00,2024-07-21 05:00:00,LONG,66553.187976,67026.592,24.632030406278513,1.0020400307679715,15,1.3745427556827097,0.0,51.93247499999999,"FIB_382_LONG,DELTA_EXHAUSTION,DNA_ACCUMULATION_01,TREND_Q1,TREND_Q2,TREND_Q3,TREND_Q4,BEAR_STRUCTURE","TRAIL_ENERGY, SCALE_OUT_10,SIGNAL_EXIT,SCALE_OUT_10"
2024-07-21 10:00:00,2024-07-21 18:00:00,LONG,66989.3952,66220.91414405014,-29.241710623694047,-1.1867093578529253,8,0.8428271345253181,-0.5096108107571097,71.81819127,"FIB_382_LONG,EARLY_EXHAUSTION_BUY,TREND_RESUME_02,TREND_RESUME_03,TREND_Q1,TREND_Q2,TREND_Q3,TREND_Q4",STOP_LOSS
2024-07-21 19:00:00,2024-07-22 08:00:00,LONG,66877.80288599999,67222.562798,44.718764428244285,0.6067978901940932,13,1.9680477784887604,0.0,100.0,"FIB_236_LONG,FIB_382_LONG,WAVE_ACCELERATION,TREND_RESUME_02,TREND_RESUME_03,EMERGENCY_EXIT_05,ENERGY_WALL,ENERGY_EXTREME",SIGNAL_EXIT
2024-07-22 10:00:00,2024-07-22 23:00:00,LONG,67440.705444,67621.48299799999,11.28810040764186,0.45756639282641426,13,1.1734227137601891,-1.0805127840857087,73.263015,"FIB_382_LONG,EARLY_EXHAUSTION_BUY,PRESSURE_EXHAUSTION,DELTA_EXHAUSTION,TREND_Q1,TREND_Q2,TREND_Q3,TREND_Q4",SIGNAL_EXIT
2024-07-23 02:00:00,2024-07-23 07:00:00,LONG,67423.492002,66248.23629676648,-44.01741873343488,-1.7823980397167454,5,0.33246275347670495,-1.4764764808836504,50.81926500000001,"ANTI_MOMENTUM,EARLY_EXHAUSTION_SELL,HIDDEN_EXHAUSTION,TREND_Q1,TREND_Q2,TREND_Q3,TREND_Q4,MULTI_SWING_SELL_01",STOP_LOSS
2024-07-23 09:00:00,2024-07-23 17:00:00,LONG,66901.37759999999,65745.34481685751,-43.44508964310368,-1.7672744022377547,8,0.4879158123643935,-1.5595906055004576,94.00218014250001,"FIB_786_LONG,FAILED_BOS_SHORT,LATE_WAVE_EXIT,STRONG_WAVE,ANTI_BOS,EARLY_EXHAUSTION_BUY,HIDDEN_EXHAUSTION,BULL_STRUCTURE",STOP_LOSS
2024-07-23 18:00:00,2024-07-24 06:00:00,LONG,65953.478058,65800.847198,-6.639982739033259,-0.2713294342442701,12,0.15045748142766294,-0.6329735296641581,73.09462450499998,"ANTI_FIBO,ANTI_MOMENTUM,EARLY_EXHAUSTION_BUY,EARLY_EXHAUSTION_SELL,TREND_RESUME_02,TREND_RESUME_03,EMERGENCY_EXIT_04,STRUCTURE_FAILURE_LONG",DEFENSE_03
2024-07-24 08:00:00,2024-07-24 22:00:00,LONG,66091.2156,65633.92059000001,-28.258947169428126,-0.5778220276801713,14,1.0119263111268888,-0.6720493729275469,100.0,"FIB_786_LONG,LATE_WAVE_EXIT,WAVE_ACCELERATION,HIDDEN_EXHAUSTION,SWING_REVERSAL,MARUBOZU_BULL,HIGHER_LOW,BULL_STRUCTURE","DEFENSE_03,SIGNAL_EXIT"
2024-07-26 09:00:00,2024-07-26 23:00:00,LONG,67119.4212,67912.4148,14.588358580553809,0.5984366756273543,14,1.2970594567642113,0.0,70.67840361750001,"EARLY_WAVE_LONG,MARUBOZU_BEAR,HIGHER_HIGH_CONTINUE,BULL_STRUCTURE,MOMENTUM_START,BARRIER_L1,RESISTANCE_MAJOR,TRIPLE_CONFIRMATION","SIGNAL_EXIT,TRAIL_ENERGY, SCALE_OUT_10, SCALE_OUT_20"
2024-07-27 03:00:00,2024-07-27 19:00:00,LONG,68041.6056,68529.051448,28.019139535031922,1.1477853413723729,16,1.740706130544338,-0.3580244731908492,93.57124600314683,"EARLY_WAVE_LONG,TREND_RESUME_02,TREND_RESUME_03,MARUBOZU_BEAR,TREND_Q1,TREND_Q2,TREND_Q3,HIGHER_HIGH_CONTINUE","SIGNAL_EXIT,SCALE_OUT_10"
2024-07-27 20:00:00,2024-07-27 20:00:00,LONG,68259.6492,66921.53355465338,-48.94710307987285,-1.9995477192819882,0,0.0,0.0,73.263015,"LATE_WAVE_EXIT,WAVE_ACCELERATION,STRONG_WAVE,ENERGY_WALL,ENERGY_RECOVER,TREND_Q1,TREND_Q2,TREND_Q3",STOP_LOSS
2024-07-27 22:00:00,2024-07-28 00:00:00,LONG,68873.78200199999,67391.09678161684,-160.14608994914263,-2.191895980174227,2,0.0,-1.4189463299280034,100.0,"FIB_236_LONG,TREND_RESUME_04,EMERGENCY_EXIT_01,DNA_TREND_02,ENERGY_RECOVER,SMART_ACCUMULATION,CONFLUENCE_02,CONFLUENCE_03",STOP_LOSS
2024-07-28 08:00:00,2024-07-28 21:00:00,LONG,67574.372172,67994.3984,15.76245855434083,0.6582336742512994,13,0.9791253795387044,-0.2876418466830281,52.878656249999985,"STRONG_WAVE,EARLY_EXHAUSTION_BUY,HIDDEN_EXHAUSTION,DNA_ACCUMULATION_01,HAMMER_BUY,BEAR_STRUCTURE,MOMENTUM_END,RESISTANCE_MAJOR","SIGNAL_EXIT,SCALE_OUT_10"
2024-07-28 22:00:00,2024-07-29 10:00:00,LONG,68710.29969858653,69506.096,48.25070810663202,1.1177274242470983,12,2.2392204716973696,-0.037178198463867024,85.94671163990625,"ANTI_MOMENTUM,EARLY_EXHAUSTION_BUY,EARLY_EXHAUSTION_SELL,HIDDEN_EXHAUSTION,SWING_REVERSAL,TREND_RESUME_02,TREND_RESUME_03,DNA_ACCUMULATION_01,SCALE_OUT_30,PYRAMID_LEVEL2,DEFENSE_03","TRAIL_ENERGY, SCALE_OUT_10, SCALE_OUT_20"
2024-07-29 11:00:00,2024-07-29 14:00:00,LONG,69633.924,68685.20467162904,-33.78552173988941,-1.4018934366525366,3,0.237608324356395,-0.5174546820024005,73.58171625000001,"EARLY_WAVE_LONG,TREND_Q1,TREND_Q2,TREND_Q3,TREND_Q4,BULL_STRUCTURE,MOMENTUM_START,BARRIER_L1",STOP_LOSS
2024-07-29 15:00:00,2024-07-29 16:00:00,LONG,68241.655602,66985.04152842099,-45.16089093834817,-1.8806813505163045,1,0.0,-0.20171785222040328,74.53782,"LATE_WAVE_EXIT,WAVE_ACCELERATION,STRONG_WAVE,ANTI_LATE_WAVE,DNA_TREND_01,DNA_TREND_02,MARUBOZU_BULL,ENERGY_RECOVER",STOP_LOSS
2024-07-30 01:00:00,2024-07-30 15:00:00,LONG,66623.332002,65796.847998,-4.958406041770982,-0.20748427179407583,14,0.49332266658494056,-1.2207915418814235,52.56657,"EARLY_WAVE_LONG,SWING_REVERSAL_BUY,ENERGY_RECOVER,BEAR_STRUCTURE,STRUCTURE_WEAKENING,MOMENTUM_START,RESISTANCE_MAJOR,TRIPLE_CONFIRMATION",SIGNAL_EXIT
2024-07-30 16:00:00,2024-07-31 06:00:00,LONG,66229.25320199999,66162.294894,-8.834224870266208,-0.36989659062317526,14,0.17325697097931686,-0.6420927029072264,78.50904113499998,"FIB_786_LONG,FAILED_BOS_SHORT,ANTI_BOS,ENERGY_RECOVER,CONFLUENCE_02,CONFLUENCE_03,BEAR_STRUCTURE,BUY_LIQUIDITY_GRAB","DEFENSE_03,SIGNAL_EXIT"
2024-08-01 06:00:00,2024-08-01 15:00:00,LONG,64316.8608,62990.72879689878,-50.12782770998727,-2.101048275384705,9,0.8817582091941915,-0.5924275458419147,80.7437575,"LATE_WAVE_EXIT,STRONG_WAVE,ANTI_FIBO,ANTI_LATE_WAVE,DNA_TREND_01,DNA_TREND_02,ENERGY_RECOVER,CONFLUENCE_02",STOP_LOSS
2024-08-01 17:00:00,2024-08-02 17:00:00,LONG,63474.21954973487,63294.728522,44.84355674784121,1.3498093363799195,24,3.1284486491341723,-0.4982645741505568,78.28531128249999,"EARLY_WAVE_LONG,HIST200_BUY,ANTI_FIBO,EMERGENCY_EXIT_01,ENERGY_RECOVER,CONFLUENCE_02,CONFLUENCE_03,TREND_Q1,TRAIL_ENERGY,TRAIL_DELTA,SCALE_OUT_20,PYRAMID_LEVEL3","TRAIL_ENERGY, SCALE_OUT_10,TRAIL_ENERGY, SCALE_OUT_10, SCALE_OUT_20,SIGNAL_EXIT,DEFENSE_03"
2024-08-03 18:00:00,2024-08-04 06:00:00,LONG,60588.105198,60779.8416,13.175280984862287,0.27633223520171896,12,0.4932400526858932,-0.5679913522223107,100.0,"LATE_WAVE_EXIT,WAVE_ACCELERATION,STRONG_WAVE,HIST200_BUY,ANTI_LATE_WAVE,SWING_REVERSAL_BUY,EMERGENCY_EXIT_01,TREND_Q1",SIGNAL_EXIT
2024-08-04 09:00:00,2024-08-04 14:00:00,LONG,60578.1132,59409.69683265599,-46.971821887996924,-1.9680049164639133,5,0.798781563899881,0.0,51.93247499999999,"FIB_382_LONG,DNA_ACCUMULATION_01,TREND_Q1,TREND_Q2,TREND_Q3,TREND_Q4,BEAR_STRUCTURE,MOMENTUM_START",STOP_LOSS
2024-08-04 16:00:00,2024-08-04 17:00:00,LONG,59097.827202,57788.540063204186,-53.54137436979112,-2.2545711372211072,1,0.0,-0.7342523787157337,93.78833160375001,"EARLY_WAVE_LONG,HIST200_BUY,ANTI_FIBO,DNA_TREND_01,DNA_TREND_02,ENERGY_RECOVER,TREND_Q1,TREND_Q2",STOP_LOSS
2024-08-05 06:00:00,2024-08-05 06:00:00,LONG,52728.533597999995,49470.942167984496,-293.5203223840469,-6.2155716900251585,0,0.0,0.0,95.60998806946837,"EARLY_WAVE_LONG,HIST200_BUY,HIST1000_BUY,ANTI_FIBO,MAJOR_DEMAND,ENERGY_RECOVER,TREND_Q1,TREND_Q2",STOP_LOSS
2024-08-05 08:00:00,2024-08-05 20:00:00,LONG,53723.43673982895,53459.385984,-31.59402449744209,-0.5313035195511493,12,2.655919716936901,-5.467873851407994,52.56657,"EARLY_WAVE_LONG,ANTI_FIBO,EMERGENCY_EXIT_01,DNA_TREND_02,ENERGY_RECOVER,TREND_Q1,TREND_Q2,TREND_Q3,PYRAMID_LEVEL2,TRAIL_ENERGY,TRAIL_DELTA,SCALE_OUT_10,SCALE_OUT_20",SIGNAL_EXIT
2024-08-06 01:00:00,2024-08-06 16:00:00,LONG,56049.197598,56394.708802,-42.76997954641976,-1.876844618052358,15,0.636570044336782,-2.2786902448815263,57.58420248000001,"EARLY_WAVE_LONG,EMERGENCY_EXIT_04,MARUBOZU_BULL,MARUBOZU_BEAR,STRUCTURE_FAILURE_SHORT,TREND_Q1,TREND_Q2,TREND_Q3","DEFENSE_03,SIGNAL_EXIT,SCALE_OUT_10"
2024-08-06 23:00:00,2024-08-07 11:00:00,LONG,56715.956707211815,57311.525402,41.21518487082744,1.00967014906154,12,2.0218281791957984,-0.3371019307876645,74.53782,"LATE_WAVE_EXIT,ANTI_LATE_WAVE,EMERGENCY_EXIT_04,STRUCTURE_FAILURE_SHORT,BULL_STRUCTURE,MOMENTUM_START,SUPPORT_MAJOR,TRIPLE_CONFIRMATION,PYRAMID_LEVEL2",SIGNAL_EXIT
2024-08-07 12:00:00,2024-08-07 18:00:00,LONG,56974.782677999996,55277.47957883045,-68.7405783284909,-3.017851074077038,6,0.5567679367779195,-2.464586281857304,70.02619442000001,"FIB_236_SHORT,EARLY_WAVE_LONG,WAVE_ACCELERATION,BULL_STRUCTURE,MOMENTUM_START,SUPPORT_MAJOR,TRIPLE_CONFIRMATION,FIVE_CONFIRMATION",STOP_LOSS
2024-08-07 19:00:00,2024-08-08 08:00:00,LONG,56214.976925825904,57182.041304000006,100.46670609713138,1.7096359040968805,13,3.7434874553715956,-0.10353004966002818,52.09407,"BOS_CONTINUE_SHORT,LATE_WAVE_EXIT,STRONG_WAVE,ANTI_FIBO,ANTI_LATE_WAVE,DNA_TREND_01,DNA_TREND_02,ENERGY_RECOVER,PYRAMID_LEVEL2,TRAIL_DELTA","TRAIL_ENERGY, SCALE_OUT_10,TRAIL_ENERGY, SCALE_OUT_10, SCALE_OUT_20, DEFENSE_03, DEFENSE_04"
2024-08-08 13:00:00,2024-08-09 01:00:00,LONG,58594.98983229393,61201.767198,181.24619603651783,4.407026379247984,12,6.377695735423538,-1.1555551684815808,78.05322594999997,"BOS_CONTINUE_LONG,EARLY_WAVE_LONG,EMERGENCY_EXIT_04,EMERGENCY_EXIT_05,ENERGY_RECOVER,STRUCTURE_FAILURE_SHORT,CONFLUENCE_02,CONFLUENCE_03,TRAIL_ENERGY,PYRAMID_LEVEL2","TRAIL_ENERGY, TRAIL_DELTA, TRAIL_WAVE, SCALE_OUT_10, SCALE_OUT_20"
2024-08-09 06:00:00,2024-08-10 00:00:00,LONG,61001.187798,60825.822402,-25.813535945293747,-1.1079649189632772,18,0.15498419852589143,-1.9523518164002749,69.0165,"BULL_STRUCTURE,MOMENTUM_START,SUPPORT_MAJOR,TRIPLE_CONFIRMATION,CASCADE_03,CASCADE_05,CASCADE_08,CASCADE_10",SIGNAL_EXIT
2024-08-10 14:00:00,2024-08-11 07:00:00,LONG,60443.656314,61107.78599800001,22.99910068757601,0.9900053576158812,17,1.1189820855416133,0.0,70.96575436776001,"FIB_236_SHORT,EARLY_WAVE_LONG,SWING_REVERSAL_BUY,MARUBOZU_BULL,MARUBOZU_BEAR,BULL_STRUCTURE,MOMENTUM_START,TRIPLE_CONFIRMATION","SIGNAL_EXIT,SCALE_OUT_10,TRAIL_ENERGY, SCALE_OUT_10, SCALE_OUT_20"
2024-08-11 09:00:00,2024-08-11 12:00:00,LONG,61272.682086,60410.57464318641,-33.682438020249094,-1.4464385146824943,3,0.0,-0.984993745096558,100.0,"EARLY_WAVE_LONG,TREND_RESUME_01,ENERGY_RECOVER,CONFLUENCE_02,CONFLUENCE_03,TREND_Q1,TREND_Q2,TREND_Q3",STOP_LOSS
2024-08-11 14:00:00,2024-08-11 20:00:00,LONG,60469.631508,59486.21108674741,-115.92917161572822,-1.6656541152463185,6,0.0,-1.4032192471484475,100.0,"FIB_786_LONG,LATE_WAVE_EXIT,WAVE_ACCELERATION,ANTI_LATE_WAVE,SWING_REVERSAL_BUY,HAMMER_BUY,ENERGY_RECOVER,CONFLUENCE_02",STOP_LOSS
2024-08-14 11:00:00,2024-08-14 13:00:00,LONG,61112.22,59957.188765360406,-44.186142157051755,-1.9292608092877972,2,0.3021490628224624,-0.07803676580559883,69.363117915,"EARLY_WAVE_LONG,TREND_RESUME_02,TREND_RESUME_03,BEAR_STRUCTURE,MOMENTUM_START,BARRIER_L1,TRIPLE_CONFIRMATION,FIVE_CONFIRMATION",STOP_LOSS
2024-08-15 12:00:00,2024-08-15 18:00:00,LONG,58757.109072,57517.48960654885,-48.97407387720883,-2.1488913958421048,6,1.5755215711270303,0.0,90.72869442000001,"EARLY_WAVE_LONG,WAVE_ACCELERATION,SWING_REVERSAL_BUY,BULL_STRUCTURE,MOMENTUM_START,BARRIER_L1,TRIPLE_CONFIRMATION,FIVE_CONFIRMATION",STOP_LOSS
2024-08-15 19:00:00,2024-08-15 20:00:00,LONG,57884.394564,56266.97199784651,-64.2143845864971,-2.833111354631933,1,0.0,-1.4458725366379093,52.56657,"EARLY_WAVE_LONG,FAILED_WAVE,SWING_REVERSAL_BUY,DNA_TREND_01,DNA_TREND_02,ENERGY_RECOVER,BEAR_STRUCTURE,MOMENTUM_START",STOP_LOSS
2024-08-16 18:00:00,2024-08-18 03:00:00,LONG,59227.69317,60113.964802,-5.25310421484072,-0.1167207418259628,33,1.5167006883445724,-0.5961622867642746,100.0,"FIB_786_LONG,STRONG_WAVE,DNA_TREND_02,ENERGY_RECOVER,CONFLUENCE_02,CONFLUENCE_03,MULTI_SWING_BUY_01,HIGHER_LOW","SIGNAL_EXIT,DEFENSE_03"
2024-08-19 14:00:00,2024-08-20 02:00:00,LONG,58211.64,60433.950792,84.90680469215768,3.7761128387435976,12,3.901522101078065,0.0,54.51347999999999,"EARLY_WAVE_LONG,SWING_REVERSAL_BUY,ENERGY_RECOVER,CONFLUENCE_02,BEAR_STRUCTURE,MOMENTUM_START,BARRIER_L1,TRIPLE_CONFIRMATION",TRAIL_WAVE
2024-08-20 13:00:00,2024-08-20 14:00:00,LONG,60705.858744,59733.09916876161,-74.5209574614943,-1.641773686307332,1,0.3066116843597032,0.0,100.0,"EARLY_WAVE_LONG,TREND_RESUME_02,TREND_RESUME_03,BULL_STRUCTURE,MOMENTUM_START,TRIPLE_CONFIRMATION,FIVE_CONFIRMATION,CASCADE_03",STOP_LOSS
2024-08-22 04:00:00,2024-08-22 17:00:00,LONG,60561.00978,60317.63406,-8.497768501970839,-0.3776044658884192,13,1.3028187985408484,-0.381945051511331,67.836125,"FIB_382_LONG,EMERGENCY_EXIT_01,BULL_STRUCTURE,MOMENTUM_START,TRIPLE_CONFIRMATION,MASTER_EXIT_25,MASTER_EXIT_50,MASTER_EXIT_75",DEFENSE_03
2024-08-22 21:00:00,2024-08-23 09:00:00,LONG,60692.136,61309.135720000006,21.945855591323284,0.9761990675563091,12,1.0368130724547293,-0.5211482423357157,93.9593823840693,"FIB_382_LONG,MARUBOZU_BULL,MARUBOZU_BEAR,TREND_Q1,MULTI_SWING_BUY_01,HIGHER_LOW,BULL_STRUCTURE,MOMENTUM_START","TRAIL_ENERGY, SCALE_OUT_10, SCALE_OUT_20"
2024-08-23 13:00:00,2024-08-24 01:00:00,LONG,62509.35940282373,63948.997642,112.13502752507064,2.2621550654630407,12,3.6865492836137594,-0.26800602076330443,56.73327014250001,"EARLY_WAVE_LONG,TREND_RESUME_02,TREND_RESUME_03,MARUBOZU_BEAR,TREND_Q1,TREND_Q2,BEAR_STRUCTURE,MOMENTUM_START,TRAIL_ENERGY,TRAIL_WAVE,PYRAMID_LEVEL3,SCALE_OUT_30","TRAIL_ENERGY, TRAIL_DELTA, SCALE_OUT_10, SCALE_OUT_20"
2024-08-24 05:00:00,2024-08-24 22:00:00,LONG,63910.389522,63599.637528,10.033865304506357,0.4399097138132119,17,0.7911240751019911,-0.46630841124416433,94.00218014250001,"EARLY_EXHAUSTION_BUY,PRESSURE_EXHAUSTION,DELTA_EXHAUSTION,TREND_RESUME_02,TREND_RESUME_03,TREND_Q1,TREND_Q2,TREND_Q3","SIGNAL_EXIT,DEFENSE_03"
2024-08-24 23:00:00,2024-08-25 19:00:00,LONG,63846.746796,64154.156602,0.2930786876670456,0.004278822679937502,20,0.5156773375658125,0.0,100.0,"EARLY_WAVE_LONG,SWING_REVERSAL_BUY,TREND_RESUME_02,TREND_RESUME_03,EMERGENCY_EXIT_04,STRUCTURE_FAILURE_LONG,TREND_Q1,TREND_Q2","SIGNAL_EXIT,SCALE_OUT_10"
2024-08-25 22:00:00,2024-08-26 02:00:00,LONG,64396.606746000005,63785.57300030625,-45.12533928633246,-0.9884806157638386,4,0.1326207362708625,-0.7090851041283555,100.0,"BOS_CONTINUE_LONG,EARLY_WAVE_LONG,TREND_RESUME_01,TREND_RESUME_02,TREND_RESUME_03,ENERGY_RECOVER,CONFLUENCE_02,CONFLUENCE_03",STOP_LOSS
2024-08-26 04:00:00,2024-08-26 09:00:00,LONG,64127.823,63402.34078435348,-26.58801869306428,-1.170853955170531,5,0.0,-0.7809605512415332,71.81819127,"FIB_382_LONG,PRESSURE_EXHAUSTION,DELTA_EXHAUSTION,TREND_RESUME_02,TREND_RESUME_03,EMERGENCY_EXIT_01,TREND_Q1,TREND_Q2",STOP_LOSS
2024-08-26 11:00:00,2024-08-26 21:00:00,LONG,63792.766002000004,62988.510102941895,-29.43649157548625,-1.3002278394281905,10,0.10382681634767102,-0.7050580029495896,80.05913999999999,"LATE_WAVE_EXIT,STRONG_WAVE,ANTI_LATE_WAVE,SWING_REVERSAL_BUY,ENERGY_RECOVER,CONFLUENCE_02,CONFLUENCE_03,TREND_Q1",STOP_LOSS
2024-08-26 22:00:00,2024-08-27 11:00:00,LONG,63168.451164,62319.593587999996,-25.001159408601925,-1.108029032880406,13,0.0,-1.3240805316383384,50.619659999999996,"EARLY_WAVE_LONG,SWING_REVERSAL_BUY,ENERGY_RECOVER,BEAR_STRUCTURE,MOMENTUM_START,TRIPLE_CONFIRMATION,FIVE_CONFIRMATION,CASCADE_03",SIGNAL_EXIT
2024-08-27 12:00:00,2024-08-27 15:00:00,LONG,62429.473397999995,61509.66621207568,-34.03550115028102,-1.5127647263470259,3,0.0,-0.9265870213451526,86.0931823536225,"EARLY_WAVE_LONG,ANTI_FIBO,TREND_RESUME_02,TREND_RESUME_03,EMERGENCY_EXIT_04,STRUCTURE_FAILURE_LONG,BEAR_STRUCTURE,BUY_LIQUIDITY_GRAB",STOP_LOSS
2024-08-29 21:00:00,2024-08-30 15:00:00,LONG,59540.9058,58197.406694521975,-3.7467701685430987,-0.1671804412083688,18,0.18826418324324443,-1.810546523462532,71.32664196,"WAVE_ACCELERATION,STRONG_WAVE,ANTI_MOMENTUM,EARLY_EXHAUSTION_BUY,EARLY_EXHAUSTION_SELL,MARUBOZU_BULL,MARUBOZU_BEAR,TREND_Q1","SIGNAL_EXIT,DEFENSE_03,STOP_LOSS"
2024-08-30 19:00:00,2024-08-31 20:00:00,LONG,59382.8742,58844.228800000004,-11.591858288907414,-0.5174953813864552,25,0.0,-1.1499177316681677,56.95044768,"FIB_382_LONG,FAILED_BOS_SHORT,ANTI_BOS,HIDDEN_EXHAUSTION,DNA_TREND_01,DNA_TREND_02,MARUBOZU_BULL,MARUBOZU_BEAR","SIGNAL_EXIT,DEFENSE_03"
2024-09-01 15:00:00,2024-09-02 05:00:00,LONG,57891.565998,57448.018098,-14.343243536475086,-0.6412191771116036,14,1.1219838171633498,-1.0186388774150115,72.45862722000001,"EARLY_WAVE_LONG,HIST200_BUY,SWING_REVERSAL_BUY,ENERGY_WALL,ENERGY_EXTREME,ENERGY_RECOVER,TREND_Q1,TREND_Q2","SIGNAL_EXIT,DEFENSE_03"
2024-09-02 13:00:00,2024-09-03 01:00:00,LONG,58405.618788,59246.1484,31.23045261212817,1.3985489231865211,12,1.616918425995734,-0.38420753457731277,52.5632625,"FIB_786_LONG,STRONG_WAVE,PRESSURE_EXHAUSTION,DELTA_EXHAUSTION,DNA_ACCUMULATION_01,BEAR_STRUCTURE,MOMENTUM_END,TRIPLE_CONFIRMATION","TRAIL_ENERGY, SCALE_OUT_10"
2024-09-03 03:00:00,2024-09-03 13:00:00,LONG,59322.872202,58351.76580642921,-37.56061185984841,-1.6763299971504615,10,0.0,-0.8999095663847573,79.03221375,"EARLY_WAVE_LONG,EMERGENCY_EXIT_04,ENERGY_RECOVER,STRUCTURE_FAILURE_SHORT,CONFLUENCE_02,CONFLUENCE_03,BULL_STRUCTURE,MOMENTUM_START",STOP_LOSS
2024-09-03 15:00:00,2024-09-04 01:00:00,LONG,57684.37456799999,56631.45567087041,-41.59936871294551,-1.8645802913751186,10,0.9424136710699129,-0.9436776806140014,52.33032,"FIB_786_SHORT,LATE_WAVE_EXIT,STRONG_WAVE,ANTI_LATE_WAVE,DNA_TREND_01,DNA_TREND_02,MARUBOZU_BULL,ENERGY_RECOVER",STOP_LOSS
2024-09-04 06:00:00,2024-09-04 18:00:00,LONG,56816.06671203578,57866.434398000005,72.25681504943455,1.8079764609742295,12,2.798509963780006,0.0,94.21825959000002,"EARLY_WAVE_LONG,ANTI_FIBO,MARUBOZU_BULL,TREND_Q1,TREND_Q2,TREND_Q3,BULL_STRUCTURE,MOMENTUM_START,PYRAMID_LEVEL2","TRAIL_ENERGY, SCALE_OUT_10, SCALE_OUT_20"
2024-09-05 11:00:00,2024-09-05 19:00:00,LONG,56782.3542,55789.22734930055,-40.023602461046934,-1.78830651871629,8,0.4337012853193766,-1.4200612344459638,94.21602868125,"FIB_786_LONG,STRONG_WAVE,ANTI_MOMENTUM,EARLY_EXHAUSTION_SELL,DNA_ACCUMULATION_01,TREND_Q1,TREND_Q2,TREND_Q3",STOP_LOSS
2024-09-06 02:00:00,2024-09-06 07:00:00,LONG,56570.311799999996,55438.39372830149,-45.45032608550055,-2.040104416023083,5,0.29642438704041957,-0.24801312832784106,52.88030999999997,"FIB_786_LONG,LATE_WAVE_EXIT,ANTI_LATE_WAVE,SWING_REVERSAL_BUY,TREND_Q1,TREND_Q2,TREND_Q3,TREND_Q4",STOP_LOSS
2024-09-06 10:00:00,2024-09-06 14:00:00,LONG,55901.037972,54822.19220669519,-43.641414118546635,-1.969148842529274,4,1.7404900933813374,-0.0089944161725846,52.88030999999997,"FIB_786_LONG,TREND_Q1,TREND_Q2,TREND_Q3,TREND_Q4,BEAR_STRUCTURE,MOMENTUM_START,BARRIER_L1",STOP_LOSS
2024-09-06 18:00:00,2024-09-08 03:00:00,LONG,53945.797002,54326.572512000006,14.363791928835433,0.651381976702042,33,1.5463725523771077,-1.9608700969990007,52.88030999999997,"HIST200_BUY,ANTI_FIBO,EARLY_EXHAUSTION_BUY,TREND_Q1,TREND_Q2,TREND_Q3,TREND_Q4,BEAR_STRUCTURE","SIGNAL_EXIT,SCALE_OUT_10,SCALE_OUT_10, DEFENSE_03,DEFENSE_03"
2024-09-08 05:00:00,2024-09-08 15:00:00,LONG,54502.8984,53741.460424083445,-31.725065413813354,-1.4365007789864372,10,0.19285506475010478,-0.6484029480531226,94.42987722000002,"WAVE_ACCELERATION,ANTI_MOMENTUM,EARLY_EXHAUSTION_SELL,TREND_Q1,TREND_Q2,TREND_Q3,TREND_Q4,HIGHER_LOW",STOP_LOSS
2024-09-08 16:00:00,2024-09-09 04:00:00,LONG,54217.20396876311,55103.977,63.16666374444449,1.5949392022043354,12,2.1830022587579037,0.0,53.50778999999999,"LATE_WAVE_EXIT,WAVE_ACCELERATION,STRONG_WAVE,ANTI_FIBO,ANTI_LATE_WAVE,SWING_REVERSAL_BUY,DNA_TREND_01,DNA_TREND_02,TRAIL_DELTA,PYRAMID_LEVEL2","TRAIL_ENERGY, SCALE_OUT_20"
2024-09-09 07:00:00,2024-09-09 19:00:00,LONG,55338.19365489726,56518.684002,129.80505618711925,2.0923756216597678,12,2.7702762117983375,-0.1256071420420217,100.0,"BOS_RETEST_LONG,EARLY_EXHAUSTION_BUY,HIGHER_HIGH_CONTINUE,BULL_STRUCTURE,MOMENTUM_END,SUPPORT_MAJOR,TRIPLE_CONFIRMATION,FIVE_CONFIRMATION,PYRAMID_LEVEL2","TRAIL_ENERGY, TRAIL_DELTA, SCALE_OUT_20"
2024-09-10 04:00:00,2024-09-10 19:00:00,LONG,56536.044947999995,57570.473602,11.863508436032586,0.5278369603822773,15,1.850049915875843,0.0,51.85782,"WAVE_ACCELERATION,STRONG_WAVE,ANTI_MOMENTUM,EARLY_EXHAUSTION_SELL,HIDDEN_EXHAUSTION,MARUBOZU_BULL,MARUBOZU_BEAR,BULL_STRUCTURE","SIGNAL_EXIT,SCALE_OUT_10,TRAIL_ENERGY, SCALE_OUT_10"
2024-09-12 15:00:00,2024-09-13 11:00:00,LONG,57552.808260000005,58332.321202,13.716714203746296,0.6095472892820735,20,1.4530858967332574,-0.07085364073945262,79.3745225,"FIB_786_LONG,ENERGY_RECOVER,CONFLUENCE_02,CONFLUENCE_03,TREND_Q1,BULL_STRUCTURE,MOMENTUM_START,TRIPLE_CONFIRMATION","SIGNAL_EXIT,SCALE_OUT_10,TRAIL_ENERGY, SCALE_OUT_10, SCALE_OUT_20"
2024-09-13 12:00:00,2024-09-14 01:00:00,LONG,58728.69997994115,60402.307122,210.209547740789,2.915284358092075,13,3.6598637793467788,0.0,95.33119025076697,"FIB_236_SHORT,EARLY_WAVE_LONG,SWING_REVERSAL_BUY,DNA_TREND_01,DNA_TREND_02,MARUBOZU_BULL,ENERGY_RECOVER,TREND_Q1,TRAIL_WAVE,PYRAMID_LEVEL3,SCALE_OUT_30","TRAIL_DELTA, TRAIL_WAVE, SCALE_OUT_30, PYRAMID_LEVEL3,TRAIL_ENERGY, TRAIL_DELTA, SCALE_OUT_10, SCALE_OUT_20, SCALE_OUT_30, PYRAMID_LEVEL2"
2024-09-14 07:00:00,2024-09-14 20:00:00,LONG,60058.019202,59798.047998,-11.357576809996004,-0.49266230903157526,13,0.13340566183263028,-0.5854825161937642,73.58171625000001,"EARLY_WAVE_LONG,TREND_Q1,TREND_Q2,TREND_Q3,TREND_Q4,BULL_STRUCTURE,MOMENTUM_START,RESISTANCE_MAJOR",SIGNAL_EXIT
2024-09-14 21:00:00,2024-09-15 21:00:00,LONG,60036.02480399999,59784.0408,-0.9492493066280131,-0.041230885317660976,24,0.4986759149650814,-0.39981795061155123,73.263015,"FIB_382_LONG,WAVE_ACCELERATION,TREND_Q1,TREND_Q2,TREND_Q3,TREND_Q4,BULL_STRUCTURE,MOMENTUM_START","SIGNAL_EXIT,DEFENSE_03"
2024-09-15 23:00:00,2024-09-15 23:00:00,LONG,59442.18606,58703.189116745554,-29.525828541713327,-1.2827223718379244,0,0.0,0.0,74.53782,"LATE_WAVE_EXIT,WAVE_ACCELERATION,STRONG_WAVE,ANTI_LATE_WAVE,SWING_REVERSAL_BUY,DNA_TREND_01,DNA_TREND_02,ENERGY_RECOVER",STOP_LOSS
2024-09-17 01:00:00,2024-09-17 13:00:00,LONG,57641.536002,59369.22378,67.81873618349472,2.956097645331446,12,3.017900143985823,0.0,52.56657,"EARLY_WAVE_LONG,SWING_REVERSAL_BUY,DNA_TREND_01,DNA_TREND_02,ENERGY_RECOVER,BEAR_STRUCTURE,STRUCTURE_WEAKENING,MOMENTUM_START",TRAIL_DELTA
2024-09-17 15:00:00,2024-09-18 03:00:00,LONG,60278.043198,60339.9296,1.4472658144761292,0.06262716597485081,12,1.4225027165919193,-0.514371704107158,95.53389165044788,"EARLY_WAVE_LONG,TREND_RESUME_02,TREND_RESUME_03,TREND_RESUME_04,DNA_TREND_01,DNA_TREND_02,MARUBOZU_BULL,MARUBOZU_BEAR",SIGNAL_EXIT
2024-09-18 14:00:00,2024-09-19 03:00:00,LONG,59520.4017,62191.879136,96.99022883577469,4.196796132251907,13,4.545665389889326,-0.1532612304261412,52.893539999999994,"FIB_382_LONG,LATE_WAVE_EXIT,WAVE_ACCELERATION,STRONG_WAVE,ANTI_LATE_WAVE,ENERGY_RECOVER,TREND_Q1,TREND_Q2","TRAIL_DELTA, TRAIL_WAVE, SCALE_OUT_30,TRAIL_ENERGY, TRAIL_DELTA, TRAIL_WAVE, SCALE_OUT_10, SCALE_OUT_20, SCALE_OUT_30, SCALE_OUT_50"
2024-09-19 06:00:00,2024-09-19 18:00:00,LONG,62689.50016741174,63696.478156000005,65.80341587819359,1.5656519747402389,12,2.5065020655908543,-0.11421752460356868,73.263015,"ANTI_MOMENTUM,EARLY_EXHAUSTION_SELL,HIDDEN_EXHAUSTION,TREND_Q1,TREND_Q2,TREND_Q3,HIGHER_HIGH_CONTINUE,BULL_STRUCTURE,TRAIL_ENERGY,SCALE_OUT_10,SCALE_OUT_30,PYRAMID_LEVEL2","TRAIL_ENERGY, SCALE_OUT_10, SCALE_OUT_20"
2024-09-19 23:00:00,2024-09-20 17:00:00,LONG,62952.598002,62859.935498000006,20.28969861440095,0.8629870729010792,18,1.4156874001795527,-0.31165989685408085,50.81926500000001,"WAVE_ACCELERATION,HIDDEN_EXHAUSTION,TREND_Q1,TREND_Q2,TREND_Q3,TREND_Q4,MULTI_SWING_SELL_01,HIGHER_HIGH_CONTINUE","TRAIL_ENERGY, SCALE_OUT_10,SCALE_OUT_10,SIGNAL_EXIT"
2024-09-20 21:00:00,2024-09-21 09:00:00,LONG,62826.5628,63015.404398000006,6.136178616141411,0.2604558151011985,12,0.5960650771109879,0.0,73.9004175,"FIB_786_LONG,LATE_WAVE_EXIT,WAVE_ACCELERATION,STRONG_WAVE,EARLY_EXHAUSTION_BUY,TREND_Q1,TREND_Q2,TREND_Q3",DEFENSE_03
2024-09-21 10:00:00,2024-09-21 23:00:00,LONG,63128.6232,63217.673936,-0.2747732689471034,-0.011656582853531584,13,0.27147241823578716,-0.23693404420706407,52.24621499999999,"EARLY_EXHAUSTION_BUY,TREND_RESUME_02,TREND_RESUME_03,TREND_Q1,TREND_Q2,TREND_Q3,TREND_Q4,BEAR_STRUCTURE",SIGNAL_EXIT
2024-09-22 00:00:00,2024-09-22 09:00:00,LONG,63361.639794,62786.76759433252,-22.318371448595688,-0.9469245250846996,9,0.0,-0.7660783331651861,100.0,"EARLY_WAVE_LONG,TREND_RESUME_01,ENERGY_RECOVER,CONFLUENCE_02,CONFLUENCE_03,TREND_Q1,TREND_Q2,TREND_Q3",STOP_LOSS
2024-09-22 10:00:00,2024-09-22 23:00:00,LONG,62715.470585999996,63868.7237,21.64166328400697,0.9204842522362814,13,1.8592532322643556,-0.20007915882243088,71.77450959000001,"BOS_CONTINUE_SHORT,EARLY_WAVE_LONG,ANTI_FIBO,EMERGENCY_EXIT_04,DNA_TREND_01,DNA_TREND_02,MARUBOZU_BULL,ENERGY_RECOVER","DEFENSE_03,SIGNAL_EXIT"
2024-09-23 09:00:00,2024-09-24 01:00:00,LONG,63504.6984,62893.428798,-9.783853778352471,-0.41522238405276857,16,0.20627072216754472,-0.9427623704768293,73.263015,"WAVE_ACCELERATION,STRONG_WAVE,TREND_Q1,TREND_Q2,TREND_Q3,TREND_Q4,HIGHER_HIGH_CONTINUE,BULL_STRUCTURE",SIGNAL_EXIT
2024-09-24 03:00:00,2024-09-24 16:00:00,LONG,63136.6248,63147.358002,-0.41146907108279385,-0.017482459597042962,13,1.1315543114050106,-0.07701520338476785,73.51122491999999,"FIB_786_LONG,LATE_WAVE_EXIT,ANTI_LATE_WAVE,SWING_REVERSAL_BUY,BEAR_STRUCTURE,BUY_LIQUIDITY_GRAB,MOMENTUM_START,TRIPLE_CONFIRMATION",SIGNAL_EXIT
2024-09-24 18:00:00,2024-09-25 06:00:00,LONG,63788.295108,64157.795873999996,38.05449250295586,0.5390293737561815,12,1.2409876932119541,-0.09518220842428836,100.0,"FIB_236_LONG,FAILED_WAVE,EARLY_EXHAUSTION_BUY,HIDDEN_EXHAUSTION,SWING_REVERSAL,TREND_RESUME_01,TREND_RESUME_02,TREND_RESUME_03",SCALE_OUT_10
2024-09-25 07:00:00,2024-09-25 19:00:00,LONG,63818.771202,63338.3298,-18.719966447030625,-0.7925203265338859,12,0.18447362082130936,-1.0197175372433511,73.263015,"STRONG_WAVE,DNA_TREND_01,DNA_TREND_02,ENERGY_RECOVER,TREND_Q1,TREND_Q2,TREND_Q3,TREND_Q4",SIGNAL_EXIT
2024-09-26 00:00:00,2024-09-26 12:00:00,LONG,63164.640402,64381.101204000006,44.43459152087293,1.8850868997913381,12,1.9462623236292114,-0.3461278345108297,70.02619442000001,"FIB_236_SHORT,EARLY_WAVE_LONG,SWING_REVERSAL_BUY,BULL_STRUCTURE,MOMENTUM_START,RESISTANCE_MAJOR,TRIPLE_CONFIRMATION,FIVE_CONFIRMATION",DEFENSE_03
2024-09-26 15:00:00,2024-09-27 07:00:00,LONG,64439.525327999996,65331.711044,18.987222163171648,0.8018127237106142,16,1.4377583746685882,0.0,85.34843491999999,"BOS_RETEST_LONG,LATE_WAVE_EXIT,STRONG_WAVE,ANTI_LATE_WAVE,PRESSURE_EXHAUSTION,DELTA_EXHAUSTION,TREND_RESUME_04,ENERGY_WALL","SCALE_OUT_10,SIGNAL_EXIT,TRAIL_ENERGY, SCALE_OUT_10,TRAIL_ENERGY, SCALE_OUT_10, SCALE_OUT_20"
2024-09-27 08:00:00,2024-09-27 22:00:00,LONG,65473.112003999995,65803.456676,8.038088976482683,0.33879577044674314,14,1.2675707181129576,-0.054620901474504054,73.9004175,"FIB_786_LONG,WAVE_ACCELERATION,TREND_Q1,TREND_Q2,TREND_Q3,TREND_Q4,BULL_STRUCTURE,MOMENTUM_START","SIGNAL_EXIT,SCALE_OUT_10"
2024-09-27 23:00:00,2024-09-28 17:00:00,LONG,65883.174,65502.8968,-7.154077621165341,-0.30131068050324755,18,0.43344299107387596,-0.5573107330864161,73.263015,"FIB_382_LONG,TREND_Q1,TREND_Q2,TREND_Q3,TREND_Q4,BULL_STRUCTURE,MOMENTUM_END,RESISTANCE_MAJOR","SIGNAL_EXIT,DEFENSE_03"
2024-09-28 18:00:00,2024-09-29 09:00:00,LONG,65646.32664,65546.798018,-5.0308986993092875,-0.21206899709521446,15,0.34514248031349537,-0.2579224895987223,71.81819127,"FIB_382_LONG,STRONG_WAVE,EARLY_EXHAUSTION_BUY,HIDDEN_EXHAUSTION,TREND_RESUME_02,TREND_RESUME_03,TREND_Q1,TREND_Q2","DEFENSE_03,SIGNAL_EXIT"
2024-09-30 00:00:00,2024-09-30 01:00:00,LONG,65615.130402,65043.5092923347,-21.59380642338321,-0.91082424087359,1,0.0,-0.2305571917226359,50.65105500000001,"FIB_236_LONG,FIB_382_LONG,ANTI_MOMENTUM,EARLY_EXHAUSTION_BUY,EARLY_EXHAUSTION_SELL,TREND_Q1,TREND_Q2,TREND_Q3",STOP_LOSS
2024-09-30 11:00:00,2024-10-01 13:00:00,LONG,63658.709196,62777.27512714644,-16.896914095638287,-0.3572040302904749,26,0.6115279573159451,-0.5201475181982057,95.06696101875,"LATE_WAVE_EXIT,STRONG_WAVE,ANTI_FIBO,ANTI_LATE_WAVE,EMERGENCY_EXIT_04,HAMMER_BUY,ENERGY_RECOVER,STRUCTURE_FAILURE_LONG","SIGNAL_EXIT,DEFENSE_03,STOP_LOSS"
2024-10-02 14:00:00,2024-10-02 19:00:00,LONG,61362.27,60035.76782687937,-51.95126725617223,-2.200890678019866,5,0.8339652362926034,-0.9780928899794619,54.402985,"FIB_236_LONG,FIB_382_LONG,ENERGY_RECOVER,CONFLUENCE_02,CONFLUENCE_03,TREND_Q1,TREND_Q2,TREND_Q3",STOP_LOSS
2024-10-02 20:00:00,2024-10-03 13:00:00,LONG,60761.76556729532,60457.856009999996,-11.07175865641966,-0.2620629283824226,17,2.096177854211988,-0.6710890697270921,93.78833160375001,"EARLY_WAVE_LONG,HIST200_BUY,ANTI_FIBO,DNA_TREND_02,ENERGY_RECOVER,TREND_Q1,TREND_Q2,TREND_Q3,TRAIL_ENERGY,TRAIL_DELTA,SCALE_OUT_10,SCALE_OUT_20,PYRAMID_LEVEL2",SIGNAL_EXIT
2024-10-03 15:00:00,2024-10-04 03:00:00,LONG,60184.044402,61023.94277,31.76170006484456,1.354991674279873,12,1.7179895573213433,-0.026658896322804052,56.797369999999965,"FIB_786_LONG,LATE_WAVE_EXIT,WAVE_ACCELERATION,STRONG_WAVE,SWING_REVERSAL_BUY,ENERGY_RECOVER,CONFLUENCE_02,CONFLUENCE_03",SIGNAL_EXIT
2024-10-04 06:00:00,2024-10-04 18:00:00,LONG,61236.584868,61970.923336,27.249880895004864,1.15870292276274,12,1.6451197175210863,-0.1904006702061015,85.09744761462,"FIB_786_LONG,MARUBOZU_BULL,MARUBOZU_BEAR,TREND_Q1,TREND_Q2,TREND_Q3,TREND_Q4,HIGHER_LOW","TRAIL_ENERGY, SCALE_OUT_10"
2024-10-05 04:00:00,2024-10-05 18:00:00,LONG,61874.362398,62003.606798,6.759245324218158,0.2866109524899036,14,0.6911870852891813,0.0,67.836125,"FIB_382_LONG,BULL_STRUCTURE,MOMENTUM_START,TRIPLE_CONFIRMATION,CASCADE_03,CASCADE_05,CASCADE_08,CASCADE_10",SIGNAL_EXIT
2024-10-06 02:00:00,2024-10-06 14:00:00,LONG,62093.426202,62245.27845400001,4.824744777590788,0.2044566524730038,12,0.26460739574185177,-0.3468905086655787,90.7265461375,"PRESSURE_EXHAUSTION,DELTA_EXHAUSTION,MULTI_SWING_BUY_01,HIGHER_LOW,BULL_STRUCTURE,MOMENTUM_START,TRIPLE_CONFIRMATION,FIVE_CONFIRMATION",SIGNAL_EXIT
2024-10-06 16:00:00,2024-10-07 04:00:00,LONG,62732.554002,63517.803898000006,28.594492137416488,1.21124157389891,12,1.7318695456992959,-0.6846907619707376,79.71683125,"LATE_WAVE_EXIT,STRONG_WAVE,ANTI_LATE_WAVE,EMERGENCY_EXIT_04,HAMMER_BUY,ENERGY_RECOVER,STRUCTURE_FAILURE_SHORT,CONFLUENCE_02","TRAIL_ENERGY, SCALE_OUT_20"
2024-10-11 03:00:00,2024-10-11 15:00:00,LONG,60565.430664,61741.29927,45.0025227799246,1.900708165815551,12,1.9618771351464652,0.0,52.878656249999985,"STRONG_WAVE,EMERGENCY_EXIT_01,DNA_ACCUMULATION_01,HAMMER_BUY,TREND_Q1,TREND_Q2,TREND_Q3,BEAR_STRUCTURE",DEFENSE_03
2024-10-13 01:00:00,2024-10-13 11:00:00,LONG,63202.878048,62537.10862421337,-25.998156670755037,-1.092963308904531,10,0.0,-0.7940904963518233,50.233365,"FIB_382_SHORT,WAVE_ACCELERATION,TREND_Q1,HIGHER_LOW,BULL_STRUCTURE,MOMENTUM_START,TRIPLE_CONFIRMATION,FIVE_CONFIRMATION",STOP_LOSS
2024-10-13 13:00:00,2024-10-13 15:00:00,LONG,62676.542802,62135.63762398082,-21.41075095446401,-0.9026653477937512,2,0.0,-0.6811843520928557,85.80619761461999,"EARLY_WAVE_LONG,WAVE_ACCELERATION,SWING_REVERSAL_BUY,TREND_RESUME_02,TREND_RESUME_03,TREND_Q1,TREND_Q2,BEAR_STRUCTURE",STOP_LOSS
2024-10-13 16:00:00,2024-10-14 04:00:00,LONG,62241.765864,64287.14,76.78504430267772,3.2448617933061388,12,3.3068215649557158,0.0,78.51020813125,"EARLY_WAVE_LONG,ANTI_FIBO,EMERGENCY_EXIT_04,HAMMER_BUY,ENERGY_RECOVER,STRUCTURE_FAILURE_LONG,CONFLUENCE_02,CONFLUENCE_03","TRAIL_WAVE, SCALE_OUT_30, PYRAMID_LEVEL3, DEFENSE_03"
2024-10-14 08:00:00,2024-10-14 20:00:00,LONG,64633.794174,65926.222118,46.72399493169104,1.9588165468740115,12,2.020004925728456,-0.3184157399857434,67.9162015875,"LATE_WAVE_EXIT,STRONG_WAVE,HIST200_SELL,ANTI_LATE_WAVE,TREND_RESUME_04,DNA_TREND_01,DNA_TREND_02,ENERGY_RECOVER","TRAIL_ENERGY, TRAIL_DELTA, SCALE_OUT_10, SCALE_OUT_20, SCALE_OUT_30"
2024-10-14 23:00:00,2024-10-15 03:00:00,LONG,66467.300802,65352.381779757365,-41.14574980233775,-1.7167238043164252,4,0.0,-1.064148526366381,84.93523408971873,"EARLY_WAVE_LONG,HIST200_SELL,HIST1000_SELL,MAJOR_SUPPLY,TREND_RESUME_01,TREND_RESUME_02,TREND_RESUME_03,DNA_TREND_01",STOP_LOSS
2024-10-15 05:00:00,2024-10-15 17:00:00,LONG,66512.24160037102,66854.83635800002,20.3962061772176,0.47487923348538746,12,3.1165875265817027,-1.7083195108623221,94.00218014250001,"TREND_RESUME_02,TREND_RESUME_03,TREND_Q1,TREND_Q2,TREND_Q3,TREND_Q4,BULL_STRUCTURE,MOMENTUM_START,TRAIL_WAVE,PYRAMID_LEVEL2,PYRAMID_LEVEL3",SIGNAL_EXIT
2024-10-16 09:00:00,2024-10-16 23:00:00,LONG,67143.245964,67776.442,16.319394628294855,0.682561840419982,14,1.1896267815652883,0.0,72.0309301425,"EARLY_WAVE_LONG,TREND_RESUME_02,TREND_RESUME_03,TREND_Q1,TREND_Q2,TREND_Q3,TREND_Q4,BEAR_STRUCTURE","SCALE_OUT_10, DEFENSE_03,SCALE_OUT_10"
2024-10-17 08:00:00,2024-10-17 20:00:00,LONG,67316.640636,66826.632,-18.38265264270519,-0.7676248902469054,12,0.40706036636870635,-0.7080576682032105,75.1752225,"STRONG_WAVE,PRESSURE_EXHAUSTION,DELTA_EXHAUSTION,TREND_Q1,TREND_Q2,TREND_Q3,TREND_Q4,BULL_STRUCTURE",SIGNAL_EXIT
2024-10-18 00:00:00,2024-10-18 13:00:00,LONG,67435.264356,67648.4676,7.3053231772761125,0.30567368650296195,13,0.9976021454420889,-0.3274909027332255,72.2469864375,"FIB_382_LONG,WAVE_ACCELERATION,DNA_ACCUMULATION_01,HAMMER_BUY,TREND_Q1,TREND_Q2,TREND_Q3,TREND_Q4","SIGNAL_EXIT,DEFENSE_03"
2024-10-18 14:00:00,2024-10-19 07:00:00,LONG,68209.62919800001,68322.172832,8.113550065592193,0.16963333106063128,17,1.0010181993776457,-0.005907080931796002,100.0,"EARLY_WAVE_LONG,FAILED_WAVE,TREND_RESUME_01,TREND_RESUME_02,TREND_RESUME_03,DNA_TREND_01,DNA_TREND_02,MARUBOZU_BULL",SIGNAL_EXIT
2024-10-19 13:00:00,2024-10-20 03:00:00,LONG,68235.6444,68163.374598,-2.706940789627505,-0.11311693210917188,14,0.20862351524886502,-0.28378775008682217,54.135270000000006,"LATE_WAVE_EXIT,ANTI_LATE_WAVE,SWING_REVERSAL_BUY,TREND_Q1,TREND_Q2,TREND_Q3,TREND_Q4,BEAR_STRUCTURE",SIGNAL_EXIT
2024-10-20 05:00:00,2024-10-20 17:00:00,LONG,68249.64719999999,68491.768906,7.5260493104112705,0.3146170086540834,12,0.569003380870243,-0.052230599662341046,71.81819127,"FIB_382_LONG,WAVE_ACCELERATION,TREND_RESUME_02,TREND_RESUME_03,TREND_Q1,TREND_Q2,TREND_Q3,TREND_Q4",SIGNAL_EXIT
2024-10-20 18:00:00,2024-10-21 06:00:00,LONG,68575.722402,68966.164008,12.666184501511111,0.5291306131194689,12,0.9262280815308996,-0.09833276214679608,74.53782,"BOS_RETEST_LONG,ANTI_MOMENTUM,EARLY_EXHAUSTION_BUY,EARLY_EXHAUSTION_SELL,SWING_REVERSAL,TREND_Q1,TREND_Q2,TREND_Q3","SCALE_OUT_10, DEFENSE_03"
2024-10-21 09:00:00,2024-10-21 13:00:00,LONG,68315.130294,67537.72519863142,-28.22147591531383,-1.1775139445480696,4,0.09202896302683246,-0.15788639139794106,74.53782,"LATE_WAVE_EXIT,STRONG_WAVE,ANTI_LATE_WAVE,SWING_REVERSAL_BUY,ENERGY_RECOVER,BULL_STRUCTURE,MOMENTUM_START,RESISTANCE_MAJOR",STOP_LOSS
2024-10-21 16:00:00,2024-10-22 06:00:00,LONG,67354.48820400001,67566.474002,4.083583497736017,0.08545189449954331,14,0.6662091984737991,-0.3040008312138766,100.0,"LATE_WAVE_EXIT,STRONG_WAVE,ANTI_FIBO,ANTI_LATE_WAVE,EMERGENCY_EXIT_04,HAMMER_BUY,ENERGY_RECOVER,STRUCTURE_FAILURE_LONG","DEFENSE_03,SIGNAL_EXIT"
2024-10-22 15:00:00,2024-10-23 08:00:00,LONG,67572.541806,66449.62034826192,-22.435018172401705,-0.9387241492757493,17,0.22414162609842464,-1.0658202085511133,100.0,"FIB_236_LONG,EARLY_WAVE_LONG,FAILED_WAVE,TREND_RESUME_01,TREND_RESUME_02,TREND_RESUME_03,DNA_TREND_02,ENERGY_RECOVER","SIGNAL_EXIT,STOP_LOSS"
2024-10-23 09:00:00,2024-10-23 17:00:00,LONG,66543.306,65629.81382748067,-33.66896219068667,-1.4122293503877301,8,0.3857548045478882,-0.9997790010613431,52.09407,"BOS_CONTINUE_SHORT,LATE_WAVE_EXIT,WAVE_ACCELERATION,STRONG_WAVE,ANTI_LATE_WAVE,SWING_REVERSAL_BUY,EMERGENCY_EXIT_04,ENERGY_RECOVER",STOP_LOSS
2024-10-25 18:00:00,2024-10-26 20:00:00,LONG,66849.3672,67164.5644,8.439575087665881,0.35528403450497187,26,0.6709604275805335,-0.33350682188655795,51.137966250000005,"BOS_CONTINUE_SHORT,EARLY_WAVE_LONG,FAILED_WAVE,ANTI_FIBO,EMERGENCY_EXIT_04,DNA_TREND_01,DNA_TREND_02,ENERGY_RECOVER","SIGNAL_EXIT,DEFENSE_03"
2024-10-28 08:00:00,2024-10-28 20:00:00,LONG,68429.203104,69616.06400200001,40.265625184166325,1.693742466411192,12,1.7547725847033937,-0.14789461137840487,73.58171625000001,"EARLY_WAVE_LONG,DNA_TREND_02,ENERGY_WALL,ENERGY_RECOVER,BULL_STRUCTURE,MOMENTUM_START,BARRIER_L1,TRIPLE_CONFIRMATION",SIGNAL_EXIT
2024-10-29 03:00:00,2024-10-29 15:00:00,LONG,71204.28801,71852.72658,41.55109504644708,0.8703092140756572,12,0.9308456113021004,-0.3737808739308317,100.0,"LATE_WAVE_EXIT,STRONG_WAVE,ANTI_LATE_WAVE,TREND_RESUME_04,DNA_TREND_02,ENERGY_WALL,ENERGY_EXTREME,ENERGY_RECOVER",SIGNAL_EXIT
2024-10-29 16:00:00,2024-10-30 04:00:00,LONG,72416.4804,72219.5532,-22.424089969509705,-0.3118282192571258,12,1.0405498801347357,-0.25198739153304717,100.0,"EARLY_WAVE_LONG,TREND_RESUME_04,DNA_TREND_02,ENERGY_RECOVER,SMART_ACCUMULATION,CONFLUENCE_02,CONFLUENCE_03,CONFLUENCE_04",SIGNAL_EXIT
2024-10-30 06:00:00,2024-10-30 20:00:00,LONG,72512.4996,71807.645598,-21.445282118251505,-0.8970178773288978,14,0.08758545126749322,-0.9522352750338796,71.32664196,"FIB_382_LONG,STRONG_WAVE,MARUBOZU_BULL,MARUBOZU_BEAR,TREND_Q1,TREND_Q2,TREND_Q3,TREND_Q4",SIGNAL_EXIT
2024-10-30 21:00:00,2024-10-31 10:00:00,LONG,72871.711428,72290.23905999999,-20.680973195697156,-0.867079371350701,13,0.0,-0.9684436033827327,80.05913999999999,"WAVE_ACCELERATION,STRONG_WAVE,DNA_TREND_01,DNA_TREND_02,MARUBOZU_BULL,ENERGY_RECOVER,CONFLUENCE_02,CONFLUENCE_03",SIGNAL_EXIT
2024-11-01 09:00:00,2024-11-02 04:00:00,LONG,69389.97522000001,69586.07000200001,-4.955995488082169,-0.20825946669709935,19,2.711046911366789,-0.343443298897901,72.0309301425,"EARLY_WAVE_LONG,WAVE_ACCELERATION,TREND_RESUME_02,TREND_RESUME_03,BEAR_STRUCTURE,MOMENTUM_START,RESISTANCE_MAJOR,TRIPLE_CONFIRMATION","DEFENSE_03,SIGNAL_EXIT"
2024-11-02 08:00:00,2024-11-03 02:00:00,LONG,69827.872782,68813.00535601289,-12.411643853650315,-0.5218825584633661,18,0.0,-1.171083622370917,57.05197139250001,"EARLY_WAVE_LONG,TREND_RESUME_02,TREND_RESUME_03,LOWER_HIGH,BEAR_STRUCTURE,MOMENTUM_START,BARRIER_L1,RESISTANCE_MAJOR","SIGNAL_EXIT,STOP_LOSS"
2024-11-03 15:00:00,2024-11-04 05:00:00,LONG,67790.545398,69136.46994000001,48.00405319885525,2.021305096662682,14,2.2348464569879276,0.0,52.56657,"EARLY_WAVE_LONG,FAILED_WAVE,SWING_REVERSAL_BUY,ENERGY_RECOVER,BEAR_STRUCTURE,MOMENTUM_START,BARRIER_L1,RESISTANCE_MAJOR","SIGNAL_EXIT,TRAIL_ENERGY, DEFENSE_03,TRAIL_ENERGY, SCALE_OUT_10"
2024-11-04 14:00:00,2024-11-04 17:00:00,LONG,68676.122478,67574.65488078987,-117.65434642923569,-1.6432166209208492,3,0.0,-1.3397996928186513,100.0,"FIB_236_LONG,EARLY_WAVE_LONG,SWING_REVERSAL_BUY,ENERGY_RECOVER,MULTI_SWING_BUY_01,HIGHER_LOW,BULL_STRUCTURE,MOMENTUM_START",STOP_LOSS
2024-11-05 08:00:00,2024-11-05 21:00:00,LONG,68907.7788,69432.1108,9.291341932719046,0.39427934757288013,13,1.9188126841784157,-0.20823309428747175,52.5632625,"FIB_786_LONG,LATE_WAVE_EXIT,STRONG_WAVE,DNA_ACCUMULATION_01,BEAR_STRUCTURE,MOMENTUM_START,RESISTANCE_MAJOR,TRIPLE_CONFIRMATION",SIGNAL_EXIT
2024-11-06 14:00:00,2024-11-07 05:00:00,LONG,74001.857412,74692.39853199999,27.751604753978903,1.1766009756391345,15,2.8379457779115884,-0.4889842291192538,50.233365,"FIB_382_SHORT,WAVE_ACCELERATION,TREND_Q1,HIGHER_LOW,BULL_STRUCTURE,MOMENTUM_START,TRIPLE_CONFIRMATION,FIVE_CONFIRMATION","SIGNAL_EXIT,TRAIL_ENERGY, SCALE_OUT_10,SCALE_OUT_10"
2024-11-07 06:00:00,2024-11-07 18:00:00,LONG,74770.44109800001,76242.64842,45.60781259463796,1.9281821017243548,12,1.9893541888437196,-0.13094893725674486,73.263015,"FIB_382_LONG,WAVE_ACCELERATION,STRONG_WAVE,TREND_Q1,TREND_Q2,TREND_Q3,TREND_Q4,BULL_STRUCTURE",DEFENSE_03
2024-11-08 05:00:00,2024-11-08 19:00:00,LONG,75847.296426,76796.6376,16.98316084137193,0.7146313795683262,14,1.2719023873727746,-0.12564248231705427,73.263015,"FIB_382_LONG,TREND_Q1,TREND_Q2,TREND_Q3,TREND_Q4,BULL_STRUCTURE,MOMENTUM_END,TRIPLE_CONFIRMATION","SIGNAL_EXIT,TRAIL_ENERGY"
2024-11-09 00:00:00,2024-11-09 17:00:00,LONG,76525.081956,76071.97256200001,-3.973460792786793,-0.16691702550775422,17,0.037788974883597795,-0.5722332401444329,73.9004175,"FIB_786_LONG,WAVE_ACCELERATION,EARLY_EXHAUSTION_BUY,PRESSURE_EXHAUSTION,DELTA_EXHAUSTION,TREND_Q1,TREND_Q2,TREND_Q3","DEFENSE_03,SIGNAL_EXIT"
2024-11-09 19:00:00,2024-11-10 07:00:00,LONG,77576.83766482287,78887.639316,70.61857994605752,1.6490058553015763,12,3.6010918257390174,-0.21851167989524034,52.24621499999999,"FIB_786_LONG,FAILED_BOS_SHORT,ANTI_BOS,PRESSURE_EXHAUSTION,DELTA_EXHAUSTION,EMERGENCY_EXIT_01,TREND_Q1,TREND_Q2,TRAIL_WAVE,PYRAMID_LEVEL2,PYRAMID_LEVEL3",SIGNAL_EXIT
2024-11-10 11:00:00,2024-11-11 00:00:00,LONG,79556.65815,80353.935998,26.720966319869305,1.1150016943747136,13,1.3290551345261499,-0.7625359889504209,55.615576117500005,"EARLY_WAVE_LONG,HIST200_SELL,HIST1000_SELL,MAJOR_SUPPLY,TREND_Q1,TREND_Q2,TREND_Q3,TREND_Q4","SIGNAL_EXIT,TRAIL_ENERGY, SCALE_OUT_10, SCALE_OUT_20"
2024-11-11 02:00:00,2024-11-11 14:00:00,LONG,81230.232798,81819.36285399999,16.459379627115375,0.6849694894289333,12,1.1555761563976679,-0.6133711314591475,69.89112774511874,"HIST200_SELL,HIST1000_SELL,ANTI_MOMENTUM,EARLY_EXHAUSTION_SELL,HIDDEN_EXHAUSTION,MAJOR_SUPPLY,TREND_RESUME_01,TREND_RESUME_02",SCALE_OUT_10
2024-11-11 16:00:00,2024-11-12 05:00:00,LONG,86485.38521862344,88412.873888,406.8819643863083,1.9664402640953214,13,3.5737068094914344,0.0,100.0,"EARLY_WAVE_LONG,TREND_RESUME_02,TREND_RESUME_03,TREND_RESUME_04,DNA_TREND_01,DNA_TREND_02,ENERGY_RECOVER,SMART_ACCUMULATION,TRAIL_ENERGY,TRAIL_DELTA,SCALE_OUT_20,PYRAMID_LEVEL2,SCALE_OUT_30,PYRAMID_LEVEL3,SCALE_OUT_10","TRAIL_ENERGY, SCALE_OUT_10,TRAIL_ENERGY, SCALE_OUT_10, SCALE_OUT_30, PYRAMID_LEVEL2"
2024-11-12 08:00:00,2024-11-12 10:00:00,LONG,89001.14667,86138.1971622435,-81.59709748896364,-3.255469052960018,2,0.3133255474044252,-1.5395943999246031,73.58171625000001,"EARLY_WAVE_LONG,WAVE_ACCELERATION,TREND_Q1,TREND_Q2,TREND_Q3,TREND_Q4,BULL_STRUCTURE,MOMENTUM_START",STOP_LOSS
2024-11-12 15:00:00,2024-11-13 08:00:00,LONG,87807.71754691192,87338.538798,-21.244357808971625,-0.474812447661643,17,2.042659109188088,-1.4892968220171159,74.21911875,"LATE_WAVE_EXIT,PRESSURE_EXHAUSTION,DELTA_EXHAUSTION,HAMMER_BUY,TREND_Q1,TREND_Q2,TREND_Q3,TREND_Q4,SCALE_OUT_30,PYRAMID_LEVEL2",SIGNAL_EXIT
2024-11-13 11:00:00,2024-11-14 03:00:00,LONG,91121.86293004431,90085.9792,-132.6157890415917,-1.2733789422792372,16,4.517195653181009,-2.8336700403355697,52.878656249999985,"ANTI_MOMENTUM,EARLY_EXHAUSTION_BUY,EARLY_EXHAUSTION_SELL,DNA_ACCUMULATION_01,HAMMER_BUY,TREND_Q1,TREND_Q2,TREND_Q3,TRAIL_WAVE,PYRAMID_LEVEL2,SCALE_OUT_30,TRAIL_DELTA,TRAIL_ENERGY,SCALE_OUT_10,SCALE_OUT_20",SIGNAL_EXIT
2024-11-14 04:00:00,2024-11-14 16:00:00,LONG,89955.017406,87930.40040200001,-56.00523986352876,-2.289799083539944,12,1.708456780196781,-2.2311455924037484,93.7905625125,"FIB_382_LONG,PRESSURE_EXHAUSTION,DELTA_EXHAUSTION,DNA_ACCUMULATION_01,TREND_Q1,TREND_Q2,TREND_Q3,TREND_Q4",SIGNAL_EXIT
2024-11-14 17:00:00,2024-11-15 06:00:00,LONG,89216.159664,87706.4552,-137.31893219846347,-1.8824126001183092,13,0.27778637517391613,-2.119088818797119,100.0,"EARLY_WAVE_LONG,WAVE_ACCELERATION,SWING_REVERSAL_BUY,TREND_RESUME_02,TREND_RESUME_03,DNA_TREND_01,DNA_TREND_02,ENERGY_RECOVER",SIGNAL_EXIT
2024-11-15 09:00:00,2024-11-15 23:00:00,LONG,89006.7022655747,91189.7584,117.02474084769243,2.712922715720403,14,3.0021084552177424,-0.6306179773967284,56.83923252,"FIB_382_LONG,TREND_RESUME_02,TREND_RESUME_03,LOWER_HIGH,BEAR_STRUCTURE,MOMENTUM_START,BARRIER_L1,RESISTANCE_MAJOR,PYRAMID_LEVEL2","SCALE_OUT_30, PYRAMID_LEVEL2,TRAIL_WAVE, SCALE_OUT_30, PYRAMID_LEVEL2,TRAIL_ENERGY, TRAIL_DELTA, SCALE_OUT_10, SCALE_OUT_20, SCALE_OUT_30, PYRAMID_LEVEL2"
2024-11-16 04:00:00,2024-11-16 18:00:00,LONG,91270.29040799999,90885.839196,-18.200295519606772,-0.7504106897842776,14,0.17058080050369082,-0.8207384951350283,73.263015,"ANTI_MOMENTUM,EARLY_EXHAUSTION_BUY,EARLY_EXHAUSTION_SELL,TREND_Q1,TREND_Q2,TREND_Q3,TREND_Q4,HIGHER_HIGH_CONTINUE",SIGNAL_EXIT
2024-11-16 21:00:00,2024-11-17 16:00:00,LONG,90770.160402,90241.957998,7.037404187396598,0.29073150330090825,19,0.5784715986779746,-0.8220216849848807,52.165417500000004,"FIB_382_SHORT,WAVE_ACCELERATION,TREND_Q1,TREND_Q2,TREND_Q3,TREND_Q4,HIGHER_LOW,BULL_STRUCTURE",SIGNAL_EXIT
2024-11-17 18:00:00,2024-11-17 21:00:00,LONG,90596.775732,89132.43854553235,-80.20440266201659,-1.6556772023797761,3,0.0,-1.0604966062391952,100.0,"FIB_382_LONG,EARLY_EXHAUSTION_BUY,DNA_ACCUMULATION_01,HAMMER_BUY,BULL_STRUCTURE,MOMENTUM_END,RESISTANCE_MAJOR,TRIPLE_CONFIRMATION",STOP_LOSS
2024-11-17 22:00:00,2024-11-18 10:00:00,LONG,90432.22159353438,91692.247882,58.47567478381909,1.352780422459816,12,3.2595103004221944,0.0,52.09407,"BOS_CONTINUE_SHORT,LATE_WAVE_EXIT,STRONG_WAVE,ANTI_FIBO,ANTI_LATE_WAVE,SWING_REVERSAL_BUY,EMERGENCY_EXIT_04,DNA_TREND_02,TRAIL_WAVE,SCALE_OUT_30,PYRAMID_LEVEL2","TRAIL_ENERGY, SCALE_OUT_20"
2024-11-18 13:00:00,2024-11-19 08:00:00,LONG,91010.94717505258,91601.676,-2.1533657152672774,-0.0445714585245362,19,1.9597523625272129,-1.1410069591534602,73.263015,"WAVE_ACCELERATION,STRONG_WAVE,EMERGENCY_EXIT_01,ENERGY_RECOVER,TREND_Q1,TREND_Q2,TREND_Q3,TREND_Q4,PYRAMID_LEVEL1","SIGNAL_EXIT,SCALE_OUT_10"
2024-11-19 10:00:00,2024-11-19 22:00:00,LONG,92570.15622754175,92178.38063600002,-20.12569706307975,-0.463050902433936,12,2.108149622596225,-0.6219736402985075,94.428761765625,"WAVE_ACCELERATION,DNA_ACCUMULATION_01,HAMMER_BUY,TREND_Q1,TREND_Q2,TREND_Q3,TREND_Q4,BULL_STRUCTURE,SCALE_OUT_30,PYRAMID_LEVEL2",SIGNAL_EXIT
2024-11-20 00:00:00,2024-11-20 12:00:00,LONG,92329.26216,93435.95907,27.90320879119725,1.1581621052261193,12,1.21888533891864,-0.6295535634116871,73.9004175,"FIB_786_LONG,LATE_WAVE_EXIT,WAVE_ACCELERATION,EARLY_EXHAUSTION_BUY,PRESSURE_EXHAUSTION,DELTA_EXHAUSTION,SWING_REVERSAL,TREND_Q1","TRAIL_ENERGY, SCALE_OUT_10, SCALE_OUT_20"
2024-11-20 14:00:00,2024-11-21 02:00:00,LONG,94401.74657399999,94683.539504,6.242573296652628,0.2583845352979841,12,0.35828089868536867,-0.7603106934439607,100.0,"BOS_CONTINUE_LONG,LATE_WAVE_EXIT,STRONG_WAVE,ANTI_LATE_WAVE,DNA_TREND_01,DNA_TREND_02,ENERGY_RECOVER,CONFLUENCE_02","DEFENSE_03, DEFENSE_04"
2024-11-21 04:00:00,2024-11-21 18:00:00,LONG,96677.80320020633,98029.04027,17.960745153403757,0.41279741718999435,14,2.0233515119692544,-0.006002619023426519,77.29197594999998,"LATE_WAVE_EXIT,WAVE_ACCELERATION,STRONG_WAVE,ANTI_LATE_WAVE,DNA_TREND_01,DNA_TREND_02,MARUBOZU_BULL,MARUBOZU_BEAR,SCALE_OUT_30,PYRAMID_LEVEL2","SIGNAL_EXIT,TRAIL_ENERGY, SCALE_OUT_10"
2024-11-21 20:00:00,2024-11-22 08:00:00,LONG,97849.40596799999,99153.86526,31.29860568959166,1.2925962435680447,12,1.3534001754012623,0.0,79.03221375,"EARLY_WAVE_LONG,WAVE_ACCELERATION,ENERGY_RECOVER,CONFLUENCE_02,CONFLUENCE_03,TREND_Q1,TREND_Q2,TREND_Q3",SIGNAL_EXIT
2024-11-22 09:00:00,2024-11-22 21:00:00,LONG,98835.553158,99144.1672,6.609804448550996,0.27212512757432883,12,0.33230637306695293,-1.5576916492174049,73.58171625000001,"EARLY_WAVE_LONG,WAVE_ACCELERATION,TREND_Q1,TREND_Q2,TREND_Q3,TREND_Q4,BULL_STRUCTURE,MOMENTUM_START",SIGNAL_EXIT
2024-11-23 10:00:00,2024-11-23 20:00:00,LONG,98468.749812,97250.25600166211,-31.034506834338753,-1.276947168659302,10,0.2799062530256803,-0.9797522704837106,86.13670218489001,"FIB_236_SHORT,EARLY_WAVE_LONG,SWING_REVERSAL_BUY,TREND_Q1,TREND_Q2,TREND_Q3,TREND_Q4,HIGHER_LOW",STOP_LOSS
2024-11-24 06:00:00,2024-11-24 12:00:00,LONG,98284.092888,97180.31841883477,-28.162318086618928,-1.1625956581141512,6,0.14952278408619918,-1.0215924657759052,52.878656249999985,"WAVE_ACCELERATION,STRONG_WAVE,ANTI_MOMENTUM,EARLY_EXHAUSTION_SELL,HIDDEN_EXHAUSTION,DNA_ACCUMULATION_01,HAMMER_BUY,TREND_Q1",STOP_LOSS
2024-11-25 06:00:00,2024-11-25 14:00:00,LONG,98102.306538,96588.98839797139,-38.2060013313894,-1.5819747671138091,8,0.39821027230249895,-0.646270776268057,72.0309301425,"EARLY_WAVE_LONG,TREND_RESUME_02,TREND_RESUME_03,TREND_Q1,TREND_Q2,TREND_Q3,TREND_Q4,BEAR_STRUCTURE",STOP_LOSS
2024-11-25 16:00:00,2024-11-25 21:00:00,LONG,96019.770114,94018.4463958225,-51.075109360544126,-2.123449258746507,5,0.0,-1.4062625982095809,74.53782,"LATE_WAVE_EXIT,STRONG_WAVE,ANTI_LATE_WAVE,SWING_REVERSAL_BUY,ENERGY_WALL,ENERGY_EXTREME,ENERGY_RECOVER,BULL_STRUCTURE",STOP_LOSS
2024-11-25 23:00:00,2024-11-26 11:00:00,LONG,94423.37089800001,92309.52440200001,-108.98246682548094,-2.2777944541761257,12,0.4593980260126191,-2.2191337568995704,100.0,"LATE_WAVE_EXIT,STRONG_WAVE,ANTI_FIBO,ANTI_LATE_WAVE,EMERGENCY_EXIT_04,HAMMER_BUY,ENERGY_RECOVER,STRUCTURE_FAILURE_LONG",SIGNAL_EXIT
2024-11-29 08:00:00,2024-11-30 11:00:00,LONG,95644.17501,96118.252504,40.070481147908566,1.6946299124352737,27,2.483470624062205,0.0,73.263015,"DNA_TREND_01,DNA_TREND_02,ENERGY_RECOVER,HIGHER_HIGH_CONTINUE,BULL_STRUCTURE,MOMENTUM_START,RESISTANCE_MAJOR,TRIPLE_CONFIRMATION","TRAIL_ENERGY, SCALE_OUT_10,TRAIL_ENERGY, SCALE_OUT_10, SCALE_OUT_20,SIGNAL_EXIT"
2024-11-30 13:00:00,2024-12-01 01:00:00,LONG,96572.540646,96321.341878,-7.123250950302846,-0.30001002646624264,12,0.4630087921566133,-0.24017245942632776,57.37148675999998,"FIB_786_LONG,FAILED_BOS_SHORT,ANTI_BOS,ANTI_MOMENTUM,EARLY_EXHAUSTION_BUY,EARLY_EXHAUSTION_SELL,MARUBOZU_BULL,MARUBOZU_BEAR","DEFENSE_03, DEFENSE_04"
2024-12-01 04:00:00,2024-12-01 17:00:00,LONG,96356.02735199999,97168.54240399999,17.079523189034624,0.7199504127601516,13,0.9690651157595981,-0.04898225186014653,52.24621499999999,"FIB_786_LONG,FAILED_BOS_SHORT,ANTI_BOS,PRESSURE_EXHAUSTION,DELTA_EXHAUSTION,EMERGENCY_EXIT_01,BEAR_STRUCTURE,LIQUIDITY_VACUUM",SIGNAL_EXIT
2024-12-02 02:00:00,2024-12-02 03:00:00,LONG,97984.522986,96785.84612142149,-30.009607739679648,-1.2628435239755893,1,0.0,-0.34675168653782884,100.0,"LATE_WAVE_EXIT,STRONG_WAVE,DNA_TREND_01,DNA_TREND_02,ENERGY_WALL,ENERGY_EXTREME,ENERGY_RECOVER,CONFLUENCE_02",STOP_LOSS
2024-12-02 04:00:00,2024-12-02 08:00:00,LONG,96503.04675,95113.03399041102,-35.05086479844163,-1.479806100717896,4,0.21238008218637505,-0.5212858732877145,71.77450959000001,"BOS_CONTINUE_SHORT,EARLY_WAVE_LONG,FAILED_WAVE,ANTI_FIBO,EMERGENCY_EXIT_04,DNA_TREND_01,DNA_TREND_02,MARUBOZU_BULL",STOP_LOSS
2024-12-02 16:00:00,2024-12-02 17:00:00,LONG,97067.419602,95109.01709332115,-48.53161919583454,-2.056762324271201,1,0.0,-0.927148991587539,100.0,"FIB_786_LONG,LATE_WAVE_EXIT,SWING_REVERSAL_BUY,ENERGY_WALL,ENERGY_EXTREME,ENERGY_RECOVER,CONFLUENCE_02,CONFLUENCE_03",STOP_LOSS
2024-12-05 04:00:00,2024-12-05 19:00:00,LONG,102984.5928,100085.3006531018,-49.653298168538186,-2.1153875635944543,15,0.5082286444696286,-2.7240509708555094,79.03221375,"EARLY_WAVE_LONG,DNA_TREND_02,ENERGY_RECOVER,CONFLUENCE_02,CONFLUENCE_03,BULL_STRUCTURE,MOMENTUM_START,TRIPLE_CONFIRMATION","SIGNAL_EXIT,STOP_LOSS"
2024-12-06 08:00:00,2024-12-06 21:00:00,LONG,98158.157706,101339.728,75.65709355274537,3.2406938794911433,13,3.3434126828558055,-0.5316600455797929,52.878656249999985,"STRONG_WAVE,PRESSURE_EXHAUSTION,DELTA_EXHAUSTION,DNA_ACCUMULATION_01,HAMMER_BUY,BEAR_STRUCTURE,MOMENTUM_START,TRIPLE_CONFIRMATION","TRAIL_ENERGY, TRAIL_DELTA, SCALE_OUT_10, SCALE_OUT_20"
2024-12-06 22:00:00,2024-12-07 18:00:00,LONG,100392.084402,99612.053604,-22.733575515668615,-0.9660393622337177,20,0.1114785081579373,-1.2312767578868715,51.85782,"STRONG_WAVE,ANTI_MOMENTUM,EARLY_EXHAUSTION_SELL,MARUBOZU_BULL,MARUBOZU_BEAR,TREND_Q1,TREND_Q2,BULL_STRUCTURE","SIGNAL_EXIT,DEFENSE_03"
2024-12-07 19:00:00,2024-12-08 09:00:00,LONG,100143.344664,98960.223996,-20.518610922630927,-0.8741152592135062,14,0.16998167633719602,-1.161669472797437,72.0309301425,"EARLY_WAVE_LONG,TREND_RESUME_02,TREND_RESUME_03,TREND_Q1,TREND_Q2,TREND_Q3,TREND_Q4,BEAR_STRUCTURE",SIGNAL_EXIT
2024-12-08 10:00:00,2024-12-09 02:00:00,LONG,98903.806806,99508.64429000001,27.894109080286704,1.1910414175249253,16,2.230230832597426,0.0,74.53782,"LATE_WAVE_EXIT,WAVE_ACCELERATION,STRONG_WAVE,ANTI_LATE_WAVE,SWING_REVERSAL_BUY,EMERGENCY_EXIT_04,ENERGY_RECOVER,STRUCTURE_FAILURE_LONG","TRAIL_ENERGY, SCALE_OUT_10,TRAIL_ENERGY,SIGNAL_EXIT"
2024-12-09 05:00:00,2024-12-09 15:00:00,LONG,99447.8856,97824.59402176042,-39.26260715497427,-1.6716508408583766,10,0.7123071503493088,-1.3669627984528945,100.0,"FIB_786_LONG,LATE_WAVE_EXIT,WAVE_ACCELERATION,STRONG_WAVE,ANTI_LATE_WAVE,PRESSURE_EXHAUSTION,DELTA_EXHAUSTION,ENERGY_RECOVER",STOP_LOSS
2024-12-09 21:00:00,2024-12-10 13:00:00,LONG,96271.2504,97142.0677,28.3550763825399,1.2124382995770993,16,1.739615506230088,0.0,73.263015,"LATE_WAVE_EXIT,WAVE_ACCELERATION,STRONG_WAVE,ANTI_FIBO,ANTI_LATE_WAVE,EMERGENCY_EXIT_04,DNA_TREND_02,ENERGY_RECOVER","SIGNAL_EXIT,TRAIL_ENERGY, SCALE_OUT_10"
2024-12-12 03:00:00,2024-12-12 18:00:00,LONG,101845.13495400001,101597.316472,-5.085504237907384,-0.21681621024317554,15,0.0,-1.4597800421900455,51.85782,"LATE_WAVE_EXIT,STRONG_WAVE,ANTI_LATE_WAVE,MARUBOZU_BULL,MARUBOZU_BEAR,BULL_STRUCTURE,MOMENTUM_START,TRIPLE_CONFIRMATION",SIGNAL_EXIT
2024-12-12 21:00:00,2024-12-13 09:00:00,LONG,100048.025604,100251.93560200001,3.8378957806345118,0.16373059115388294,12,0.3957843181906568,-0.7237380244423764,52.56657,"EARLY_WAVE_LONG,SWING_REVERSAL_BUY,EMERGENCY_EXIT_04,ENERGY_RECOVER,STRUCTURE_FAILURE_LONG,TREND_Q1,BEAR_STRUCTURE,MOMENTUM_START",SIGNAL_EXIT
2024-12-13 20:00:00,2024-12-14 10:00:00,LONG,101482.632468,101530.979742,3.617966133258707,0.15430032184864714,14,0.6529664395619141,-0.2516218408903773,52.878656249999985,"STRONG_WAVE,DNA_ACCUMULATION_01,HAMMER_BUY,TREND_Q1,TREND_Q2,BEAR_STRUCTURE,MOMENTUM_MIDDLE,TRIPLE_CONFIRMATION",SIGNAL_EXIT
2024-12-14 12:00:00,2024-12-15 03:00:00,LONG,101604.3168,101810.793768,-3.9716076770685285,-0.16933416631930012,15,0.5217920032311023,-0.8309851653862018,73.263015,"FIB_382_LONG,WAVE_ACCELERATION,TREND_Q1,TREND_Q2,TREND_Q3,TREND_Q4,BULL_STRUCTURE,MOMENTUM_END","SIGNAL_EXIT,DEFENSE_03"
2024-12-15 10:00:00,2024-12-16 00:00:00,LONG,102284.79286799999,104443.097202,28.121984249058187,1.1996417018724774,14,2.130519181685494,-0.00468580701549135,73.263015,"EARLY_EXHAUSTION_BUY,TREND_Q1,TREND_Q2,TREND_Q3,TREND_Q4,HIGHER_HIGH_CONTINUE,BULL_STRUCTURE,MOMENTUM_END","SIGNAL_EXIT,SCALE_OUT_30, PYRAMID_LEVEL2"
2024-12-16 02:00:00,2024-12-16 11:00:00,LONG,105553.1064,103653.78187281324,-43.22731795045193,-1.8386820683241292,9,0.0,-0.9641273807172404,94.428761765625,"ANTI_MOMENTUM,EARLY_EXHAUSTION_BUY,EARLY_EXHAUSTION_SELL,EMERGENCY_EXIT_01,DNA_ACCUMULATION_01,HAMMER_BUY,TREND_Q1,TREND_Q2",STOP_LOSS
2024-12-16 15:00:00,2024-12-17 06:00:00,LONG,105508.107402,106796.076512,53.94154923477169,0.7684136468412368,15,1.4885041886082033,0.0,100.0,"FIB_236_LONG,TREND_RESUME_01,TREND_RESUME_04,DNA_TREND_01,DNA_TREND_02,ENERGY_RECOVER,SMART_ACCUMULATION,CONFLUENCE_02","SCALE_OUT_10,SIGNAL_EXIT,TRAIL_ENERGY, SCALE_OUT_10, SCALE_OUT_20"
2024-12-17 09:00:00,2024-12-17 15:00:00,LONG,107428.091322,105731.42006702934,-38.08429467835128,-1.6187235587991404,6,0.7728878618082375,-0.5769266812553631,73.9004175,"FIB_786_LONG,LATE_WAVE_EXIT,WAVE_ACCELERATION,STRONG_WAVE,TREND_Q1,TREND_Q2,TREND_Q3,TREND_Q4",STOP_LOSS
2024-12-17 17:00:00,2024-12-18 01:00:00,LONG,107097.145146,104972.76542042513,-47.393966074833095,-2.022807264180326,8,0.38210622089143925,-1.0505743588833876,73.9004175,"FIB_786_LONG,WAVE_ACCELERATION,EMERGENCY_EXIT_01,TREND_Q1,TREND_Q2,TREND_Q3,TREND_Q4,BULL_STRUCTURE",STOP_LOSS
2024-12-18 02:00:00,2024-12-18 06:00:00,LONG,105356.29704599999,103133.12032940597,-50.098126426499455,-2.149306712760707,4,0.0,-1.6934223164857625,71.77450959000001,"BOS_CONTINUE_SHORT,EARLY_WAVE_LONG,ANTI_FIBO,SWING_REVERSAL_BUY,EMERGENCY_EXIT_04,ENERGY_RECOVER,STRUCTURE_FAILURE_LONG,TREND_Q1",STOP_LOSS
2024-12-18 07:00:00,2024-12-18 19:00:00,LONG,103815.40892999999,104784.478912,20.702873775963315,0.893081479898974,12,1.16834396984156,-0.00961218580444645,73.58171625000001,"EARLY_WAVE_LONG,ANTI_FIBO,EMERGENCY_EXIT_04,STRUCTURE_FAILURE_LONG,BULL_STRUCTURE,MOMENTUM_START,RESISTANCE_MAJOR,TRIPLE_CONFIRMATION",SCALE_OUT_10
2024-12-20 02:00:00,2024-12-20 11:00:00,LONG,96339.253998,92867.61269739497,-84.60941238721423,-3.642116998079338,9,1.550018232475621,-2.0549505168901354,57.79836972000001,"EARLY_WAVE_LONG,HIST200_BUY,SWING_REVERSAL_BUY,LOWER_LOW_CONTINUE,BEAR_STRUCTURE,MOMENTUM_START,BARRIER_L1,BARRIER_L2",STOP_LOSS
2024-12-21 12:00:00,2024-12-22 00:00:00,LONG,98281.732416,97272.5416,-24.5458633760538,-1.0664238479269768,12,0.0,-1.41402922174554,53.19404999999999,"BOS_RETEST_LONG,EMERGENCY_EXIT_04,DNA_ACCUMULATION_01,STRUCTURE_FAILURE_SHORT,TREND_Q1,TREND_Q2,TREND_Q3,TREND_Q4",SIGNAL_EXIT
2024-12-22 03:00:00,2024-12-22 15:00:00,LONG,96739.333998,95344.367312,-34.003236920384104,-1.481408206670544,12,0.37414564173811643,-1.4222694545617245,86.13670218489001,"FIB_236_SHORT,EARLY_WAVE_LONG,SWING_REVERSAL_BUY,TREND_Q1,TREND_Q2,TREND_Q3,TREND_Q4,HIGHER_LOW",DEFENSE_03
2024-12-22 19:00:00,2024-12-23 01:00:00,LONG,95974.42104599999,94007.61926383887,-47.755176820309416,-2.0884781674337476,6,0.0,-1.6500032287154833,52.88030999999997,"FIB_786_LONG,LATE_WAVE_EXIT,ANTI_LATE_WAVE,SWING_REVERSAL_BUY,ENERGY_RECOVER,TREND_Q1,TREND_Q2,TREND_Q3",STOP_LOSS
2024-12-23 03:00:00,2024-12-23 16:00:00,LONG,94742.904792,93231.72992400001,-23.50619080659296,-1.0334961795267614,13,1.7410118590107648,-1.5753525768253982,57.811862499999975,"LATE_WAVE_EXIT,STRONG_WAVE,ANTI_FIBO,ANTI_LATE_WAVE,HAMMER_BUY,ENERGY_RECOVER,CONFLUENCE_02,CONFLUENCE_03","DEFENSE_03,SIGNAL_EXIT"
2024-12-23 17:00:00,2024-12-24 14:00:00,LONG,93999.406122,96065.80299600001,8.998427240202066,0.3966982898447772,21,2.218752185830968,-1.3200680442486141,71.79914196,"FIB_786_SHORT,LATE_WAVE_EXIT,STRONG_WAVE,ANTI_LATE_WAVE,SWING_REVERSAL_BUY,ENERGY_RECOVER,TREND_Q1,TREND_Q2","DEFENSE_03,SCALE_OUT_10, DEFENSE_03,SIGNAL_EXIT,PYRAMID_LEVEL2"
2024-12-24 16:00:00,2024-12-25 14:00:00,LONG,98319.64999800001,98442.87748600001,-3.922640303798466,-0.17277666922302076,22,0.4859862723369263,-1.039100523670289,56.46038999999999,"BOS_RETEST_LONG,EARLY_WAVE_LONG,EMERGENCY_EXIT_04,DNA_TREND_01,DNA_TREND_02,ENERGY_RECOVER,STRUCTURE_FAILURE_SHORT,CONFLUENCE_02",SIGNAL_EXIT
2024-12-25 20:00:00,2024-12-26 08:00:00,LONG,99038.323704,97428.53713582932,-34.662283784402895,-1.527547998726672,12,0.395075644827587,-1.3311349129253733,71.163365,"FIB_786_LONG,LATE_WAVE_EXIT,WAVE_ACCELERATION,BULL_STRUCTURE,MOMENTUM_START,TRIPLE_CONFIRMATION,FIVE_CONFIRMATION,CASCADE_03","SIGNAL_EXIT,STOP_LOSS"
2024-12-27 03:00:00,2024-12-27 15:00:00,LONG,96092.984754,94425.35386890547,-25.447851315871077,-1.125885167799425,12,0.8943371341831761,-1.028404681704794,71.163365,"WAVE_ACCELERATION,ENERGY_RECOVER,TREND_Q1,HIGHER_LOW,BULL_STRUCTURE,MOMENTUM_START,TRIPLE_CONFIRMATION,FIVE_CONFIRMATION","SIGNAL_EXIT,STOP_LOSS"
2024-12-28 05:00:00,2024-12-28 17:00:00,LONG,94542.9048,94855.915022,6.556925199466311,0.29094500171439314,12,0.35114766221991045,-0.17020293626518512,73.9004175,"ANTI_MOMENTUM,EARLY_EXHAUSTION_SELL,TREND_Q1,TREND_Q2,TREND_Q3,HIGHER_LOW,BULL_STRUCTURE,STRUCTURE_ACCELERATION",SIGNAL_EXIT
2024-12-28 20:00:00,2024-12-29 15:00:00,LONG,95046.75555,94604.75526399999,1.0009115038350866,0.04438477038091424,19,0.2942177756429398,-0.44513413167210775,73.263015,"WAVE_ACCELERATION,EARLY_EXHAUSTION_BUY,TREND_Q1,TREND_Q2,TREND_Q3,TREND_Q4,HIGHER_HIGH_CONTINUE,BULL_STRUCTURE","SIGNAL_EXIT,DEFENSE_03"
2024-12-30 14:00:00,2024-12-31 04:00:00,LONG,92699.056104,92491.09808000001,-7.407068012917877,-0.3284580183913709,14,2.0333906031203552,-0.8792604134885331,59.48196036489,"EARLY_WAVE_LONG,FAILED_WAVE,HIST200_BUY,ANTI_FIBO,TREND_RESUME_05,DNA_TREND_01,DNA_TREND_02,MARUBOZU_BULL",SIGNAL_EXIT
2024-12-31 05:00:00,2024-12-31 19:00:00,LONG,93342.25495810318,93856.914862,42.30136858936866,1.3411351957154038,14,3.3748771187264737,0.0,73.9004175,"FIB_786_LONG,STRONG_WAVE,EARLY_EXHAUSTION_BUY,HIDDEN_EXHAUSTION,PRESSURE_EXHAUSTION,DELTA_EXHAUSTION,TREND_Q1,TREND_Q2,PYRAMID_LEVEL3","TRAIL_ENERGY, SCALE_OUT_10, SCALE_OUT_20,SIGNAL_EXIT,SCALE_OUT_10"
2024-12-31 20:00:00,2025-01-01 12:00:00,LONG,94185.713376,93425.96106999999,-16.649172135923557,-0.7356194314100656,16,0.228725372753713,-0.9125411330366519,89.69260845999999,"FIB_382_LONG,WAVE_ACCELERATION,STRONG_WAVE,HIGHER_HIGH_CONTINUE,BULL_STRUCTURE,MOMENTUM_MIDDLE,TRIPLE_CONFIRMATION,FIVE_CONFIRMATION",SIGNAL_EXIT
2025-01-02 07:00:00,2025-01-02 19:00:00,LONG,95594.11499999999,97300.276052,39.39705192622293,1.744083243596335,12,1.8051581941001438,0.0,52.878656249999985,"LATE_WAVE_EXIT,STRONG_WAVE,ANTI_LATE_WAVE,EMERGENCY_EXIT_04,DNA_ACCUMULATION_01,HAMMER_BUY,STRUCTURE_FAILURE_SHORT,BEAR_STRUCTURE",TRAIL_ENERGY
2025-01-03 09:00:00,2025-01-03 21:00:00,LONG,96149.195994,98291.847698,49.62557531690844,2.1875741582405515,12,2.5406494362703143,0.0,71.77716,"LATE_WAVE_EXIT,WAVE_ACCELERATION,STRONG_WAVE,SWING_REVERSAL_BUY,BULL_STRUCTURE,MOMENTUM_START,TRIPLE_CONFIRMATION,FIVE_CONFIRMATION","TRAIL_ENERGY, TRAIL_DELTA, SCALE_OUT_10, SCALE_OUT_20, SCALE_OUT_30"
2025-01-04 01:00:00,2025-01-04 13:00:00,LONG,97969.60000199999,97868.542376,-3.26392771542747,-0.14311076389771124,12,0.34185093946812667,-0.2850169868962375,51.528014999999996,"FIB_382_SHORT,TREND_Q1,TREND_Q2,TREND_Q3,HIGHER_HIGH_CONTINUE,BULL_STRUCTURE,MOMENTUM_START,TRIPLE_CONFIRMATION","DEFENSE_03, DEFENSE_04"
2025-01-04 14:00:00,2025-01-05 09:00:00,LONG,97992.64461,97841.467792,2.51813413893528,0.11046113064828306,19,0.6187968417561428,-0.34156095218379745,52.88030999999997,"FIB_786_LONG,SWING_REVERSAL_BUY,TREND_Q1,TREND_Q2,TREND_Q3,TREND_Q4,BEAR_STRUCTURE,MOMENTUM_START","DEFENSE_03,SIGNAL_EXIT"
2025-01-06 07:00:00,2025-01-06 19:00:00,LONG,99532.112442,101718.462238,49.15232251710901,2.155748891951961,12,2.6389046645931136,-0.7677446235708936,73.9004175,"LATE_WAVE_EXIT,STRONG_WAVE,ANTI_LATE_WAVE,ENERGY_RECOVER,TREND_Q1,TREND_Q2,TREND_Q3,TREND_Q4","TRAIL_ENERGY, TRAIL_DELTA, SCALE_OUT_10, SCALE_OUT_20"
2025-01-06 22:00:00,2025-01-07 11:00:00,LONG,101632.242384,101386.498644,-2.891149855478109,-0.1261344272196992,13,0.5936675230684424,-0.22184139472995945,51.76426499999999,"FIB_236_SHORT,TREND_Q1,TREND_Q2,TREND_Q3,TREND_Q4,HIGHER_HIGH_CONTINUE,BULL_STRUCTURE,MOMENTUM_START",SIGNAL_EXIT
2025-01-07 12:00:00,2025-01-07 15:00:00,LONG,100851.026172,99577.29280578726,-29.84197466996593,-1.3024798390199663,3,0.0,-0.863983446746436,73.58171625000001,"EARLY_WAVE_LONG,ANTI_FIBO,EMERGENCY_EXIT_04,ENERGY_RECOVER,STRUCTURE_FAILURE_LONG,TREND_Q1,TREND_Q2,TREND_Q3",STOP_LOSS
2025-01-07 17:00:00,2025-01-08 06:00:00,LONG,97753.126716,95854.92793812994,-36.95324859740958,-1.6182890901536713,13,0.0,-1.5122960928860334,51.137966250000005,"EARLY_WAVE_LONG,ANTI_FIBO,EMERGENCY_EXIT_01,EMERGENCY_EXIT_04,DNA_DISTRIBUTION_01,STRUCTURE_FAILURE_LONG,BULL_STRUCTURE,MOMENTUM_START","SIGNAL_EXIT,DEFENSE_03,STOP_LOSS"
2025-01-10 16:00:00,2025-01-11 20:00:00,LONG,93749.676186,94230.420146,9.600177795407804,0.4221696085986892,28,2.179606263328247,-0.11160165054054692,51.528014999999996,"FIB_382_SHORT,ENERGY_RECOVER,TREND_Q1,TREND_Q2,HIGHER_HIGH_CONTINUE,BULL_STRUCTURE,STRUCTURE_WEAKENING,MOMENTUM_START","SIGNAL_EXIT,SCALE_OUT_10"
2025-01-11 22:00:00,2025-01-12 09:00:00,LONG,94959.73815,93829.92679129187,-27.981187731657656,-1.229303441823621,11,0.0,-0.8316452481709058,56.11808124999999,"BOS_CONTINUE_LONG,EARLY_WAVE_LONG,FAILED_WAVE,EMERGENCY_EXIT_04,DNA_TREND_01,DNA_TREND_02,ENERGY_RECOVER,STRUCTURE_FAILURE_SHORT",STOP_LOSS
2025-01-12 10:00:00,2025-01-13 01:00:00,LONG,93924.991242,95306.36491399999,15.298001320814414,0.6742298349224214,15,1.491018247094349,0.0,52.09407,"BOS_CONTINUE_SHORT,LATE_WAVE_EXIT,WAVE_ACCELERATION,STRONG_WAVE,ANTI_LATE_WAVE,SWING_REVERSAL_BUY,ENERGY_RECOVER,TREND_Q1",SIGNAL_EXIT
2025-01-13 04:00:00,2025-01-13 08:00:00,LONG,94288.083846,92907.11668476701,-68.36030965876422,-1.5040394820443184,4,0.2282962440424377,-0.7401188119802835,100.0,"FIB_236_LONG,FIB_382_LONG,ANTI_MOMENTUM,EARLY_EXHAUSTION_BUY,EARLY_EXHAUSTION_SELL,TREND_Q1,TREND_Q2,HIGHER_LOW",STOP_LOSS
2025-01-13 13:00:00,2025-01-14 07:00:00,LONG,92168.27997675588,95012.923614,107.90465873784224,2.6585321260966546,18,3.201654651674441,0.0,70.40323230341623,"LATE_WAVE_EXIT,STRONG_WAVE,HIST200_BUY,HIST1000_BUY,ANTI_FIBO,ANTI_LATE_WAVE,MAJOR_DEMAND,TREND_RESUME_05,TRAIL_DELTA,PYRAMID_LEVEL3,TRAIL_ENERGY,SCALE_OUT_10","TRAIL_ENERGY, SCALE_OUT_10,TRAIL_ENERGY, TRAIL_DELTA, SCALE_OUT_10, SCALE_OUT_20,SIGNAL_EXIT,TRAIL_ENERGY, TRAIL_DELTA, SCALE_OUT_10, SCALE_OUT_20, DEFENSE_03,TRAIL_ENERGY, TRAIL_DELTA, TRAIL_WAVE, SCALE_OUT_10, SCALE_OUT_20, PYRAMID_LEVEL3,TRAIL_WAVE, PYRAMID_LEVEL3"
2025-01-14 15:00:00,2025-01-15 04:00:00,LONG,96312.868722,97297.656576,21.23962958762966,0.930916483874095,13,1.076441073510646,-0.589161894489797,86.4429663125,"EARLY_WAVE_LONG,HIGHER_HIGH_CONTINUE,BULL_STRUCTURE,MOMENTUM_START,TRIPLE_CONFIRMATION,CASCADE_03,CASCADE_05,CASCADE_08","SIGNAL_EXIT,TRAIL_ENERGY, SCALE_OUT_10, SCALE_OUT_20"
2025-01-15 13:00:00,2025-01-16 02:00:00,LONG,97537.16827532616,100062.33353,133.83240901204897,2.4387208300161114,13,3.6457892428763126,0.0,100.0,"FIB_382_LONG,TREND_RESUME_02,TREND_RESUME_03,BULL_STRUCTURE,MOMENTUM_START,TRIPLE_CONFIRMATION,FIVE_CONFIRMATION,CASCADE_03,TRAIL_ENERGY,TRAIL_WAVE,SCALE_OUT_10,SCALE_OUT_30,PYRAMID_LEVEL3","TRAIL_DELTA,SIGNAL_EXIT"
2025-01-16 06:00:00,2025-01-16 14:00:00,LONG,99401.986422,97753.64081996848,-39.377059769738004,-1.6975989304636634,8,0.4016454724607316,-0.4488707299125436,57.05477946000001,"FIB_382_SHORT,MARUBOZU_BULL,TREND_Q1,TREND_Q2,TREND_Q3,TREND_Q4,MULTI_SWING_SELL_01,HIGHER_HIGH_CONTINUE",STOP_LOSS
2025-01-16 15:00:00,2025-01-17 04:00:00,LONG,98734.82028049606,101031.519654,96.51694509027104,2.3218430342262857,13,2.9624601647061883,0.0,51.137966250000005,"BOS_CONTINUE_SHORT,EARLY_WAVE_LONG,ANTI_FIBO,EMERGENCY_EXIT_04,DNA_TREND_01,DNA_TREND_02,ENERGY_RECOVER,STRUCTURE_FAILURE_LONG,TRAIL_ENERGY,SCALE_OUT_10,SCALE_OUT_30,PYRAMID_LEVEL2","SCALE_OUT_30,TRAIL_ENERGY, TRAIL_DELTA, SCALE_OUT_10, SCALE_OUT_20, SCALE_OUT_30"
2025-01-17 08:00:00,2025-01-17 22:00:00,LONG,102928.32890887455,104583.56910200001,369.3846277871278,2.474248638290646,14,2.823907783151459,0.0,100.0,"EARLY_WAVE_LONG,TREND_RESUME_02,TREND_RESUME_03,TREND_Q1,TREND_Q2,TREND_Q3,TREND_Q4,HIGHER_HIGH_CONTINUE,PYRAMID_LEVEL1,SCALE_OUT_30,PYRAMID_LEVEL2,TRAIL_ENERGY,TRAIL_DELTA,SCALE_OUT_10,SCALE_OUT_20","TRAIL_ENERGY, TRAIL_DELTA, SCALE_OUT_20, SCALE_OUT_30, PYRAMID_LEVEL2,TRAIL_ENERGY,TRAIL_ENERGY, SCALE_OUT_10, SCALE_OUT_20"
2025-01-18 01:00:00,2025-01-18 04:00:00,LONG,104677.80137399999,102734.51528269309,-45.95305308743379,-1.8957026908981889,3,0.0,-1.0680214518506945,93.86310948271237,"WAVE_ACCELERATION,HIDDEN_EXHAUSTION,PRESSURE_EXHAUSTION,DELTA_EXHAUSTION,TREND_RESUME_02,TREND_RESUME_03,MARUBOZU_BULL,MARUBOZU_BEAR",STOP_LOSS
2025-01-18 11:00:00,2025-01-19 06:00:00,LONG,103205.27692799999,105095.486698,25.41315991823631,1.0534678572670928,19,1.8518850284500177,0.0,94.428761765625,"STRONG_WAVE,HIDDEN_EXHAUSTION,DNA_ACCUMULATION_01,HAMMER_BUY,TREND_Q1,TREND_Q2,TREND_Q3,TREND_Q4","TRAIL_ENERGY, SCALE_OUT_10,DEFENSE_03,SIGNAL_EXIT,TRAIL_ENERGY, SCALE_OUT_20"
2025-01-19 07:00:00,2025-01-19 09:00:00,LONG,105589.403658,103747.63006064722,-43.13494110281978,-1.7835811020174719,2,0.0,-1.0996971455213012,57.05197139250001,"EARLY_WAVE_LONG,HIST200_SELL,TREND_RESUME_02,TREND_RESUME_03,TREND_Q1,TREND_Q2,TREND_Q3,TREND_Q4",STOP_LOSS
2025-01-19 12:00:00,2025-01-19 22:00:00,LONG,104384.11264800001,102240.73644427976,-50.376072609827844,-2.0925334736174683,10,1.811939867111793,-0.6702865313990986,51.528014999999996,"FIB_382_SHORT,WAVE_ACCELERATION,ENERGY_RECOVER,TREND_Q1,TREND_Q2,TREND_Q3,TREND_Q4,HIGHER_HIGH_CONTINUE",STOP_LOSS
2025-01-20 00:00:00,2025-01-20 12:00:00,LONG,105215.0153114844,108217.542162,175.0908123201249,2.812564180967991,12,6.052839207564118,-1.536554610786946,73.58171625000001,"EARLY_WAVE_LONG,ANTI_FIBO,EMERGENCY_EXIT_04,ENERGY_WALL,ENERGY_EXTREME,ENERGY_RECOVER,STRUCTURE_FAILURE_LONG,BULL_STRUCTURE,TRAIL_WAVE,SCALE_OUT_30,SCALE_OUT_80,PYRAMID_LEVEL3,TRAIL_DELTA,TRAIL_ENERGY,SCALE_OUT_10,SCALE_OUT_20,SCALE_OUT_50","TRAIL_ENERGY, TRAIL_DELTA, SCALE_OUT_10, SCALE_OUT_20, SCALE_OUT_30"
2025-01-20 14:00:00,2025-01-20 16:00:00,LONG,107977.901262,103815.39033030857,-189.8227436801546,-3.8934235975033307,2,0.0,-2.796786404166547,100.0,"EARLY_WAVE_LONG,PRESSURE_EXHAUSTION,DELTA_EXHAUSTION,TREND_RESUME_02,TREND_RESUME_03,EMERGENCY_EXIT_01,TREND_Q1,TREND_Q2",STOP_LOSS
2025-01-20 17:00:00,2025-01-20 17:00:00,LONG,106691.704074,101109.86347545504,-251.86761470139223,-5.269654836551854,0,0.0,0.0,100.0,"FIB_236_LONG,TREND_RESUME_02,TREND_RESUME_03,ENERGY_RECOVER,CONFLUENCE_02,CONFLUENCE_03,TREND_Q1,TREND_Q2",STOP_LOSS
2025-01-20 23:00:00,2025-01-21 16:00:00,LONG,103628.71159800001,103922.201402,-5.340294512701978,-0.11477852246121013,17,0.8600593293656157,-2.3554877411475204,100.0,"FIB_382_LONG,PRESSURE_EXHAUSTION,DELTA_EXHAUSTION,MULTI_SWING_BUY_01,HIGHER_LOW,BULL_STRUCTURE,MOMENTUM_START,TRIPLE_CONFIRMATION","SIGNAL_EXIT,DEFENSE_03"
2025-01-22 22:00:00,2025-01-23 04:00:00,LONG,104107.76739,101813.738928508,-52.131034455574934,-2.2426318569652293,6,0.0,-1.5815509555900331,50.460865000000005,"FIB_236_SHORT,ANTI_MOMENTUM,EARLY_EXHAUSTION_SELL,HIGHER_LOW,BULL_STRUCTURE,MOMENTUM_END,TRIPLE_CONFIRMATION,FIVE_CONFIRMATION",STOP_LOSS
2025-01-23 05:00:00,2025-01-23 22:00:00,LONG,102095.625042,103058.464184,73.563950110914,3.1828203040587155,17,3.7534957608844954,-0.4506021113154898,50.90171625000001,"BOS_RETEST_SHORT,EARLY_WAVE_LONG,ANTI_FIBO,EMERGENCY_EXIT_04,ENERGY_RECOVER,STRUCTURE_FAILURE_LONG,BULL_STRUCTURE,MOMENTUM_START","SIGNAL_EXIT,TRAIL_ENERGY, TRAIL_DELTA, TRAIL_WAVE, SCALE_OUT_20, SCALE_OUT_30, SCALE_OUT_50,TRAIL_ENERGY, TRAIL_DELTA, TRAIL_WAVE, SCALE_OUT_10, SCALE_OUT_20,TRAIL_ENERGY, SCALE_OUT_20"
2025-01-24 09:00:00,2025-01-25 00:00:00,LONG,105521.860152,104849.535898,-14.540187831612677,-0.6241919409488633,15,0.8875884548006243,-0.70564539985119,90.7265461375,"TREND_Q1,MULTI_SWING_BUY_01,HIGHER_LOW,BULL_STRUCTURE,MOMENTUM_START,TRIPLE_CONFIRMATION,FIVE_CONFIRMATION,CASCADE_03",SIGNAL_EXIT
2025-01-25 01:00:00,2025-01-25 14:00:00,LONG,104440.463916,104696.10659000001,10.321565995200185,0.22191439516356407,13,0.7295410757776941,-0.12683198736701534,94.85311248000001,"LATE_WAVE_EXIT,WAVE_ACCELERATION,STRONG_WAVE,ANTI_LATE_WAVE,SWING_REVERSAL_BUY,EMERGENCY_EXIT_04,MARUBOZU_BULL,STRUCTURE_FAILURE_LONG",SIGNAL_EXIT
2025-01-25 18:00:00,2025-01-26 06:00:00,LONG,104920.69994399999,105073.111174,2.4488488963260773,0.10520515550251505,12,0.24167781585078157,-0.30569748788482815,52.24621499999999,"WAVE_ACCELERATION,TREND_RESUME_02,TREND_RESUME_03,TREND_Q1,TREND_Q2,TREND_Q3,BEAR_STRUCTURE,MOMENTUM_START",DEFENSE_03
2025-01-26 07:00:00,2025-01-26 20:00:00,LONG,105011.74815,105060.623672,0.15188997494039425,0.006524291473955519,13,0.1555653085278165,-0.3635004242142031,51.6929175,"FIB_786_SHORT,WAVE_ACCELERATION,ANTI_MOMENTUM,EARLY_EXHAUSTION_SELL,TREND_Q1,TREND_Q2,TREND_Q3,TREND_Q4",SIGNAL_EXIT
2025-01-26 23:00:00,2025-01-26 23:00:00,LONG,104351.076042,103270.69128359866,-25.02283427147214,-1.0749223462375357,0,0.0,0.0,52.56657,"EARLY_WAVE_LONG,ANTI_FIBO,SWING_REVERSAL_BUY,EMERGENCY_EXIT_04,ENERGY_WALL,ENERGY_RECOVER,STRUCTURE_FAILURE_LONG,BEAR_STRUCTURE",STOP_LOSS
2025-01-28 03:00:00,2025-01-28 21:00:00,LONG,102422.490402,101243.767196,-4.303113118850988,-0.18536833813045359,18,0.5780952949650586,-1.1306212116644525,51.85782,"LATE_WAVE_EXIT,WAVE_ACCELERATION,STRONG_WAVE,ANTI_LATE_WAVE,EMERGENCY_EXIT_04,MARUBOZU_BULL,MARUBOZU_BEAR,STRUCTURE_FAILURE_SHORT",SIGNAL_EXIT
2025-01-29 20:00:00,2025-01-30 08:00:00,LONG,103604.7168,105111.04358600001,32.79047833457903,1.4133356219604276,12,1.8081060958027786,-0.10873713425371481,56.11808124999999,"BOS_CONTINUE_LONG,EARLY_WAVE_LONG,EMERGENCY_EXIT_04,ENERGY_WALL,ENERGY_RECOVER,STRUCTURE_FAILURE_SHORT,CONFLUENCE_02,CONFLUENCE_03","TRAIL_ENERGY, SCALE_OUT_10, SCALE_OUT_20"
2025-01-30 15:00:00,2025-01-31 03:00:00,LONG,105941.75411400001,104320.861654,-109.606996999294,-1.5693725467982458,12,0.0,-1.510296037083048,100.0,"EARLY_WAVE_LONG,TREND_RESUME_01,TREND_RESUME_02,TREND_RESUME_03,DNA_TREND_02,ENERGY_RECOVER,CONFLUENCE_02,CONFLUENCE_03",SIGNAL_EXIT
2025-01-31 15:00:00,2025-01-31 18:00:00,LONG,104464.878798,102844.79856937229,-36.57407741640247,-1.590216891236436,3,0.956427857377764,0.0,50.460865000000005,"FIB_236_SHORT,ENERGY_RECOVER,TREND_Q1,HIGHER_LOW,BULL_STRUCTURE,MOMENTUM_START,TRIPLE_CONFIRMATION,FIVE_CONFIRMATION",STOP_LOSS
2025-01-31 19:00:00,2025-02-01 11:00:00,LONG,102647.815458,101617.6724,-12.112146194107556,-0.528783248671547,16,0.0,-0.9837671201226679,50.90171625000001,"EARLY_WAVE_LONG,FAILED_WAVE,ANTI_FIBO,EMERGENCY_EXIT_04,DNA_TREND_01,DNA_TREND_02,MARUBOZU_BEAR,ENERGY_RECOVER","SIGNAL_EXIT,DEFENSE_03"
2025-02-01 21:00:00,2025-02-02 03:00:00,LONG,101353.606668,100088.19813135042,-29.46079112625213,-1.2880092369858154,6,0.0,-0.8894075875886911,50.619659999999996,"EARLY_WAVE_LONG,SWING_REVERSAL_BUY,ENERGY_RECOVER,BEAR_STRUCTURE,MOMENTUM_START,BARRIER_L1,TRIPLE_CONFIRMATION,FIVE_CONFIRMATION",STOP_LOSS
2025-02-02 12:00:00,2025-02-02 17:00:00,LONG,98884.37292000001,97154.21823746248,-40.7835802965604,-1.788974655544098,5,0.4677150355943081,-0.7143423163248279,52.56657,"EARLY_WAVE_LONG,SWING_REVERSAL_BUY,ENERGY_RECOVER,TREND_Q1,TREND_Q2,BEAR_STRUCTURE,MOMENTUM_START,BARRIER_L1",STOP_LOSS
2025-02-03 01:00:00,2025-02-03 01:00:00,LONG,96530.632266,93031.64658804565,-83.13086276299572,-3.6632913859356178,0,0.0,0.0,51.9291675,"EARLY_WAVE_LONG,HIST200_BUY,ANTI_FIBO,ENERGY_WALL,ENERGY_EXTREME,ENERGY_RECOVER,TREND_Q1,TREND_Q2",STOP_LOSS
2025-02-03 20:00:00,2025-02-04 05:00:00,LONG,101900.36599800001,98262.07072474978,-162.281887981659,-3.6090155962857984,9,0.0,-1.8127962347419524,100.0,"LATE_WAVE_EXIT,STRONG_WAVE,ANTI_LATE_WAVE,MARUBOZU_BULL,MULTI_SWING_BUY_01,HIGHER_LOW,BULL_STRUCTURE,STRUCTURE_WEAKENING",STOP_LOSS
2025-02-04 19:00:00,2025-02-04 21:00:00,LONG,99435.08304,96597.46011098623,-63.847393753657435,-2.8926027163884642,2,0.0,-0.787350918875448,73.263015,"FIB_382_LONG,WAVE_ACCELERATION,EARLY_EXHAUSTION_BUY,PRESSURE_EXHAUSTION,DELTA_EXHAUSTION,BULL_STRUCTURE,MOMENTUM_MIDDLE,TRIPLE_CONFIRMATION",STOP_LOSS
2025-02-04 22:00:00,2025-02-05 20:00:00,LONG,96533.772894,97350.526,33.41586045433142,1.5250849187039688,22,2.109352038105787,0.0,71.53825959000001,"EARLY_WAVE_LONG,ANTI_FIBO,MARUBOZU_BULL,MARUBOZU_BEAR,TREND_Q1,BULL_STRUCTURE,MOMENTUM_START,TRIPLE_CONFIRMATION","DEFENSE_03,SIGNAL_EXIT,TRAIL_ENERGY, SCALE_OUT_20"
2025-02-06 23:00:00,2025-02-07 11:00:00,LONG,96979.381998,97242.06769600001,5.07489568548862,0.230759225632342,12,0.6150461981829392,-0.4863219256333512,72.66803709374999,"FIB_786_LONG,STRONG_WAVE,EARLY_EXHAUSTION_BUY,DNA_ACCUMULATION_01,HAMMER_BUY,TREND_Q1,TREND_Q2,TREND_Q3","DEFENSE_03, DEFENSE_04"
2025-02-07 21:00:00,2025-02-08 11:00:00,LONG,95783.45286,96031.41987400001,7.3183928063288874,0.16630703035944053,14,1.0101506169486296,0.0,94.85311248000001,"LATE_WAVE_EXIT,STRONG_WAVE,ANTI_LATE_WAVE,SWING_REVERSAL_BUY,DNA_TREND_01,DNA_TREND_02,MARUBOZU_BULL,ENERGY_RECOVER","DEFENSE_03,SIGNAL_EXIT"
2025-02-08 13:00:00,2025-02-09 02:00:00,LONG,96078.46184999999,96972.961528,14.74964790563855,0.6699345191638365,13,0.9511998135719617,-0.24430225617729037,58.11872471999999,"FIB_236_SHORT,FIB_382_SHORT,SWING_REVERSAL_BUY,TREND_Q1,TREND_Q2,TREND_Q3,TREND_Q4,HIGHER_LOW","DEFENSE_03,SIGNAL_EXIT"
2025-02-09 04:00:00,2025-02-09 13:00:00,LONG,97319.449998,96231.5205928412,-25.523144861817507,-1.15744798539149,9,0.0,-0.8057895908948494,61.84969896,"BOS_RETEST_LONG,EARLY_WAVE_LONG,EMERGENCY_EXIT_04,EMERGENCY_EXIT_05,DNA_TREND_01,DNA_TREND_02,MARUBOZU_BULL,MARUBOZU_BEAR",STOP_LOSS
2025-02-09 14:00:00,2025-02-09 21:00:00,LONG,95897.10558599999,94848.02633580261,-49.841609200437105,-1.1335258286360546,7,0.6163318594323561,0.0,94.85311248000001,"LATE_WAVE_EXIT,WAVE_ACCELERATION,STRONG_WAVE,ANTI_LATE_WAVE,SWING_REVERSAL_BUY,DNA_TREND_01,DNA_TREND_02,MARUBOZU_BULL",STOP_LOSS
2025-02-09 23:00:00,2025-02-10 11:00:00,LONG,95849.356038,97708.74434199999,41.5078053415738,1.899130971251933,12,1.960298993824311,-0.28519340066471033,100.0,"EARLY_WAVE_LONG,WAVE_ACCELERATION,SWING_REVERSAL_BUY,ENERGY_RECOVER,CONFLUENCE_02,CONFLUENCE_03,TREND_Q1,TREND_Q2",DEFENSE_03
2025-02-10 23:00:00,2025-02-11 17:00:00,LONG,97409.73805199999,96345.76699199999,6.242671361087037,0.2843032132115892,18,1.0415713749875795,-1.072467776725054,73.263015,"FIB_382_LONG,WAVE_ACCELERATION,EARLY_EXHAUSTION_BUY,PRESSURE_EXHAUSTION,DELTA_EXHAUSTION,BULL_STRUCTURE,MOMENTUM_MIDDLE,BARRIER_L1","SCALE_OUT_10, DEFENSE_03,SIGNAL_EXIT"
2025-02-11 19:00:00,2025-02-12 14:00:00,LONG,95488.37385599999,94956.374926,9.8071141359423,0.4463621465102664,19,0.9444669623969483,-0.5372317438074714,51.85782,"LATE_WAVE_EXIT,STRONG_WAVE,ANTI_FIBO,ANTI_LATE_WAVE,DNA_TREND_01,DNA_TREND_02,MARUBOZU_BULL,MARUBOZU_BEAR","SIGNAL_EXIT,SCALE_OUT_10,SCALE_OUT_10, DEFENSE_03,DEFENSE_03"
2025-02-12 15:00:00,2025-02-13 03:00:00,LONG,95648.045784,97454.175266,40.63419182532369,1.8475524485720465,12,2.44452899882574,0.0,99.80967025749999,"FIB_236_LONG,FIB_382_LONG,WAVE_ACCELERATION,EMERGENCY_EXIT_01,EMERGENCY_EXIT_05,ENERGY_RECOVER,CONFLUENCE_02,CONFLUENCE_03","TRAIL_ENERGY, SCALE_OUT_10"
2025-02-14 04:00:00,2025-02-14 17:00:00,LONG,97149.40599599999,97639.16826,8.581099395220436,0.3884096199605339,13,0.5242378980896496,-0.5114040491615989,51.85782,"LATE_WAVE_EXIT,WAVE_ACCELERATION,STRONG_WAVE,ANTI_LATE_WAVE,EMERGENCY_EXIT_04,MARUBOZU_BULL,MARUBOZU_BEAR,STRUCTURE_FAILURE_SHORT",SIGNAL_EXIT
2025-02-17 21:00:00,2025-02-18 16:00:00,LONG,95990.54427,95527.38070200001,-12.757322980251919,-0.5769371167969143,19,0.43627810758323476,-0.7830503261714645,56.797369999999965,"FIB_786_LONG,LATE_WAVE_EXIT,SWING_REVERSAL_BUY,ENERGY_RECOVER,CONFLUENCE_02,CONFLUENCE_03,TREND_Q1,BEAR_STRUCTURE","SIGNAL_EXIT,DEFENSE_03"
2025-02-18 22:00:00,2025-02-19 11:00:00,LONG,95084.473092,96311.043938,26.673966819307132,1.2081667621694752,13,1.3102527336872072,0.0,80.05913999999999,"LATE_WAVE_EXIT,STRONG_WAVE,ANTI_LATE_WAVE,SWING_REVERSAL_BUY,DNA_TREND_01,DNA_TREND_02,ENERGY_RECOVER,CONFLUENCE_02",SIGNAL_EXIT
2025-02-19 17:00:00,2025-02-20 05:00:00,LONG,96319.26,97205.015108,19.468495777647217,0.8792354737326805,12,0.9397912733133661,-0.6735101577815291,74.53782,"BOS_RETEST_LONG,LATE_WAVE_EXIT,WAVE_ACCELERATION,STRONG_WAVE,ANTI_LATE_WAVE,PRESSURE_EXHAUSTION,DELTA_EXHAUSTION,EMERGENCY_EXIT_04",SIGNAL_EXIT
2025-02-21 08:00:00,2025-02-21 15:00:00,LONG,98199.405954,97308.85620574106,-21.002233523889895,-0.9465162051760633,7,1.1563451275172787,0.0,78.34759625,"FIB_236_LONG,WAVE_ACCELERATION,PRESSURE_EXHAUSTION,DELTA_EXHAUSTION,ENERGY_RECOVER,CONFLUENCE_02,CONFLUENCE_03,TREND_Q1",STOP_LOSS
2025-02-21 17:00:00,2025-02-21 18:00:00,LONG,98235.45316199999,96524.43781208365,-118.26684691700173,-1.7810526329591732,1,0.0,-1.2862496393397527,100.0,"FIB_236_LONG,FIB_382_LONG,EARLY_WAVE_LONG,WAVE_ACCELERATION,SWING_REVERSAL_BUY,TREND_RESUME_02,TREND_RESUME_03,EMERGENCY_EXIT_01",STOP_LOSS
2025-02-23 13:00:00,2025-02-24 04:00:00,LONG,95752.086588,95069.6637658092,5.016033792618116,0.22975653395161572,15,0.5283575847039529,-0.346296984029966,73.58171625000001,"EARLY_WAVE_LONG,ANTI_FIBO,DNA_TREND_01,DNA_TREND_02,ENERGY_RECOVER,BULL_STRUCTURE,MOMENTUM_START,TRIPLE_CONFIRMATION","SIGNAL_EXIT,STOP_LOSS"
2025-02-24 05:00:00,2025-02-24 15:00:00,LONG,95317.0596,94384.48205728846,-22.2355552822375,-1.0180038490554164,10,0.5822256816659197,-0.6741915903582814,78.73510497999999,"EARLY_WAVE_LONG,FAILED_WAVE,SWING_REVERSAL_BUY,ENERGY_WALL,ENERGY_RECOVER,CONFLUENCE_02,CONFLUENCE_03,TREND_Q1",STOP_LOSS
2025-02-25 07:00:00,2025-02-25 07:00:00,LONG,91294.2552,88899.61608815585,-57.989144919455484,-2.6619407244799076,0,0.0,0.0,86.16503207812701,"EARLY_WAVE_LONG,HIST200_BUY,HIST1000_BUY,SWING_REVERSAL_BUY,MAJOR_DEMAND,MARUBOZU_BULL,MARUBOZU_BEAR,TREND_Q1",STOP_LOSS
2025-02-25 16:00:00,2025-02-26 04:00:00,LONG,88034.57424426278,88882.229998,35.92656967511679,0.9224817280137394,12,2.0284382924436666,-0.20516701555803063,86.79567480341623,"EARLY_WAVE_LONG,HIST200_BUY,HIST1000_BUY,ANTI_FIBO,MAJOR_DEMAND,ENERGY_RECOVER,TREND_Q1,TREND_Q2,PYRAMID_LEVEL2","SCALE_OUT_10, DEFENSE_03, DEFENSE_04"
2025-02-26 20:00:00,2025-02-27 10:00:00,LONG,84762.46258579017,86152.576038,63.31180691185163,1.6192189004104285,14,2.3957180530926405,0.0,87.20404736021999,"LATE_WAVE_EXIT,STRONG_WAVE,HIST200_BUY,HIST1000_BUY,ANTI_FIBO,ANTI_LATE_WAVE,MAJOR_DEMAND,TREND_Q1,TRAIL_ENERGY,SCALE_OUT_10,PYRAMID_LEVEL2","TRAIL_ENERGY, SCALE_OUT_10, SCALE_OUT_20, DEFENSE_03,TRAIL_ENERGY, SCALE_OUT_10,TRAIL_ENERGY, SCALE_OUT_10, SCALE_OUT_20"
2025-02-28 14:00:00,2025-03-01 03:00:00,LONG,83152.52617823308,85223.40191,139.31797760533527,2.4494582000277147,13,3.037368231160477,0.0,57.80056589999999,"FIB_382_LONG,STRONG_WAVE,TREND_Q1,TREND_Q2,TREND_Q3,TREND_Q4,MULTI_SWING_BUY_01,LOWER_LOW_CONTINUE,PYRAMID_LEVEL2,PYRAMID_LEVEL3,TRAIL_DELTA",PYRAMID_LEVEL2
2025-03-01 04:00:00,2025-03-02 01:00:00,LONG,85347.896166,86009.414676,-11.942111178632379,-0.5374418834767759,21,0.9866837635483054,-0.9556839742289198,72.67024484999997,"EARLY_WAVE_LONG,EMERGENCY_EXIT_04,DNA_ACCUMULATION_01,STRUCTURE_FAILURE_SHORT,BEAR_STRUCTURE,MOMENTUM_START,SUPPORT_MAJOR,TRIPLE_CONFIRMATION","SIGNAL_EXIT,SCALE_OUT_10"
2025-03-02 02:00:00,2025-03-02 16:00:00,LONG,86372.210988,87410.5144,-18.609792568743835,-0.8387245076020537,14,1.2223595991385263,-1.4643147067008933,74.53782,"LATE_WAVE_EXIT,WAVE_ACCELERATION,STRONG_WAVE,ANTI_LATE_WAVE,EARLY_EXHAUSTION_BUY,HIDDEN_EXHAUSTION,SWING_REVERSAL,BULL_STRUCTURE",SIGNAL_EXIT
2025-03-02 18:00:00,2025-03-03 07:00:00,LONG,94112.55874800001,91627.6708,-29.36365234082683,-1.326303717589371,13,0.23104382124198752,-2.6208709876910263,100.0,"EARLY_WAVE_LONG,EMERGENCY_EXIT_04,DNA_TREND_02,ENERGY_RECOVER,STRUCTURE_FAILURE_SHORT,CONFLUENCE_02,CONFLUENCE_03,BULL_STRUCTURE",SIGNAL_EXIT
2025-03-04 13:00:00,2025-03-05 11:00:00,LONG,83780.482746,89908.084786,86.76846658339768,3.932609469631029,22,7.335344763567177,-1.1655253276117166,50.619659999999996,"EARLY_WAVE_LONG,TREND_Q1,BEAR_STRUCTURE,MOMENTUM_START,SUPPORT_MAJOR,TRIPLE_CONFIRMATION,FIVE_CONFIRMATION,CASCADE_03","TRAIL_ENERGY, TRAIL_DELTA, SCALE_OUT_10, SCALE_OUT_20,SIGNAL_EXIT,DEFENSE_03,TRAIL_ENERGY, SCALE_OUT_10,TRAIL_DELTA, DEFENSE_03,TRAIL_ENERGY, SCALE_OUT_10, SCALE_OUT_30,TRAIL_WAVE"
2025-03-05 12:00:00,2025-03-06 00:00:00,LONG,89832.22285199999,90587.8788,17.841766797992317,0.8008493763593841,12,0.8613692541871413,-1.6563909973055555,74.53782,"LATE_WAVE_EXIT,STRONG_WAVE,ANTI_LATE_WAVE,EMERGENCY_EXIT_01,EMERGENCY_EXIT_04,STRUCTURE_FAILURE_SHORT,BULL_STRUCTURE,MOMENTUM_START",SCALE_OUT_10
2025-03-06 11:00:00,2025-03-06 17:00:00,LONG,91309.148178,88951.32932386112,-175.52316953471814,-2.6212043739611737,6,0.044740119489845076,-2.1828351460628594,100.0,"BOS_RETEST_LONG,TREND_RESUME_02,TREND_RESUME_03,HIGHER_HIGH_CONTINUE,BULL_STRUCTURE,MOMENTUM_START,TRIPLE_CONFIRMATION,FIVE_CONFIRMATION",STOP_LOSS
2025-03-08 12:00:00,2025-03-09 03:00:00,LONG,85973.081178,85986.119336,3.8838372900771927,0.17754337980234197,15,0.5153227218677063,-0.034896013483425636,68.13121875,"EARLY_WAVE_LONG,BULL_STRUCTURE,MOMENTUM_START,BARRIER_L1,TRIPLE_CONFIRMATION,CASCADE_03,CASCADE_05,CASCADE_08","SIGNAL_EXIT,DEFENSE_03, DEFENSE_04"
2025-03-09 09:00:00,2025-03-09 11:00:00,LONG,85809.1584,84637.2153841764,-30.750114390761645,-1.4052088663501878,2,0.0,-1.1246566427109888,52.88030999999997,"FIB_786_LONG,LATE_WAVE_EXIT,WAVE_ACCELERATION,SWING_REVERSAL_BUY,TREND_Q1,TREND_Q2,TREND_Q3,BEAR_STRUCTURE",STOP_LOSS
2025-03-10 07:00:00,2025-03-10 14:00:00,LONG,82350.276762,80246.59053515978,-56.549183469296246,-2.593536958262934,7,1.4957123235417913,-1.2141024915915604,72.2469864375,"FIB_382_LONG,WAVE_ACCELERATION,STRONG_WAVE,DNA_ACCUMULATION_01,HAMMER_BUY,TREND_Q1,TREND_Q2,TREND_Q3",STOP_LOSS
2025-03-10 19:00:00,2025-03-11 19:00:00,LONG,80185.74492470293,83264.29381,118.92131592571873,1.598894219468336,24,3.8600315781858283,-1.0289462308590154,74.13612554249998,"LATE_WAVE_EXIT,STRONG_WAVE,HIST200_BUY,HIST1000_BUY,ANTI_FIBO,ANTI_LATE_WAVE,MAJOR_DEMAND,ENERGY_RECOVER,TRAIL_ENERGY,TRAIL_DELTA,SCALE_OUT_10,SCALE_OUT_20,PYRAMID_LEVEL2","TRAIL_ENERGY, SCALE_OUT_10,TRAIL_DELTA, PYRAMID_LEVEL2,TRAIL_ENERGY, SCALE_OUT_10, SCALE_OUT_20,SIGNAL_EXIT,TRAIL_ENERGY, TRAIL_DELTA, TRAIL_WAVE, SCALE_OUT_20, PYRAMID_LEVEL3"
2025-03-11 22:00:00,2025-03-12 13:00:00,LONG,83127.332142,84052.19619799999,-4.2891735820531,-0.19540422703152427,15,1.1328017316752357,-2.046681997557332,73.9004175,"FIB_786_LONG,STRONG_WAVE,ANTI_MOMENTUM,EARLY_EXHAUSTION_BUY,EARLY_EXHAUSTION_SELL,PRESSURE_EXHAUSTION,BULL_STRUCTURE,MOMENTUM_END",SIGNAL_EXIT
2025-03-12 15:00:00,2025-03-13 08:00:00,LONG,81552.02714399999,83135.3696,54.88547122421583,2.501919840872605,17,2.903242186511602,0.0,72.71950959000002,"FIB_236_SHORT,EARLY_WAVE_LONG,FAILED_WAVE,SWING_REVERSAL_BUY,BULL_STRUCTURE,MOMENTUM_START,BARRIER_L1,TRIPLE_CONFIRMATION","TRAIL_DELTA, DEFENSE_03,TRAIL_ENERGY, SCALE_OUT_10,TRAIL_ENERGY, TRAIL_DELTA, SCALE_OUT_10, SCALE_OUT_20,DEFENSE_03, DEFENSE_04"
2025-03-13 23:00:00,2025-03-14 12:00:00,LONG,81411.819108,83236.49936999999,47.99646792808582,2.174505294637884,13,2.261748861743661,-0.3636316093210927,57.587850180000004,"FIB_382_LONG,FAILED_BOS_SHORT,ANTI_BOS,MARUBOZU_BULL,TREND_Q1,TREND_Q2,TREND_Q3,LOWER_LOW_CONTINUE","SIGNAL_EXIT,TRAIL_ENERGY, TRAIL_DELTA, SCALE_OUT_10, SCALE_OUT_20"
2025-03-14 23:00:00,2025-03-15 19:00:00,LONG,84454.957614,84206.435344,-12.248539913410344,-0.5519810449636137,20,0.12194948515719241,-0.7431743875459087,70.85646750000001,"EARLY_WAVE_LONG,PRESSURE_EXHAUSTION,DELTA_EXHAUSTION,BULL_STRUCTURE,MOMENTUM_START,TRIPLE_CONFIRMATION,FIVE_CONFIRMATION,MASTER_EXIT_25","SIGNAL_EXIT,DEFENSE_03, DEFENSE_04"
2025-03-20 07:00:00,2025-03-20 16:00:00,LONG,85776.44185799999,84209.76711253038,-41.339597252548316,-1.8657321493516463,9,0.5416500520844114,-1.2645451763966271,70.54957,"FIB_382_LONG,WAVE_ACCELERATION,STRONG_WAVE,BULL_STRUCTURE,MOMENTUM_START,TRIPLE_CONFIRMATION,FIVE_CONFIRMATION,CASCADE_03",STOP_LOSS
2025-03-21 14:00:00,2025-03-22 23:00:00,LONG,83952.49714200001,83944.597722,6.405986054084711,0.2904979753352665,33,0.5492663990923695,-0.46099539045919985,78.95650083999998,"FIB_786_LONG,SWING_REVERSAL_BUY,ENERGY_RECOVER,CONFLUENCE_02,CONFLUENCE_03,BEAR_STRUCTURE,BUY_LIQUIDITY_GRAB,MOMENTUM_START","SIGNAL_EXIT,SCALE_OUT_10,DEFENSE_03"
2025-03-23 05:00:00,2025-03-23 17:00:00,LONG,84116.809998,85232.95999799999,28.384551688245196,1.286374050592886,12,1.3471623591371882,0.0,51.6929175,"FIB_786_SHORT,WAVE_ACCELERATION,PRESSURE_EXHAUSTION,DELTA_EXHAUSTION,HIGHER_LOW,BULL_STRUCTURE,MOMENTUM_START,BARRIER_L1","TRAIL_ENERGY, SCALE_OUT_20"
2025-03-24 00:00:00,2025-03-24 12:00:00,LONG,86099.7165,87671.982096,39.51788101362195,1.7853680193727608,12,1.9762591204350934,-0.6233197062849811,98.99512497854002,"LATE_WAVE_EXIT,STRONG_WAVE,ANTI_LATE_WAVE,TREND_RESUME_04,DNA_TREND_01,DNA_TREND_02,MARUBOZU_BULL,MARUBOZU_BEAR","TRAIL_ENERGY, SCALE_OUT_10, SCALE_OUT_20"
2025-03-24 15:00:00,2025-03-25 03:00:00,LONG,87979.49238,86704.42084456242,-31.413648364747353,-1.4130632219613777,12,0.5511370967062275,-1.2781983046035776,55.86433124999999,"LATE_WAVE_EXIT,STRONG_WAVE,HIST200_SELL,ANTI_LATE_WAVE,ENERGY_WALL,ENERGY_EXTREME,ENERGY_RECOVER,CONFLUENCE_02","SIGNAL_EXIT,STOP_LOSS"
2025-03-25 05:00:00,2025-03-25 19:00:00,LONG,86564.469432,87804.4356,62.376338353939104,1.4080355247129115,14,1.6842136012226834,-0.1474616928141228,95.06696101875,"STRONG_WAVE,EARLY_EXHAUSTION_BUY,DNA_ACCUMULATION_01,TREND_Q1,TREND_Q2,TREND_Q3,TREND_Q4,BULL_STRUCTURE","TRAIL_ENERGY, SCALE_OUT_10, SCALE_OUT_20,TRAIL_ENERGY, SCALE_OUT_10, SCALE_OUT_20, DEFENSE_03"
2025-03-26 09:00:00,2025-03-26 13:00:00,LONG,87977.321946,86791.82862957154,-30.93147753252841,-1.386959753820702,4,0.26273595159202756,-0.18658438603161132,73.9004175,"WAVE_ACCELERATION,ANTI_MOMENTUM,EARLY_EXHAUSTION_SELL,TREND_Q1,TREND_Q2,TREND_Q3,TREND_Q4,HIGHER_LOW",STOP_LOSS
2025-03-26 15:00:00,2025-03-27 14:00:00,LONG,86790.494628,86366.54323600001,19.47671960863102,0.8764579350609294,23,1.0135734054408674,-0.6820615904279272,58.14529,"LATE_WAVE_EXIT,STRONG_WAVE,ANTI_FIBO,ANTI_LATE_WAVE,SWING_REVERSAL_BUY,EMERGENCY_EXIT_04,ENERGY_RECOVER,STRUCTURE_FAILURE_LONG","SIGNAL_EXIT,TRAIL_ENERGY, SCALE_OUT_10, SCALE_OUT_20,SCALE_OUT_10,SCALE_OUT_10, DEFENSE_03,DEFENSE_03"
2025-03-27 15:00:00,2025-03-28 04:00:00,LONG,87314.799468,85954.84202129286,-37.89556216925163,-0.850876245216465,13,0.2907646052523321,-0.6042955732760613,100.0,"FIB_236_LONG,TREND_RESUME_02,TREND_RESUME_03,TREND_RESUME_04,DNA_TREND_01,DNA_TREND_02,ENERGY_RECOVER,SMART_ACCUMULATION","SIGNAL_EXIT,STOP_LOSS"
2025-03-28 07:00:00,2025-03-28 14:00:00,LONG,85736.413854,84462.5819634958,-33.81180403358304,-1.5251593395500858,7,0.0,-0.9271718028160871,74.53782,"LATE_WAVE_EXIT,STRONG_WAVE,ANTI_LATE_WAVE,SWING_REVERSAL_BUY,EMERGENCY_EXIT_04,ENERGY_RECOVER,STRUCTURE_FAILURE_LONG,BULL_STRUCTURE",STOP_LOSS
2025-03-29 17:00:00,2025-03-31 00:00:00,LONG,82214.879688,82373.522,21.479976727498293,0.9727099656823481,31,1.5659456255190745,0.0,57.79836972000001,"EARLY_WAVE_LONG,HIST200_BUY,SWING_REVERSAL_BUY,TREND_Q1,TREND_Q2,TREND_Q3,LOWER_LOW_CONTINUE,BEAR_STRUCTURE","TRAIL_ENERGY, SCALE_OUT_10, SCALE_OUT_20, DEFENSE_03,SCALE_OUT_10,TRAIL_ENERGY, SCALE_OUT_10,SIGNAL_EXIT,DEFENSE_03"
2025-03-31 10:00:00,2025-04-01 09:00:00,LONG,81471.88111799999,84105.11561200001,27.75939508651972,1.2541458886191987,23,3.252728236582378,0.0,72.45862722000001,"EARLY_WAVE_LONG,HIST200_BUY,SWING_REVERSAL_BUY,DNA_TREND_01,DNA_TREND_02,ENERGY_RECOVER,TREND_Q1,TREND_Q2","TRAIL_ENERGY, SCALE_OUT_10, SCALE_OUT_20,SIGNAL_EXIT,TRAIL_ENERGY, SCALE_OUT_10,TRAIL_ENERGY, SCALE_OUT_10, SCALE_OUT_20, DEFENSE_03,TRAIL_ENERGY, TRAIL_DELTA, SCALE_OUT_10, SCALE_OUT_20, DEFENSE_03,TRAIL_WAVE"
2025-04-01 11:00:00,2025-04-01 14:00:00,LONG,84192.825198,82917.84424723628,-34.49530685922781,-1.553752455017622,3,0.0,-0.6860028709592836,51.38531999999999,"BOS_RETEST_LONG,LATE_WAVE_EXIT,STRONG_WAVE,ANTI_LATE_WAVE,EMERGENCY_EXIT_04,STRUCTURE_FAILURE_SHORT,BULL_STRUCTURE,SELL_LIQUIDITY_GRAB",STOP_LOSS
2025-04-01 15:00:00,2025-04-02 14:00:00,LONG,84212.759184,85198.746842,7.203885092940943,0.32577851799806007,23,1.268347963360564,-0.13389798065352868,79.71683125,"BOS_CONTINUE_LONG,LATE_WAVE_EXIT,WAVE_ACCELERATION,STRONG_WAVE,ANTI_LATE_WAVE,EMERGENCY_EXIT_04,ENERGY_WALL,ENERGY_EXTREME","SIGNAL_EXIT,SCALE_OUT_10"
2025-04-03 21:00:00,2025-04-04 09:00:00,LONG,82380.46279800001,84399.1168,53.317241514647975,2.409423651997478,12,2.47088585432105,0.0,58.00998734999998,"EARLY_WAVE_LONG,WAVE_ACCELERATION,MULTI_SWING_BUY_01,LOWER_LOW_CONTINUE,BEAR_STRUCTURE,MOMENTUM_START,SUPPORT_MAJOR,TRIPLE_CONFIRMATION",SIGNAL_EXIT
2025-04-04 15:00:00,2025-04-05 15:00:00,LONG,82590.494796,82898.08706600001,31.308853376677998,1.406525726768509,24,2.263583973697836,0.0,94.00664196000001,"LATE_WAVE_EXIT,WAVE_ACCELERATION,STRONG_WAVE,ANTI_LATE_WAVE,PRESSURE_EXHAUSTION,DELTA_EXHAUSTION,ENERGY_RECOVER,HIGHER_HIGH_CONTINUE","TRAIL_ENERGY, SCALE_OUT_10,TRAIL_ENERGY, SCALE_OUT_10, DEFENSE_03,TRAIL_ENERGY, SCALE_OUT_10, SCALE_OUT_20, DEFENSE_03,SIGNAL_EXIT"
2025-04-06 00:00:00,2025-04-06 13:00:00,LONG,83554.697598,82479.4943909586,-24.545508532918916,-1.0989334524853576,13,0.0,-1.0253254725686425,52.88030999999997,"FIB_786_LONG,WAVE_ACCELERATION,STRONG_WAVE,TREND_Q1,BEAR_STRUCTURE,MOMENTUM_START,SUPPORT_MAJOR,TRIPLE_CONFIRMATION","SIGNAL_EXIT,STOP_LOSS"
2025-04-06 14:00:00,2025-04-06 17:00:00,LONG,82322.47120199999,81364.85256002672,-26.788678148839907,-1.2027877304213197,3,0.41859627507349295,-0.4281591609842526,57.47132999999998,"LATE_WAVE_EXIT,STRONG_WAVE,ANTI_LATE_WAVE,SWING_REVERSAL_BUY,DNA_TREND_02,ENERGY_RECOVER,CONFLUENCE_02,CONFLUENCE_03",STOP_LOSS
2025-04-07 01:00:00,2025-04-07 06:00:00,LONG,78343.525572,76246.04319133126,-60.30807250265346,-2.7162178143101183,5,1.0192092099125223,-1.7879021422296117,55.16419999999999,"LATE_WAVE_EXIT,STRONG_WAVE,ANTI_FIBO,ANTI_LATE_WAVE,HAMMER_BUY,ENERGY_RECOVER,CONFLUENCE_02,TREND_Q1",STOP_LOSS
2025-04-07 14:00:00,2025-04-08 23:00:00,LONG,78381.153096,76715.863758,44.44337087054904,2.0155752612549147,33,2.8308296272222666,-2.1050252909384533,52.252829999999996,"FIB_382_LONG,WAVE_ACCELERATION,STRONG_WAVE,ENERGY_RECOVER,TREND_Q1,TREND_Q2,TREND_Q3,BEAR_STRUCTURE","SIGNAL_EXIT,TRAIL_ENERGY, SCALE_OUT_10, SCALE_OUT_20,TRAIL_ENERGY, SCALE_OUT_10, DEFENSE_03,TRAIL_ENERGY, TRAIL_DELTA, SCALE_OUT_10, SCALE_OUT_20,SCALE_OUT_10,DEFENSE_03"
2025-04-09 07:00:00,2025-04-09 19:00:00,LONG,76844.375802,81772.002328,141.15002364743933,6.369910190540462,12,6.972252870925868,-0.7994935160681081,93.574483065,"FIB_382_LONG,TREND_Q1,TREND_Q2,TREND_Q3,TREND_Q4,HIGHER_LOW,BULL_STRUCTURE,MOMENTUM_END",TRAIL_WAVE
2025-04-10 10:00:00,2025-04-10 15:00:00,LONG,82053.127344,80004.16887959164,-57.086717075640294,-2.536113124897677,5,0.0,-1.4365903922931806,70.85646750000001,"EARLY_WAVE_LONG,PRESSURE_EXHAUSTION,DELTA_EXHAUSTION,BULL_STRUCTURE,MOMENTUM_START,TRIPLE_CONFIRMATION,FIVE_CONFIRMATION,MASTER_EXIT_25",STOP_LOSS
2025-04-10 16:00:00,2025-04-11 11:00:00,LONG,78772.991448,82690.30863000001,61.20494067533821,2.7366928610572234,19,4.9939306349649595,0.0,71.53825959000001,"EARLY_WAVE_LONG,ANTI_FIBO,EMERGENCY_EXIT_05,DNA_TREND_01,DNA_TREND_02,MARUBOZU_BULL,MARUBOZU_BEAR,ENERGY_RECOVER","TRAIL_ENERGY, SCALE_OUT_10,TRAIL_ENERGY, TRAIL_DELTA, SCALE_OUT_10, SCALE_OUT_20,TRAIL_DELTA,TRAIL_WAVE"
2025-04-12 03:00:00,2025-04-12 17:00:00,LONG,82821.42097199999,84642.24816399999,53.200432053169536,2.362852792639732,14,2.640595877652677,0.0,67.836125,"HIGHER_HIGH_CONTINUE,BULL_STRUCTURE,MOMENTUM_START,TRIPLE_CONFIRMATION,CASCADE_03,CASCADE_05,CASCADE_08,CASCADE_10","SCALE_OUT_30,TRAIL_DELTA, SCALE_OUT_30,TRAIL_ENERGY, TRAIL_DELTA, SCALE_OUT_10, SCALE_OUT_20, SCALE_OUT_30"
2025-04-12 21:00:00,2025-04-13 13:00:00,LONG,85534.383456,84043.79780323444,-31.061333761250648,-1.371598166022405,16,0.0,-1.310915459602036,55.86433124999999,"LATE_WAVE_EXIT,STRONG_WAVE,HIST200_SELL,ANTI_LATE_WAVE,ENERGY_RECOVER,CONFLUENCE_02,CONFLUENCE_03,TREND_Q1","SIGNAL_EXIT,STOP_LOSS"
2025-04-13 15:00:00,2025-04-14 04:00:00,LONG,84110.038644,84549.126792,22.429262060364493,0.9939330105418288,13,1.22537258645466,-0.9202809277929297,75.1752225,"STRONG_WAVE,EMERGENCY_EXIT_01,DNA_TREND_01,DNA_TREND_02,ENERGY_RECOVER,TREND_Q1,TREND_Q2,TREND_Q3",SIGNAL_EXIT
2025-04-14 09:00:00,2025-04-14 23:00:00,LONG,84780.132636,84483.109998,-1.8076420274918852,-0.03995674272548192,14,0.7589836722274446,-0.8008629084306017,100.0,"FIB_382_LONG,TREND_RESUME_02,TREND_RESUME_03,TREND_Q1,TREND_Q2,TREND_Q3,BULL_STRUCTURE,MOMENTUM_START",SIGNAL_EXIT
2025-04-15 00:00:00,2025-04-15 12:00:00,LONG,84608.498316,85572.112154,24.83707033386519,1.0984534788305684,12,1.6316347783931076,0.0,73.263015,"FIB_382_LONG,WAVE_ACCELERATION,ANTI_MOMENTUM,EARLY_EXHAUSTION_SELL,TREND_Q1,TREND_Q2,TREND_Q3,BULL_STRUCTURE","TRAIL_ENERGY, SCALE_OUT_10, SCALE_OUT_20"
2025-04-15 14:00:00,2025-04-15 19:00:00,LONG,85606.54788599999,84107.26333463153,-40.59579032563457,-1.790666128417736,5,0.0,-1.6477102754784316,79.3745225,"FIB_786_LONG,PRESSURE_EXHAUSTION,DELTA_EXHAUSTION,ENERGY_RECOVER,CONFLUENCE_02,CONFLUENCE_03,TREND_Q1,TREND_Q2",STOP_LOSS
2025-04-16 01:00:00,2025-04-16 18:00:00,LONG,83162.63920199999,83264.55375800001,33.28483285690888,1.474932621662942,17,2.2677380324825682,0.0,51.85782,"LATE_WAVE_EXIT,STRONG_WAVE,ANTI_FIBO,ANTI_LATE_WAVE,EMERGENCY_EXIT_04,MARUBOZU_BULL,MARUBOZU_BEAR,STRUCTURE_FAILURE_LONG","SIGNAL_EXIT,TRAIL_DELTA,TRAIL_ENERGY, TRAIL_DELTA, SCALE_OUT_10, SCALE_OUT_20"
2025-04-16 19:00:00,2025-04-17 19:00:00,LONG,84046.78599599999,84882.730058,20.495675428828587,0.4524836275374102,24,1.2634320175557332,-0.06253183316551424,100.0,"FIB_236_LONG,WAVE_ACCELERATION,TREND_RESUME_02,TREND_RESUME_03,EMERGENCY_EXIT_05,DNA_TREND_02,ENERGY_RECOVER,CONFLUENCE_02","SIGNAL_EXIT,SCALE_OUT_10,DEFENSE_03,TRAIL_ENERGY, SCALE_OUT_10,TRAIL_ENERGY, SCALE_OUT_20, DEFENSE_03"
2025-04-18 00:00:00,2025-04-18 16:00:00,LONG,84964.909584,84357.72508,-38.40459790275214,-0.5640762617037199,16,0.0,-0.6947804533545482,100.0,"FIB_382_LONG,TREND_RESUME_02,TREND_RESUME_03,TREND_Q1,TREND_Q2,HIGHER_HIGH_CONTINUE,BULL_STRUCTURE,MOMENTUM_MIDDLE",SIGNAL_EXIT
2025-04-18 17:00:00,2025-04-19 06:00:00,LONG,84495.01562399999,85062.984,13.111723347270726,0.5803736762362566,13,0.6923182056124226,-0.06905214889790685,90.72869442000001,"EARLY_WAVE_LONG,WAVE_ACCELERATION,SWING_REVERSAL_BUY,BULL_STRUCTURE,MOMENTUM_START,TRIPLE_CONFIRMATION,FIVE_CONFIRMATION,CASCADE_03",SIGNAL_EXIT
2025-04-19 16:00:00,2025-04-20 09:00:00,LONG,85208.21823599999,84630.37054,-5.487552073622513,-0.12128589026924345,17,0.15410692386070138,-0.6582912395215399,99.23938492999999,"LATE_WAVE_EXIT,STRONG_WAVE,ANTI_LATE_WAVE,TREND_RESUME_04,ENERGY_WALL,ENERGY_RECOVER,SMART_ACCUMULATION,CONFLUENCE_02","DEFENSE_03,SIGNAL_EXIT"
2025-04-21 01:00:00,2025-04-21 13:00:00,LONG,86643.015138,87021.30225800001,8.960951671134865,0.3964296470404859,12,1.0690588970440318,0.0,82.76548023778123,"BOS_CONTINUE_LONG,LATE_WAVE_EXIT,STRONG_WAVE,HIST200_SELL,ANTI_LATE_WAVE,TREND_RESUME_04,DNA_TREND_01,DNA_TREND_02",SIGNAL_EXIT
2025-04-21 15:00:00,2025-04-21 17:00:00,LONG,88226.011674,86861.60331989249,-35.87925238315042,-1.585873563689373,2,0.0,-1.1890503198493112,85.11426533749999,"LATE_WAVE_EXIT,STRONG_WAVE,ANTI_LATE_WAVE,TREND_RESUME_04,DNA_TREND_01,DNA_TREND_02,ENERGY_RECOVER,SMART_ACCUMULATION",STOP_LOSS
2025-04-21 20:00:00,2025-04-22 11:00:00,LONG,87432.573018,88496.00725800001,25.37426730319689,1.1261274693698342,15,1.3058828564555023,-0.302510847925683,73.263015,"WAVE_ACCELERATION,EARLY_EXHAUSTION_BUY,HIDDEN_EXHAUSTION,TREND_Q1,TREND_Q2,TREND_Q3,HIGHER_HIGH_CONTINUE,BULL_STRUCTURE","SIGNAL_EXIT,TRAIL_ENERGY, SCALE_OUT_10"
2025-04-22 14:00:00,2025-04-23 05:00:00,LONG,91554.94384991819,93647.256802,153.802693022776,1.2158224792905228,15,3.0865960196615565,0.0,100.0,"EARLY_WAVE_LONG,TREND_RESUME_01,TREND_RESUME_04,DNA_TREND_01,DNA_TREND_02,ENERGY_RECOVER,SMART_ACCUMULATION,CONFLUENCE_02,PYRAMID_LEVEL1,PYRAMID_LEVEL2,PYRAMID_LEVEL3,TRAIL_ENERGY,SCALE_OUT_10,SCALE_OUT_30","TRAIL_ENERGY, SCALE_OUT_10, SCALE_OUT_20,TRAIL_ENERGY, SCALE_OUT_10,TRAIL_ENERGY, SCALE_OUT_10, SCALE_OUT_30, PYRAMID_LEVEL2"
2025-04-23 06:00:00,2025-04-23 18:00:00,LONG,93497.12568599998,93875.60112400001,8.37402259174958,0.36463708916077653,12,0.8434423071447407,-0.5958104935448307,50.81926500000001,"WAVE_ACCELERATION,ANTI_MOMENTUM,EARLY_EXHAUSTION_SELL,TREND_Q1,TREND_Q2,TREND_Q3,TREND_Q4,MULTI_SWING_SELL_01",SIGNAL_EXIT
2025-04-23 19:00:00,2025-04-24 07:00:00,LONG,93639.614178,92370.22226,-32.0643341930802,-1.3950719664657953,12,0.1608035480729006,-1.3358920676692592,50.81926500000001,"WAVE_ACCELERATION,ANTI_MOMENTUM,EARLY_EXHAUSTION_SELL,TREND_Q1,TREND_Q2,TREND_Q3,TREND_Q4,MULTI_SWING_SELL_01",SIGNAL_EXIT
2025-04-24 08:00:00,2025-04-24 20:00:00,LONG,92221.98070799999,93537.408776,31.7369775529205,1.385800971393303,12,1.4466608521717366,-0.22145556453253643,94.21825959000002,"EARLY_WAVE_LONG,SWING_REVERSAL_BUY,TREND_Q1,TREND_Q2,TREND_Q3,TREND_Q4,BULL_STRUCTURE,MOMENTUM_START","TRAIL_ENERGY, SCALE_OUT_10, SCALE_OUT_20"
2025-04-25 01:00:00,2025-04-25 13:00:00,LONG,93915.049254,94398.406542,10.902633296319001,0.47446913878312263,12,0.7673112581254469,-0.9825041474497186,56.4568375,"FIB_786_LONG,LATE_WAVE_EXIT,STRONG_WAVE,HAMMER_BUY,ENERGY_RECOVER,CONFLUENCE_02,CONFLUENCE_03,TREND_Q1",SIGNAL_EXIT
2025-04-25 15:00:00,2025-04-26 05:00:00,LONG,95387.0736,94518.0926,-15.065511278623765,-0.654921090859634,14,0.0,-0.9008386226454165,74.21911875,"LATE_WAVE_EXIT,WAVE_ACCELERATION,STRONG_WAVE,ANTI_LATE_WAVE,DNA_TREND_01,DNA_TREND_02,ENERGY_WALL,ENERGY_RECOVER",SIGNAL_EXIT
2025-04-26 07:00:00,2025-04-26 19:00:00,LONG,94649.34608399999,94135.879058,-13.371169086078858,-0.5822770049927986,12,0.0,-0.533850581018867,73.263015,"FIB_382_LONG,WAVE_ACCELERATION,TREND_Q1,TREND_Q2,TREND_Q3,TREND_Q4,BULL_STRUCTURE,MOMENTUM_END",SIGNAL_EXIT
2025-04-26 21:00:00,2025-04-27 11:00:00,LONG,94105.827402,94034.779282,0.55717867583205,0.02430137797770902,14,0.812045990239876,-0.19334339543368578,73.58171625000001,"EARLY_WAVE_LONG,TREND_Q1,TREND_Q2,TREND_Q3,TREND_Q4,BULL_STRUCTURE,MOMENTUM_START,RESISTANCE_MAJOR","SIGNAL_EXIT,DEFENSE_03"
2025-04-27 13:00:00,2025-04-28 01:00:00,LONG,93753.606972,93401.21601999999,-9.531171474524742,-0.41571887311429295,12,0.7251913285886264,-0.35594040888438916,50.619659999999996,"EARLY_WAVE_LONG,SWING_REVERSAL_BUY,BEAR_STRUCTURE,MOMENTUM_START,RESISTANCE_MAJOR,TRIPLE_CONFIRMATION,FIVE_CONFIRMATION,CASCADE_03",SIGNAL_EXIT
2025-04-28 04:00:00,2025-04-28 23:00:00,LONG,93868.69998599999,94790.55809600001,-1.4819839980393203,-0.06471307624895176,19,1.5787903893641233,-0.14345568439754952,52.24621499999999,"FIB_786_LONG,FAILED_BOS_SHORT,ANTI_BOS,EARLY_EXHAUSTION_BUY,BEAR_STRUCTURE,MOMENTUM_END,RESISTANCE_MAJOR,TRIPLE_CONFIRMATION","SIGNAL_EXIT,SCALE_OUT_10,TRAIL_ENERGY, SCALE_OUT_10, SCALE_OUT_20"
2025-04-29 00:00:00,2025-04-29 16:00:00,LONG,95030.182236,94824.13138,-2.578979362358418,-0.11264452899667349,16,0.10476436186638902,-0.7931082717785941,73.9004175,"FIB_786_LONG,WAVE_ACCELERATION,STRONG_WAVE,TREND_Q1,TREND_Q2,TREND_Q3,TREND_Q4,BULL_STRUCTURE",SIGNAL_EXIT
2025-04-29 20:00:00,2025-04-29 22:00:00,LONG,95319.85015799999,94109.68647857345,-29.959617168715155,-1.3090741875376726,2,0.0,-0.6128735588984277,94.00218014250001,"FIB_786_LONG,EARLY_EXHAUSTION_BUY,SWING_REVERSAL,TREND_Q1,TREND_Q2,TREND_Q3,TREND_Q4,HIGHER_LOW",STOP_LOSS
2025-04-30 04:00:00,2025-04-30 13:00:00,LONG,95051.846568,93837.62964865008,-30.037411997375976,-1.3169149431661717,9,0.13131089663862397,-0.5217853055018504,51.61211999999998,"FIB_382_LONG,FAILED_BOS_SHORT,ANTI_BOS,TREND_Q1,TREND_Q2,TREND_Q3,TREND_Q4,BEAR_STRUCTURE",STOP_LOSS
2025-04-30 15:00:00,2025-05-01 05:00:00,LONG,93723.78100799999,94841.537898,25.801822938521504,1.1350666432992143,14,1.2202655288761712,0.0,54.135270000000006,"LATE_WAVE_EXIT,STRONG_WAVE,ANTI_LATE_WAVE,SWING_REVERSAL_BUY,EMERGENCY_EXIT_04,ENERGY_RECOVER,STRUCTURE_FAILURE_LONG,BEAR_STRUCTURE","SIGNAL_EXIT,TRAIL_ENERGY, SCALE_OUT_10, SCALE_OUT_20"
2025-05-01 22:00:00,2025-05-02 17:00:00,LONG,96483.852912,97329.220262,9.74866863661953,0.42768985641495055,19,1.3106307945157902,-0.1387308943000911,94.00218014250001,"EARLY_EXHAUSTION_BUY,TREND_RESUME_02,TREND_RESUME_03,TREND_Q1,TREND_Q2,TREND_Q3,TREND_Q4,BULL_STRUCTURE","SIGNAL_EXIT,SCALE_OUT_10"
2025-05-02 20:00:00,2025-05-03 08:00:00,LONG,96943.614846,96303.41546399999,-15.973827840411978,-0.7001190839270741,12,0.0811762116824427,-0.7840793302451935,50.81926500000001,"WAVE_ACCELERATION,HIDDEN_EXHAUSTION,TREND_Q1,TREND_Q2,TREND_Q3,TREND_Q4,MULTI_SWING_SELL_01,HIGHER_HIGH_CONTINUE",SIGNAL_EXIT
2025-05-03 09:00:00,2025-05-03 21:00:00,LONG,96300.2562,96322.021742,-0.39642768574240816,-0.01740729189960999,12,0.12297350461253453,-0.41926804344265434,74.53782,"LATE_WAVE_EXIT,STRONG_WAVE,ANTI_LATE_WAVE,SWING_REVERSAL_BUY,EMERGENCY_EXIT_04,STRUCTURE_FAILURE_LONG,BULL_STRUCTURE,MOMENTUM_START","DEFENSE_03, DEFENSE_04"
2025-05-03 23:00:00,2025-05-04 08:00:00,LONG,96189.424038,95463.25896883072,-36.188083574140975,-0.7946303664889919,9,0.0,-0.4857020848939013,100.0,"FIB_382_LONG,WAVE_ACCELERATION,MULTI_SWING_BUY_01,HIGHER_LOW,BULL_STRUCTURE,MOMENTUM_START,TRIPLE_CONFIRMATION,FIVE_CONFIRMATION",STOP_LOSS
2025-05-04 09:00:00,2025-05-04 22:00:00,LONG,95666.399454,94852.43495990003,-10.141595726540327,-0.4472517327759345,13,0.05601814880236511,-0.3395543846679375,50.619659999999996,"EARLY_WAVE_LONG,SWING_REVERSAL_BUY,ENERGY_RECOVER,BEAR_STRUCTURE,MOMENTUM_START,TRIPLE_CONFIRMATION,FIVE_CONFIRMATION,CASCADE_03","SIGNAL_EXIT,STOP_LOSS"
2025-05-05 01:00:00,2025-05-05 02:00:00,LONG,94743.06482399999,93672.56237301858,-26.485371167265367,-1.1694486324554174,1,0.0,-0.8592342093980585,77.3665545975,"EARLY_WAVE_LONG,ANTI_FIBO,TREND_RESUME_02,TREND_RESUME_03,EMERGENCY_EXIT_04,DNA_TREND_01,DNA_TREND_02,ENERGY_RECOVER",STOP_LOSS
2025-05-05 14:00:00,2025-05-06 09:00:00,LONG,94245.225276,94357.014822,1.0543202854055043,0.046694182971429146,19,0.8533638936558474,-0.5039144154085218,55.779324999999986,"FIB_382_LONG,WAVE_ACCELERATION,HAMMER_BUY,ENERGY_RECOVER,CONFLUENCE_02,CONFLUENCE_03,BEAR_STRUCTURE,MOMENTUM_START",SIGNAL_EXIT
2025-05-07 08:00:00,2025-05-07 21:00:00,LONG,97014.218964,96747.44664000001,-8.474645488328708,-0.37532240452866805,13,0.03423316329776078,-0.8598831933178402,68.88869442000001,"EARLY_WAVE_LONG,MARUBOZU_BULL,MARUBOZU_BEAR,BULL_STRUCTURE,MOMENTUM_START,TRIPLE_CONFIRMATION,FIVE_CONFIRMATION,CASCADE_03",SIGNAL_EXIT
2025-05-08 03:00:00,2025-05-08 15:00:00,LONG,98701.726398,99352.07561,13.954166399310909,0.6186400218511009,12,1.1035709726168212,0.0,79.71683125,"LATE_WAVE_EXIT,STRONG_WAVE,ANTI_LATE_WAVE,DNA_TREND_01,DNA_TREND_02,ENERGY_RECOVER,CONFLUENCE_02,CONFLUENCE_03",SIGNAL_EXIT
2025-05-08 16:00:00,2025-05-09 12:00:00,LONG,101561.84465045828,102937.718338,106.8750150719581,1.0286699119218667,20,2.035139630099654,0.0,100.0,"LATE_WAVE_EXIT,STRONG_WAVE,ANTI_LATE_WAVE,TREND_RESUME_04,DNA_TREND_02,ENERGY_WALL,ENERGY_EXTREME,ENERGY_RECOVER,SCALE_OUT_30,PYRAMID_LEVEL2,TRAIL_ENERGY,TRAIL_DELTA,SCALE_OUT_10,SCALE_OUT_20","SCALE_OUT_10,TRAIL_ENERGY, SCALE_OUT_10, SCALE_OUT_20,TRAIL_ENERGY, SCALE_OUT_10,SCALE_OUT_30, PYRAMID_LEVEL2,SIGNAL_EXIT"
2025-05-09 13:00:00,2025-05-10 04:00:00,LONG,102920.569998,103205.60475,-0.12980247276594126,-0.0056817212342673475,15,0.6926992359387901,-0.42726152605698725,93.574483065,"FIB_786_LONG,WAVE_ACCELERATION,PRESSURE_EXHAUSTION,DELTA_EXHAUSTION,TREND_Q1,TREND_Q2,TREND_Q3,TREND_Q4",SIGNAL_EXIT
2025-05-10 06:00:00,2025-05-10 20:00:00,LONG,103381.6722,103170.71173000001,-5.393280576737171,-0.2361019485813564,14,0.5310784671173132,-0.23495673346246843,72.0309301425,"EARLY_WAVE_LONG,TREND_RESUME_02,TREND_RESUME_03,TREND_Q1,TREND_Q2,TREND_Q3,TREND_Q4,BEAR_STRUCTURE",SIGNAL_EXIT
2025-05-10 22:00:00,2025-05-11 11:00:00,LONG,103777.471344,104623.0712,14.425299261289698,0.6319333359967342,13,0.9944920054748119,-0.3777326031587373,85.09744761462,"TREND_RESUME_02,TREND_RESUME_03,MARUBOZU_BULL,MARUBOZU_BEAR,TREND_Q1,TREND_Q2,TREND_Q3,TREND_Q4","SIGNAL_EXIT,SCALE_OUT_10"
2025-05-11 13:00:00,2025-05-12 03:00:00,LONG,104622.810378,103864.952854,-5.708336577365488,-0.24969727239101835,14,0.0,-0.7925044022468235,94.00218014250001,"FIB_786_LONG,WAVE_ACCELERATION,STRONG_WAVE,HIDDEN_EXHAUSTION,TREND_Q1,TREND_Q2,TREND_Q3,TREND_Q4","DEFENSE_03,SIGNAL_EXIT"
2025-05-12 05:00:00,2025-05-12 14:00:00,LONG,104093.51453999999,102720.62441058877,-31.031318010443922,-1.3583731757198967,9,0.5000556108613109,-0.3176130054413235,72.2469864375,"FIB_382_LONG,ANTI_MOMENTUM,EARLY_EXHAUSTION_BUY,EARLY_EXHAUSTION_SELL,DNA_ACCUMULATION_01,HAMMER_BUY,TREND_Q1,TREND_Q2",STOP_LOSS
2025-05-13 02:00:00,2025-05-13 16:00:00,LONG,102420.960096,103661.80349199999,25.16869676436493,1.1056063582377245,14,1.2773165793151888,-0.6849770743629264,50.31116999999999,"WAVE_ACCELERATION,TREND_RESUME_02,TREND_RESUME_03,BEAR_STRUCTURE,MOMENTUM_START,RESISTANCE_MAJOR,TRIPLE_CONFIRMATION,FIVE_CONFIRMATION","SIGNAL_EXIT,TRAIL_ENERGY, SCALE_OUT_10"
2025-05-14 01:00:00,2025-05-14 16:00:00,LONG,103941.554154,103493.537152,-1.840547189149964,-0.08063643645751588,15,0.05621990788537655,-0.7134337753900712,73.263015,"TREND_Q1,TREND_Q2,TREND_Q3,TREND_Q4,HIGHER_HIGH_CONTINUE,BULL_STRUCTURE,MOMENTUM_START,RESISTANCE_MAJOR","DEFENSE_03,SIGNAL_EXIT"
2025-05-15 04:00:00,2025-05-15 09:00:00,LONG,102774.170724,101586.74324295168,-27.265973340054135,-1.1949132449275215,5,0.11441520293633384,-0.9673449243096913,50.619659999999996,"EARLY_WAVE_LONG,FAILED_WAVE,SWING_REVERSAL_BUY,BEAR_STRUCTURE,MOMENTUM_START,RESISTANCE_MAJOR,TRIPLE_CONFIRMATION,FIVE_CONFIRMATION",STOP_LOSS
2025-05-15 16:00:00,2025-05-16 04:00:00,LONG,103272.010272,104002.68530200001,15.17836427077474,0.6672417376831492,12,0.8983941782060514,-0.5564918030416414,56.95044768,"FIB_382_LONG,FAILED_BOS_SHORT,ANTI_BOS,DNA_TREND_01,DNA_TREND_02,MARUBOZU_BULL,MARUBOZU_BEAR,ENERGY_RECOVER",SCALE_OUT_10
2025-05-16 07:00:00,2025-05-16 23:00:00,LONG,104008.66757399999,103501.255608,-6.578610010575356,-0.288743282423347,16,0.16793064469914606,-0.5961691351913734,73.58171625000001,"EARLY_WAVE_LONG,PRESSURE_EXHAUSTION,DELTA_EXHAUSTION,TREND_Q1,TREND_Q2,TREND_Q3,BULL_STRUCTURE,MOMENTUM_START",SIGNAL_EXIT
2025-05-17 01:00:00,2025-05-18 11:00:00,LONG,103380.67199999999,103836.02864,-11.760357847602352,-0.5166011393534955,34,0.5211012751010248,-0.6455094430030354,74.53782,"LATE_WAVE_EXIT,WAVE_ACCELERATION,STRONG_WAVE,ANTI_LATE_WAVE,SWING_REVERSAL_BUY,BULL_STRUCTURE,MOMENTUM_START,TRIPLE_CONFIRMATION","SIGNAL_EXIT,DEFENSE_03"
2025-05-18 14:00:00,2025-05-18 20:00:00,LONG,104760.948,103772.05077915406,-22.359877027011905,-0.983578385676318,6,1.0130416154691508,-0.8371230088524998,55.69913999999999,"LATE_WAVE_EXIT,STRONG_WAVE,ANTI_LATE_WAVE,DNA_TREND_01,DNA_TREND_02,MARUBOZU_BULL,MARUBOZU_BEAR,ENERGY_WALL",STOP_LOSS
2025-05-18 22:00:00,2025-05-19 06:00:00,LONG,104201.20607399999,102493.01471521858,-38.063748708118915,-1.678664413370879,8,2.1622148254214726,-1.1507890543497128,73.263015,"WAVE_ACCELERATION,STRONG_WAVE,ANTI_MOMENTUM,EARLY_EXHAUSTION_BUY,EARLY_EXHAUSTION_SELL,EMERGENCY_EXIT_01,TREND_Q1,TREND_Q2",STOP_LOSS
2025-05-19 14:00:00,2025-05-20 20:00:00,LONG,103314.768822,107005.064706,64.49027204313741,2.856383868218252,30,3.5926143186700212,0.0,91.70304691331874,"FIB_236_LONG,WAVE_ACCELERATION,TREND_RESUME_01,TREND_RESUME_02,TREND_RESUME_03,DNA_TREND_02,ENERGY_RECOVER,CONFLUENCE_02","SCALE_OUT_30,TRAIL_DELTA,TRAIL_ENERGY, TRAIL_DELTA, SCALE_OUT_10, SCALE_OUT_20,TRAIL_ENERGY, SCALE_OUT_10,DEFENSE_03,SIGNAL_EXIT,TRAIL_ENERGY, SCALE_OUT_10, SCALE_OUT_20,TRAIL_WAVE, SCALE_OUT_30, DEFENSE_03"
2025-05-21 03:00:00,2025-05-21 15:00:00,LONG,106880.42181,108978.190002,43.69829153437164,1.921939379740555,12,1.9831210937471182,-0.6365916212508266,72.71950959000002,"FIB_236_SHORT,BOS_RETEST_LONG,EARLY_WAVE_LONG,TREND_Q1,TREND_Q2,BULL_STRUCTURE,MOMENTUM_START,BARRIER_L1",SIGNAL_EXIT
2025-05-21 22:00:00,2025-05-22 11:00:00,LONG,109377.34001823071,110783.068954,40.04021643334268,1.2520380250628178,13,3.084323861400929,0.0,93.14232417,"FIB_382_LONG,TREND_Q1,TREND_Q2,HIGHER_HIGH_CONTINUE,BULL_STRUCTURE,MOMENTUM_MIDDLE,RESISTANCE_MAJOR,TRIPLE_CONFIRMATION,TRAIL_WAVE,SCALE_OUT_30,PYRAMID_LEVEL3","TRAIL_ENERGY, SCALE_OUT_10,TRAIL_ENERGY, SCALE_OUT_10, SCALE_OUT_20"
2025-05-22 14:00:00,2025-05-23 03:00:00,LONG,110936.672898,111250.475454,6.420736082100709,0.2798872807385237,13,0.7126562221015128,-0.09493064398716286,71.53825959000001,"EARLY_WAVE_LONG,WAVE_ACCELERATION,MARUBOZU_BULL,MARUBOZU_BEAR,TREND_Q1,TREND_Q2,TREND_Q3,TREND_Q4","SIGNAL_EXIT,DEFENSE_03"
2025-05-23 05:00:00,2025-05-23 11:00:00,LONG,110866.358838,109206.04227506868,-35.28024388488308,-1.5369847063627822,6,0.4227262146173849,-0.30699018310624726,72.71950959000002,"FIB_236_SHORT,EARLY_WAVE_LONG,SWING_REVERSAL_BUY,TREND_Q1,TREND_Q2,TREND_Q3,TREND_Q4,BULL_STRUCTURE",STOP_LOSS
2025-05-23 12:00:00,2025-05-23 23:00:00,LONG,109098.175272,107136.28507642577,-42.01342123059879,-1.8375602567198077,11,0.5259801335534126,-1.1923254158530816,56.63560959000001,"BOS_CONTINUE_SHORT,EARLY_WAVE_LONG,ANTI_FIBO,EMERGENCY_EXIT_04,DNA_TREND_01,DNA_TREND_02,MARUBOZU_BULL,MARUBOZU_BEAR",STOP_LOSS
2025-05-24 00:00:00,2025-05-24 14:00:00,LONG,107339.76366,108568.561944,32.66736552481879,1.435525750794271,14,1.741010298773748,0.0,50.619659999999996,"EARLY_WAVE_LONG,SWING_REVERSAL_BUY,ENERGY_RECOVER,BEAR_STRUCTURE,MOMENTUM_START,RESISTANCE_MAJOR,TRIPLE_CONFIRMATION,FIVE_CONFIRMATION","SIGNAL_EXIT,TRAIL_ENERGY, SCALE_OUT_10, SCALE_OUT_20"
2025-05-24 20:00:00,2025-05-24 23:00:00,LONG,108981.792,107645.32790344491,-28.906161064176946,-1.26582817404624,3,0.0,-0.8086598539322984,74.53782,"BOS_RETEST_LONG,HIDDEN_EXHAUSTION,PRESSURE_EXHAUSTION,DELTA_EXHAUSTION,BULL_STRUCTURE,MOMENTUM_END,BARRIER_L1,RESISTANCE_MAJOR",STOP_LOSS
2025-05-25 07:00:00,2025-05-25 15:00:00,LONG,107959.5876,106619.533997821,-29.151623541252757,-1.2807583342214726,8,0.0,-0.9384878383881533,50.233365,"FIB_382_SHORT,HIGHER_LOW,BULL_STRUCTURE,MOMENTUM_START,RESISTANCE_MAJOR,TRIPLE_CONFIRMATION,FIVE_CONFIRMATION,CASCADE_03",STOP_LOSS
2025-05-25 20:00:00,2025-05-26 09:00:00,LONG,107738.563404,109644.456722,45.96685587982903,2.026215394500003,13,2.186827558824236,-0.2523362066566314,52.24621499999999,"HIDDEN_EXHAUSTION,SWING_REVERSAL,TREND_RESUME_02,TREND_RESUME_03,BEAR_STRUCTURE,MOMENTUM_MIDDLE,BARRIER_L1,RESISTANCE_MAJOR",SIGNAL_EXIT
2025-05-26 14:00:00,2025-05-27 01:00:00,LONG,109617.559128,108374.44917496495,-26.75632284961554,-1.173589106470469,11,0.357844924773386,-0.47035268081269804,73.58171625000001,"EARLY_WAVE_LONG,WAVE_ACCELERATION,DELTA_EXHAUSTION,TREND_Q1,TREND_Q2,TREND_Q3,BULL_STRUCTURE,MOMENTUM_START",STOP_LOSS
2025-05-27 03:00:00,2025-05-27 15:00:00,LONG,108294.38454599999,109352.87505,21.298232492956938,0.9370285986980078,12,1.4247049470461177,0.0,73.58171625000001,"EARLY_WAVE_LONG,ANTI_FIBO,EMERGENCY_EXIT_01,EMERGENCY_EXIT_04,ENERGY_RECOVER,STRUCTURE_FAILURE_LONG,BULL_STRUCTURE,MOMENTUM_START",SIGNAL_EXIT
2025-05-27 20:00:00,2025-05-28 08:00:00,LONG,109899.84557399999,108794.676712,-23.810476479580647,-1.0452123264462045,12,0.0,-1.1578046969531164,73.9004175,"WAVE_ACCELERATION,TREND_Q1,TREND_Q2,HIGHER_LOW,BULL_STRUCTURE,MOMENTUM_MIDDLE,RESISTANCE_MAJOR,TRIPLE_CONFIRMATION","DEFENSE_03, DEFENSE_04"
2025-05-28 11:00:00,2025-05-28 14:00:00,LONG,108850.7658,107535.2069434672,-56.71072177032871,-1.2481060002888646,3,0.03782628417668751,-0.7187049114908447,95.23585079741841,"WAVE_ACCELERATION,PRESSURE_EXHAUSTION,DELTA_EXHAUSTION,TREND_RESUME_02,TREND_RESUME_03,DNA_ACCUMULATION_01,HAMMER_BUY,BEAR_STRUCTURE",STOP_LOSS
2025-05-30 15:00:00,2025-05-30 16:00:00,LONG,105367.40926799999,103718.86440188001,-36.204812850407706,-1.603942266039933,1,0.16664615104410493,0.0,50.233365,"FIB_382_SHORT,ENERGY_RECOVER,TREND_Q1,HIGHER_LOW,BULL_STRUCTURE,MOMENTUM_START,TRIPLE_CONFIRMATION,FIVE_CONFIRMATION",STOP_LOSS
2025-05-30 17:00:00,2025-05-31 08:00:00,LONG,103919.52975,103726.280594,-5.8285508930058585,-0.2592815315622847,15,0.9357819962613945,-0.7021776866729901,71.77450959000001,"EARLY_WAVE_LONG,ANTI_FIBO,DNA_TREND_01,DNA_TREND_02,MARUBOZU_BULL,ENERGY_WALL,ENERGY_RECOVER,TREND_Q1",SIGNAL_EXIT
2025-06-01 03:00:00,2025-06-01 16:00:00,LONG,104215.969026,104694.15698000001,8.161346096661555,0.3633271466271529,13,0.4789390519177301,-0.2734504401421473,51.93247499999999,"FIB_382_LONG,EARLY_EXHAUSTION_BUY,DNA_ACCUMULATION_01,TREND_Q1,TREND_Q2,TREND_Q3,TREND_Q4,BEAR_STRUCTURE","DEFENSE_03,SIGNAL_EXIT"
2025-06-02 07:00:00,2025-06-02 11:00:00,LONG,105183.422478,104177.65111268946,-22.38709365492678,-0.9958246281391808,4,0.19418223631459153,-0.7725290343827173,70.54957,"FIB_382_LONG,HIDDEN_EXHAUSTION,DNA_TREND_02,BULL_STRUCTURE,MOMENTUM_END,TRIPLE_CONFIRMATION,FIVE_CONFIRMATION,MASTER_EXIT_25",STOP_LOSS
2025-06-02 13:00:00,2025-06-03 01:00:00,LONG,104221.16006400001,106264.462856,43.04630598880218,1.9197608294025326,12,1.9809412356686378,-0.4041022607514493,52.495222500000004,"BOS_RETEST_SHORT,ANTI_FIBO,EARLY_EXHAUSTION_BUY,TREND_Q1,TREND_Q2,TREND_Q3,TREND_Q4,BULL_STRUCTURE",SIGNAL_EXIT
2025-06-03 08:00:00,2025-06-04 11:00:00,LONG,105191.79415199999,105683.988974,12.745576091082091,0.5657630286871989,27,1.3488370071431464,-0.0920833728342231,56.42399196,"STRONG_WAVE,PRESSURE_EXHAUSTION,DELTA_EXHAUSTION,MARUBOZU_BULL,MARUBOZU_BEAR,MULTI_SWING_SELL_01,HIGHER_HIGH_CONTINUE,BULL_STRUCTURE","SCALE_OUT_10,SIGNAL_EXIT"
2025-06-04 12:00:00,2025-06-05 13:00:00,LONG,105105.376872,105628.47008000001,-7.6381741339081355,-0.3386056370157395,25,0.5177785801222707,-0.6207549902937571,71.77450959000001,"BOS_CONTINUE_SHORT,EARLY_WAVE_LONG,SWING_REVERSAL_BUY,DNA_TREND_01,DNA_TREND_02,ENERGY_RECOVER,BULL_STRUCTURE,MOMENTUM_START","DEFENSE_03,SIGNAL_EXIT"
2025-06-05 19:00:00,2025-06-05 20:00:00,LONG,103026.64120799999,101365.46203091885,-37.22408581252512,-1.6517333205669609,1,0.0,-1.0792074699933496,71.13073306499999,"LATE_WAVE_EXIT,WAVE_ACCELERATION,STRONG_WAVE,HIST200_BUY,ANTI_FIBO,ANTI_LATE_WAVE,ENERGY_RECOVER,TREND_Q1",STOP_LOSS
2025-06-05 22:00:00,2025-06-07 11:00:00,LONG,101563.128564,105124.80083400001,46.01836156463959,2.050631916333725,37,3.695476388987852,-0.05958714038812066,55.69913999999999,"LATE_WAVE_EXIT,STRONG_WAVE,ANTI_FIBO,ANTI_LATE_WAVE,DNA_TREND_01,DNA_TREND_02,MARUBOZU_BULL,MARUBOZU_BEAR","TRAIL_ENERGY, TRAIL_DELTA, SCALE_OUT_10, SCALE_OUT_20,TRAIL_ENERGY, SCALE_OUT_10,TRAIL_DELTA,PYRAMID_LEVEL3,TRAIL_ENERGY, TRAIL_WAVE, PYRAMID_LEVEL3,TRAIL_ENERGY, TRAIL_DELTA, SCALE_OUT_10, SCALE_OUT_20, PYRAMID_LEVEL3,SIGNAL_EXIT,TRAIL_WAVE,TRAIL_ENERGY, TRAIL_WAVE, SCALE_OUT_10"
2025-06-07 13:00:00,2025-06-08 01:00:00,LONG,105486.313044,105452.125356,-1.6328239102419833,-0.0723966322631225,12,0.34190877052415425,-0.12857880808046376,79.71683125,"BOS_CONTINUE_LONG,LATE_WAVE_EXIT,STRONG_WAVE,ANTI_LATE_WAVE,EMERGENCY_EXIT_04,ENERGY_RECOVER,STRUCTURE_FAILURE_SHORT,CONFLUENCE_02",SIGNAL_EXIT
2025-06-09 09:00:00,2025-06-09 22:00:00,LONG,105947.58527999998,109951.74525200001,64.06877369513839,2.8414987844442403,13,3.800147695069786,0.0,100.0,"DNA_TREND_01,DNA_TREND_02,ENERGY_RECOVER,CONFLUENCE_02,CONFLUENCE_03,MULTI_SWING_BUY_01,HIGHER_LOW,BULL_STRUCTURE","TRAIL_ENERGY, TRAIL_DELTA, SCALE_OUT_10, SCALE_OUT_20, SCALE_OUT_30,TRAIL_WAVE, PYRAMID_LEVEL3"
2025-06-10 03:00:00,2025-06-10 15:00:00,LONG,109672.88019,108350.8549892897,-27.754971748411172,-1.2223927521123412,12,0.022685471519391254,-0.9600096105582193,50.81926500000001,"HIDDEN_EXHAUSTION,TREND_Q1,TREND_Q2,TREND_Q3,TREND_Q4,MULTI_SWING_SELL_01,HIGHER_HIGH_CONTINUE,BULL_STRUCTURE","SIGNAL_EXIT,STOP_LOSS"
2025-06-10 17:00:00,2025-06-11 05:00:00,LONG,108742.354122,109540.83745,15.707745475750988,0.6939954529339393,12,1.4088676766011305,-0.02849314993240563,73.263015,"FIB_382_LONG,WAVE_ACCELERATION,STRONG_WAVE,EARLY_EXHAUSTION_BUY,EMERGENCY_EXIT_01,TREND_Q1,TREND_Q2,TREND_Q3",SCALE_OUT_10
2025-06-11 13:00:00,2025-06-11 18:00:00,LONG,109736.81297399999,108549.073378252,-76.30444756558202,-1.1219199753787175,5,0.1183531965984727,-0.6853606858239801,100.0,"FIB_382_LONG,TREND_RESUME_01,TREND_RESUME_02,TREND_RESUME_03,ENERGY_RECOVER,CONFLUENCE_02,CONFLUENCE_03,TREND_Q1",STOP_LOSS
2025-06-12 13:00:00,2025-06-12 20:00:00,LONG,107009.94771000001,105781.50536174608,-53.374419999276896,-1.1875110469565018,7,1.1937696609869566,-0.20666088969534058,100.0,"EARLY_WAVE_LONG,ANTI_FIBO,TREND_RESUME_01,TREND_RESUME_02,TREND_RESUME_03,EMERGENCY_EXIT_04,ENERGY_RECOVER,STRUCTURE_FAILURE_LONG",STOP_LOSS
2025-06-14 00:00:00,2025-06-14 12:00:00,LONG,106087.80331799999,105060.993598,-22.5028044459577,-1.007499527759418,12,0.0,-1.1552160377252882,94.21825959000002,"BOS_RETEST_LONG,EARLY_WAVE_LONG,EMERGENCY_EXIT_04,STRUCTURE_FAILURE_SHORT,BULL_STRUCTURE,MOMENTUM_START,RESISTANCE_MAJOR,TRIPLE_CONFIRMATION",SIGNAL_EXIT
2025-06-14 19:00:00,2025-06-15 08:00:00,LONG,104913.79856400001,105406.91440000001,9.777412683046116,0.43890542741248145,13,1.1058044336201172,-0.25557035172684955,75.1752225,"STRONG_WAVE,PRESSURE_EXHAUSTION,DELTA_EXHAUSTION,TREND_Q1,TREND_Q2,TREND_Q3,BULL_STRUCTURE,BUY_LIQUIDITY_GRAB",SIGNAL_EXIT
2025-06-15 10:00:00,2025-06-16 02:00:00,LONG,104936.13303,105793.926982,-1.1870523001461146,-0.05323337100139599,16,0.8376018294372672,-0.19688454685187706,74.53782,"HIDDEN_EXHAUSTION,DNA_TREND_01,DNA_TREND_02,MARUBOZU_BULL,TREND_Q1,TREND_Q2,TREND_Q3,BULL_STRUCTURE",SIGNAL_EXIT
2025-06-16 14:00:00,2025-06-17 02:00:00,LONG,107181.492012,107152.075298,-1.5033781559803523,-0.06743472474810684,12,1.4939034323395333,-0.36103435839153974,79.03221375,"EARLY_WAVE_LONG,DNA_TREND_02,ENERGY_RECOVER,CONFLUENCE_02,CONFLUENCE_03,BULL_STRUCTURE,MOMENTUM_START,RESISTANCE_MAJOR",SIGNAL_EXIT
2025-06-18 12:00:00,2025-06-19 04:00:00,LONG,104861.548116,105078.98999799999,0.36958762184098604,0.016582478099820015,16,0.22741594825225753,-1.1807551368880516,52.252829999999996,"FIB_382_LONG,PRESSURE_EXHAUSTION,DELTA_EXHAUSTION,MARUBOZU_BULL,TREND_Q1,BEAR_STRUCTURE,MOMENTUM_START,TRIPLE_CONFIRMATION",SIGNAL_EXIT
2025-06-19 18:00:00,2025-06-20 08:00:00,LONG,104542.224264,105790.577652,6.82329922626955,0.3061624030601551,14,1.2143569212704894,-0.2791066155844936,56.811579999999985,"FIB_382_LONG,ENERGY_RECOVER,CONFLUENCE_02,CONFLUENCE_03,TREND_Q1,TREND_Q2,BEAR_STRUCTURE,BUY_LIQUIDITY_GRAB","DEFENSE_03,SIGNAL_EXIT"
2025-06-20 10:00:00,2025-06-20 14:00:00,LONG,105961.75811400001,104831.44917052599,-24.67171789638184,-1.106287347441959,4,0.019942936372623555,-0.2715678930982097,73.9004175,"LATE_WAVE_EXIT,WAVE_ACCELERATION,STRONG_WAVE,ANTI_LATE_WAVE,EMERGENCY_EXIT_01,EMERGENCY_EXIT_04,STRUCTURE_FAILURE_SHORT,HIGHER_LOW",STOP_LOSS
2025-06-20 16:00:00,2025-06-20 17:00:00,LONG,104238.8436,102798.37421028975,-31.60699272971371,-1.421340345140165,1,0.0,-0.5451265386063745,74.53782,"LATE_WAVE_EXIT,STRONG_WAVE,ANTI_LATE_WAVE,SWING_REVERSAL_BUY,EMERGENCY_EXIT_01,ENERGY_RECOVER,TREND_Q1,BULL_STRUCTURE",STOP_LOSS
2025-06-21 05:00:00,2025-06-21 19:00:00,LONG,103405.666998,102624.690956,-5.73209792472885,-0.2587128759594714,14,0.4535273700319242,-0.7354016661530818,73.9004175,"ANTI_MOMENTUM,EARLY_EXHAUSTION_SELL,TREND_Q1,TREND_Q2,TREND_Q3,HIGHER_LOW,BULL_STRUCTURE,MOMENTUM_MIDDLE",SIGNAL_EXIT
2025-06-21 21:00:00,2025-06-21 21:00:00,LONG,102802.64641799999,101506.84651082466,-28.780885042321366,-1.299969108135396,0,0.0,0.0,58.14529,"LATE_WAVE_EXIT,STRONG_WAVE,ANTI_FIBO,ANTI_LATE_WAVE,SWING_REVERSAL_BUY,DNA_TREND_01,DNA_TREND_02,ENERGY_RECOVER",STOP_LOSS
2025-06-22 23:00:00,2025-06-23 14:00:00,LONG,101000.24601,102333.67917,13.029730104020903,0.5905023120461003,15,1.340485833931482,-0.09469878914010453,62.07345367999997,"FIB_786_LONG,SWING_REVERSAL_BUY,DNA_TREND_01,DNA_TREND_02,MARUBOZU_BULL,MARUBOZU_BEAR,ENERGY_RECOVER,CONFLUENCE_02","SIGNAL_EXIT,SCALE_OUT_10, DEFENSE_03"
2025-06-24 07:00:00,2025-06-24 20:00:00,LONG,105676.36104599999,105622.07136,-3.7341750525630575,-0.16899877876610245,13,0.5194150787999532,-0.702731470547826,68.13121875,"EARLY_WAVE_LONG,BULL_STRUCTURE,MOMENTUM_START,TRIPLE_CONFIRMATION,CASCADE_03,CASCADE_05,CASCADE_08,CASCADE_10",SIGNAL_EXIT
2025-06-25 03:00:00,2025-06-25 17:00:00,LONG,106495.874916,107118.382038,12.827023538490447,0.5808202663866016,14,1.3402726491761627,-0.28011875223834043,68.13121875,"EARLY_WAVE_LONG,BULL_STRUCTURE,MOMENTUM_START,BARRIER_L1,TRIPLE_CONFIRMATION,CASCADE_03,CASCADE_05,CASCADE_08","SIGNAL_EXIT,SCALE_OUT_10"
2025-06-25 19:00:00,2025-06-26 11:00:00,LONG,107428.10132399999,107367.5222,14.078681168504344,0.21221193116266657,16,0.45832391146432294,-0.14250584541029418,100.0,"TREND_RESUME_02,TREND_RESUME_03,DNA_ACCUMULATION_01,HAMMER_BUY,TREND_Q1,TREND_Q2,TREND_Q3,BULL_STRUCTURE","SIGNAL_EXIT,DEFENSE_03"
2025-06-26 14:00:00,2025-06-27 03:00:00,LONG,106981.40200199999,107232.139282,4.301912604359138,0.19428089405982,13,0.7336677060797281,-0.28620114923738127,52.09407,"BOS_CONTINUE_SHORT,LATE_WAVE_EXIT,WAVE_ACCELERATION,STRONG_WAVE,ANTI_LATE_WAVE,SWING_REVERSAL_BUY,EMERGENCY_EXIT_04,ENERGY_RECOVER",SIGNAL_EXIT
2025-06-27 16:00:00,2025-06-28 13:00:00,LONG,107329.71165,107319.871732,-2.3337540729377695,-0.10535523569265283,21,0.14468346892274778,-0.5824218106897259,91.23588416813499,"FIB_236_LONG,FIB_382_LONG,TREND_RESUME_02,TREND_RESUME_03,EMERGENCY_EXIT_01,DNA_TREND_01,DNA_TREND_02,ENERGY_RECOVER","SIGNAL_EXIT,DEFENSE_03"
2025-06-28 15:00:00,2025-06-29 06:00:00,LONG,107226.25096199999,107288.538,-0.2562638066691941,-0.011573005334663756,15,0.23284320374913392,-0.0529077175514528,52.24621499999999,"TREND_RESUME_02,TREND_RESUME_03,TREND_Q1,TREND_Q2,TREND_Q3,TREND_Q4,BEAR_STRUCTURE,MOMENTUM_START","SIGNAL_EXIT,DEFENSE_03"
2025-06-29 09:00:00,2025-06-29 21:00:00,LONG,107715.38877,107338.318042,-8.633023435819702,-0.38992205293305554,12,0.7071610089311062,-0.3301281033848432,91.94279398772238,"BOS_CONTINUE_LONG,EARLY_WAVE_LONG,TREND_RESUME_01,TREND_RESUME_02,TREND_RESUME_03,DNA_TREND_01,DNA_TREND_02,MARUBOZU_BULL",SIGNAL_EXIT
2025-06-29 22:00:00,2025-06-30 15:00:00,LONG,108147.06911854287,106781.95933600001,-29.362028126255847,-0.6638342892952501,17,1.0680253100261037,-1.2425201436295485,73.9004175,"FIB_786_LONG,LATE_WAVE_EXIT,STRONG_WAVE,ANTI_LATE_WAVE,ENERGY_RECOVER,BULL_STRUCTURE,MOMENTUM_START,TRIPLE_CONFIRMATION,PYRAMID_LEVEL1","DEFENSE_03,SIGNAL_EXIT"
2025-06-30 16:00:00,2025-07-01 05:00:00,LONG,107601.98609399999,106860.22368000001,-38.66162085092239,-0.5847519649783409,13,0.1338115691231068,-0.6694914472774367,100.0,"FIB_786_LONG,FAILED_BOS_SHORT,STRONG_WAVE,ANTI_BOS,PRESSURE_EXHAUSTION,DELTA_EXHAUSTION,DNA_TREND_01,DNA_TREND_02",SIGNAL_EXIT
2025-07-01 06:00:00,2025-07-01 14:00:00,LONG,106953.876498,106043.1560824985,-19.548187258877576,-0.8911670237144834,8,0.21047717892134277,-0.4981553875795789,90.72869442000001,"EARLY_WAVE_LONG,WAVE_ACCELERATION,SWING_REVERSAL_BUY,BULL_STRUCTURE,MOMENTUM_START,TRIPLE_CONFIRMATION,FIVE_CONFIRMATION,CASCADE_03",STOP_LOSS
2025-07-01 16:00:00,2025-07-02 04:00:00,LONG,105976.381038,106173.46106,3.1927542292415962,0.1458915996768712,12,0.2617648944820225,-0.5511426529941325,73.58171625000001,"EARLY_WAVE_LONG,ANTI_FIBO,EMERGENCY_EXIT_01,EMERGENCY_EXIT_04,ENERGY_RECOVER,STRUCTURE_FAILURE_LONG,BULL_STRUCTURE,MOMENTUM_START",SIGNAL_EXIT
2025-07-02 17:00:00,2025-07-03 09:00:00,LONG,109434.89260199999,109355.69448600001,-2.265084940298658,-0.10347473787863816,16,0.22044833440591124,-0.7371347317292872,85.11426533749999,"LATE_WAVE_EXIT,STRONG_WAVE,ANTI_LATE_WAVE,TREND_RESUME_04,DNA_TREND_02,ENERGY_RECOVER,SMART_ACCUMULATION,CONFLUENCE_02",SIGNAL_EXIT
2025-07-03 10:00:00,2025-07-03 12:00:00,LONG,109964.178438,108791.55280160735,-24.200676114744812,-1.1059440217606678,2,0.0,-0.3319157594632402,55.86433124999999,"LATE_WAVE_EXIT,WAVE_ACCELERATION,STRONG_WAVE,HIST200_SELL,ANTI_LATE_WAVE,DNA_TREND_02,ENERGY_RECOVER,CONFLUENCE_02",STOP_LOSS
2025-07-03 18:00:00,2025-07-04 08:00:00,LONG,109577.9112,108678.26000000001,-14.053531321165153,-0.6440759613603593,14,0.3369281235213017,-0.8011753376076421,94.00218014250001,"FIB_786_LONG,WAVE_ACCELERATION,SWING_REVERSAL,TREND_Q1,TREND_Q2,TREND_Q3,HIGHER_LOW,BULL_STRUCTURE","DEFENSE_03,SIGNAL_EXIT"
2025-07-04 10:00:00,2025-07-04 13:00:00,LONG,109019.39952,108031.98641932085,-20.592177745075634,-0.9453600916759902,3,0.0,-0.2638149918879802,52.24621499999999,"FIB_786_LONG,FAILED_BOS_SHORT,STRONG_WAVE,ANTI_BOS,PRESSURE_EXHAUSTION,DELTA_EXHAUSTION,MAJOR_STRUCTURE_FAILURE,BEAR_STRUCTURE",STOP_LOSS
2025-07-05 01:00:00,2025-07-05 19:00:00,LONG,108217.63919999999,107988.407998,-2.9193127639452174,-0.13435281598292045,18,0.049142450706886665,-0.21854958373550057,57.15793377,"FIB_382_LONG,STRONG_WAVE,TREND_RESUME_02,TREND_RESUME_03,LOWER_LOW_CONTINUE,BEAR_STRUCTURE,MOMENTUM_END,TRIPLE_CONFIRMATION","SIGNAL_EXIT,DEFENSE_03,DEFENSE_03, DEFENSE_04"
2025-07-05 20:00:00,2025-07-06 10:00:00,LONG,108163.408356,107828.43000000001,-6.034473842696263,-0.2778400822948209,14,0.05070258494397559,-0.28974526668807626,71.81819127,"FIB_382_LONG,EARLY_EXHAUSTION_BUY,PRESSURE_EXHAUSTION,DELTA_EXHAUSTION,SWING_REVERSAL,TREND_RESUME_02,TREND_RESUME_03,BEAR_STRUCTURE",SIGNAL_EXIT
2025-07-06 11:00:00,2025-07-06 23:00:00,LONG,108012.528186,109206.884254,46.23886743559629,1.0653146756429246,12,1.1259821748692644,0.0,100.0,"FIB_786_LONG,ENERGY_RECOVER,CONFLUENCE_02,CONFLUENCE_03,BULL_STRUCTURE,STRUCTURE_WEAKENING,BUY_LIQUIDITY_GRAB,MOMENTUM_START",SIGNAL_EXIT
2025-07-07 00:00:00,2025-07-07 12:00:00,LONG,109225.69077,108331.68230902495,-18.143317595384314,-0.831757384703343,12,0.14994570310832386,-0.5343804794323356,73.58171625000001,"EARLY_WAVE_LONG,ENERGY_RECOVER,TREND_Q1,TREND_Q2,BULL_STRUCTURE,MOMENTUM_START,BARRIER_L1,TRIPLE_CONFIRMATION","SIGNAL_EXIT,STOP_LOSS"
2025-07-08 02:00:00,2025-07-08 16:00:00,LONG,107726.571006,108246.69633,17.913740971064808,0.8230264339534428,14,1.2142213214297417,0.0,55.451454240000004,"EARLY_WAVE_LONG,SWING_REVERSAL_BUY,MARUBOZU_BULL,MARUBOZU_BEAR,BEAR_STRUCTURE,MOMENTUM_START,TRIPLE_CONFIRMATION,FIVE_CONFIRMATION",SIGNAL_EXIT
2025-07-08 19:00:00,2025-07-09 07:00:00,LONG,109169.37951,108818.241998,-7.884050482924211,-0.3615160318494341,12,0.0,-0.7263662334247845,89.90068496500001,"EARLY_WAVE_LONG,EMERGENCY_EXIT_01,HIGHER_HIGH_CONTINUE,BULL_STRUCTURE,MOMENTUM_START,BARRIER_L1,TRIPLE_CONFIRMATION,FIVE_CONFIRMATION","DEFENSE_03, DEFENSE_04"
2025-07-09 10:00:00,2025-07-09 22:00:00,LONG,108785.122674,110796.196328,39.38823057286552,1.8079266053343044,12,2.725443749220147,0.0,90.7265461375,"TREND_Q1,MULTI_SWING_BUY_01,HIGHER_LOW,BULL_STRUCTURE,MOMENTUM_START,TRIPLE_CONFIRMATION,FIVE_CONFIRMATION,CASCADE_03","TRAIL_ENERGY, SCALE_OUT_10, SCALE_OUT_20"
2025-07-10 02:00:00,2025-07-10 19:00:00,LONG,111211.93793999999,113397.325998,20.21990775313516,0.9240132987198004,17,2.2577450825060392,-0.3703990305629182,94.00218014250001,"HIDDEN_EXHAUSTION,TREND_RESUME_02,TREND_RESUME_03,TREND_Q1,TREND_Q2,BULL_STRUCTURE,MOMENTUM_MIDDLE,TRIPLE_CONFIRMATION",SIGNAL_EXIT
2025-07-10 22:00:00,2025-07-11 10:00:00,LONG,116513.818104,118446.65593000001,35.489459967671415,1.6182279443842835,12,1.6792187637809648,-0.7923421608035923,98.83717759514374,"LATE_WAVE_EXIT,STRONG_WAVE,ANTI_LATE_WAVE,TREND_RESUME_04,DNA_TREND_01,DNA_TREND_02,MARUBOZU_BEAR,ENERGY_RECOVER",SIGNAL_EXIT
2025-07-11 11:00:00,2025-07-12 11:00:00,LONG,118007.376756,118053.704536,-8.736695228185237,-0.39680517186391945,24,0.12829981325070258,-0.9362014361901569,51.85782,"MARUBOZU_BULL,MARUBOZU_BEAR,TREND_Q1,TREND_Q2,TREND_Q3,TREND_Q4,BULL_STRUCTURE,MOMENTUM_END","SIGNAL_EXIT,DEFENSE_03"
2025-07-12 13:00:00,2025-07-13 15:00:00,LONG,117583.491996,118743.186612,-4.14390936116276,-0.1884147506620452,26,1.0064746197878391,-0.4763695876790691,73.58171625000001,"EARLY_WAVE_LONG,TREND_Q1,TREND_Q2,TREND_Q3,TREND_Q4,BULL_STRUCTURE,MOMENTUM_START,TRIPLE_CONFIRMATION","DEFENSE_03,SIGNAL_EXIT"
2025-07-14 01:00:00,2025-07-14 13:00:00,LONG,120631.98576213825,121893.626398,79.55362102339821,1.0054407855758072,12,2.8355978507728894,0.0,100.0,"FIB_236_LONG,EARLY_WAVE_LONG,ENERGY_RECOVER,CONFLUENCE_02,CONFLUENCE_03,TREND_Q1,TREND_Q2,TREND_Q3,TRAIL_DELTA,PYRAMID_LEVEL2,SCALE_OUT_30","TRAIL_ENERGY, SCALE_OUT_10"
2025-07-14 17:00:00,2025-07-15 02:00:00,LONG,120292.933776,118244.27009264783,-38.63201062596251,-1.742381140435206,9,0.0,-1.5472428159960108,79.71683125,"STRONG_WAVE,HAMMER_BUY,ENERGY_RECOVER,CONFLUENCE_02,CONFLUENCE_03,TREND_Q1,TREND_Q2,TREND_Q3",STOP_LOSS
2025-07-15 03:00:00,2025-07-15 04:00:00,LONG,118274.69020799999,116231.63319661886,-38.99648910860951,-1.7666921477325828,1,0.0,-0.9522072778372054,79.03221375,"EARLY_WAVE_LONG,ANTI_FIBO,EMERGENCY_EXIT_04,ENERGY_RECOVER,STRUCTURE_FAILURE_LONG,CONFLUENCE_02,CONFLUENCE_03,BULL_STRUCTURE",STOP_LOSS
2025-07-15 09:00:00,2025-07-16 01:00:00,LONG,116800.825494,118089.27742,-2.8090491797090724,-0.12783822946207066,16,1.123334959706595,-0.6786214828941591,94.428761765625,"ANTI_FIBO,ANTI_MOMENTUM,EARLY_EXHAUSTION_SELL,EMERGENCY_EXIT_04,DNA_ACCUMULATION_01,HAMMER_BUY,STRUCTURE_FAILURE_LONG,BULL_STRUCTURE","DEFENSE_03,SCALE_OUT_10,TRAIL_ENERGY, SCALE_OUT_10"
2025-07-17 05:00:00,2025-07-17 21:00:00,LONG,118509.087078,119412.972628,3.112741940808446,0.14171857866818513,16,0.9036546887709569,-0.5417365822567181,70.54957,"FIB_382_LONG,EARLY_EXHAUSTION_BUY,BULL_STRUCTURE,MOMENTUM_END,RESISTANCE_MAJOR,TRIPLE_CONFIRMATION,FIVE_CONFIRMATION,MASTER_EXIT_25","SIGNAL_EXIT,DEFENSE_03"
2025-07-18 06:00:00,2025-07-18 08:00:00,LONG,120614.057988,118674.9759034064,-36.185016881199026,-1.6470319530685242,2,0.0,-1.056715949418443,73.58171625000001,"EARLY_WAVE_LONG,TREND_Q1,TREND_Q2,TREND_Q3,TREND_Q4,BULL_STRUCTURE,MOMENTUM_START,BARRIER_L1",STOP_LOSS
2025-07-18 14:00:00,2025-07-19 06:00:00,LONG,118797.134676,118182.338804,-13.690717836456042,-0.625799209404006,16,0.0,-1.251220982773664,72.28958160375001,"FIB_236_SHORT,EARLY_WAVE_LONG,DNA_TREND_01,DNA_TREND_02,ENERGY_RECOVER,TREND_Q1,TREND_Q2,TREND_Q3",SIGNAL_EXIT
2025-07-19 10:00:00,2025-07-19 22:00:00,LONG,118267.94886,117682.268838,-11.685164342373788,-0.5350164060799122,12,0.14579701572749554,-0.5071609559323887,72.0309301425,"EARLY_WAVE_LONG,PRESSURE_EXHAUSTION,DELTA_EXHAUSTION,TREND_RESUME_02,TREND_RESUME_03,BEAR_STRUCTURE,MOMENTUM_START,BARRIER_L1",SIGNAL_EXIT
2025-07-20 03:00:00,2025-07-20 16:00:00,LONG,117994.0941,118647.385776,9.325605165587104,0.4275964237274473,13,0.573771005374411,-0.14374795729713233,58.21830492187499,"WAVE_ACCELERATION,DNA_ACCUMULATION_01,HAMMER_BUY,MULTI_SWING_BUY_01,LOWER_LOW_CONTINUE,BEAR_STRUCTURE,MOMENTUM_START,TRIPLE_CONFIRMATION",SIGNAL_EXIT
2025-07-20 19:00:00,2025-07-20 22:00:00,LONG,118385.47236,117412.8230665036,-18.80187418405509,-0.8612665071119929,3,0.0,-0.32739858385778975,79.3745225,"FIB_786_LONG,WAVE_ACCELERATION,DNA_TREND_01,DNA_TREND_02,ENERGY_RECOVER,CONFLUENCE_02,CONFLUENCE_03,TREND_Q1",STOP_LOSS
2025-07-21 03:00:00,2025-07-21 19:00:00,LONG,118207.556784,116851.16013613029,-8.631065024409274,-0.3962601930278914,16,0.9771906698915448,-0.8842723870099353,77.06468294,"FAILED_BOS_SHORT,ANTI_BOS,DNA_TREND_01,DNA_TREND_02,MARUBOZU_BULL,MARUBOZU_BEAR,ENERGY_RECOVER,CONFLUENCE_02","SIGNAL_EXIT,STOP_LOSS"
2025-07-22 20:00:00,2025-07-23 14:00:00,LONG,119305.966422,117357.96371200001,-20.417725282467163,-0.938420175702276,18,0.5435214997599868,-1.6131015738078907,71.163365,"LATE_WAVE_EXIT,ANTI_LATE_WAVE,HIGHER_LOW,BULL_STRUCTURE,MOMENTUM_START,TRIPLE_CONFIRMATION,FIVE_CONFIRMATION,MASTER_EXIT_25",SIGNAL_EXIT
2025-07-23 15:00:00,2025-07-24 09:00:00,LONG,118228.63099800001,118751.534942,8.836930524212178,0.4071505524273917,18,0.7322837071628039,-0.6443625300989042,100.0,"FIB_786_LONG,FAILED_BOS_SHORT,STRONG_WAVE,ANTI_BOS,DNA_TREND_01,DNA_TREND_02,MARUBOZU_BULL,MARUBOZU_BEAR","SCALE_OUT_10,DEFENSE_03,SIGNAL_EXIT"
2025-07-25 00:00:00,2025-07-25 02:00:00,LONG,118364.648196,116869.86858059418,-28.292683467103323,-1.3023547033109402,2,0.0,-0.849399048890998,68.4263125,"FIB_786_LONG,BULL_STRUCTURE,MOMENTUM_START,TRIPLE_CONFIRMATION,CASCADE_03,CASCADE_05,CASCADE_08,CASCADE_10",STOP_LOSS
2025-07-26 08:00:00,2025-07-26 20:00:00,LONG,117327.930894,118208.46357800001,15.376535980790884,0.7101883517588023,12,0.7706426757128081,0.0,86.4429663125,"EARLY_WAVE_LONG,HIGHER_HIGH_CONTINUE,BULL_STRUCTURE,MOMENTUM_START,TRIPLE_CONFIRMATION,CASCADE_03,CASCADE_05,CASCADE_08",SIGNAL_EXIT
2025-07-27 23:00:00,2025-07-28 11:00:00,LONG,119519.059032,118592.36206460404,-16.330284152182227,-0.7529770488641108,12,0.005916184462351577,-0.6313043610877059,79.03221375,"EARLY_WAVE_LONG,ENERGY_RECOVER,CONFLUENCE_02,CONFLUENCE_03,BULL_STRUCTURE,MOMENTUM_START,BARRIER_L1,TRIPLE_CONFIRMATION","SIGNAL_EXIT,STOP_LOSS"
2025-07-28 12:00:00,2025-07-28 17:00:00,LONG,118851.255498,117849.28502872714,-19.105900563083615,-0.8827085409308112,5,0.0,-0.7280743433245155,79.71683125,"STRONG_WAVE,HAMMER_BUY,ENERGY_RECOVER,CONFLUENCE_02,CONFLUENCE_03,TREND_Q1,BULL_STRUCTURE,MOMENTUM_START",STOP_LOSS
2025-07-28 20:00:00,2025-07-29 09:00:00,LONG,118092.343746,118900.025238,13.899797504072357,0.6436670302180789,13,0.7040729547957398,-0.26943638842867207,74.53782,"LATE_WAVE_EXIT,STRONG_WAVE,ANTI_LATE_WAVE,SWING_REVERSAL_BUY,ENERGY_RECOVER,BULL_STRUCTURE,MOMENTUM_START,TRIPLE_CONFIRMATION",SCALE_OUT_10
2025-08-01 08:00:00,2025-08-01 19:00:00,LONG,115104.77635199999,113417.30921651813,-32.55860345109637,-1.5054406203521156,11,0.5453324074758112,-1.1014715393936507,55.042820218749995,"BOS_RETEST_SHORT,EARLY_WAVE_LONG,DNA_ACCUMULATION_01,HAMMER_BUY,BEAR_STRUCTURE,MOMENTUM_START,TRIPLE_CONFIRMATION,FIVE_CONFIRMATION",STOP_LOSS
2025-08-01 20:00:00,2025-08-02 21:00:00,LONG,113351.335734,112757.444,4.238895340996068,0.196757704177693,25,0.5949769022419336,-0.9897684281663682,52.88030999999997,"LATE_WAVE_EXIT,WAVE_ACCELERATION,STRONG_WAVE,HIST200_BUY,ANTI_FIBO,ANTI_LATE_WAVE,TREND_Q1,BEAR_STRUCTURE","SIGNAL_EXIT,DEFENSE_03"
2025-08-02 22:00:00,2025-08-03 15:00:00,LONG,112881.891864,113769.531542,15.795845735729008,0.7329118980900703,17,0.999361471864001,-0.29725039017264115,52.88030999999997,"FIB_786_LONG,LATE_WAVE_EXIT,EARLY_EXHAUSTION_BUY,TREND_Q1,TREND_Q2,TREND_Q3,TREND_Q4,BEAR_STRUCTURE","SCALE_OUT_10,SIGNAL_EXIT"
2025-08-03 17:00:00,2025-08-04 05:00:00,LONG,114017.94902999999,114360.663292,16.869545600145532,0.2604589884396807,12,0.7734931013080745,0.0,100.0,"HIDDEN_EXHAUSTION,PRESSURE_EXHAUSTION,DELTA_EXHAUSTION,DNA_ACCUMULATION_01,HAMMER_BUY,TREND_Q1,TREND_Q2,TREND_Q3",SIGNAL_EXIT
2025-08-04 07:00:00,2025-08-04 19:00:00,LONG,114446.654754,114934.638474,8.351973875462033,0.38621475268149347,12,0.7465008460372994,-0.1702319341869552,69.59491448,"FIB_382_SHORT,ENERGY_RECOVER,HIGHER_HIGH_CONTINUE,BULL_STRUCTURE,MOMENTUM_START,SUPPORT_MAJOR,TRIPLE_CONFIRMATION,FIVE_CONFIRMATION",DEFENSE_03
2025-08-04 20:00:00,2025-08-05 12:00:00,LONG,114800.575524,114804.10458600002,-9.92178999697127,-0.4584099409691485,16,0.45758000219274647,-0.7237555388616509,50.92177999999998,"FIB_786_LONG,EARLY_EXHAUSTION_BUY,HIDDEN_EXHAUSTION,BEAR_STRUCTURE,MOMENTUM_END,SUPPORT_MAJOR,TRIPLE_CONFIRMATION,FIVE_CONFIRMATION","SIGNAL_EXIT,DEFENSE_03"
2025-08-06 06:00:00,2025-08-06 18:00:00,LONG,114170.839602,115476.90000000001,23.854204572115208,1.1034951152079873,12,1.1641855333931728,-0.22468924893103903,56.46038999999999,"EARLY_WAVE_LONG,DNA_TREND_02,ENERGY_RECOVER,CONFLUENCE_02,CONFLUENCE_03,TREND_Q1,TREND_Q2,TREND_Q3","TRAIL_ENERGY, SCALE_OUT_10, SCALE_OUT_20"
2025-08-07 01:00:00,2025-08-07 13:00:00,LONG,114913.63813200001,116366.731998,26.529581249213606,1.2240036918725963,12,1.3974771786054858,-0.49085395012215893,50.84715999999999,"FIB_382_SHORT,WAVE_ACCELERATION,BULL_STRUCTURE,MOMENTUM_MIDDLE,SUPPORT_MAJOR,TRIPLE_CONFIRMATION,FIVE_CONFIRMATION,CASCADE_03",SIGNAL_EXIT
2025-08-08 06:00:00,2025-08-09 07:00:00,LONG,116553.946128,116627.41985,0.8432731825590484,0.019395769285832025,25,0.32387910022835364,-0.3091410801349366,100.0,"WAVE_ACCELERATION,STRONG_WAVE,MARUBOZU_BULL,HIGHER_HIGH_CONTINUE,BULL_STRUCTURE,MOMENTUM_START,SUPPORT_MAJOR,TRIPLE_CONFIRMATION","SIGNAL_EXIT,DEFENSE_03"
2025-08-09 10:00:00,2025-08-09 18:00:00,LONG,117534.382176,116556.13825736663,-18.953475385543584,-0.8719715499092356,8,0.0,-0.7537132195696312,75.33619071999999,"LATE_WAVE_EXIT,WAVE_ACCELERATION,STRONG_WAVE,HIST200_SELL,ANTI_LATE_WAVE,DNA_TREND_01,DNA_TREND_02,MARUBOZU_BULL",STOP_LOSS
2025-08-09 19:00:00,2025-08-10 07:00:00,LONG,116658.236982,118050.62515200001,25.006697584695235,1.1530843897004552,12,1.5787680884326891,-0.1680009805310553,94.42987722000002,"FIB_786_LONG,STRONG_WAVE,ANTI_MOMENTUM,EARLY_EXHAUSTION_BUY,EARLY_EXHAUSTION_SELL,TREND_Q1,TREND_Q2,TREND_Q3","TRAIL_ENERGY, SCALE_OUT_10, SCALE_OUT_20"
2025-08-10 11:00:00,2025-08-11 00:00:00,LONG,118043.61400199999,119270.41114600001,19.79514295399838,0.910241339400042,13,1.0592661098793723,0.0,51.85782,"WAVE_ACCELERATION,EARLY_EXHAUSTION_BUY,MARUBOZU_BULL,MARUBOZU_BEAR,TREND_Q1,TREND_Q2,TREND_Q3,BULL_STRUCTURE","SIGNAL_EXIT,TRAIL_ENERGY"
2025-08-11 02:00:00,2025-08-11 17:00:00,LONG,120011.9976,119929.65927,0.5576503161024635,0.012793401917432595,15,1.9070030045062778,-0.3068839844059102,100.0,"LATE_WAVE_EXIT,WAVE_ACCELERATION,STRONG_WAVE,ANTI_LATE_WAVE,DNA_TREND_01,DNA_TREND_02,ENERGY_RECOVER,CONFLUENCE_02",SIGNAL_EXIT
2025-08-11 21:00:00,2025-08-12 09:00:00,LONG,118848.094866,118790.947058,-3.838156735173359,-0.08806551500989734,12,0.18500518182298895,-0.13638827461454872,94.85757429750001,"FIB_786_LONG,LATE_WAVE_EXIT,STRONG_WAVE,EARLY_EXHAUSTION_BUY,BULL_STRUCTURE,BUY_LIQUIDITY_GRAB,MOMENTUM_END,RESISTANCE_MAJOR",SIGNAL_EXIT
2025-08-12 13:00:00,2025-08-13 07:00:00,LONG,119288.512932,119386.127998,5.400709287732746,0.24799455729104244,18,0.7574803690570732,-0.3698285116954014,85.66270524511873,"EARLY_WAVE_LONG,FAILED_WAVE,TREND_RESUME_01,TREND_RESUME_02,TREND_RESUME_03,DNA_TREND_01,DNA_TREND_02,ENERGY_RECOVER",SIGNAL_EXIT
2025-08-13 08:00:00,2025-08-13 21:00:00,LONG,119604.31607999999,122879.429198,56.58687209194899,2.5970557284536144,13,2.758841844631202,0.0,73.263015,"FIB_382_LONG,EARLY_EXHAUSTION_BUY,HIDDEN_EXHAUSTION,TREND_Q1,TREND_Q2,TREND_Q3,TREND_Q4,BULL_STRUCTURE","SCALE_OUT_30,TRAIL_ENERGY, TRAIL_DELTA, SCALE_OUT_10, SCALE_OUT_20, SCALE_OUT_30, PYRAMID_LEVEL2"
2025-08-14 06:00:00,2025-08-14 12:00:00,LONG,122159.18695199999,120299.22829899244,-34.250896246760036,-1.5619605794174818,6,0.0,-1.003761552933219,51.528014999999996,"FIB_382_SHORT,STRONG_WAVE,DNA_TREND_01,DNA_TREND_02,ENERGY_RECOVER,TREND_Q1,TREND_Q2,TREND_Q3",STOP_LOSS
2025-08-14 13:00:00,2025-08-15 07:00:00,LONG,118890.14327399999,119059.01343400001,-9.126484005136735,-0.41787310929789667,18,0.16206282597874205,-0.8612852552797942,52.09407,"BOS_CONTINUE_SHORT,LATE_WAVE_EXIT,STRONG_WAVE,ANTI_LATE_WAVE,SWING_REVERSAL_BUY,EMERGENCY_EXIT_04,ENERGY_WALL,ENERGY_RECOVER","SIGNAL_EXIT,DEFENSE_03"
2025-08-15 12:00:00,2025-08-15 14:00:00,LONG,119029.811202,117594.5921914415,-27.166230344278517,-1.2452820284824364,2,0.0,-1.0579964710377037,57.05197139250001,"EARLY_WAVE_LONG,TREND_RESUME_02,TREND_RESUME_03,LOWER_HIGH,BEAR_STRUCTURE,MOMENTUM_START,BARRIER_L1,RESISTANCE_MAJOR",STOP_LOSS
2025-08-17 05:00:00,2025-08-17 17:00:00,LONG,118099.73522399999,117810.98309000001,-6.184358603769316,-0.28440074535215737,12,0.2796405727528697,-0.22453498604127525,56.11808124999999,"BOS_CONTINUE_LONG,EARLY_WAVE_LONG,FAILED_WAVE,EMERGENCY_EXIT_04,DNA_TREND_01,DNA_TREND_02,ENERGY_RECOVER,STRUCTURE_FAILURE_SHORT",SIGNAL_EXIT
2025-08-17 19:00:00,2025-08-18 01:00:00,LONG,117565.51840199999,116734.30937586898,-16.224750380556035,-0.7467348945627759,6,0.33128046666563477,-0.23419145829692598,51.055515,"FIB_786_SHORT,WAVE_ACCELERATION,STRONG_WAVE,ENERGY_RECOVER,HIGHER_HIGH_CONTINUE,BULL_STRUCTURE,MOMENTUM_START,RESISTANCE_MAJOR",STOP_LOSS
2025-08-18 14:00:00,2025-08-19 06:00:00,LONG,114862.107828,114949.90542,7.019121968520597,0.3236877315561241,16,1.5556759368161475,-0.04536555090737289,52.88030999999997,"LATE_WAVE_EXIT,STRONG_WAVE,HIST200_BUY,ANTI_FIBO,ANTI_LATE_WAVE,DNA_TREND_01,DNA_TREND_02,ENERGY_RECOVER","SCALE_OUT_10, DEFENSE_03,DEFENSE_03,SIGNAL_EXIT"
2025-08-19 09:00:00,2025-08-19 14:00:00,LONG,115209.507294,113770.52860509315,-27.960987227888307,-1.2885107620160763,5,0.33893271065168923,-0.015196049710827308,52.88030999999997,"FIB_786_LONG,STRONG_WAVE,TREND_Q1,TREND_Q2,TREND_Q3,BEAR_STRUCTURE,MOMENTUM_START,BARRIER_L1",STOP_LOSS
2025-08-19 16:00:00,2025-08-20 04:00:00,LONG,113809.147278,113503.19481999999,-6.677087144209098,-0.30872187722289796,12,0.0,-0.8226116269135566,72.45862722000001,"EARLY_WAVE_LONG,HIST200_BUY,ANTI_FIBO,EMERGENCY_EXIT_01,ENERGY_RECOVER,TREND_Q1,TREND_Q2,TREND_Q3",SIGNAL_EXIT
2025-08-20 16:00:00,2025-08-21 04:00:00,LONG,113376.610788,113931.829076,9.713720979953758,0.44951560363941573,12,1.1936582003942173,0.0,56.12340999999999,"FIB_382_LONG,WAVE_ACCELERATION,ENERGY_RECOVER,CONFLUENCE_02,CONFLUENCE_03,TREND_Q1,TREND_Q2,TREND_Q3","SCALE_OUT_10, DEFENSE_03"
2025-08-21 07:00:00,2025-08-21 16:00:00,LONG,113829.96144,112388.61505037792,-28.24461613880413,-1.3057211096620307,9,0.0580414498645197,-0.9117822995548204,52.88030999999997,"FIB_786_LONG,LATE_WAVE_EXIT,STRONG_WAVE,TREND_Q1,TREND_Q2,TREND_Q3,TREND_Q4,BEAR_STRUCTURE",STOP_LOSS
2025-08-21 19:00:00,2025-08-22 10:00:00,LONG,112625.14052399999,113027.060066,6.336736845806916,0.29393004561737,15,0.5477014040826607,-0.3830676898538875,74.53782,"LATE_WAVE_EXIT,STRONG_WAVE,ANTI_LATE_WAVE,EARLY_EXHAUSTION_BUY,TREND_Q1,TREND_Q2,TREND_Q3,TREND_Q4","SIGNAL_EXIT,DEFENSE_03"
2025-08-22 14:00:00,2025-08-23 04:00:00,LONG,112509.59742,115545.65624600001,60.768185002497034,2.8169488537398415,14,4.037924483047171,0.0,56.797369999999965,"FIB_786_LONG,PRESSURE_EXHAUSTION,DELTA_EXHAUSTION,ENERGY_RECOVER,CONFLUENCE_02,CONFLUENCE_03,TREND_Q1,TREND_Q2",TRAIL_DELTA
2025-08-23 12:00:00,2025-08-24 19:00:00,LONG,115333.192026,114098.4321623861,-12.177796406707177,-0.2803088396135837,31,0.1220793177806614,-0.9175086611332598,100.0,"EARLY_WAVE_LONG,SWING_REVERSAL_BUY,BULL_STRUCTURE,MOMENTUM_START,BARRIER_L1,SUPPORT_MAJOR,TRIPLE_CONFIRMATION,FIVE_CONFIRMATION","SIGNAL_EXIT,DEFENSE_03,STOP_LOSS"
2025-08-25 09:00:00,2025-08-25 20:00:00,LONG,111436.58286,109665.2900056094,-35.325856505958726,-1.6288717078423574,11,0.9564607175177322,-0.6465137762749865,52.56657,"EARLY_WAVE_LONG,ENERGY_RECOVER,TREND_Q1,TREND_Q2,BEAR_STRUCTURE,MOMENTUM_START,SUPPORT_MAJOR,TRIPLE_CONFIRMATION",STOP_LOSS
2025-08-26 02:00:00,2025-08-26 16:00:00,LONG,109919.189442,109644.406732,-1.3761442232483485,-0.06371972250558924,14,0.3993302354468448,-0.23004121781067607,54.135270000000006,"LATE_WAVE_EXIT,STRONG_WAVE,ANTI_FIBO,ANTI_LATE_WAVE,TREND_Q1,TREND_Q2,TREND_Q3,BEAR_STRUCTURE",SIGNAL_EXIT
2025-08-26 17:00:00,2025-08-27 16:00:00,LONG,110175.860766,111977.59000200001,22.74897764409375,1.0536210415195382,23,1.6556614319304024,-0.17044637971908885,52.252829999999996,"FIB_382_LONG,WAVE_ACCELERATION,EARLY_EXHAUSTION_BUY,PRESSURE_EXHAUSTION,DELTA_EXHAUSTION,TREND_Q1,TREND_Q2,TREND_Q3","TRAIL_ENERGY, SCALE_OUT_10,SCALE_OUT_10,SIGNAL_EXIT,DEFENSE_03"
2025-08-27 17:00:00,2025-08-28 05:00:00,LONG,112143.87428999999,112943.296822,43.67519405707249,0.6725692491421873,12,0.7330099082133305,-0.7863686675560437,100.0,"FIB_786_LONG,LATE_WAVE_EXIT,WAVE_ACCELERATION,STRONG_WAVE,ANTI_MOMENTUM,EARLY_EXHAUSTION_BUY,EARLY_EXHAUSTION_SELL,SWING_REVERSAL",SIGNAL_EXIT
2025-08-28 06:00:00,2025-08-29 05:00:00,LONG,112875.810648,111479.709598,-13.006495953691658,-0.5980371877801456,23,0.32214993621084265,-1.2897631827779021,71.27737722000002,"LATE_WAVE_EXIT,WAVE_ACCELERATION,STRONG_WAVE,ANTI_LATE_WAVE,EMERGENCY_EXIT_04,STRUCTURE_FAILURE_SHORT,HIGHER_LOW,BULL_STRUCTURE","SIGNAL_EXIT,DEFENSE_03"
2025-08-29 13:00:00,2025-08-29 13:00:00,LONG,110750.155602,108982.37336302365,-35.514270314215224,-1.6355509195229014,0,0.0,0.0,55.48955999999998,"STRONG_WAVE,SWING_REVERSAL_BUY,ENERGY_RECOVER,CONFLUENCE_02,TREND_Q1,TREND_Q2,BEAR_STRUCTURE,STRUCTURE_WEAKENING",STOP_LOSS
2025-08-29 22:00:00,2025-08-30 11:00:00,LONG,108471.69,108404.294804,-1.2949155099383387,-0.059886045156663854,13,0.08878814370827787,-0.9437669865750234,54.135270000000006,"LATE_WAVE_EXIT,STRONG_WAVE,ANTI_FIBO,ANTI_LATE_WAVE,TREND_Q1,TREND_Q2,TREND_Q3,BEAR_STRUCTURE",SIGNAL_EXIT
2025-08-30 16:00:00,2025-08-31 04:00:00,LONG,108891.753996,109201.995232,5.291856217205044,0.24479396109001367,12,0.4933853889613448,-0.331185771893482,52.56657,"EARLY_WAVE_LONG,EMERGENCY_EXIT_04,STRUCTURE_FAILURE_SHORT,TREND_Q1,TREND_Q2,TREND_Q3,TREND_Q4,BEAR_STRUCTURE",SIGNAL_EXIT
2025-08-31 05:00:00,2025-08-31 18:00:00,LONG,108838.093266,108972.08122400001,1.796440905965886,0.08305835098514379,13,0.1594816013321558,-0.48594499419186393,52.33032,"FIB_786_SHORT,TREND_Q1,TREND_Q2,TREND_Q3,TREND_Q4,BULL_STRUCTURE,MOMENTUM_START,BARRIER_L1",SIGNAL_EXIT
2025-08-31 21:00:00,2025-08-31 23:00:00,LONG,109139.8236,108362.4266315409,-16.266711232586502,-0.7520095892034369,2,0.0,-0.21931829473838088,50.92177999999998,"FIB_786_LONG,WAVE_ACCELERATION,STRONG_WAVE,BEAR_STRUCTURE,MOMENTUM_START,SUPPORT_MAJOR,TRIPLE_CONFIRMATION,FIVE_CONFIRMATION",STOP_LOSS
2025-09-01 01:00:00,2025-09-01 05:00:00,LONG,108244.014474,107243.50575637,-20.80966561371509,-0.9639388607331932,4,0.0,-0.771326228112627,53.50778999999999,"LATE_WAVE_EXIT,STRONG_WAVE,ANTI_LATE_WAVE,SWING_REVERSAL_BUY,ENERGY_WALL,ENERGY_RECOVER,TREND_Q1,TREND_Q2",STOP_LOSS
2025-09-01 12:00:00,2025-09-02 03:00:00,LONG,108804.646578,110223.9508,8.974375549394185,0.4167542234231061,15,1.3247259812260948,-0.922613702237761,52.88030999999997,"FIB_786_LONG,WAVE_ACCELERATION,STRONG_WAVE,EMERGENCY_EXIT_01,BEAR_STRUCTURE,MOMENTUM_END,SUPPORT_MAJOR,TRIPLE_CONFIRMATION",SIGNAL_EXIT
2025-09-02 04:00:00,2025-09-02 12:00:00,LONG,110344.254438,108717.84839677856,-32.619106406347264,-1.5133485554686794,8,0.09633991596701108,-0.5536440851510455,74.53782,"LATE_WAVE_EXIT,STRONG_WAVE,ANTI_LATE_WAVE,EMERGENCY_EXIT_04,STRUCTURE_FAILURE_SHORT,BULL_STRUCTURE,MOMENTUM_START,SUPPORT_MAJOR",STOP_LOSS
2025-09-02 13:00:00,2025-09-03 14:00:00,LONG,108817.7592,111452.784984,45.13537934002732,2.1021989454624253,25,2.441982650199625,0.0,52.33032,"FAILED_BOS_LONG,ANTI_BOS,DNA_TREND_02,ENERGY_RECOVER,BULL_STRUCTURE,STRUCTURE_WEAKENING,MOMENTUM_START,SUPPORT_MAJOR","TRAIL_DELTA,TRAIL_ENERGY, TRAIL_DELTA, SCALE_OUT_10, SCALE_OUT_20,TRAIL_ENERGY, SCALE_OUT_10,TRAIL_ENERGY, SCALE_OUT_10, SCALE_OUT_20,SIGNAL_EXIT"
2025-09-04 06:00:00,2025-09-04 15:00:00,LONG,110675.210616,109366.94073394575,-26.363812889322784,-1.2216074862859705,9,0.23377356370948882,-0.7528340008232598,74.53782,"LATE_WAVE_EXIT,STRONG_WAVE,ANTI_LATE_WAVE,SWING_REVERSAL_BUY,DNA_TREND_01,DNA_TREND_02,ENERGY_RECOVER,BULL_STRUCTURE",STOP_LOSS
2025-09-05 13:00:00,2025-09-05 14:00:00,LONG,113237.422956,111785.13854900426,-28.440417969785383,-1.3219997623904043,1,0.0,-0.1353465594669563,77.114002678125,"EARLY_WAVE_LONG,HIST200_SELL,TREND_RESUME_01,DNA_TREND_02,ENERGY_WALL,ENERGY_RECOVER,CONFLUENCE_02,CONFLUENCE_03",STOP_LOSS
2025-09-08 22:00:00,2025-09-09 01:00:00,LONG,112348.91528999999,111361.84374309164,-19.68668566523017,-0.9182254067542482,3,0.0,-0.6220667891594658,85.09744761462,"TREND_RESUME_02,TREND_RESUME_03,MARUBOZU_BULL,MARUBOZU_BEAR,TREND_Q1,BULL_STRUCTURE,MOMENTUM_START,TRIPLE_CONFIRMATION",STOP_LOSS
2025-09-09 03:00:00,2025-09-09 16:00:00,LONG,111352.986144,110858.583848,-1.8375560873167007,-0.08591300905741436,13,1.4993974690906569,-0.4240803595417949,90.93140021875,"STRONG_WAVE,DNA_ACCUMULATION_01,HAMMER_BUY,BULL_STRUCTURE,MOMENTUM_START,TRIPLE_CONFIRMATION,FIVE_CONFIRMATION,CASCADE_03",SIGNAL_EXIT
2025-09-09 21:00:00,2025-09-10 12:00:00,LONG,111552.45602999999,112277.54000000001,13.469791944451392,0.6299643074353564,15,0.8975095713990867,-0.4901873517270934,71.14445094251249,"FAILED_BOS_SHORT,ANTI_BOS,TREND_RESUME_02,TREND_RESUME_03,MULTI_SWING_BUY_01,LOWER_LOW_CONTINUE,BEAR_STRUCTURE,MOMENTUM_START","SIGNAL_EXIT,SCALE_OUT_10"
2025-09-10 13:00:00,2025-09-11 07:00:00,LONG,113436.18269999999,114301.78507,7.337169409404609,0.3426443139329773,18,0.8496647868951999,0.0,81.90683759514376,"LATE_WAVE_EXIT,STRONG_WAVE,HIST200_SELL,ANTI_LATE_WAVE,TREND_RESUME_04,DNA_TREND_01,DNA_TREND_02,MARUBOZU_BEAR","SIGNAL_EXIT,SCALE_OUT_10"
2025-09-11 11:00:00,2025-09-12 00:00:00,LONG,114085.122462,115459.593462,19.33715111461139,0.9023582764153101,13,1.2250217274960733,-0.09565880251944724,73.9004175,"FIB_786_LONG,WAVE_ACCELERATION,EARLY_EXHAUSTION_BUY,PRESSURE_EXHAUSTION,DELTA_EXHAUSTION,TREND_Q1,TREND_Q2,TREND_Q3",SIGNAL_EXIT
2025-09-12 10:00:00,2025-09-12 22:00:00,LONG,115071.00959999999,115842.716822,13.537626204462015,0.6303674033908988,12,1.3569885285859216,-0.13692380083192843,94.428761765625,"WAVE_ACCELERATION,STRONG_WAVE,EARLY_EXHAUSTION_BUY,DNA_ACCUMULATION_01,HAMMER_BUY,TREND_Q1,TREND_Q2,TREND_Q3",SCALE_OUT_10
2025-09-12 23:00:00,2025-09-13 12:00:00,LONG,116050.665492,115950.91517800001,-3.0427164960073605,-0.1414725584036502,13,0.13671141593836342,-0.3035445686645282,73.9004175,"FIB_786_LONG,LATE_WAVE_EXIT,WAVE_ACCELERATION,STRONG_WAVE,ANTI_MOMENTUM,EARLY_EXHAUSTION_SELL,HIDDEN_EXHAUSTION,DNA_EXHAUSTION",SIGNAL_EXIT
2025-09-13 14:00:00,2025-09-14 06:00:00,LONG,115784.212212,115836.837998,0.49487129619712966,0.023019721166257393,16,0.1543541943980787,-0.3888373063986163,52.08296625000001,"FIB_236_SHORT,EARLY_WAVE_LONG,TREND_Q1,TREND_Q2,TREND_Q3,TREND_Q4,BULL_STRUCTURE,MOMENTUM_START",SIGNAL_EXIT
2025-09-14 08:00:00,2025-09-14 14:00:00,LONG,115828.551078,115165.19682912677,-13.16624019795718,-0.6124744900997295,6,0.19299120978338,-0.4147950341504817,56.83923252,"FIB_382_LONG,EARLY_EXHAUSTION_BUY,HIDDEN_EXHAUSTION,TREND_RESUME_02,TREND_RESUME_03,TREND_Q1,TREND_Q2,TREND_Q3",STOP_LOSS
2025-09-14 15:00:00,2025-09-15 03:00:00,LONG,115424.83035,115339.27753,-2.4485754097711965,-0.11409029635363649,12,0.5493182429442495,-0.30626889286131564,94.00664196000001,"LATE_WAVE_EXIT,WAVE_ACCELERATION,STRONG_WAVE,ANTI_LATE_WAVE,SWING_REVERSAL_BUY,EMERGENCY_EXIT_04,ENERGY_WALL,ENERGY_RECOVER",DEFENSE_03
2025-09-15 05:00:00,2025-09-15 08:00:00,LONG,116081.22160199999,115126.10571087092,-18.502981261370564,-0.8624705353688047,3,0.3779925744617161,-0.23655988299425687,88.83539803197498,"EARLY_WAVE_LONG,FAILED_WAVE,TREND_RESUME_01,TREND_RESUME_02,TREND_RESUME_03,DNA_TREND_01,DNA_TREND_02,ENERGY_WALL",STOP_LOSS
2025-09-15 10:00:00,2025-09-15 23:00:00,LONG,114891.57372,115264.952398,18.897350421174636,0.4414224642585056,13,0.5539364284025056,-0.19932159738545646,100.0,"EARLY_WAVE_LONG,WAVE_ACCELERATION,SWING_REVERSAL_BUY,TREND_RESUME_02,TREND_RESUME_03,ENERGY_RECOVER,CONFLUENCE_02,CONFLUENCE_03","SCALE_OUT_10,SIGNAL_EXIT"
2025-09-16 05:00:00,2025-09-16 17:00:00,LONG,115526.120604,116044.83639000001,8.7684549314901,0.40882343228935725,12,0.4691055089243924,-0.28229166035780867,52.247868749999995,"EARLY_WAVE_LONG,TREND_RESUME_01,ENERGY_RECOVER,BEAR_STRUCTURE,MOMENTUM_START,BARRIER_L1,RESISTANCE_MAJOR,TRIPLE_CONFIRMATION",SIGNAL_EXIT
2025-09-16 18:00:00,2025-09-17 06:00:00,LONG,116484.84231,117084.888338,10.19552954542607,0.47492193979413994,12,0.5352264531901874,-0.14710266726720012,97.4848991375,"EARLY_WAVE_LONG,TREND_RESUME_01,ENERGY_RECOVER,CONFLUENCE_02,TREND_Q1,TREND_Q2,TREND_Q3,BULL_STRUCTURE",DEFENSE_03
2025-09-17 10:00:00,2025-09-17 14:00:00,LONG,116573.320002,115543.24340799723,-19.842263769554627,-0.9232763477504944,4,0.0,-0.3998599353539846,71.74987722,"ANTI_MOMENTUM,EARLY_EXHAUSTION_SELL,MARUBOZU_BULL,MARUBOZU_BEAR,TREND_Q1,TREND_Q2,TREND_Q3,TREND_Q4",STOP_LOSS
2025-09-17 23:00:00,2025-09-18 18:00:00,LONG,116582.99193599999,117556.424012,9.306146792485105,0.4340677453605061,19,0.9071203667345915,-0.1992931663029756,51.6929175,"FIB_786_SHORT,FAILED_BOS_SHORT,ANTI_BOS,ANTI_MOMENTUM,EARLY_EXHAUSTION_SELL,HIDDEN_EXHAUSTION,DNA_TREND_02,TREND_Q1","SIGNAL_EXIT,SCALE_OUT_10"
2025-09-18 20:00:00,2025-09-19 09:00:00,LONG,117473.700042,116892.496824,-11.525657779209162,-0.5370635697522335,13,0.04038347134979285,-0.6843659829498544,73.263015,"FIB_382_LONG,TREND_Q1,TREND_Q2,TREND_Q3,TREND_Q4,BULL_STRUCTURE,MOMENTUM_START,BARRIER_L1",DEFENSE_03
2025-09-19 14:00:00,2025-09-19 19:00:00,LONG,116307.886926,115329.00320222133,-18.885749633495028,-0.8812947704154627,5,0.0,-0.7741495007753617,86.0931823536225,"EARLY_WAVE_LONG,ANTI_FIBO,TREND_RESUME_02,TREND_RESUME_03,EMERGENCY_EXIT_04,STRUCTURE_FAILURE_LONG,BEAR_STRUCTURE,BUY_LIQUIDITY_GRAB",STOP_LOSS
2025-09-19 21:00:00,2025-09-20 11:00:00,LONG,115365.628512,115724.39049199999,4.977352997193578,0.23280207350603344,14,0.52262662265762,0.0,73.09462450499998,"ANTI_FIBO,EARLY_EXHAUSTION_BUY,HIDDEN_EXHAUSTION,TREND_RESUME_02,TREND_RESUME_03,EMERGENCY_EXIT_04,STRUCTURE_FAILURE_LONG,BEAR_STRUCTURE","SIGNAL_EXIT,DEFENSE_03"
2025-09-20 13:00:00,2025-09-21 01:00:00,LONG,115897.6749,115636.877998,-5.6670572046748084,-0.26493340221375045,12,0.1123966465353173,-0.20506442446327575,57.212476335000005,"FIB_236_SHORT,BOS_RETEST_LONG,SWING_REVERSAL,MULTI_SWING_SELL_01,HIGHER_HIGH_CONTINUE,BULL_STRUCTURE,MOMENTUM_MIDDLE,BARRIER_L1",SIGNAL_EXIT
2025-09-21 02:00:00,2025-09-21 17:00:00,LONG,115523.11000199999,115292.946798,-0.5672569720138158,-0.0265393429134243,15,0.2535077163304765,-0.17928014749291388,57.42733248000002,"FIB_786_SHORT,LATE_WAVE_EXIT,WAVE_ACCELERATION,STRONG_WAVE,ANTI_LATE_WAVE,SWING_REVERSAL_BUY,DNA_TREND_01,DNA_TREND_02","SIGNAL_EXIT,DEFENSE_03"
2025-09-22 23:00:00,2025-09-23 03:00:00,LONG,112665.77865,111459.6685777547,-23.723373649364866,-1.1100921279403941,4,0.0,-0.7579041837119441,52.252829999999996,"FIB_382_LONG,WAVE_ACCELERATION,EARLY_EXHAUSTION_BUY,MARUBOZU_BULL,TREND_Q1,TREND_Q2,TREND_Q3,BEAR_STRUCTURE",STOP_LOSS
2025-09-23 08:00:00,2025-09-23 17:00:00,LONG,113112.748026,111882.19793527405,-24.025296082572762,-1.127461751355316,9,0.018646858438225906,-0.40653068201852866,73.9004175,"FIB_786_LONG,WAVE_ACCELERATION,HIDDEN_EXHAUSTION,TREND_Q1,TREND_Q2,TREND_Q3,TREND_Q4,BULL_STRUCTURE",STOP_LOSS
2025-09-23 23:00:00,2025-09-24 04:00:00,LONG,112181.671848,111029.40916968277,-22.66478636086973,-1.066729013993063,5,0.24031390115604065,-0.4444414491126078,52.878656249999985,"WAVE_ACCELERATION,STRONG_WAVE,DNA_ACCUMULATION_01,HAMMER_BUY,TREND_Q1,TREND_Q2,TREND_Q3,TREND_Q4",STOP_LOSS
2025-09-24 05:00:00,2025-09-24 17:00:00,LONG,112184.372388,113709.26359799999,27.94149863711646,1.318728690163831,12,1.3795483087852414,0.0,56.811579999999985,"FIB_382_LONG,WAVE_ACCELERATION,ENERGY_RECOVER,CONFLUENCE_02,CONFLUENCE_03,TREND_Q1,TREND_Q2,TREND_Q3","TRAIL_ENERGY, SCALE_OUT_10"
2025-09-25 00:00:00,2025-09-25 03:00:00,LONG,113329.67140199999,112250.15349732054,-21.08941510587846,-0.9921655574998306,3,0.0,-0.5898114710215169,51.07465999999999,"FIB_236_SHORT,BOS_RETEST_LONG,WAVE_ACCELERATION,BULL_STRUCTURE,MOMENTUM_START,TRIPLE_CONFIRMATION,FIVE_CONFIRMATION,CASCADE_03",STOP_LOSS
2025-09-25 04:00:00,2025-09-25 12:00:00,LONG,112568.729244,111226.54465954822,-26.116517545662294,-1.2318476113467465,8,0.0,-1.084430154091899,80.7437575,"WAVE_ACCELERATION,STRONG_WAVE,ENERGY_RECOVER,CONFLUENCE_02,CONFLUENCE_03,TREND_Q1,TREND_Q2,TREND_Q3",STOP_LOSS
2025-09-25 15:00:00,2025-09-25 17:00:00,LONG,111562.31800199999,110121.7838197516,-28.123030181795563,-1.3307207329177904,2,0.016539633032443678,-0.5423229033204074,72.22237722000001,"FIB_786_SHORT,FAILED_BOS_SHORT,LATE_WAVE_EXIT,STRONG_WAVE,ANTI_BOS,EMERGENCY_EXIT_01,DNA_TREND_01,DNA_TREND_02",STOP_LOSS
2025-09-25 19:00:00,2025-09-26 09:00:00,LONG,109782.15204,109545.28656,-7.754403067748899,-0.368183209201374,14,0.0,-0.7174773179095676,77.97385498,"BOS_RETEST_SHORT,LATE_WAVE_EXIT,STRONG_WAVE,ANTI_FIBO,ANTI_LATE_WAVE,EMERGENCY_EXIT_01,DNA_TREND_01,DNA_TREND_02",SIGNAL_EXIT
2025-09-26 13:00:00,2025-09-28 15:00:00,LONG,109394.554536,109828.03,2.9824529495479077,0.14175311589164669,50,0.4620298205370712,-0.5105871479335699,52.252829999999996,"FIB_382_LONG,TREND_Q1,TREND_Q2,TREND_Q3,TREND_Q4,BEAR_STRUCTURE,MOMENTUM_START,SUPPORT_MAJOR","SIGNAL_EXIT,DEFENSE_03"
2025-09-28 16:00:00,2025-09-29 04:00:00,LONG,110059.92758399999,111835.138498,33.0893337906325,1.5723041951668326,12,1.9994946973960541,0.0,94.21825959000002,"EARLY_WAVE_LONG,EMERGENCY_EXIT_04,ENERGY_RECOVER,STRUCTURE_FAILURE_SHORT,BULL_STRUCTURE,MOMENTUM_START,SUPPORT_MAJOR,TRIPLE_CONFIRMATION","TRAIL_ENERGY, SCALE_OUT_10, SCALE_OUT_20"
2025-09-29 05:00:00,2025-09-29 17:00:00,LONG,111834.372402,113603.42477,32.55936313835618,1.541217571192075,12,1.9664415785291038,-0.18021507848725368,71.56289196,"PRESSURE_EXHAUSTION,DELTA_EXHAUSTION,MULTI_SWING_SELL_01,HIGHER_HIGH_CONTINUE,BULL_STRUCTURE,MOMENTUM_END,SUPPORT_MAJOR,TRIPLE_CONFIRMATION","TRAIL_ENERGY, SCALE_OUT_10, SCALE_OUT_20"
2025-09-30 03:00:00,2025-09-30 08:00:00,LONG,114478.851192,113438.4720752902,-20.11153424233132,-0.9484323909915212,5,0.0,-0.681017658617531,74.53782,"LATE_WAVE_EXIT,STRONG_WAVE,ANTI_LATE_WAVE,BULL_STRUCTURE,STRUCTURE_ACCELERATION,MOMENTUM_START,SUPPORT_MAJOR,TRIPLE_CONFIRMATION",STOP_LOSS
2025-09-30 10:00:00,2025-10-01 08:00:00,LONG,112804.526394,114516.112196,22.328761769360824,1.0556022810600605,22,1.6150359070138363,0.0,72.17311248000001,"STRONG_WAVE,DNA_TREND_01,DNA_TREND_02,MARUBOZU_BULL,MARUBOZU_BEAR,ENERGY_RECOVER,TREND_Q1,BULL_STRUCTURE","TRAIL_ENERGY, SCALE_OUT_10, SCALE_OUT_20,SIGNAL_EXIT,DEFENSE_03"
2025-10-01 09:00:00,2025-10-02 01:00:00,LONG,116134.492254,118404.77430800001,50.74694668068381,1.1965044618378993,16,2.1186623355777936,0.0,100.0,"EARLY_WAVE_LONG,TREND_RESUME_01,TREND_RESUME_02,TREND_RESUME_03,TREND_RESUME_04,DNA_TREND_01,DNA_TREND_02,ENERGY_RECOVER","TRAIL_ENERGY, SCALE_OUT_10,TRAIL_ENERGY, SCALE_OUT_10, SCALE_OUT_20,SIGNAL_EXIT,SCALE_OUT_30, PYRAMID_LEVEL2"
2025-10-02 03:00:00,2025-10-02 16:00:00,LONG,118777.48074599999,119886.797844,18.43639655551884,0.432191640006726,13,0.9541364633111886,-0.33688266789870047,100.0,"ANTI_MOMENTUM,EARLY_EXHAUSTION_BUY,EARLY_EXHAUSTION_SELL,TREND_RESUME_02,TREND_RESUME_03,TREND_Q1,TREND_Q2,TREND_Q3",SIGNAL_EXIT
2025-10-02 21:00:00,2025-10-03 13:00:00,LONG,120676.14040199999,120333.998386,-9.871337432523896,-0.4619080328360803,16,0.0,-0.8584384606178661,73.9004175,"LATE_WAVE_EXIT,STRONG_WAVE,ANTI_LATE_WAVE,TREND_Q1,TREND_Q2,TREND_Q3,TREND_Q4,HIGHER_LOW",SIGNAL_EXIT
2025-10-03 14:00:00,2025-10-04 12:00:00,LONG,120398.794944,121948.86534799999,26.848209218390764,1.2578826374951497,22,1.878918353835855,0.0,73.9004175,"WAVE_ACCELERATION,PRESSURE_EXHAUSTION,DELTA_EXHAUSTION,ENERGY_RECOVER,TREND_Q1,TREND_Q2,TREND_Q3,TREND_Q4","SIGNAL_EXIT,TRAIL_ENERGY, SCALE_OUT_10,DEFENSE_03,TRAIL_ENERGY, SCALE_OUT_10, SCALE_OUT_20,TRAIL_ENERGY, SCALE_OUT_10, DEFENSE_03"
2025-10-04 20:00:00,2025-10-05 08:00:00,LONG,123391.48723868863,124688.68727400001,38.95318459559372,1.0108675957434223,12,2.6144228042655357,-0.07439673764749184,57.37148675999998,"FIB_786_LONG,FAILED_BOS_SHORT,ANTI_BOS,MARUBOZU_BULL,MARUBOZU_BEAR,MAJOR_STRUCTURE_FAILURE,TREND_Q1,TREND_Q2,PYRAMID_LEVEL2","TRAIL_ENERGY, SCALE_OUT_10, SCALE_OUT_20"
2025-10-05 10:00:00,2025-10-06 05:00:00,LONG,123045.11410199999,123555.553946,-4.259932405982778,-0.19811348722168218,19,0.8659392173156508,-0.36842105052965307,73.263015,"STRONG_WAVE,DNA_TREND_01,DNA_TREND_02,ENERGY_RECOVER,TREND_Q1,TREND_Q2,TREND_Q3,TREND_Q4","SIGNAL_EXIT,SCALE_OUT_10"
2025-10-06 07:00:00,2025-10-06 19:00:00,LONG,123972.699582,125985.977764,34.02503576999471,1.5833193900856155,12,1.6442978372441328,-0.4696433843605159,72.0309301425,"EARLY_WAVE_LONG,PRESSURE_EXHAUSTION,DELTA_EXHAUSTION,TREND_RESUME_02,TREND_RESUME_03,TREND_Q1,TREND_Q2,TREND_Q3",SIGNAL_EXIT
2025-10-07 00:00:00,2025-10-07 14:00:00,LONG,124683.471708,123076.22006907231,-6.33745499645272,-0.29377336292168876,14,0.18809092238723785,-0.8144477323972655,50.81926500000001,"ANTI_MOMENTUM,EARLY_EXHAUSTION_SELL,TREND_Q1,TREND_Q2,TREND_Q3,TREND_Q4,MULTI_SWING_SELL_01,HIGHER_HIGH_CONTINUE","SIGNAL_EXIT,STOP_LOSS"
2025-10-08 01:00:00,2025-10-08 15:00:00,LONG,121938.472818,122295.52600200001,10.498723145184474,0.48707579824969366,14,0.8169096750020699,-0.46290789523212444,52.24621499999999,"WAVE_ACCELERATION,PRESSURE_EXHAUSTION,DELTA_EXHAUSTION,TREND_RESUME_02,TREND_RESUME_03,BEAR_STRUCTURE,MOMENTUM_START,RESISTANCE_MAJOR",SIGNAL_EXIT
2025-10-09 03:00:00,2025-10-09 15:00:00,LONG,121642.13356199999,121290.746998,-7.094071347024321,-0.32875357500644187,12,1.57942513974467,-0.3128139492933575,52.33032,"FIB_786_SHORT,LATE_WAVE_EXIT,WAVE_ACCELERATION,STRONG_WAVE,DNA_TREND_01,DNA_TREND_02,MARUBOZU_BULL,ENERGY_RECOVER",SIGNAL_EXIT
2025-10-10 09:00:00,2025-10-10 15:00:00,LONG,121655.866308,120014.70404509707,-29.933971505930487,-1.3884806345831677,6,0.023290033485328897,-0.9557256409291137,70.50853761462,"EARLY_WAVE_LONG,PRESSURE_EXHAUSTION,DELTA_EXHAUSTION,TREND_RESUME_02,TREND_RESUME_03,MARUBOZU_BULL,MARUBOZU_BEAR,BEAR_STRUCTURE",STOP_LOSS
2025-10-11 12:00:00,2025-10-12 01:00:00,LONG,112302.46600199999,109619.61169199999,-42.57192913783464,-1.9817667873141458,13,0.06916499767567852,-2.3694279357610943,52.878656249999985,"STRONG_WAVE,DNA_ACCUMULATION_01,HAMMER_BUY,TREND_Q1,TREND_Q2,BEAR_STRUCTURE,MOMENTUM_MIDDLE,RESISTANCE_MAJOR",SIGNAL_EXIT
2025-10-12 06:00:00,2025-10-12 18:00:00,LONG,112763.48448994047,113777.23000200001,33.03204302613276,0.8586419836512909,12,2.1004052912457736,-0.3805851448217059,52.5632625,"FIB_786_LONG,WAVE_ACCELERATION,ANTI_MOMENTUM,EARLY_EXHAUSTION_BUY,EARLY_EXHAUSTION_SELL,DNA_ACCUMULATION_01,TREND_Q1,TREND_Q2,PYRAMID_LEVEL2",SCALE_OUT_10
2025-10-13 08:00:00,2025-10-13 20:00:00,LONG,115422.739932,115769.681432,5.587443863655588,0.2604630834481279,12,0.32064744626408975,-1.2008984822372117,67.836125,"HIDDEN_EXHAUSTION,HIGHER_HIGH_CONTINUE,BULL_STRUCTURE,MOMENTUM_END,TRIPLE_CONFIRMATION,MASTER_EXIT_25,CASCADE_03,CASCADE_05",SIGNAL_EXIT
2025-10-13 21:00:00,2025-10-14 02:00:00,LONG,115736.512674,113717.38392502886,-38.28909733006876,-1.7838931334976735,5,0.0,-1.2631646143666928,52.878656249999985,"ANTI_MOMENTUM,EARLY_EXHAUSTION_BUY,EARLY_EXHAUSTION_SELL,SWING_REVERSAL,EMERGENCY_EXIT_01,EMERGENCY_EXIT_04,DNA_ACCUMULATION_01,HAMMER_BUY",STOP_LOSS
2025-10-14 03:00:00,2025-10-14 06:00:00,LONG,113669.77941,111861.21704725694,-34.83564149329138,-1.6304305851401353,3,0.0,-1.035164681507674,72.17311248000001,"LATE_WAVE_EXIT,WAVE_ACCELERATION,STRONG_WAVE,ANTI_LATE_WAVE,SWING_REVERSAL_BUY,MARUBOZU_BULL,MARUBOZU_BEAR,TREND_Q1",STOP_LOSS
2025-10-15 09:00:00,2025-10-15 13:00:00,LONG,112967.428968,110904.60213569873,-39.6875447820902,-1.865306391767522,4,0.0,-1.1119833207462193,54.74884624999999,"FIB_236_LONG,EARLY_WAVE_LONG,ENERGY_RECOVER,CONFLUENCE_02,CONFLUENCE_03,TREND_Q1,TREND_Q2,TREND_Q3",STOP_LOSS
2025-10-16 07:00:00,2025-10-16 09:00:00,LONG,111689.163366,109644.87103089728,-39.58960470065729,-1.8696086715882223,2,0.0,-0.9893201208599662,71.32664196,"FIB_382_LONG,WAVE_ACCELERATION,MARUBOZU_BULL,MARUBOZU_BEAR,TREND_Q1,TREND_Q2,TREND_Q3,TREND_Q4",STOP_LOSS
2025-10-18 22:00:00,2025-10-19 10:00:00,LONG,107198.48541,107379.98970600001,2.7238127353296115,0.12924837472068318,12,0.1893539719555328,-0.7038676032726952,51.6929175,"FIB_786_SHORT,WAVE_ACCELERATION,TREND_Q1,TREND_Q2,TREND_Q3,TREND_Q4,HIGHER_LOW,BULL_STRUCTURE",SIGNAL_EXIT
2025-10-19 11:00:00,2025-10-19 23:00:00,LONG,107904.286542,109124.97064,22.993198889795156,1.0908131154602987,12,1.3704028870293525,-0.2528690478795795,79.03221375,"EARLY_WAVE_LONG,EMERGENCY_EXIT_01,EMERGENCY_EXIT_04,ENERGY_RECOVER,STRUCTURE_FAILURE_SHORT,CONFLUENCE_02,CONFLUENCE_03,TREND_Q1",SIGNAL_EXIT
2025-10-20 00:00:00,2025-10-20 12:00:00,LONG,109714.48908463104,110994.54665,42.84267423155175,1.1262502856444074,12,2.180373054243274,-0.5678382196678211,51.76426499999999,"FIB_236_SHORT,DNA_TREND_01,DNA_TREND_02,ENERGY_RECOVER,HIGHER_HIGH_CONTINUE,BULL_STRUCTURE,MOMENTUM_START,TRIPLE_CONFIRMATION,TRAIL_DELTA,PYRAMID_LEVEL2","TRAIL_ENERGY, SCALE_OUT_10, SCALE_OUT_20"
2025-10-20 14:00:00,2025-10-21 01:00:00,LONG,111183.58227,109610.57920855467,-30.884062080777888,-1.4542140666077588,11,0.024533954962667,-0.8102115902439921,86.4429663125,"EARLY_WAVE_LONG,HIGHER_HIGH_CONTINUE,BULL_STRUCTURE,MOMENTUM_START,TRIPLE_CONFIRMATION,CASCADE_03,CASCADE_05,CASCADE_08",STOP_LOSS
2025-10-21 02:00:00,2025-10-21 04:00:00,LONG,109885.15263599998,108237.19269266463,-32.56497485522246,-1.539111317445032,2,0.0,-0.7516326056677793,90.72869442000001,"EARLY_WAVE_LONG,SWING_REVERSAL_BUY,BULL_STRUCTURE,MOMENTUM_START,BARRIER_L1,TRIPLE_CONFIRMATION,FIVE_CONFIRMATION,CASCADE_03",STOP_LOSS
2025-10-21 05:00:00,2025-10-21 17:00:00,LONG,107801.265942,112543.36682400001,91.8263341715935,4.35716917999606,12,5.214543640910894,-0.24503046387425587,56.47873959000001,"BOS_RETEST_SHORT,EARLY_WAVE_LONG,ANTI_FIBO,DNA_TREND_01,DNA_TREND_02,MARUBOZU_BULL,MARUBOZU_BEAR,ENERGY_RECOVER","TRAIL_DELTA, TRAIL_WAVE"
2025-10-22 06:00:00,2025-10-23 07:00:00,LONG,108188.453364,110224.880614,-30.58644249548197,-0.47861102208928474,25,1.9026860741545348,-0.9165796655430908,100.0,"EARLY_WAVE_LONG,PRESSURE_EXHAUSTION,DELTA_EXHAUSTION,SWING_REVERSAL_BUY,MULTI_SWING_BUY_01,HIGHER_LOW,BULL_STRUCTURE,MOMENTUM_START","SIGNAL_EXIT,DEFENSE_03"
2025-10-23 13:00:00,2025-10-24 06:00:00,LONG,109186.78298999999,111239.117726,28.01760098424977,1.3203785102786965,17,1.900025766113112,0.0,69.0165,"BOS_RETEST_LONG,WAVE_ACCELERATION,BULL_STRUCTURE,MOMENTUM_START,TRIPLE_CONFIRMATION,CASCADE_03,CASCADE_05,CASCADE_08","TRAIL_ENERGY, SCALE_OUT_10, SCALE_OUT_20,SIGNAL_EXIT"
2025-10-25 08:00:00,2025-10-26 09:00:00,LONG,111511.887918,111754.584612,-0.8370129736800386,-0.03931984144601231,25,0.34717561439251193,-0.2254718512028723,68.4263125,"FIB_786_LONG,STRONG_WAVE,BULL_STRUCTURE,MOMENTUM_START,TRIPLE_CONFIRMATION,CASCADE_03,CASCADE_05,CASCADE_08","SIGNAL_EXIT,DEFENSE_03"
2025-10-26 10:00:00,2025-10-26 23:00:00,LONG,112551.32576400001,114658.403732,77.9537289622998,1.831355243943724,13,1.892473697259001,-0.06594836932942102,100.0,"LATE_WAVE_EXIT,WAVE_ACCELERATION,STRONG_WAVE,ANTI_LATE_WAVE,TREND_RESUME_04,DNA_TREND_01,DNA_TREND_02,ENERGY_WALL",SIGNAL_EXIT
2025-10-27 00:00:00,2025-10-27 12:00:00,LONG,114582.321882,115338.94759600001,13.315187851217994,0.6200695912701882,12,1.2839398729544427,0.0,73.58171625000001,"EARLY_WAVE_LONG,EMERGENCY_EXIT_01,ENERGY_RECOVER,TREND_Q1,TREND_Q2,TREND_Q3,TREND_Q4,BULL_STRUCTURE",SCALE_OUT_10
2025-10-27 13:00:00,2025-10-28 01:00:00,LONG,115088.973192,113938.877666,-22.34159727491259,-1.0389101960895046,12,0.5361823907930107,-0.9795058212217737,93.14232417,"FIB_382_LONG,WAVE_ACCELERATION,STRONG_WAVE,HIDDEN_EXHAUSTION,TREND_Q1,TREND_Q2,TREND_Q3,TREND_Q4",SIGNAL_EXIT
2025-10-28 13:00:00,2025-10-28 20:00:00,LONG,114472.43991,113167.87172983865,-25.289664444573994,-1.1791793115570444,7,0.9176532716747202,-0.6835268913767978,51.93247499999999,"FIB_382_LONG,WAVE_ACCELERATION,DNA_ACCUMULATION_01,TREND_Q1,TREND_Q2,TREND_Q3,TREND_Q4,BEAR_STRUCTURE",STOP_LOSS
2025-10-28 22:00:00,2025-10-29 16:00:00,LONG,113017.008882,111487.43805200001,-2.961796058571596,-0.06926082617864054,18,0.4962891192648894,-1.3336655224822973,95.06696101875,"LATE_WAVE_EXIT,STRONG_WAVE,ANTI_FIBO,ANTI_LATE_WAVE,EMERGENCY_EXIT_01,EMERGENCY_EXIT_04,DNA_ACCUMULATION_01,STRUCTURE_FAILURE_LONG",SIGNAL_EXIT
2025-11-01 00:00:00,2025-11-01 21:00:00,LONG,109629.931602,110384.128758,7.708073974995359,0.36069963945497097,21,0.7611045503788153,0.0,73.263015,"FIB_382_LONG,WAVE_ACCELERATION,PRESSURE_EXHAUSTION,DELTA_EXHAUSTION,TREND_Q1,TREND_Q2,BULL_STRUCTURE,MOMENTUM_MIDDLE","SIGNAL_EXIT,DEFENSE_03,SCALE_OUT_10"
2025-11-02 05:00:00,2025-11-02 16:00:00,LONG,110692.404054,109746.77635271949,-19.118675075526642,-0.8939424708301272,11,0.4558451415996441,-0.5193888947605951,79.71683125,"BOS_CONTINUE_LONG,LATE_WAVE_EXIT,WAVE_ACCELERATION,ANTI_LATE_WAVE,EMERGENCY_EXIT_04,DNA_TREND_01,DNA_TREND_02,ENERGY_WALL",STOP_LOSS
2025-11-02 21:00:00,2025-11-03 02:00:00,LONG,110108.71733999999,109119.46390840442,-40.03133761632395,-0.9380739709913078,5,0.392305596173794,-0.40252702120886263,100.0,"FIB_786_LONG,LATE_WAVE_EXIT,WAVE_ACCELERATION,STRONG_WAVE,DNA_ACCUMULATION_01,HAMMER_BUY,TREND_Q1,BULL_STRUCTURE",STOP_LOSS
2025-11-04 04:00:00,2025-11-04 05:00:00,LONG,107180.22175799999,104956.00965742113,-44.89381169092775,-2.114377510394234,1,0.0,-0.4012697034449681,73.9004175,"WAVE_ACCELERATION,EARLY_EXHAUSTION_BUY,HIDDEN_EXHAUSTION,TREND_Q1,TREND_Q2,HIGHER_LOW,BULL_STRUCTURE,MOMENTUM_MIDDLE",STOP_LOSS
2025-11-04 07:00:00,2025-11-04 16:00:00,LONG,104787.093228,102322.5285411269,-50.494498565618834,-2.3910327322831586,9,0.0,-1.517441870956603,73.58171625000001,"EARLY_WAVE_LONG,ANTI_FIBO,EMERGENCY_EXIT_01,ENERGY_RECOVER,TREND_Q1,TREND_Q2,BULL_STRUCTURE,MOMENTUM_START",STOP_LOSS
2025-11-05 05:00:00,2025-11-05 17:00:00,LONG,102018.69966,103898.41616,37.81933420446054,1.801784515644742,12,1.8628941030750623,-0.6045260937998485,73.08908774999998,"STRONG_WAVE,EARLY_EXHAUSTION_BUY,DNA_ACCUMULATION_01,HAMMER_BUY,TREND_Q1,TREND_Q2,TREND_Q3,TREND_Q4",SIGNAL_EXIT
2025-11-06 01:00:00,2025-11-06 15:00:00,LONG,103698.445542,101639.24746953946,-23.41501819942838,-1.1106439058282693,14,0.320491263164968,-1.5173279925037289,74.53782,"LATE_WAVE_EXIT,STRONG_WAVE,ANTI_LATE_WAVE,EMERGENCY_EXIT_04,STRUCTURE_FAILURE_SHORT,TREND_Q1,TREND_Q2,TREND_Q3","SIGNAL_EXIT,STOP_LOSS"
2025-11-06 23:00:00,2025-11-07 13:00:00,LONG,101435.33301,99618.362342,-22.746832819919497,-1.0820625590633097,14,0.9978150216160059,-1.771624301586155,52.252829999999996,"FIB_382_LONG,WAVE_ACCELERATION,PRESSURE_EXHAUSTION,DELTA_EXHAUSTION,TREND_Q1,TREND_Q2,TREND_Q3,TREND_Q4","DEFENSE_03,SIGNAL_EXIT"
2025-11-07 14:00:00,2025-11-08 02:00:00,LONG,101919.71416207895,102976.25063000001,54.2925665667813,0.9962213650387564,12,2.100271360395447,0.0,57.47132999999998,"LATE_WAVE_EXIT,STRONG_WAVE,ANTI_LATE_WAVE,SWING_REVERSAL_BUY,DNA_TREND_02,ENERGY_RECOVER,CONFLUENCE_02,CONFLUENCE_03,TRAIL_ENERGY,PYRAMID_LEVEL2,SCALE_OUT_10","TRAIL_ENERGY, SCALE_OUT_10"
2025-11-08 04:00:00,2025-11-09 14:00:00,LONG,102613.27855199999,102890.81771999999,-15.903982053300425,-0.7539916592042418,34,0.2905193676751499,-0.9550699147609367,56.58168883500001,"BOS_RETEST_LONG,HIDDEN_EXHAUSTION,PRESSURE_EXHAUSTION,DELTA_EXHAUSTION,SHOOTING_SELL,MULTI_SWING_SELL_01,HIGHER_HIGH_CONTINUE,BULL_STRUCTURE","SIGNAL_EXIT,DEFENSE_03"
2025-11-09 16:00:00,2025-11-10 04:00:00,LONG,103782.93243599999,106006.764406,44.24779265412299,2.1019152311800786,12,2.439734072422215,-0.14006391281111868,100.0,"LATE_WAVE_EXIT,STRONG_WAVE,ANTI_LATE_WAVE,EMERGENCY_EXIT_04,DNA_TREND_02,ENERGY_RECOVER,STRUCTURE_FAILURE_SHORT,CONFLUENCE_02","TRAIL_ENERGY, TRAIL_DELTA, SCALE_OUT_10, SCALE_OUT_20"
2025-11-10 08:00:00,2025-11-10 14:00:00,LONG,106482.752292,104826.84872090296,-33.738470988316976,-1.594468844991498,6,0.06129415947196824,-0.505792985631223,68.13121875,"EARLY_WAVE_LONG,BULL_STRUCTURE,MOMENTUM_START,TRIPLE_CONFIRMATION,CASCADE_03,CASCADE_05,CASCADE_08,CASCADE_10",STOP_LOSS
2025-11-14 19:00:00,2025-11-15 13:00:00,LONG,95094.54510599999,95794.917184,21.266053409832654,1.0091501264645728,18,1.459836515809174,-0.7540654463415121,87.20404736021999,"HIST200_BUY,HIST1000_BUY,ANTI_MOMENTUM,EARLY_EXHAUSTION_SELL,MAJOR_DEMAND,TREND_Q1,TREND_Q2,TREND_Q3","TRAIL_ENERGY, SCALE_OUT_10,TRAIL_ENERGY, SCALE_OUT_10, SCALE_OUT_20,DEFENSE_03,SCALE_OUT_10,SCALE_OUT_10, DEFENSE_03"
2025-11-15 14:00:00,2025-11-16 06:00:00,LONG,96389.444034,95862.653634,-22.221286620719166,-1.051930654445073,16,0.0,-1.1545081986441088,72.88186248,"EARLY_WAVE_LONG,MARUBOZU_BULL,TREND_Q1,TREND_Q2,TREND_Q3,TREND_Q4,BEAR_STRUCTURE,MOMENTUM_START","SIGNAL_EXIT,DEFENSE_03"
2025-11-16 08:00:00,2025-11-16 15:00:00,LONG,96119.199996,94782.632428514,-30.124745988099807,-1.4299750939610407,7,0.5311633929758579,-0.7269723385432592,52.88030999999997,"FIB_786_LONG,WAVE_ACCELERATION,TREND_Q1,TREND_Q2,TREND_Q3,TREND_Q4,BEAR_STRUCTURE,MOMENTUM_START",STOP_LOSS
2025-11-16 16:00:00,2025-11-16 22:00:00,LONG,94592.374692,93040.98326804054,-35.24979066492156,-1.6794248187967626,6,0.0,-1.1493047886152084,72.40936248000001,"BOS_CONTINUE_SHORT,LATE_WAVE_EXIT,WAVE_ACCELERATION,STRONG_WAVE,ANTI_FIBO,ANTI_LATE_WAVE,SWING_REVERSAL_BUY,DNA_TREND_01",STOP_LOSS
2025-11-16 23:00:00,2025-11-17 16:00:00,LONG,94202.196672,93940.888064,20.654406340249988,0.9882972961508409,17,1.5435025714556203,-0.25745330848754416,74.53782,"LATE_WAVE_EXIT,STRONG_WAVE,ANTI_FIBO,ANTI_LATE_WAVE,ENERGY_RECOVER,TREND_Q1,TREND_Q2,TREND_Q3","TRAIL_ENERGY, SCALE_OUT_10, SCALE_OUT_20, DEFENSE_03,SIGNAL_EXIT,TRAIL_ENERGY, SCALE_OUT_10, SCALE_OUT_20"
2025-11-17 17:00:00,2025-11-17 19:00:00,LONG,94324.871202,91859.40392200176,-55.571383244303235,-2.6527585033309666,2,0.0,-1.8827072641286005,53.19404999999999,"EARLY_EXHAUSTION_BUY,HIDDEN_EXHAUSTION,HAMMER_BUY,TREND_Q1,TREND_Q2,TREND_Q3,TREND_Q4,BEAR_STRUCTURE",STOP_LOSS
2025-11-18 01:00:00,2025-11-18 03:00:00,LONG,92188.293972,89849.10129700121,-53.60829709402731,-2.5763925257571003,2,0.0,-1.4343295824539468,74.53782,"LATE_WAVE_EXIT,STRONG_WAVE,ANTI_FIBO,ANTI_LATE_WAVE,TREND_Q1,TREND_Q2,TREND_Q3,TREND_Q4",STOP_LOSS
2025-11-18 05:00:00,2025-11-19 17:00:00,LONG,91161.7291886959,89887.78884600001,212.19668485451854,2.2318355261556397,36,3.118963627166921,-1.377715407412038,100.0,"LATE_WAVE_EXIT,STRONG_WAVE,HIST200_BUY,HIST1000_BUY,ANTI_FIBO,ANTI_LATE_WAVE,MAJOR_DEMAND,ENERGY_RECOVER,PYRAMID_LEVEL2,PYRAMID_LEVEL3","TRAIL_ENERGY, TRAIL_DELTA, SCALE_OUT_10, SCALE_OUT_20, PYRAMID_LEVEL2,TRAIL_ENERGY, SCALE_OUT_10, SCALE_OUT_20,TRAIL_ENERGY, SCALE_OUT_10, SCALE_OUT_20, DEFENSE_03,PYRAMID_LEVEL2,SIGNAL_EXIT,TRAIL_ENERGY, SCALE_OUT_10,SCALE_OUT_10"
2025-11-19 18:00:00,2025-11-20 06:00:00,LONG,91105.341577332,92597.68675800001,236.90501471802182,1.5973883427345663,12,2.560310102152507,-0.707500957908973,100.0,"EARLY_WAVE_LONG,HIST200_BUY,HIST1000_BUY,ANTI_FIBO,MAJOR_DEMAND,ENERGY_RECOVER,TREND_Q1,TREND_Q2,TRAIL_ENERGY,SCALE_OUT_10,PYRAMID_LEVEL2,TRAIL_DELTA,SCALE_OUT_20",SIGNAL_EXIT
2025-11-20 11:00:00,2025-11-20 15:00:00,LONG,91819.75027799999,89873.22781539604,-47.003013109125774,-2.1590907704800353,4,0.1244282647840984,-0.7803988530032822,87.043187,"HIGHER_HIGH_CONTINUE,BULL_STRUCTURE,MOMENTUM_START,SUPPORT_MAJOR,TRIPLE_CONFIRMATION,CASCADE_03,CASCADE_05,CASCADE_08",STOP_LOSS
2025-11-20 16:00:00,2025-11-20 16:00:00,LONG,89887.853976,87494.65646196657,-58.484824919287725,-2.701360939450772,0,0.0,0.0,57.42733248000002,"FIB_786_SHORT,WAVE_ACCELERATION,STRONG_WAVE,DNA_TREND_01,DNA_TREND_02,MARUBOZU_BULL,MARUBOZU_BEAR,ENERGY_RECOVER",STOP_LOSS
2025-11-20 18:00:00,2025-11-21 06:00:00,LONG,87251.24676,86177.850982,-27.301712575272997,-1.269743367037694,12,0.9337668746912547,-2.070247505996786,79.21754556946837,"LATE_WAVE_EXIT,STRONG_WAVE,HIST200_BUY,HIST1000_BUY,ANTI_FIBO,ANTI_LATE_WAVE,MAJOR_DEMAND,TREND_RESUME_05",SIGNAL_EXIT
2025-11-22 06:00:00,2025-11-22 23:00:00,LONG,84297.776184,85055.855426,6.250885505470436,0.29167014384237766,17,0.9194831122331788,-0.7171318288165509,57.212476335000005,"FIB_236_SHORT,WAVE_ACCELERATION,TREND_Q1,TREND_Q2,TREND_Q3,TREND_Q4,MULTI_SWING_SELL_01,HIGHER_HIGH_CONTINUE","SIGNAL_EXIT,DEFENSE_03"
2025-11-23 00:00:00,2025-11-23 14:00:00,LONG,85551.14562220797,86910.91434,59.78158256589328,1.5487862172030067,14,2.113699676050199,0.0,52.56657,"EARLY_WAVE_LONG,WAVE_ACCELERATION,TREND_Q1,TREND_Q2,TREND_Q3,TREND_Q4,BEAR_STRUCTURE,MOMENTUM_START,TRAIL_ENERGY,TRAIL_DELTA,SCALE_OUT_10,SCALE_OUT_20,PYRAMID_LEVEL2",SIGNAL_EXIT
2025-11-23 16:00:00,2025-11-24 13:00:00,LONG,87104.857488,85985.7994,2.8588157788923283,0.1324112473783357,21,1.032253008535002,-1.3316679705948555,77.29847999999998,"LATE_WAVE_EXIT,WAVE_ACCELERATION,STRONG_WAVE,ANTI_LATE_WAVE,EMERGENCY_EXIT_04,EMERGENCY_EXIT_05,DNA_TREND_02,ENERGY_RECOVER",SIGNAL_EXIT
2025-11-24 14:00:00,2025-11-25 17:00:00,LONG,87739.80028567278,87103.885738,0.5649678461235167,0.01006297014144724,27,2.544572450563507,-1.1377394095069384,74.53782,"WAVE_ACCELERATION,PRESSURE_EXHAUSTION,DELTA_EXHAUSTION,TREND_Q1,TREND_Q2,TREND_Q3,TREND_Q4,BULL_STRUCTURE,PYRAMID_LEVEL2,TRAIL_ENERGY",SIGNAL_EXIT
2025-11-25 18:00:00,2025-11-26 11:00:00,LONG,87643.42517999999,86937.778966,-1.534119057502671,-0.0710529247192054,17,0.33274009932984666,-0.93350434253303,94.00664196000001,"FIB_382_LONG,EARLY_EXHAUSTION_BUY,HIDDEN_EXHAUSTION,BULL_STRUCTURE,STRUCTURE_WEAKENING,MOMENTUM_END,SUPPORT_MAJOR,TRIPLE_CONFIRMATION","DEFENSE_03,SIGNAL_EXIT"
2025-11-26 12:00:00,2025-11-27 00:00:00,LONG,87113.199156,90465.913198,82.17811543575603,3.8071471474508045,12,3.869471993519174,-0.5396646668412713,74.53782,"EARLY_EXHAUSTION_BUY,TREND_Q1,TREND_Q2,TREND_Q3,BULL_STRUCTURE,MOMENTUM_END,SUPPORT_MAJOR,TRIPLE_CONFIRMATION","TRAIL_ENERGY, TRAIL_WAVE, SCALE_OUT_10"
2025-11-27 02:00:00,2025-11-27 15:00:00,LONG,91164.009156,90771.52206399999,-10.248363217396896,-0.4703563443462149,13,0.49306831518434885,-0.41061067790409966,80.05913999999999,"LATE_WAVE_EXIT,STRONG_WAVE,ANTI_LATE_WAVE,EMERGENCY_EXIT_04,DNA_TREND_01,DNA_TREND_02,ENERGY_RECOVER,STRUCTURE_FAILURE_SHORT",DEFENSE_03
2025-11-27 18:00:00,2025-11-28 11:00:00,LONG,91497.59586,91832.119902,2.2812183681219036,0.10483198837429004,17,0.385686789563264,-0.7574361418855357,50.619659999999996,"EARLY_WAVE_LONG,WAVE_ACCELERATION,BEAR_STRUCTURE,MOMENTUM_START,BARRIER_L1,SUPPORT_MAJOR,TRIPLE_CONFIRMATION,FIVE_CONFIRMATION",SIGNAL_EXIT
2025-11-28 12:00:00,2025-11-28 17:00:00,LONG,91455.927528,90200.60422164289,-30.732192011045694,-1.4120501349137733,5,1.0071326122825635,-0.5682491469357134,94.42987722000002,"FIB_786_LONG,ENERGY_RECOVER,TREND_Q1,TREND_Q2,BULL_STRUCTURE,MOMENTUM_START,BARRIER_L1,SUPPORT_MAJOR",STOP_LOSS
2025-11-28 19:00:00,2025-11-29 08:00:00,LONG,90848.736114,90549.546468,-16.023438405713893,-0.36945513758705467,13,0.3878577744415163,-0.3119978616370933,100.0,"WAVE_ACCELERATION,EARLY_EXHAUSTION_BUY,TREND_RESUME_02,TREND_RESUME_03,EMERGENCY_EXIT_01,TREND_Q1,TREND_Q2,BULL_STRUCTURE",SIGNAL_EXIT
2025-11-29 11:00:00,2025-11-30 05:00:00,LONG,90570.580494,90839.818402,5.150648988526869,0.2380060389787131,18,0.544237989103603,-0.16492164805091789,69.77390021874999,"EARLY_WAVE_LONG,WAVE_ACCELERATION,DNA_ACCUMULATION_01,HAMMER_BUY,BEAR_STRUCTURE,MOMENTUM_START,TRIPLE_CONFIRMATION,FIVE_CONFIRMATION",SIGNAL_EXIT
2025-11-30 09:00:00,2025-11-30 23:00:00,LONG,91202.68689,90341.10719352057,-8.99912005840542,-0.4156340692541823,14,0.682538126043137,-0.16875258311811167,100.0,"LATE_WAVE_EXIT,WAVE_ACCELERATION,ANTI_LATE_WAVE,ENERGY_RECOVER,CONFLUENCE_02,CONFLUENCE_03,TREND_Q1,TREND_Q2","SIGNAL_EXIT,STOP_LOSS"
2025-12-01 00:00:00,2025-12-01 00:00:00,LONG,90378.082002,88781.81017233334,-39.04753506642055,-1.8055091650423385,0,0.0,0.0,57.270462480000006,"BOS_CONTINUE_SHORT,LATE_WAVE_EXIT,WAVE_ACCELERATION,STRONG_WAVE,ANTI_LATE_WAVE,SWING_REVERSAL_BUY,EMERGENCY_EXIT_04,DNA_TREND_01",STOP_LOSS
2025-12-01 02:00:00,2025-12-01 12:00:00,LONG,87186.33377999999,85490.93733167768,-42.705224794128576,-1.9837889130873614,10,0.0,-1.5889001405834633,56.3837575,"BOS_RETEST_SHORT,LATE_WAVE_EXIT,STRONG_WAVE,ANTI_FIBO,ANTI_LATE_WAVE,EMERGENCY_EXIT_01,EMERGENCY_EXIT_04,ENERGY_RECOVER",STOP_LOSS
2025-12-02 07:00:00,2025-12-02 19:00:00,LONG,87107.878092,91936.09910200001,117.81264061023656,5.500589240962415,12,5.563919147337283,-0.730115468233876,73.263015,"EARLY_EXHAUSTION_BUY,HIDDEN_EXHAUSTION,PRESSURE_EXHAUSTION,DELTA_EXHAUSTION,SWING_REVERSAL,TREND_Q1,TREND_Q2,TREND_Q3","TRAIL_ENERGY, SCALE_OUT_10"
2025-12-02 21:00:00,2025-12-03 16:00:00,LONG,91044.865332,92354.82534000001,42.245980280192434,1.9458710683238678,19,2.853598232614273,0.0,70.85646750000001,"EARLY_WAVE_LONG,EMERGENCY_EXIT_04,STRUCTURE_FAILURE_SHORT,BULL_STRUCTURE,MOMENTUM_START,TRIPLE_CONFIRMATION,FIVE_CONFIRMATION,MASTER_EXIT_25","TRAIL_ENERGY, SCALE_OUT_10, SCALE_OUT_20,TRAIL_ENERGY, SCALE_OUT_10,TRAIL_ENERGY, SCALE_OUT_10, SCALE_OUT_30,TRAIL_ENERGY, TRAIL_DELTA, SCALE_OUT_10, SCALE_OUT_20,SIGNAL_EXIT"
2025-12-05 10:00:00,2025-12-05 16:00:00,LONG,91146.77571,89636.81316138127,-36.99580962812029,-1.695964845538343,6,0.22453267096483592,-0.9425519480068105,72.88186248,"EARLY_WAVE_LONG,SWING_REVERSAL_BUY,DNA_TREND_01,DNA_TREND_02,MARUBOZU_BULL,ENERGY_RECOVER,BEAR_STRUCTURE,STRUCTURE_WEAKENING",STOP_LOSS
2025-12-07 00:00:00,2025-12-07 14:00:00,LONG,89254.64736,88247.27368215624,-8.8314008773035,-0.4066144519560032,14,0.5240316934013292,-0.22509456475656328,74.53782,"LATE_WAVE_EXIT,WAVE_ACCELERATION,STRONG_WAVE,ANTI_LATE_WAVE,SWING_REVERSAL_BUY,ENERGY_RECOVER,BULL_STRUCTURE,MOMENTUM_START","SIGNAL_EXIT,STOP_LOSS"
2025-12-07 16:00:00,2025-12-08 09:00:00,LONG,89572.43090400001,91815.523222,37.924009824826356,1.7480451200101532,17,2.5247378832709524,0.0,69.93908225892001,"FIB_236_LONG,FIB_382_LONG,FAILED_BOS_SHORT,ANTI_BOS,DNA_TREND_01,DNA_TREND_02,MARUBOZU_BULL,MARUBOZU_BEAR","TRAIL_ENERGY, SCALE_OUT_10, SCALE_OUT_20,TRAIL_DELTA,TRAIL_DELTA, DEFENSE_03,SCALE_OUT_30"
2025-12-10 07:00:00,2025-12-10 21:00:00,LONG,92718.55000199999,92435.39922200001,-3.9823489185573324,-0.18277936251756435,14,0.25789876782461685,-0.9569929663274976,50.460865000000005,"FIB_236_SHORT,TREND_Q1,HIGHER_LOW,BULL_STRUCTURE,MOMENTUM_START,RESISTANCE_MAJOR,TRIPLE_CONFIRMATION,FIVE_CONFIRMATION",SIGNAL_EXIT
2025-12-11 01:00:00,2025-12-11 03:00:00,LONG,91404.44723399999,89416.8705503398,-48.20282379785857,-2.213615959736043,2,0.0,-1.4555607240794095,52.56657,"EARLY_WAVE_LONG,SWING_REVERSAL_BUY,EMERGENCY_EXIT_04,STRUCTURE_FAILURE_LONG,TREND_Q1,BEAR_STRUCTURE,MOMENTUM_START,RESISTANCE_MAJOR",STOP_LOSS
2025-12-12 13:00:00,2025-12-12 15:00:00,LONG,92438.484,91006.87271820594,-103.16089442546983,-1.588098341034392,2,0.00596721166479024,-0.1467938396739643,100.0,"WAVE_ACCELERATION,PRESSURE_EXHAUSTION,DELTA_EXHAUSTION,TREND_RESUME_02,TREND_RESUME_03,DNA_ACCUMULATION_01,HAMMER_BUY,BULL_STRUCTURE",STOP_LOSS
2025-12-12 16:00:00,2025-12-13 09:00:00,LONG,89953.117026,90440.10836,8.362866296082949,0.39099787795183805,17,0.5614846830199437,0.0,56.63560959000001,"BOS_CONTINUE_SHORT,EARLY_WAVE_LONG,ANTI_FIBO,EMERGENCY_EXIT_04,DNA_TREND_01,DNA_TREND_02,MARUBOZU_BULL,MARUBOZU_BEAR","SIGNAL_EXIT,DEFENSE_03"
2025-12-13 23:00:00,2025-12-14 11:00:00,LONG,90158.12802,89431.74034098655,-13.302705676849346,-0.621410096606092,12,0.20172555042364138,-0.3376711858219451,93.7905625125,"FIB_382_LONG,PRESSURE_EXHAUSTION,DELTA_EXHAUSTION,DNA_ACCUMULATION_01,BULL_STRUCTURE,MOMENTUM_START,BARRIER_L1,TRIPLE_CONFIRMATION","SIGNAL_EXIT,STOP_LOSS"
2025-12-15 11:00:00,2025-12-15 14:00:00,LONG,89876.931792,88808.27496741571,-26.256368389992897,-1.2285467611718623,3,0.0,-0.4950455952698718,50.3127625,"EARLY_WAVE_LONG,WAVE_ACCELERATION,DNA_ACCUMULATION_01,BEAR_STRUCTURE,MOMENTUM_START,TRIPLE_CONFIRMATION,FIVE_CONFIRMATION,CASCADE_03",STOP_LOSS
2025-12-16 10:00:00,2025-12-17 02:00:00,LONG,86367.27,87534.78954,33.359805677835176,1.5658856426162702,16,1.8643173507741866,0.0,52.40166750000001,"FIB_236_SHORT,WAVE_ACCELERATION,TREND_Q1,TREND_Q2,TREND_Q3,TREND_Q4,HIGHER_LOW,BULL_STRUCTURE","TRAIL_ENERGY, SCALE_OUT_10, SCALE_OUT_20,TRAIL_ENERGY, SCALE_OUT_10, DEFENSE_03,TRAIL_ENERGY, SCALE_OUT_10,DEFENSE_03,DEFENSE_03, DEFENSE_04"
2025-12-17 11:00:00,2025-12-17 23:00:00,LONG,86641.82489999999,86321.83218000001,-8.750481616734929,-0.40918050061983424,12,3.5018019339987534,-0.9378898712462268,73.9004175,"EARLY_EXHAUSTION_BUY,HIDDEN_EXHAUSTION,TREND_Q1,TREND_Q2,TREND_Q3,TREND_Q4,HIGHER_LOW,BULL_STRUCTURE",SIGNAL_EXIT
2025-12-19 06:00:00,2025-12-19 19:00:00,LONG,87157.37799,87137.998914,-1.3292257584218863,-0.0622256850955521,13,1.2732278501165166,-0.24567970599638916,52.878656249999985,"STRONG_WAVE,EARLY_EXHAUSTION_BUY,HIDDEN_EXHAUSTION,DNA_ACCUMULATION_01,HAMMER_BUY,BEAR_STRUCTURE,MOMENTUM_MIDDLE,TRIPLE_CONFIRMATION",SIGNAL_EXIT
2025-12-20 12:00:00,2025-12-21 09:00:00,LONG,88295.31553200001,88520.172424,-2.614938940410025,-0.12244568774664027,21,0.2747081954898059,-0.3981587583461347,70.85646750000001,"EARLY_WAVE_LONG,PRESSURE_EXHAUSTION,DELTA_EXHAUSTION,BULL_STRUCTURE,MOMENTUM_START,TRIPLE_CONFIRMATION,FIVE_CONFIRMATION,MASTER_EXIT_25","SIGNAL_EXIT,DEFENSE_03"
2025-12-21 11:00:00,2025-12-21 13:00:00,LONG,88687.513956,87953.32198747674,-18.518946479171525,-0.8675102762492047,2,0.0,-0.0969064890494361,74.53782,"BOS_RETEST_LONG,LATE_WAVE_EXIT,STRONG_WAVE,ANTI_LATE_WAVE,EMERGENCY_EXIT_04,ENERGY_RECOVER,STRUCTURE_FAILURE_SHORT,BULL_STRUCTURE",STOP_LOSS
2025-12-22 15:00:00,2025-12-22 19:00:00,LONG,90144.465288,88742.1859749833,-33.970929646164514,-1.5949689011002448,4,0.0,-1.1031462495483797,80.05913999999999,"BOS_RETEST_LONG,LATE_WAVE_EXIT,STRONG_WAVE,ANTI_LATE_WAVE,ENERGY_RECOVER,CONFLUENCE_02,CONFLUENCE_03,BULL_STRUCTURE",STOP_LOSS
2025-12-22 20:00:00,2025-12-23 08:00:00,LONG,88070.030484,87557.265044,-13.19353190208277,-0.6219917751897696,12,0.7953210781813569,-0.7607814830059958,72.17311248000001,"LATE_WAVE_EXIT,WAVE_ACCELERATION,STRONG_WAVE,ANTI_LATE_WAVE,SWING_REVERSAL_BUY,DNA_TREND_01,DNA_TREND_02,MARUBOZU_BULL",SIGNAL_EXIT
2025-12-24 16:00:00,2025-12-25 10:00:00,LONG,87067.41,87508.964706,16.40310845141,0.7745849785921683,18,1.0823797331286116,0.0,56.4568375,"FIB_786_LONG,STRONG_WAVE,HAMMER_BUY,ENERGY_RECOVER,CONFLUENCE_02,CONFLUENCE_03,BEAR_STRUCTURE,MOMENTUM_START","SCALE_OUT_10, DEFENSE_03,SCALE_OUT_10,SIGNAL_EXIT"
2025-12-25 16:00:00,2025-12-25 22:00:00,LONG,88388.944254,87528.12735629409,-21.50209012964055,-1.013507012906637,6,0.0,-0.5614438074675179,73.9004175,"LATE_WAVE_EXIT,WAVE_ACCELERATION,STRONG_WAVE,ANTI_LATE_WAVE,EMERGENCY_EXIT_04,DNA_TREND_01,DNA_TREND_02,ENERGY_WALL",STOP_LOSS
2025-12-25 23:00:00,2025-12-26 11:00:00,LONG,87667.519998,88730.60033,24.802126710774452,1.1721423075403985,12,1.7480476258880855,-0.6245414470632843,55.5220225,"FIB_786_LONG,FAILED_BOS_LONG,WAVE_ACCELERATION,STRONG_WAVE,ANTI_BOS,ENERGY_RECOVER,CONFLUENCE_02,CONFLUENCE_03","TRAIL_ENERGY, SCALE_OUT_10"
2025-12-27 19:00:00,2025-12-28 14:00:00,LONG,87517.510002,87879.02068,9.434806567953718,0.2223140718809904,19,0.4331476043952098,0.0,100.0,"FIB_382_LONG,WAVE_ACCELERATION,TREND_Q1,MULTI_SWING_BUY_01,HIGHER_LOW,BULL_STRUCTURE,MOMENTUM_START,BARRIER_L1",SIGNAL_EXIT
2025-12-28 15:00:00,2025-12-28 20:00:00,LONG,87927.582,87468.18290779127,-11.94189136404583,-0.562265394005537,5,0.0,-0.4626898531111602,79.3745225,"FIB_786_LONG,WAVE_ACCELERATION,PRESSURE_EXHAUSTION,DELTA_EXHAUSTION,ENERGY_RECOVER,CONFLUENCE_02,CONFLUENCE_03,BULL_STRUCTURE",STOP_LOSS
2025-12-28 23:00:00,2025-12-29 11:00:00,LONG,87917.67001799999,87762.444,-4.591036195433765,-0.21648776128964617,12,2.5312203810046245,-0.15657832830625623,100.0,"FIB_382_LONG,FAILED_BOS_SHORT,ANTI_BOS,DNA_TREND_02,ENERGY_WALL,ENERGY_RECOVER,CONFLUENCE_02,CONFLUENCE_03",SIGNAL_EXIT
2026-01-03 03:00:00,2026-01-03 20:00:00,LONG,90358.078002,90105.735248,-8.236450861497302,-0.38863446465228796,17,0.0,-0.8642813340747515,71.4702625,"DNA_ACCUMULATION_01,TREND_Q1,TREND_Q2,BULL_STRUCTURE,MOMENTUM_START,TRIPLE_CONFIRMATION,FIVE_CONFIRMATION,CASCADE_03","SIGNAL_EXIT,DEFENSE_03"
2026-01-03 21:00:00,2026-01-04 10:00:00,LONG,90390.47447999999,91449.986344,23.740000823465245,1.121366462503047,13,1.2628825399656318,0.0,72.0309301425,"EARLY_WAVE_LONG,TREND_RESUME_02,TREND_RESUME_03,TREND_Q1,TREND_Q2,TREND_Q3,TREND_Q4,BEAR_STRUCTURE","SIGNAL_EXIT,TRAIL_ENERGY, SCALE_OUT_10"
2026-01-05 00:00:00,2026-01-05 18:00:00,LONG,91548.045948,94298.976432,32.87621035086087,1.5487313495962716,18,3.0255086532084605,0.0,76.967975,"TREND_RESUME_01,DNA_TREND_01,DNA_TREND_02,ENERGY_RECOVER,CONFLUENCE_02,TREND_Q1,TREND_Q2,TREND_Q3","TRAIL_ENERGY, SCALE_OUT_10,TRAIL_ENERGY, SCALE_OUT_10, SCALE_OUT_20,SCALE_OUT_30, PYRAMID_LEVEL2,TRAIL_DELTA, SCALE_OUT_30, PYRAMID_LEVEL2,TRAIL_ENERGY, TRAIL_WAVE, SCALE_OUT_30, PYRAMID_LEVEL2, PYRAMID_LEVEL3"
2026-01-06 07:00:00,2026-01-06 16:00:00,LONG,93798.76600199999,92629.02619573398,-27.414211021004252,-1.2865749392892536,9,0.07824622980482407,-0.5955259603181567,73.263015,"FIB_382_LONG,PRESSURE_EXHAUSTION,DELTA_EXHAUSTION,TREND_Q1,TREND_Q2,TREND_Q3,TREND_Q4,BULL_STRUCTURE",STOP_LOSS
2026-01-06 18:00:00,2026-01-07 10:00:00,LONG,92554.7232362521,91697.796772,-2.258778946968641,-0.05909116725236896,16,2.336512879482643,-0.9060404557761614,51.85782,"ANTI_FIBO,ANTI_MOMENTUM,EARLY_EXHAUSTION_SELL,EMERGENCY_EXIT_04,DNA_TREND_01,DNA_TREND_02,MARUBOZU_BULL,MARUBOZU_BEAR,TRAIL_ENERGY,SCALE_OUT_10,PYRAMID_LEVEL2",SIGNAL_EXIT
2026-01-07 11:00:00,2026-01-07 23:00:00,LONG,91993.705062,91162.61383,-60.05719848238487,-0.9430604810919335,12,0.10164275690058822,-1.187380224835839,100.0,"EARLY_WAVE_LONG,ANTI_FIBO,SWING_REVERSAL_BUY,TREND_RESUME_02,TREND_RESUME_03,EMERGENCY_EXIT_01,EMERGENCY_EXIT_04,STRUCTURE_FAILURE_LONG",SIGNAL_EXIT
2026-01-08 00:00:00,2026-01-08 06:00:00,LONG,91382.432832,89997.0766098851,-32.77405928041745,-1.5553920033754371,6,0.05030197443363718,-0.6226938968085227,70.85646750000001,"EARLY_WAVE_LONG,ANTI_FIBO,EMERGENCY_EXIT_04,STRUCTURE_FAILURE_LONG,BULL_STRUCTURE,MOMENTUM_START,TRIPLE_CONFIRMATION,FIVE_CONFIRMATION",STOP_LOSS
2026-01-08 08:00:00,2026-01-09 01:00:00,LONG,90566.129604,91272.081932,9.080395539941415,0.4326632737530565,17,0.8836199575924608,-0.6669045112570715,58.14529,"LATE_WAVE_EXIT,ANTI_LATE_WAVE,SWING_REVERSAL_BUY,EMERGENCY_EXIT_04,DNA_TREND_02,ENERGY_RECOVER,STRUCTURE_FAILURE_LONG,CONFLUENCE_02","SIGNAL_EXIT,SCALE_OUT_10"
2026-01-11 03:00:00,2026-01-11 15:00:00,LONG,90717.1398,91108.944566,8.229273542122932,0.3917244182930038,12,0.45197655140357385,-0.006999559304900916,67.836125,"FIB_382_LONG,BULL_STRUCTURE,MOMENTUM_START,TRIPLE_CONFIRMATION,CASCADE_03,CASCADE_05,CASCADE_08,CASCADE_10",SIGNAL_EXIT
2026-01-13 14:00:00,2026-01-14 02:00:00,LONG,93117.1932349218,95226.560878,65.47665781618409,2.224376559011462,12,3.9770928501676552,0.0,76.63747,"FIB_786_LONG,LATE_WAVE_EXIT,STRONG_WAVE,DELTA_EXHAUSTION,ENERGY_RECOVER,CONFLUENCE_02,BULL_STRUCTURE,MOMENTUM_START,TRAIL_WAVE,PYRAMID_LEVEL3","TRAIL_ENERGY, TRAIL_DELTA, SCALE_OUT_10, SCALE_OUT_20"
2026-01-14 04:00:00,2026-01-14 16:00:00,LONG,95740.134198,96745.217086,21.385835533952154,1.0093831696193634,12,1.0700170942745635,-0.9892864741981742,94.00664196000001,"MARUBOZU_BULL,TREND_Q1,TREND_Q2,HIGHER_HIGH_CONTINUE,BULL_STRUCTURE,STRUCTURE_ACCELERATION,MOMENTUM_MIDDLE,TRIPLE_CONFIRMATION",SIGNAL_EXIT
2026-01-15 02:00:00,2026-01-15 19:00:00,LONG,96464.609064,95815.842998,1.6038042222373683,0.0755144333453779,17,0.5972562804020198,-0.652683994792625,50.81926500000001,"TREND_Q1,TREND_Q2,TREND_Q3,TREND_Q4,MULTI_SWING_SELL_01,HIGHER_HIGH_CONTINUE,BULL_STRUCTURE,MOMENTUM_END","SIGNAL_EXIT,DEFENSE_03"
2026-01-16 07:00:00,2026-01-16 15:00:00,LONG,95760.368244,94505.69106536165,-28.668025569968705,-1.3497018430121523,8,0.0,-0.5931558685663119,50.31116999999999,"WAVE_ACCELERATION,TREND_RESUME_02,TREND_RESUME_03,BEAR_STRUCTURE,MOMENTUM_START,TRIPLE_CONFIRMATION,FIVE_CONFIRMATION,CASCADE_03",STOP_LOSS
2026-01-16 22:00:00,2026-01-17 15:00:00,LONG,95542.624704,95452.075766,-7.850728523737177,-0.37090398065216545,17,0.008703231699738453,-0.4615266802289788,72.66803709374999,"FIB_786_LONG,LATE_WAVE_EXIT,WAVE_ACCELERATION,STRONG_WAVE,EMERGENCY_EXIT_01,DNA_ACCUMULATION_01,HAMMER_BUY,BEAR_STRUCTURE","SIGNAL_EXIT,DEFENSE_03"
2026-01-17 21:00:00,2026-01-18 16:00:00,LONG,95397.265638,95100.246146,-6.353515450988654,-0.30047752097876923,19,0.0,-0.46277598739072107,84.52650324888002,"FIB_382_LONG,WAVE_ACCELERATION,ANTI_MOMENTUM,EARLY_EXHAUSTION_SELL,HIDDEN_EXHAUSTION,PRESSURE_EXHAUSTION,MARUBOZU_BULL,MARUBOZU_BEAR","SIGNAL_EXIT,DEFENSE_03"
2026-01-18 19:00:00,2026-01-18 23:00:00,LONG,95458.68792,94933.58093035576,-24.923971103762742,-0.5898681767847803,4,0.04182131649814941,-0.16203650329829705,100.0,"FIB_786_LONG,WAVE_ACCELERATION,STRONG_WAVE,ENERGY_RECOVER,CONFLUENCE_02,CONFLUENCE_03,TREND_Q1,TREND_Q2",STOP_LOSS
2026-01-19 01:00:00,2026-01-19 19:00:00,LONG,92729.562204,93047.216834,6.445406393680642,0.3060468603297671,18,0.6171686594842051,-0.23486814649341983,73.58171625000001,"EARLY_WAVE_LONG,ANTI_FIBO,EMERGENCY_EXIT_04,ENERGY_WALL,ENERGY_EXTREME,ENERGY_RECOVER,STRUCTURE_FAILURE_LONG,BULL_STRUCTURE","SIGNAL_EXIT,DEFENSE_03,SCALE_OUT_10"
2026-01-20 21:00:00,2026-01-20 22:00:00,LONG,89751.9468,88382.72035843656,-32.980223531884526,-1.564957173393387,1,0.0,-0.3074438046618621,52.878656249999985,"ANTI_FIBO,EARLY_EXHAUSTION_BUY,PRESSURE_EXHAUSTION,DELTA_EXHAUSTION,DNA_ACCUMULATION_01,HAMMER_BUY,TREND_Q1,TREND_Q2",STOP_LOSS
2026-01-21 15:00:00,2026-01-21 16:00:00,LONG,89823.39108599999,88251.69966171791,-37.55167973457198,-1.7890574879411716,1,0.5172916635435575,0.0,54.74884624999999,"FIB_236_LONG,EARLY_WAVE_LONG,FAILED_WAVE,DNA_TREND_01,DNA_TREND_02,ENERGY_RECOVER,CONFLUENCE_02,CONFLUENCE_03",STOP_LOSS
2026-01-21 19:00:00,2026-01-22 07:00:00,LONG,88503.127086,90154.085576,38.12420684531194,1.824677736189346,12,2.0930705783988444,0.0,52.24621499999999,"FIB_786_LONG,FAILED_BOS_SHORT,ANTI_BOS,TREND_Q1,TREND_Q2,TREND_Q3,TREND_Q4,BEAR_STRUCTURE","TRAIL_ENERGY, SCALE_OUT_10, SCALE_OUT_20"
2026-01-22 21:00:00,2026-01-23 12:00:00,LONG,89427.61194599999,89184.629506,-8.368683140997222,-0.39875771731097354,15,0.6013892603156602,-0.5030794585811502,52.165417500000004,"FIB_382_SHORT,WAVE_ACCELERATION,ANTI_MOMENTUM,EARLY_EXHAUSTION_SELL,TREND_Q1,TREND_Q2,TREND_Q3,TREND_Q4",SIGNAL_EXIT
2026-01-23 15:00:00,2026-01-24 18:00:00,LONG,89035.65357000001,89394.54751399999,14.841452381713996,0.7079539612037253,28,1.7569887649222435,0.0,80.7437575,"WAVE_ACCELERATION,ENERGY_RECOVER,CONFLUENCE_02,CONFLUENCE_03,TREND_Q1,TREND_Q2,TREND_Q3,TREND_Q4","SIGNAL_EXIT,SCALE_OUT_10,DEFENSE_03,SCALE_OUT_10, DEFENSE_03,END_OF_DATA"
