entry_time,exit_time,direction,entry_price,exit_price,pnl,return_pct,bars,mfe,mae,entry_score,entry_reasons,exit_reasons
2020-01-03 01:00:00,2020-01-03 13:00:00,LONG,7152.849337266827,7322.63518,151.61263601276883,2.3327317659528757,12,4.065535458570686,-0.7139612873158288,69.0165,"EARLY_WAVE_LONG,SWING_REVERSAL_BUY,TREND_Q1,MOMENTUM_START,TRIPLE_CONFIRMATION,CASCADE_03,CASCADE_05,CASCADE_08,PYRAMID_LEVEL3",SIGNAL_EXIT
2020-01-09 17:00:00,2020-01-10 06:00:00,LONG,7819.713629999999,7746.4504,-17.10307811812683,-0.6740784862578065,13,1.2510224111621424,-0.9060898308113569,71.77716,"EARLY_WAVE_LONG,SWING_REVERSAL_BUY,EMERGENCY_EXIT_04,STRUCTURE_FAILURE_LONG,MOMENTUM_START,TRIPLE_CONFIRMATION,FIVE_CONFIRMATION,MASTER_EXIT_ALL",SIGNAL_EXIT
2020-01-10 07:00:00,2020-01-13 07:00:00,LONG,8028.051721585388,8061.497378,100.42883976758576,1.5041916198777383,72,5.90272793806789,-0.5454967607917608,71.77716,"EARLY_WAVE_LONG,SWING_REVERSAL_BUY,EMERGENCY_EXIT_04,ENERGY_RECOVER,STRUCTURE_FAILURE_LONG,MOMENTUM_START,TRIPLE_CONFIRMATION,FIVE_CONFIRMATION,PYRAMID_LEVEL2",SIGNAL_EXIT
2020-01-16 02:00:00,2020-01-19 12:00:00,LONG,9144.26892836958,8679.423768,-63.37655533347635,-0.9244717362867986,82,3.88395547888906,-5.061409851296901,74.53782,"EARLY_WAVE_LONG,SWING_REVERSAL_BUY,EMERGENCY_EXIT_04,STRUCTURE_FAILURE_LONG,TREND_Q1,TREND_Q2,TREND_Q3,TREND_Q4,PYRAMID_LEVEL2,PYRAMID_LEVEL3",SIGNAL_EXIT
2020-01-21 08:00:00,2020-01-21 19:00:00,LONG,8635.886832,8510.06369213245,-38.01836119638392,-1.4963971605736723,11,0.30643254728561065,-0.06573536812647539,69.0165,"EARLY_WAVE_LONG,SWING_REVERSAL_BUY,MOMENTUM_START,TRIPLE_CONFIRMATION,CASCADE_03,CASCADE_05,CASCADE_08,CASCADE_10",STOP_LOSS
2020-01-23 02:00:00,2020-01-23 09:00:00,LONG,8600.979852,8479.214810874975,-36.82828117626453,-1.4551449858387036,7,0.11219823980583843,-1.046158153469889,71.77716,"EARLY_WAVE_LONG,SWING_REVERSAL_BUY,DNA_TREND_01,DNA_TREND_02,ENERGY_RECOVER,MOMENTUM_START,TRIPLE_CONFIRMATION,FIVE_CONFIRMATION",STOP_LOSS
2020-01-24 10:00:00,2020-01-25 22:00:00,LONG,8261.85204,8389.3218,31.632977572624362,0.6272797520760331,36,2.9957926963795014,-0.19828532296010973,94.85311248000001,"EARLY_WAVE_LONG,SWING_REVERSAL_BUY,DNA_TREND_01,DNA_TREND_02,ENERGY_RECOVER,TREND_Q1,TREND_Q2,MOMENTUM_START",SIGNAL_EXIT
2020-01-27 20:00:00,2020-02-02 03:00:00,LONG,9433.977705396055,9266.056418,64.03228695624405,0.5904046910429508,127,4.928572676483167,-1.8104527138999051,52.07999999999999,"STRONG_WAVE,ENERGY_RECOVER,CONFLUENCE_02,CONFLUENCE_03,CONFLUENCE_04,CONFLUENCE_05,MOMENTUM_START,SUPPORT_MAJOR,PYRAMID_LEVEL2","PYRAMID_LEVEL2,SIGNAL_EXIT"
2020-02-04 05:00:00,2020-02-04 11:00:00,LONG,9272.124054,9123.69924852212,-41.721236000683746,-1.6401234958853248,6,0.18567424141152739,-1.091487273149029,66.25583999999999,"EARLY_WAVE_LONG,SWING_REVERSAL_BUY,MOMENTUM_START,TRIPLE_CONFIRMATION,CASCADE_03,CASCADE_05,CASCADE_08",STOP_LOSS
2020-02-07 21:00:00,2020-02-10 06:00:00,LONG,10159.695168848692,9834.172772,-4.418634204069775,-0.05025217688604394,56,2.0576500403008167,-3.1889260796139296,74.53782,"EARLY_WAVE_LONG,SWING_REVERSAL_BUY,TREND_Q1,TREND_Q2,TREND_Q3,TREND_Q4,MOMENTUM_START,TRIPLE_CONFIRMATION,PYRAMID_LEVEL2",SIGNAL_EXIT
2020-02-17 11:00:00,2020-02-17 14:00:00,LONG,9717.163043999999,9486.56790996564,-61.05401600104023,-2.4121213170655986,3,0.0,-1.897601626781951,71.77716,"EARLY_WAVE_LONG,SWING_REVERSAL_BUY,DNA_TREND_02,ENERGY_RECOVER,MOMENTUM_START,TRIPLE_CONFIRMATION,FIVE_CONFIRMATION,CASCADE_03",STOP_LOSS
2020-02-26 08:00:00,2020-02-26 16:00:00,LONG,9149.909615999999,8926.417998820496,-62.42701164754115,-2.4815784407528865,8,1.4801281070927812,-1.6898485612319314,71.77716,"EARLY_WAVE_LONG,SWING_REVERSAL_BUY,TREND_Q1,TREND_Q2,TREND_Q3,MOMENTUM_START,TRIPLE_CONFIRMATION,FIVE_CONFIRMATION",STOP_LOSS
2020-02-26 17:00:00,2020-02-28 23:00:00,LONG,8907.361559279067,8777.364176000001,-35.657695029148066,-0.7857552886337897,54,2.0489238045677363,-4.292646669099774,74.53782,"EARLY_WAVE_LONG,DNA_TREND_02,ENERGY_RECOVER,TREND_Q1,TREND_Q2,TREND_Q3,MOMENTUM_START,SUPPORT_MAJOR,PYRAMID_LEVEL2",SIGNAL_EXIT
2020-02-29 01:00:00,2020-03-01 16:00:00,LONG,8720.783808,8454.953794718624,-31.172839330327044,-1.2517229698180314,39,0.5414214254077271,-2.260964293359989,74.53782,"EARLY_WAVE_LONG,TREND_Q1,TREND_Q2,TREND_Q3,TREND_Q4,MOMENTUM_START,SUPPORT_MAJOR,TRIPLE_CONFIRMATION","SIGNAL_EXIT,STOP_LOSS"
2020-03-01 17:00:00,2020-03-02 12:00:00,LONG,8601.438959004567,8756.638321999999,118.54208631693378,1.6982092896400425,19,2.020043573335601,-0.7883393514172394,94.85311248000001,"EARLY_WAVE_LONG,SWING_REVERSAL_BUY,ENERGY_RECOVER,TREND_Q1,TREND_Q2,TREND_Q3,TREND_Q4,MOMENTUM_START,PYRAMID_LEVEL2",SIGNAL_EXIT
2020-03-03 15:00:00,2020-03-05 01:00:00,LONG,8738.207292,8858.138018,30.41826776487778,0.6056298685647035,33,1.3904763750710984,-0.4492602508519023,91.34003424000001,"EARLY_WAVE_LONG,SWING_REVERSAL_BUY,DNA_TREND_02,ENERGY_RECOVER,MOMENTUM_START,SUPPORT_MAJOR,TRIPLE_CONFIRMATION,FIVE_CONFIRMATION",SIGNAL_EXIT
2020-03-06 16:00:00,2020-03-07 17:00:00,LONG,9003.50034,9037.052228,8.37378062132981,0.33250475901909016,25,1.4258861015381346,0.0,74.53782,"EARLY_WAVE_LONG,SWING_REVERSAL_BUY,DNA_TREND_01,DNA_TREND_02,ENERGY_RECOVER,TREND_Q1,MOMENTUM_START,TRIPLE_CONFIRMATION",SIGNAL_EXIT
2020-03-08 13:00:00,2020-03-08 15:00:00,LONG,8681.455944,8539.732821661482,-42.13400936087956,-1.671828048237592,2,0.0,-1.2083911348130905,69.0165,"EARLY_WAVE_LONG,SWING_REVERSAL_BUY,ENERGY_RECOVER,MOMENTUM_START,TRIPLE_CONFIRMATION,CASCADE_03,CASCADE_05,CASCADE_08",STOP_LOSS
2020-03-12 03:00:00,2020-03-12 07:00:00,LONG,7646.889072,7366.891031157667,-185.70582067476056,-3.700129485215522,4,0.20715519541146576,-1.9971398899874073,94.85311248000001,"EARLY_WAVE_LONG,SWING_REVERSAL_BUY,ENERGY_RECOVER,TREND_Q1,TREND_Q2,TREND_Q3,TREND_Q4,MOMENTUM_START",STOP_LOSS
2020-03-12 21:00:00,2020-03-12 23:00:00,LONG,5744.848739999999,5072.4196683699265,-289.1055626766296,-11.740222763418153,2,1.3076281621994594,0.0,74.53782,"EARLY_WAVE_LONG,DNA_TREND_02,ENERGY_RECOVER,TREND_Q1,TREND_Q2,TREND_Q3,TREND_Q4,MOMENTUM_START",STOP_LOSS
2020-03-13 00:00:00,2020-03-13 02:00:00,LONG,4800.970002,3899.56734566727,-449.50910120888494,-18.80791762695536,2,0.0,-13.96238680351579,74.53782,"EARLY_WAVE_LONG,DNA_TREND_01,DNA_TREND_02,ENERGY_RECOVER,TREND_Q1,TREND_Q2,TREND_Q3,TREND_Q4",STOP_LOSS
2020-03-14 23:00:00,2020-03-15 22:00:00,LONG,5343.009367248024,5905.66863,67.08026582217386,0.8182810976727691,23,10.49522084294608,-2.930546373506958,94.85311248000001,"EARLY_WAVE_LONG,SWING_REVERSAL_BUY,TREND_Q1,TREND_Q2,TREND_Q3,TREND_Q4,MOMENTUM_START,SUPPORT_MAJOR,PYRAMID_LEVEL2","SIGNAL_EXIT,PYRAMID_LEVEL2"
2020-03-16 06:00:00,2020-03-16 10:00:00,LONG,5159.341662000001,4721.315661185895,-195.54251550551348,-8.526563191553569,4,0.0,-7.242622925172746,75.47904,"STRONG_WAVE,SWING_REVERSAL_BUY,TREND_Q1,TREND_Q2,TREND_Q3,TREND_Q4,MOMENTUM_START,SUPPORT_MAJOR",STOP_LOSS
2020-03-17 01:00:00,2020-03-19 00:00:00,LONG,5329.464130076501,5392.181348,166.78800651809092,0.9953404885823469,47,3.074616424523111,-4.635815610095016,74.53782,"EARLY_WAVE_LONG,TREND_Q1,TREND_Q2,TREND_Q3,TREND_Q4,MOMENTUM_START,SUPPORT_MAJOR,TRIPLE_CONFIRMATION,PYRAMID_LEVEL2,PYRAMID_LEVEL3","PYRAMID_LEVEL2,SIGNAL_EXIT"
2020-03-22 21:00:00,2020-03-25 12:00:00,LONG,6472.836852193022,6520.6956,297.07367668603536,2.0848309935138545,63,6.798376920017817,-2.589847408539531,71.77716,"EARLY_WAVE_LONG,WAVE_ACCELERATION,SWING_REVERSAL_BUY,ENERGY_RECOVER,MOMENTUM_START,TRIPLE_CONFIRMATION,FIVE_CONFIRMATION,CASCADE_03,PYRAMID_LEVEL3",SIGNAL_EXIT
2020-04-04 12:00:00,2020-04-07 21:00:00,LONG,7299.779815108913,7118.196076,79.87000381917233,0.33728076741159657,81,4.232474312143937,-2.468154104264924,74.53782,"EARLY_WAVE_LONG,SWING_REVERSAL_BUY,DNA_TREND_01,DNA_TREND_02,ENERGY_RECOVER,TREND_Q1,TREND_Q2,TREND_Q3,PYRAMID_LEVEL2",SIGNAL_EXIT
2020-04-10 03:00:00,2020-04-10 04:00:00,LONG,7252.9302959999995,7095.344562244722,-52.52568566316648,-2.2118490738653565,1,0.0,-1.0637120839634746,69.0165,"EARLY_WAVE_LONG,SWING_REVERSAL_BUY,ENERGY_RECOVER,MOMENTUM_START,TRIPLE_CONFIRMATION,CASCADE_03,CASCADE_05,CASCADE_08",STOP_LOSS
2020-04-19 14:00:00,2020-04-20 11:00:00,LONG,7104.880692,7075.03471,4.336142751421573,0.1836281049826855,21,1.126821286248277,-0.40015720506063507,74.53782,"EARLY_WAVE_LONG,SWING_REVERSAL_BUY,DNA_TREND_02,ENERGY_RECOVER,TREND_Q1,TREND_Q2,TREND_Q3,TREND_Q4",SIGNAL_EXIT
2020-04-30 18:00:00,2020-05-03 15:00:00,LONG,9111.477148693495,8766.79629,-11.918702426432976,-0.14369483772460312,69,3.45575740392621,-3.7795973481958995,74.53782,"EARLY_WAVE_LONG,SWING_REVERSAL_BUY,TREND_Q1,TREND_Q2,TREND_Q3,TREND_Q4,MOMENTUM_START,TRIPLE_CONFIRMATION,PYRAMID_LEVEL2",SIGNAL_EXIT
2020-05-04 02:00:00,2020-05-09 07:00:00,LONG,9847.846328073425,9695.61049,354.9755054693478,0.9048064301176816,125,4.637198309167457,-1.5261847419874268,71.77716,"EARLY_WAVE_LONG,SWING_REVERSAL_BUY,EMERGENCY_EXIT_04,ENERGY_RECOVER,STRUCTURE_FAILURE_LONG,MOMENTUM_START,TRIPLE_CONFIRMATION,FIVE_CONFIRMATION,PYRAMID_LEVEL2,PYRAMID_LEVEL3",SIGNAL_EXIT
2020-05-09 09:00:00,2020-05-10 00:00:00,LONG,9679.695552,9400.037904144918,-71.53992696277564,-2.927960507582082,15,0.9840645037675821,-1.4493797996674802,71.77716,"EARLY_WAVE_LONG,SWING_REVERSAL_BUY,EMERGENCY_EXIT_04,STRUCTURE_FAILURE_LONG,MOMENTUM_START,TRIPLE_CONFIRMATION,FIVE_CONFIRMATION,MASTER_EXIT_ALL",STOP_LOSS
2020-05-15 21:00:00,2020-05-16 19:00:00,LONG,9252.140058,9285.102608,24.37758684274344,1.0051754456482243,22,2.629445084865999,0.0,71.77716,"EARLY_WAVE_LONG,SWING_REVERSAL_BUY,EMERGENCY_EXIT_04,ENERGY_RECOVER,STRUCTURE_FAILURE_LONG,MOMENTUM_START,TRIPLE_CONFIRMATION,FIVE_CONFIRMATION",SIGNAL_EXIT
2020-05-21 10:00:00,2020-05-21 14:00:00,LONG,9300.649758000001,9051.782414594527,-65.99682667311605,-2.714735668377721,4,0.960365612339812,-0.08128204154229843,80.05913999999999,"EARLY_WAVE_LONG,SWING_REVERSAL_BUY,EMERGENCY_EXIT_04,ENERGY_RECOVER,STRUCTURE_FAILURE_LONG,CONFLUENCE_02,CONFLUENCE_03,MOMENTUM_START",STOP_LOSS
2020-05-24 12:00:00,2020-05-24 16:00:00,LONG,9120.8238,8955.704782455312,-44.65587504772523,-1.8496278752547584,4,0.4284284057762361,-0.7135737015334112,74.53782,"EARLY_WAVE_LONG,SWING_REVERSAL_BUY,DNA_TREND_01,DNA_TREND_02,ENERGY_RECOVER,TREND_Q1,TREND_Q2,MOMENTUM_START",STOP_LOSS
2020-05-25 01:00:00,2020-05-25 18:00:00,LONG,8812.772202,8891.781288,-3.1234721376985553,-0.1299869917141353,17,0.9160318246020163,-1.4044638754183483,71.77716,"EARLY_WAVE_LONG,SWING_REVERSAL_BUY,ENERGY_RECOVER,TREND_Q1,TREND_Q2,MOMENTUM_START,TRIPLE_CONFIRMATION,FIVE_CONFIRMATION",SIGNAL_EXIT
2020-05-26 13:00:00,2020-05-27 09:00:00,LONG,8818.523352,8928.214,28.903597823468814,1.2033688426524651,20,1.2641192130507592,-1.0423893925410088,74.53782,"EARLY_WAVE_LONG,SWING_REVERSAL_BUY,ENERGY_RECOVER,TREND_Q1,TREND_Q2,TREND_Q3,TREND_Q4,MOMENTUM_START",SIGNAL_EXIT
2020-05-31 22:00:00,2020-06-02 15:00:00,LONG,10025.321410381637,9298.129342421877,-102.31850730781909,-1.891713226029158,41,7.702537702685087,-4.4273035468170745,63.49517999999999,"EARLY_WAVE_LONG,SWING_REVERSAL_BUY,ENERGY_RECOVER,MOMENTUM_START,TRIPLE_CONFIRMATION,CASCADE_03,CASCADE_05,PYRAMID_LEVEL3,PYRAMID_LEVEL2","SIGNAL_EXIT,STOP_LOSS"
2020-06-09 05:00:00,2020-06-11 14:00:00,LONG,9675.754764,9633.12299,20.621767502560697,0.86545502413687,57,2.627446046337189,-0.41562405187885837,69.0165,"EARLY_WAVE_LONG,SWING_REVERSAL_BUY,MOMENTUM_START,TRIPLE_CONFIRMATION,CASCADE_03,CASCADE_05,CASCADE_08,CASCADE_10",SIGNAL_EXIT
2020-06-18 16:00:00,2020-06-19 02:00:00,LONG,9387.867198,9261.341897504028,-33.12228167254801,-1.3872143108577224,10,0.18249940735900133,-0.6861750027069268,71.77716,"EARLY_WAVE_LONG,SWING_REVERSAL_BUY,DNA_TREND_01,DNA_TREND_02,ENERGY_RECOVER,MOMENTUM_START,TRIPLE_CONFIRMATION,FIVE_CONFIRMATION",STOP_LOSS
2020-06-26 07:00:00,2020-06-26 14:00:00,LONG,9213.582348,9055.59708538867,-41.73085957225305,-1.754013752105504,7,0.04002408466888026,-0.8493151202690046,71.77716,"EARLY_WAVE_LONG,SWING_REVERSAL_BUY,TREND_Q1,TREND_Q2,MOMENTUM_START,TRIPLE_CONFIRMATION,FIVE_CONFIRMATION,CASCADE_03",STOP_LOSS
2020-06-26 16:00:00,2020-06-27 19:00:00,LONG,9153.990432,8965.985133972667,-12.341736655894653,-0.5210796896672072,27,0.43401365005926223,-0.8051180798961931,71.77716,"EARLY_WAVE_LONG,SWING_REVERSAL_BUY,ENERGY_RECOVER,TREND_Q1,TREND_Q2,MOMENTUM_START,TRIPLE_CONFIRMATION,FIVE_CONFIRMATION","SIGNAL_EXIT,STOP_LOSS"
2020-06-29 04:00:00,2020-06-29 18:00:00,LONG,9098.829402,9158.307972,14.508744890457427,0.6134332708659475,14,0.6738295146683753,-0.5518226552193861,69.0165,"EARLY_WAVE_LONG,SWING_REVERSAL_BUY,MOMENTUM_START,TRIPLE_CONFIRMATION,CASCADE_03,CASCADE_05,CASCADE_08,CASCADE_10",SIGNAL_EXIT
2020-06-30 14:00:00,2020-07-01 14:00:00,LONG,9132.92622,9210.117607999999,6.060832326654991,0.25588663348908963,24,0.8653719311443179,-0.11963547867136254,74.53782,"EARLY_WAVE_LONG,WAVE_ACCELERATION,SWING_REVERSAL_BUY,ENERGY_RECOVER,TREND_Q1,TREND_Q2,TREND_Q3,MOMENTUM_START",SIGNAL_EXIT
2020-07-02 06:00:00,2020-07-02 15:00:00,LONG,9211.521936,9118.545908606002,-24.858225988134322,-1.048941167689358,9,0.3842802985862736,-0.17936163117007844,69.0165,"EARLY_WAVE_LONG,SWING_REVERSAL_BUY,ENERGY_RECOVER,MOMENTUM_START,TRIPLE_CONFIRMATION,CASCADE_03,CASCADE_05,CASCADE_08",STOP_LOSS
2020-07-09 11:00:00,2020-07-09 14:00:00,LONG,9366.412908,9270.74707500406,-25.07466471558793,-1.060962534985678,3,0.5999852083394863,0.0,74.53782,"EARLY_WAVE_LONG,SWING_REVERSAL_BUY,ENERGY_RECOVER,TREND_Q1,TREND_Q2,TREND_Q3,TREND_Q4,MOMENTUM_START",STOP_LOSS
2020-07-17 06:00:00,2020-07-20 00:00:00,LONG,9104.210477999999,9207.148202,10.354904208076599,0.4393473409300654,66,1.1508908131374678,0.0,71.77716,"EARLY_WAVE_LONG,SWING_REVERSAL_BUY,TREND_Q1,TREND_Q2,MOMENTUM_START,TRIPLE_CONFIRMATION,FIVE_CONFIRMATION,CASCADE_03",SIGNAL_EXIT
2020-07-28 09:00:00,2020-08-02 05:00:00,LONG,11741.010317366748,11168.56584,-766.6197784702696,-2.9938558857821067,116,3.0270989531102708,-4.864745894328192,74.53782,"EARLY_WAVE_LONG,SWING_REVERSAL_BUY,TREND_Q1,TREND_Q2,TREND_Q3,TREND_Q4,MOMENTUM_START,TRIPLE_CONFIRMATION,PYRAMID_LEVEL2,PYRAMID_LEVEL3",SIGNAL_EXIT
2020-08-04 12:00:00,2020-08-07 15:00:00,LONG,11738.842457407223,11628.233887999999,87.16347138669421,0.9375965449243681,75,3.38014902967894,-0.9224287471282776,71.77716,"EARLY_WAVE_LONG,SWING_REVERSAL_BUY,EMERGENCY_EXIT_04,ENERGY_RECOVER,STRUCTURE_FAILURE_LONG,MOMENTUM_START,TRIPLE_CONFIRMATION,FIVE_CONFIRMATION,PYRAMID_LEVEL2",SIGNAL_EXIT
2020-08-11 07:00:00,2020-08-11 14:00:00,LONG,11754.120354,11524.798532569275,-43.50519000237543,-1.9902105287202083,7,0.0,-0.9485214600687708,74.53782,"EARLY_WAVE_LONG,SWING_REVERSAL_BUY,EMERGENCY_EXIT_04,DNA_TREND_02,ENERGY_RECOVER,STRUCTURE_FAILURE_LONG,TREND_Q1,TREND_Q2",STOP_LOSS
2020-08-18 05:00:00,2020-08-18 14:00:00,LONG,12248.719254,12001.389859272844,-44.76781752183607,-2.058418888068875,9,0.2190493997259155,-0.7688906247830208,74.53782,"EARLY_WAVE_LONG,SWING_REVERSAL_BUY,TREND_Q1,TREND_Q2,TREND_Q3,TREND_Q4,MOMENTUM_START,TRIPLE_CONFIRMATION",STOP_LOSS
2020-08-27 12:00:00,2020-08-27 17:00:00,LONG,11312.272002,11142.884626901185,-33.247502417779764,-1.536778190259569,5,0.7823185120049656,-0.3471628156842096,74.53782,"EARLY_WAVE_LONG,SWING_REVERSAL_BUY,DNA_TREND_01,DNA_TREND_02,ENERGY_RECOVER,TREND_Q1,TREND_Q2,TREND_Q3",STOP_LOSS
2020-09-05 20:00:00,2020-09-06 12:00:00,LONG,10050.93000749859,10264.266736,74.03048642757682,1.9086439092848995,16,2.1429856972510657,0.0,74.53782,"EARLY_WAVE_LONG,SWING_REVERSAL_BUY,DNA_TREND_02,ENERGY_RECOVER,TREND_Q1,TREND_Q2,TREND_Q3,TREND_Q4,PYRAMID_LEVEL2","SIGNAL_EXIT,PYRAMID_LEVEL2"
2020-09-11 03:00:00,2020-09-11 23:00:00,LONG,10260.971784,10357.458094000001,14.648088107381144,0.6740807826316597,20,0.9604179611298409,-0.39189060107056983,63.49517999999999,"EARLY_WAVE_LONG,SWING_REVERSAL_BUY,MOMENTUM_START,TRIPLE_CONFIRMATION,CASCADE_03,CASCADE_05",SIGNAL_EXIT
2020-09-16 01:00:00,2020-09-18 18:00:00,LONG,10904.457603770326,10832.263114000001,17.977271335206733,0.45602476051612,65,3.1736608087569387,-0.9217111700775849,71.77716,"EARLY_WAVE_LONG,SWING_REVERSAL_BUY,ENERGY_RECOVER,TREND_Q1,TREND_Q2,MOMENTUM_START,TRIPLE_CONFIRMATION,FIVE_CONFIRMATION,PYRAMID_LEVEL2",SIGNAL_EXIT
2020-09-22 08:00:00,2020-09-22 22:00:00,LONG,10374.984582,10545.060566,34.859687506469164,1.5986333132615445,14,1.6596209530637058,0.0,69.0165,"EARLY_WAVE_LONG,SWING_REVERSAL_BUY,TREND_Q1,MOMENTUM_START,TRIPLE_CONFIRMATION,CASCADE_03,CASCADE_05,CASCADE_08",SIGNAL_EXIT
2020-10-13 13:00:00,2020-10-14 16:00:00,LONG,11450.259594,11318.495848,-9.604113660701586,-0.43872631478960056,27,0.7049657288320198,-1.1309751795309295,74.53782,"EARLY_WAVE_LONG,SWING_REVERSAL_BUY,TREND_Q1,TREND_Q2,TREND_Q3,TREND_Q4,MOMENTUM_START,TRIPLE_CONFIRMATION",SIGNAL_EXIT
2020-10-23 07:00:00,2020-10-26 17:00:00,LONG,13122.170151243849,12842.740937999999,-13.177091681234954,-0.3314497875201526,82,2.010534478462599,-2.1158859246885293,74.53782,"EARLY_WAVE_LONG,SWING_REVERSAL_BUY,TREND_Q1,TREND_Q2,TREND_Q3,TREND_Q4,MOMENTUM_START,TRIPLE_CONFIRMATION,PYRAMID_LEVEL2",SIGNAL_EXIT
2020-11-07 16:00:00,2020-11-07 18:00:00,LONG,15341.537693999999,14903.94885482579,-63.10800814583708,-2.891173150717539,2,0.12040713498507982,-0.7653580517285398,74.53782,"EARLY_WAVE_LONG,SWING_REVERSAL_BUY,EMERGENCY_EXIT_04,ENERGY_RECOVER,STRUCTURE_FAILURE_LONG,TREND_Q1,TREND_Q2,TREND_Q3",STOP_LOSS
2020-11-21 12:00:00,2020-11-22 09:00:00,LONG,18534.766212000002,18208.017668,-18.705937327101033,-0.8633031045927416,21,1.4030594452906036,-1.7432980179205335,74.53782,"EARLY_WAVE_LONG,SWING_REVERSAL_BUY,TREND_Q1,TREND_Q2,TREND_Q3,TREND_Q4,MOMENTUM_START,TRIPLE_CONFIRMATION",SIGNAL_EXIT
2020-11-22 10:00:00,2020-11-22 11:00:00,LONG,18382.735812000003,17864.946539607765,-61.73478023344993,-2.8555882887976347,1,0.0,-1.1439309912876523,80.05913999999999,"EARLY_WAVE_LONG,WAVE_ACCELERATION,SWING_REVERSAL_BUY,ENERGY_RECOVER,CONFLUENCE_02,CONFLUENCE_03,MOMENTUM_START,TRIPLE_CONFIRMATION",STOP_LOSS
2020-11-25 04:00:00,2020-11-26 03:00:00,LONG,19022.113619465774,18397.289806,-46.07363833261785,-1.192669933963647,23,2.530743210674409,-3.265323885092105,74.53782,"EARLY_WAVE_LONG,SWING_REVERSAL_BUY,EMERGENCY_EXIT_04,ENERGY_RECOVER,STRUCTURE_FAILURE_LONG,TREND_Q1,TREND_Q2,TREND_Q3,PYRAMID_LEVEL2",SIGNAL_EXIT
2020-11-27 15:00:00,2020-11-28 14:00:00,LONG,16771.863702,17352.558794,38.26913682910752,1.7930205549603981,23,3.4829540018879515,-1.6278077788543204,69.0165,"EARLY_WAVE_LONG,SWING_REVERSAL_BUY,TREND_Q1,MOMENTUM_START,TRIPLE_CONFIRMATION,CASCADE_03,CASCADE_05,CASCADE_08",SIGNAL_EXIT
2020-12-04 04:00:00,2020-12-04 11:00:00,LONG,19166.452524,18718.54156020147,-50.9345298528554,-2.376018096475429,7,1.160556319545652,-0.9814154380653488,74.53782,"EARLY_WAVE_LONG,SWING_REVERSAL_BUY,EMERGENCY_EXIT_04,ENERGY_RECOVER,STRUCTURE_FAILURE_LONG,TREND_Q1,TREND_Q2,TREND_Q3",STOP_LOSS
2020-12-04 13:00:00,2020-12-05 00:00:00,LONG,19030.295298,18522.935867968146,-57.63654900782581,-2.7049953577606427,11,0.13743718418677697,-1.9956353385641532,71.77716,"EARLY_WAVE_LONG,SWING_REVERSAL_BUY,EMERGENCY_EXIT_04,ENERGY_RECOVER,STRUCTURE_FAILURE_LONG,MOMENTUM_START,TRIPLE_CONFIRMATION,FIVE_CONFIRMATION",STOP_LOSS
2020-12-05 01:00:00,2020-12-06 14:00:00,LONG,18767.982846,18949.279386,35.458428278344826,1.6756320170050958,37,2.6685188179759187,-0.6558661472041691,71.77716,"EARLY_WAVE_LONG,WAVE_ACCELERATION,SWING_REVERSAL_BUY,ENERGY_RECOVER,MOMENTUM_START,TRIPLE_CONFIRMATION,FIVE_CONFIRMATION,CASCADE_03",SIGNAL_EXIT
2020-12-09 09:00:00,2020-12-09 23:00:00,LONG,18116.872356616997,18552.408776,70.29207841511749,2.3630759628123013,14,3.1181428299226006,0.0,69.0165,"EARLY_WAVE_LONG,SWING_REVERSAL_BUY,ENERGY_RECOVER,MOMENTUM_START,TRIPLE_CONFIRMATION,CASCADE_03,CASCADE_05,CASCADE_08,PYRAMID_LEVEL3",SIGNAL_EXIT
2020-12-13 23:00:00,2020-12-21 11:00:00,LONG,23897.671663022204,22441.900722,1495.3523007507952,2.016835670100019,180,7.623650308043577,-6.074573638353419,71.77716,"EARLY_WAVE_LONG,SWING_REVERSAL_BUY,ENERGY_RECOVER,TREND_Q1,MOMENTUM_START,TRIPLE_CONFIRMATION,FIVE_CONFIRMATION,CASCADE_03,PYRAMID_LEVEL2,PYRAMID_LEVEL3","SIGNAL_EXIT,PYRAMID_LEVEL2"
2020-12-27 22:00:00,2020-12-29 07:00:00,LONG,26874.271593604357,26350.958754,-39.878451856698256,-0.6113749221141966,33,2.4698059693102805,-1.9276860836951712,74.53782,"EARLY_WAVE_LONG,SWING_REVERSAL_BUY,EMERGENCY_EXIT_04,ENERGY_RECOVER,STRUCTURE_FAILURE_LONG,TREND_Q1,TREND_Q2,TREND_Q3,PYRAMID_LEVEL2",SIGNAL_EXIT
2021-01-04 08:00:00,2021-01-04 10:00:00,LONG,32075.253768,30129.094374605498,-152.52520235679293,-6.105052341309796,2,0.0,-3.2318489995367994,80.05913999999999,"EARLY_WAVE_LONG,SWING_REVERSAL_BUY,EMERGENCY_EXIT_04,DNA_TREND_02,ENERGY_RECOVER,STRUCTURE_FAILURE_LONG,CONFLUENCE_02,CONFLUENCE_03",STOP_LOSS
2021-01-11 04:00:00,2021-01-11 14:00:00,LONG,35445.317646,32312.123644788724,-218.34577089834045,-8.875978717669168,10,0.9046677397633273,-7.424415468024394,69.0165,"EARLY_WAVE_LONG,SWING_REVERSAL_BUY,ENERGY_RECOVER,MOMENTUM_START,TRIPLE_CONFIRMATION,CASCADE_03,CASCADE_05,CASCADE_08",STOP_LOSS
2021-01-11 15:00:00,2021-01-13 19:00:00,LONG,33298.218312,35712.216128,132.63224173265456,5.514555309654087,52,9.35600114939868,-5.160090836994683,80.05913999999999,"EARLY_WAVE_LONG,WAVE_ACCELERATION,SWING_REVERSAL_BUY,ENERGY_RECOVER,CONFLUENCE_02,CONFLUENCE_03,MOMENTUM_START,TRIPLE_CONFIRMATION",SIGNAL_EXIT
2021-01-15 08:00:00,2021-01-15 14:00:00,LONG,38480.764614,36656.65921559026,-116.49988237777974,-4.778408330865123,6,0.5160900205391145,-2.0707088905143483,74.53782,"EARLY_WAVE_LONG,WAVE_ACCELERATION,PRESSURE_EXHAUSTION,DELTA_EXHAUSTION,SWING_REVERSAL_BUY,ENERGY_RECOVER,TREND_Q1,TREND_Q2",STOP_LOSS
2021-01-22 00:00:00,2021-01-22 15:00:00,LONG,30858.160398,32510.236652000003,90.23266675599906,3.746147300292489,15,5.374849247680683,-4.309558252494501,71.77716,"EARLY_WAVE_LONG,SWING_REVERSAL_BUY,TREND_Q1,TREND_Q2,MOMENTUM_START,TRIPLE_CONFIRMATION,FIVE_CONFIRMATION,CASCADE_03",SIGNAL_EXIT
2021-01-26 13:00:00,2021-01-27 14:00:00,LONG,31304.019551999998,29664.39536035978,-128.25081774916123,-5.275648218405386,25,4.567434049882756,-3.2862219188534665,69.0165,"EARLY_WAVE_LONG,SWING_REVERSAL_BUY,TREND_Q1,MOMENTUM_START,TRIPLE_CONFIRMATION,CASCADE_03,CASCADE_05,CASCADE_08",STOP_LOSS
2021-01-30 04:00:00,2021-01-31 18:00:00,LONG,33280.014672,32295.859536,4.842798753616204,0.2018934322596115,38,4.193253343647449,-2.9378132240506014,71.77716,"EARLY_WAVE_LONG,SWING_REVERSAL_BUY,EMERGENCY_EXIT_04,STRUCTURE_FAILURE_LONG,MOMENTUM_START,TRIPLE_CONFIRMATION,FIVE_CONFIRMATION,MASTER_EXIT_ALL",SIGNAL_EXIT
2021-02-10 13:00:00,2021-02-12 15:00:00,LONG,47401.490506967624,46533.29148,31.97731015540042,0.3173331671326175,49,4.141529790492413,-3.2484945396475022,74.53782,"EARLY_WAVE_LONG,SWING_REVERSAL_BUY,ENERGY_RECOVER,TREND_Q1,TREND_Q2,TREND_Q3,TREND_Q4,MOMENTUM_START,PYRAMID_LEVEL2,PYRAMID_LEVEL3",SIGNAL_EXIT
2021-02-12 16:00:00,2021-02-15 02:00:00,LONG,48657.94778318006,48001.847709999995,-31.21373202851349,-0.4956832548308705,58,4.037226137603992,-1.3286786899868843,74.53782,"EARLY_WAVE_LONG,WAVE_ACCELERATION,SWING_REVERSAL_BUY,TREND_Q1,TREND_Q2,TREND_Q3,TREND_Q4,MOMENTUM_START,PYRAMID_LEVEL2",SIGNAL_EXIT
2021-02-24 22:00:00,2021-02-25 13:00:00,LONG,48725.713194,51487.680404000006,134.92693123309783,5.626130349131493,15,5.6671244502995215,0.0,66.25583999999999,"EARLY_WAVE_LONG,SWING_REVERSAL_BUY,MOMENTUM_START,TRIPLE_CONFIRMATION,CASCADE_03,CASCADE_05,CASCADE_08",SIGNAL_EXIT
2021-02-27 16:00:00,2021-02-28 04:00:00,LONG,46538.125764,44293.43813195246,-118.21522721704976,-4.861401206342565,12,1.8635564319843818,-4.101918013803403,71.77716,"EARLY_WAVE_LONG,SWING_REVERSAL_BUY,TREND_Q1,TREND_Q2,TREND_Q3,MOMENTUM_START,TRIPLE_CONFIRMATION,FIVE_CONFIRMATION",STOP_LOSS
2021-02-28 14:00:00,2021-03-01 09:00:00,LONG,45540.91550566755,46999.978124,516.396962938759,3.1625684532047,19,3.9556002001221793,-2.4287835817157264,94.85311248000001,"EARLY_WAVE_LONG,SWING_REVERSAL_BUY,TREND_Q1,TREND_Q2,TREND_Q3,TREND_Q4,MOMENTUM_START,SUPPORT_MAJOR,PYRAMID_LEVEL2",PYRAMID_LEVEL2
2021-03-01 10:00:00,2021-03-02 00:00:00,LONG,47356.979502,49585.840848,117.98619124424076,4.664628177072622,14,4.7090218199110785,0.0,71.77716,"EARLY_WAVE_LONG,EMERGENCY_EXIT_04,STRUCTURE_FAILURE_SHORT,MOMENTUM_START,SUPPORT_MAJOR,TRIPLE_CONFIRMATION,FIVE_CONFIRMATION,MASTER_EXIT_ALL",SIGNAL_EXIT
2021-03-02 01:00:00,2021-03-02 16:00:00,LONG,49364.50092599999,47353.69269403901,-105.20447405276285,-4.11175980910108,15,0.008303687717110587,-2.092375911078998,80.05913999999999,"EARLY_WAVE_LONG,WAVE_ACCELERATION,ENERGY_RECOVER,CONFLUENCE_02,CONFLUENCE_03,MOMENTUM_START,SUPPORT_MAJOR,TRIPLE_CONFIRMATION",STOP_LOSS
2021-03-02 17:00:00,2021-03-03 08:00:00,LONG,47529.083916,49743.019406,116.88531643394325,4.61620149488933,15,4.679000520881821,-0.256798376791177,71.77716,"EARLY_WAVE_LONG,DNA_TREND_01,DNA_TREND_02,ENERGY_RECOVER,MOMENTUM_START,SUPPORT_MAJOR,TRIPLE_CONFIRMATION,FIVE_CONFIRMATION",SIGNAL_EXIT
2021-03-04 18:00:00,2021-03-05 06:00:00,LONG,48517.711602,47143.699373999996,-147.0468485361751,-2.8708479063802135,12,0.0,-3.789609075305623,94.85311248000001,"EARLY_WAVE_LONG,SWING_REVERSAL_BUY,EMERGENCY_EXIT_04,DNA_TREND_01,DNA_TREND_02,ENERGY_RECOVER,STRUCTURE_FAILURE_LONG,MOMENTUM_START",SIGNAL_EXIT
2021-03-07 21:00:00,2021-03-10 04:00:00,LONG,54314.83949822523,53457.636334,-79.62683113227835,-0.7366692603869349,55,8.407922887186551,-1.5594992198272133,71.77716,"EARLY_WAVE_LONG,SWING_REVERSAL_BUY,EMERGENCY_EXIT_04,ENERGY_RECOVER,STRUCTURE_FAILURE_LONG,MOMENTUM_START,TRIPLE_CONFIRMATION,FIVE_CONFIRMATION,PYRAMID_LEVEL2",SIGNAL_EXIT
2021-03-15 00:00:00,2021-03-15 09:00:00,LONG,59603.779726323584,57099.847701440034,-190.97205554835213,-4.239281427396114,9,2.3600015747344587,-3.097252782961144,74.53782,"EARLY_WAVE_LONG,SWING_REVERSAL_BUY,EMERGENCY_EXIT_04,DNA_TREND_02,ENERGY_RECOVER,STRUCTURE_FAILURE_LONG,TREND_Q1,TREND_Q2,PYRAMID_LEVEL2",STOP_LOSS
2021-03-16 02:00:00,2021-03-17 15:00:00,LONG,54482.464314,54536.660486,47.64895989405833,1.94121372847343,37,4.438649603040426,-0.7083826307409277,71.77716,"EARLY_WAVE_LONG,SWING_REVERSAL_BUY,EMERGENCY_EXIT_04,ENERGY_RECOVER,STRUCTURE_FAILURE_LONG,MOMENTUM_START,TRIPLE_CONFIRMATION,FIVE_CONFIRMATION",SIGNAL_EXIT
2021-03-23 06:00:00,2021-03-24 09:00:00,LONG,53542.966452,56269.14392,82.78169824592027,3.356564013841766,27,5.112610916793443,-0.441003679188537,71.77716,"EARLY_WAVE_LONG,SWING_REVERSAL_BUY,DNA_TREND_02,ENERGY_RECOVER,MOMENTUM_START,TRIPLE_CONFIRMATION,FIVE_CONFIRMATION,CASCADE_03",SIGNAL_EXIT
2021-03-31 08:00:00,2021-04-02 21:00:00,LONG,59816.39532274998,58658.915870000004,9.36086943537307,0.20575100817791667,61,2.8947702528607135,-1.9154536420455546,74.53782,"EARLY_WAVE_LONG,SWING_REVERSAL_BUY,EMERGENCY_EXIT_04,DNA_TREND_02,ENERGY_RECOVER,STRUCTURE_FAILURE_LONG,TREND_Q1,TREND_Q2,PYRAMID_LEVEL2",SIGNAL_EXIT
2021-04-02 22:00:00,2021-04-03 18:00:00,LONG,58750.867824,58196.688334000006,13.24436621274242,0.5322006610289981,20,1.2178580546987525,-0.9203912112751967,71.77716,"EARLY_WAVE_LONG,SWING_REVERSAL_BUY,EMERGENCY_EXIT_04,STRUCTURE_FAILURE_LONG,MOMENTUM_START,TRIPLE_CONFIRMATION,FIVE_CONFIRMATION,MASTER_EXIT_ALL",SIGNAL_EXIT
2021-04-06 17:00:00,2021-04-07 10:00:00,LONG,58089.125502,56937.7464246024,-50.36399024884261,-2.021297731409323,17,0.33890077755296444,-1.071655833377228,71.77716,"EARLY_WAVE_LONG,SWING_REVERSAL_BUY,EMERGENCY_EXIT_04,STRUCTURE_FAILURE_LONG,MOMENTUM_START,TRIPLE_CONFIRMATION,FIVE_CONFIRMATION,MASTER_EXIT_ALL",STOP_LOSS
2021-04-10 19:00:00,2021-04-10 20:00:00,LONG,60032.004,58816.321167358146,-51.169111359593906,-2.0642478653699414,1,0.0,-0.7739605028011449,71.77716,"EARLY_WAVE_LONG,SWING_REVERSAL_BUY,TREND_Q1,TREND_Q2,MOMENTUM_START,TRIPLE_CONFIRMATION,FIVE_CONFIRMATION,CASCADE_03",STOP_LOSS
2021-04-11 14:00:00,2021-04-14 18:00:00,LONG,63530.81659495203,62237.689972,-60.194720638449866,-0.7938848364290312,76,5.659588210620959,-2.0158352490841316,71.77716,"EARLY_WAVE_LONG,SWING_REVERSAL_BUY,TREND_Q1,TREND_Q2,MOMENTUM_START,TRIPLE_CONFIRMATION,FIVE_CONFIRMATION,CASCADE_03,PYRAMID_LEVEL3,PYRAMID_LEVEL2",SIGNAL_EXIT
2021-04-15 11:00:00,2021-04-16 05:00:00,LONG,62172.001914,61645.71839,11.80321135247934,0.48176456041470034,18,1.9261050780646407,-0.8266613558799768,71.77716,"EARLY_WAVE_LONG,SWING_REVERSAL_BUY,EMERGENCY_EXIT_04,STRUCTURE_FAILURE_LONG,MOMENTUM_START,TRIPLE_CONFIRMATION,FIVE_CONFIRMATION,MASTER_EXIT_ALL",SIGNAL_EXIT
2021-04-20 01:00:00,2021-04-20 21:00:00,LONG,55511.80611375726,56713.664998,135.4481144921199,2.124184927125461,18,2.9731842030879316,-1.4382034840780191,74.53782,"EARLY_WAVE_LONG,SWING_REVERSAL_BUY,DNA_TREND_02,ENERGY_RECOVER,TREND_Q1,TREND_Q2,TREND_Q3,TREND_Q4,PYRAMID_LEVEL2",PYRAMID_LEVEL2
2021-04-24 10:00:00,2021-04-25 21:00:00,LONG,49980.48306536978,47618.09096688428,-213.1966934558796,-4.7647385315535145,32,2.1103808218406788,-3.7730789094281567,74.53782,"EARLY_WAVE_LONG,SWING_REVERSAL_BUY,TREND_Q1,TREND_Q2,TREND_Q3,TREND_Q4,MOMENTUM_START,TRIPLE_CONFIRMATION,PYRAMID_LEVEL2",STOP_LOSS
2021-04-29 04:00:00,2021-04-29 17:00:00,LONG,54275.95302,52961.4056,-59.85596830314171,-2.461001434185416,13,0.4883506695908795,-2.402450712416806,69.0165,"EARLY_WAVE_LONG,SWING_REVERSAL_BUY,MOMENTUM_START,TRIPLE_CONFIRMATION,CASCADE_03,CASCADE_05,CASCADE_08,CASCADE_10",SIGNAL_EXIT
2021-05-01 16:00:00,2021-05-02 04:00:00,LONG,57368.06131799999,56438.899962,-40.09760035291372,-1.6590013574088995,12,0.7535703178178819,-1.5999692109379264,74.53782,"EARLY_WAVE_LONG,SWING_REVERSAL_BUY,TREND_Q1,TREND_Q2,TREND_Q3,TREND_Q4,MOMENTUM_START,TRIPLE_CONFIRMATION",SIGNAL_EXIT
2021-05-02 23:00:00,2021-05-04 00:00:00,LONG,57631.5913878601,55214.89961931147,-130.87772575022035,-2.0917354793415575,25,2.956204586127178,-1.4708103098444913,69.0165,"EARLY_WAVE_LONG,SWING_REVERSAL_BUY,ENERGY_RECOVER,MOMENTUM_START,TRIPLE_CONFIRMATION,CASCADE_03,CASCADE_05,CASCADE_08,PYRAMID_LEVEL2","SIGNAL_EXIT,STOP_LOSS"
2021-05-04 15:00:00,2021-05-05 00:00:00,LONG,54838.625532000005,52908.01739731339,-84.47071302187949,-3.559117907699236,9,0.0,-2.988068202117541,69.0165,"EARLY_WAVE_LONG,SWING_REVERSAL_BUY,ENERGY_RECOVER,MOMENTUM_START,TRIPLE_CONFIRMATION,CASCADE_03,CASCADE_05,CASCADE_08",STOP_LOSS
2021-05-06 07:00:00,2021-05-06 19:00:00,LONG,56598.977532000004,55741.389492,-36.564154399635406,-1.5545945071169034,12,2.4541476340534034,-1.4936798664287303,69.0165,"EARLY_WAVE_LONG,SWING_REVERSAL_BUY,MOMENTUM_START,TRIPLE_CONFIRMATION,CASCADE_03,CASCADE_05,CASCADE_08,CASCADE_10",SIGNAL_EXIT
2021-05-09 14:00:00,2021-05-10 20:00:00,LONG,57231.454002,55722.613248,-62.67305509267455,-2.6753291979017177,30,3.713527875642882,-2.6169071328288434,74.53782,"EARLY_WAVE_LONG,SWING_REVERSAL_BUY,EMERGENCY_EXIT_04,DNA_TREND_01,DNA_TREND_02,ENERGY_RECOVER,STRUCTURE_FAILURE_LONG,MOMENTUM_START",SIGNAL_EXIT
2021-05-15 17:00:00,2021-05-16 18:00:00,LONG,48698.344187637,45780.60510875896,-164.5084068182867,-2.71961051812496,25,2.4285977983845957,-3.320121483817236,74.53782,"EARLY_WAVE_LONG,SWING_REVERSAL_BUY,DNA_TREND_01,DNA_TREND_02,ENERGY_RECOVER,TREND_Q1,TREND_Q2,TREND_Q3,PYRAMID_LEVEL2","SIGNAL_EXIT,STOP_LOSS"
2021-05-17 05:00:00,2021-05-19 02:00:00,LONG,44856.538312854806,40358.848982832205,-188.03309513866657,-2.4206125515917467,45,3.5737931413134567,-8.94633973951747,74.53782,"EARLY_WAVE_LONG,SWING_REVERSAL_BUY,ENERGY_RECOVER,TREND_Q1,TREND_Q2,TREND_Q3,TREND_Q4,MOMENTUM_START,PYRAMID_LEVEL2","SIGNAL_EXIT,STOP_LOSS"
2021-05-27 02:00:00,2021-05-27 14:00:00,LONG,37632.124919999995,39856.037198000005,131.2626482451852,5.867247379239437,12,5.930823956246589,-0.02807420527662586,74.53782,"EARLY_WAVE_LONG,SWING_REVERSAL_BUY,DNA_TREND_01,DNA_TREND_02,ENERGY_RECOVER,TREND_Q1,MOMENTUM_START,TRIPLE_CONFIRMATION",SIGNAL_EXIT
2021-05-30 01:00:00,2021-05-31 11:00:00,LONG,35625.29226698402,36876.373250000004,231.09939154586834,1.5341170867068934,34,3.530238358722241,-3.3065055527297327,74.53782,"EARLY_WAVE_LONG,SWING_REVERSAL_BUY,DNA_TREND_02,ENERGY_RECOVER,TREND_Q1,TREND_Q2,TREND_Q3,TREND_Q4,PYRAMID_LEVEL2",SIGNAL_EXIT
2021-06-05 22:00:00,2021-06-07 02:00:00,LONG,34971.682938,36671.744184,76.28352999852001,3.2794912980135558,28,4.8822273295425465,0.0,71.77716,"EARLY_WAVE_LONG,SWING_REVERSAL_BUY,DNA_TREND_01,DNA_TREND_02,ENERGY_RECOVER,MOMENTUM_START,TRIPLE_CONFIRMATION,FIVE_CONFIRMATION",SIGNAL_EXIT
2021-06-07 15:00:00,2021-06-07 20:00:00,LONG,36062.170992,35039.99923154885,-67.3773545709192,-2.873337160909245,5,0.0,-1.5952200773703158,69.0165,"EARLY_WAVE_LONG,SWING_REVERSAL_BUY,ENERGY_RECOVER,MOMENTUM_START,TRIPLE_CONFIRMATION,CASCADE_03,CASCADE_05,CASCADE_08",STOP_LOSS
2021-06-08 17:00:00,2021-06-09 07:00:00,LONG,32979.60787687063,34197.049222,288.849581038056,3.6500207338268567,14,3.7122701024835343,-0.9423661773077378,81.07007999999999,"SWING_REVERSAL_BUY,ENERGY_RECOVER,CONFLUENCE_02,CONFLUENCE_03,TREND_Q1,TREND_Q2,TREND_Q3,TREND_Q4,PYRAMID_LEVEL2,PYRAMID_LEVEL3",PYRAMID_LEVEL2
2021-06-10 06:00:00,2021-06-12 02:00:00,LONG,36834.945516,36221.184314,18.00829027692572,0.7505772910013038,44,2.7822885839612193,-1.6465763896312737,69.0165,"EARLY_WAVE_LONG,MOMENTUM_START,SUPPORT_MAJOR,TRIPLE_CONFIRMATION,CASCADE_03,CASCADE_05,CASCADE_08,CASCADE_10",SIGNAL_EXIT
2021-06-12 03:00:00,2021-06-12 15:00:00,LONG,35535.835746000004,35653.247923999996,6.976767905063528,0.29027283772832696,12,1.430989994535963,-1.0387985487060167,74.53782,"EARLY_WAVE_LONG,EMERGENCY_EXIT_04,DNA_TREND_01,DNA_TREND_02,ENERGY_RECOVER,STRUCTURE_FAILURE_LONG,MOMENTUM_START,SUPPORT_MAJOR",SIGNAL_EXIT
2021-06-14 07:00:00,2021-06-16 12:00:00,LONG,40015.28947393071,39072.193998,18.716081585761273,0.43235671124109065,53,2.696300871865501,-2.337305280622861,69.0165,"EARLY_WAVE_LONG,TREND_Q1,MOMENTUM_START,SUPPORT_MAJOR,TRIPLE_CONFIRMATION,CASCADE_03,CASCADE_05,CASCADE_08,PYRAMID_LEVEL2",SIGNAL_EXIT
2021-06-19 04:00:00,2021-06-20 12:00:00,LONG,35110.460688,33697.18242446634,12.003239591526423,0.4982104930930875,32,3.2247349929731035,-3.524763457242159,69.0165,"EARLY_WAVE_LONG,SWING_REVERSAL_BUY,ENERGY_RECOVER,MOMENTUM_START,TRIPLE_CONFIRMATION,CASCADE_03,CASCADE_05,CASCADE_08","SIGNAL_EXIT,STOP_LOSS"
2021-06-22 00:00:00,2021-06-22 12:00:00,LONG,32481.08517664514,29626.781001049414,-723.561877783241,-8.824073679831969,12,3.169491273662131,-3.8104489733460833,74.53782,"EARLY_WAVE_LONG,SWING_REVERSAL_BUY,TREND_Q1,TREND_Q2,TREND_Q3,TREND_Q4,MOMENTUM_START,TRIPLE_CONFIRMATION,PYRAMID_LEVEL2",STOP_LOSS
2021-06-23 01:00:00,2021-06-24 13:00:00,LONG,33660.050664,34060.346568,-23.797204222915504,-1.0669860167878964,36,1.9620271597105134,-3.4604542804380483,71.77716,"EARLY_WAVE_LONG,EMERGENCY_EXIT_04,ENERGY_RECOVER,STRUCTURE_FAILURE_SHORT,MOMENTUM_START,SUPPORT_MAJOR,TRIPLE_CONFIRMATION,FIVE_CONFIRMATION",SIGNAL_EXIT
2021-06-25 02:00:00,2021-06-25 10:00:00,LONG,34837.9662,33573.59538668831,-81.57814479091331,-3.667838254766925,8,0.9329585950399004,-3.1245400312719753,69.0165,"EARLY_WAVE_LONG,ENERGY_RECOVER,MOMENTUM_START,SUPPORT_MAJOR,TRIPLE_CONFIRMATION,CASCADE_03,CASCADE_05,CASCADE_08",STOP_LOSS
2021-06-25 19:00:00,2021-06-26 08:00:00,LONG,32094.547626,30464.81388732573,-112.73007228453943,-5.115883493241918,13,0.809521844730802,-4.281654448018362,72.68352,"STRONG_WAVE,SWING_REVERSAL_BUY,ENERGY_RECOVER,TREND_Q1,MOMENTUM_START,SUPPORT_MAJOR,TRIPLE_CONFIRMATION,FIVE_CONFIRMATION",STOP_LOSS
2021-06-26 09:00:00,2021-06-27 00:00:00,LONG,30417.922368,32277.193270000003,132.02970754023283,6.069974149958366,15,6.133645846774757,0.0,74.53782,"EARLY_WAVE_LONG,ENERGY_RECOVER,TREND_Q1,TREND_Q2,TREND_Q3,MOMENTUM_START,SUPPORT_MAJOR,TRIPLE_CONFIRMATION",SIGNAL_EXIT
2021-06-27 01:00:00,2021-06-27 13:00:00,LONG,32375.743854,33312.02626200001,62.94263464213327,2.850768778185696,12,2.896230431734617,0.0,80.05913999999999,"EARLY_WAVE_LONG,EMERGENCY_EXIT_04,ENERGY_RECOVER,STRUCTURE_FAILURE_SHORT,CONFLUENCE_02,CONFLUENCE_03,TREND_Q1,TREND_Q2",SIGNAL_EXIT
2021-06-27 23:00:00,2021-06-30 16:00:00,LONG,34413.261276,34186.601312000006,45.835125475801924,2.0614576611684496,65,5.722005561191271,-0.8893701574673168,80.05913999999999,"EARLY_WAVE_LONG,EMERGENCY_EXIT_04,DNA_TREND_01,DNA_TREND_02,ENERGY_RECOVER,STRUCTURE_FAILURE_SHORT,CONFLUENCE_02,CONFLUENCE_03",SIGNAL_EXIT
2021-06-30 21:00:00,2021-07-01 06:00:00,LONG,34587.316080000004,33466.10782358255,-73.30559703623791,-3.2803779770670456,9,1.3232709902710549,-1.3510908996787414,69.0165,"EARLY_WAVE_LONG,SWING_REVERSAL_BUY,ENERGY_RECOVER,MOMENTUM_START,TRIPLE_CONFIRMATION,CASCADE_03,CASCADE_05,CASCADE_08",STOP_LOSS
2021-07-05 00:00:00,2021-07-05 01:00:00,LONG,35295.187626,34520.833877218996,-49.487235061778385,-2.233058202391578,1,0.0,-1.2866276015075668,80.05913999999999,"EARLY_WAVE_LONG,SWING_REVERSAL_BUY,ENERGY_RECOVER,CONFLUENCE_02,CONFLUENCE_03,TREND_Q1,TREND_Q2,MOMENTUM_START",STOP_LOSS
2021-07-13 20:00:00,2021-07-14 15:00:00,LONG,32316.151938,32856.497386,35.948127532299694,1.6313911695212542,19,1.692398473213295,-1.7473365612445075,71.77716,"EARLY_WAVE_LONG,SWING_REVERSAL_BUY,ENERGY_RECOVER,TREND_Q1,MOMENTUM_START,TRIPLE_CONFIRMATION,FIVE_CONFIRMATION,CASCADE_03",SIGNAL_EXIT
2021-07-17 11:00:00,2021-07-18 01:00:00,LONG,31286.266001999997,31968.774965999997,47.35687623080109,2.1406244323652692,14,2.2018095670348394,0.0,74.53782,"EARLY_WAVE_LONG,SWING_REVERSAL_BUY,TREND_Q1,TREND_Q2,TREND_Q3,TREND_Q4,MOMENTUM_START,TRIPLE_CONFIRMATION",PYRAMID_LEVEL2
2021-07-20 02:00:00,2021-07-20 03:00:00,LONG,30627.67431,29915.588807498658,-52.574228205231115,-2.364044134385795,1,0.0,-1.4520995146366313,74.53782,"EARLY_WAVE_LONG,ENERGY_RECOVER,TREND_Q1,TREND_Q2,TREND_Q3,TREND_Q4,MOMENTUM_START,SUPPORT_MAJOR",STOP_LOSS
2021-07-20 04:00:00,2021-07-21 05:00:00,LONG,29606.380092,30676.813410000002,46.98299489000908,2.125403562838247,25,3.636310500150961,-0.6278379572997053,74.53782,"EARLY_WAVE_LONG,DNA_TREND_01,DNA_TREND_02,ENERGY_RECOVER,TREND_Q1,TREND_Q2,TREND_Q3,TREND_Q4","SIGNAL_EXIT,PYRAMID_LEVEL2"
2021-07-21 06:00:00,2021-07-21 18:00:00,LONG,31229.06954596336,32172.654182000002,172.16762040679595,2.9802859575883347,12,3.042134997452839,0.0,71.77716,"EARLY_WAVE_LONG,EMERGENCY_EXIT_04,STRUCTURE_FAILURE_SHORT,MOMENTUM_START,SUPPORT_MAJOR,TRIPLE_CONFIRMATION,FIVE_CONFIRMATION,MASTER_EXIT_ALL,PYRAMID_LEVEL2",SIGNAL_EXIT
2021-07-23 17:00:00,2021-07-26 22:00:00,LONG,37939.39491736936,37111.666182,272.95601131207843,0.4326867082990298,77,9.836186720456174,-2.1621454932424724,94.85311248000001,"EARLY_WAVE_LONG,SWING_REVERSAL_BUY,EMERGENCY_EXIT_04,ENERGY_RECOVER,STRUCTURE_FAILURE_LONG,TREND_Q1,MOMENTUM_START,SUPPORT_MAJOR,PYRAMID_LEVEL2,PYRAMID_LEVEL3","SIGNAL_EXIT,PYRAMID_LEVEL2, PYRAMID_LEVEL3"
2021-07-31 14:00:00,2021-08-01 18:00:00,LONG,41849.79537356124,41076.53305,-45.75343176696082,-1.0925083721094722,28,2.5245672955944447,-1.8280743471557312,74.53782,"EARLY_WAVE_LONG,SWING_REVERSAL_BUY,TREND_Q1,TREND_Q2,TREND_Q3,TREND_Q4,MOMENTUM_START,TRIPLE_CONFIRMATION,PYRAMID_LEVEL2",SIGNAL_EXIT
2021-08-02 21:00:00,2021-08-03 09:00:00,LONG,38859.610367999994,38515.725314,-21.403025096761016,-0.9245881281955917,12,1.43032734177312,-1.5562697676917576,71.77716,"EARLY_WAVE_LONG,SWING_REVERSAL_BUY,EMERGENCY_EXIT_04,ENERGY_RECOVER,STRUCTURE_FAILURE_LONG,MOMENTUM_START,TRIPLE_CONFIRMATION,FIVE_CONFIRMATION",SIGNAL_EXIT
2021-08-03 10:00:00,2021-08-04 08:00:00,LONG,38654.169288000005,37532.78444730027,-43.53982408367532,-1.885421152294636,22,0.15253390018731264,-2.162947240621621,71.77716,"EARLY_WAVE_LONG,SWING_REVERSAL_BUY,EMERGENCY_EXIT_04,STRUCTURE_FAILURE_LONG,MOMENTUM_START,TRIPLE_CONFIRMATION,FIVE_CONFIRMATION,MASTER_EXIT_ALL","SIGNAL_EXIT,STOP_LOSS"
2021-08-12 12:00:00,2021-08-14 10:00:00,LONG,47408.731025813926,46984.331254000004,32.3964395977665,0.5264095423105466,42,4.242683686805085,-1.802710638604727,74.53782,"EARLY_WAVE_LONG,SWING_REVERSAL_BUY,EMERGENCY_EXIT_04,DNA_TREND_01,DNA_TREND_02,ENERGY_RECOVER,STRUCTURE_FAILURE_LONG,MOMENTUM_START,PYRAMID_LEVEL2,PYRAMID_LEVEL3",SIGNAL_EXIT
2021-08-21 12:00:00,2021-08-22 15:00:00,LONG,49014.386820775864,48241.559758,-21.825241229553967,-0.5259056893797599,27,2.342326543874373,-1.557046553630199,74.53782,"EARLY_WAVE_LONG,SWING_REVERSAL_BUY,EMERGENCY_EXIT_04,DNA_TREND_02,ENERGY_RECOVER,STRUCTURE_FAILURE_LONG,TREND_Q1,TREND_Q2,PYRAMID_LEVEL2",SIGNAL_EXIT
2021-08-25 00:00:00,2021-08-25 12:00:00,LONG,47683.544802000004,47560.495998000006,-6.852257590511395,-0.29794974972842037,12,1.7542219259775087,-0.9177270771648821,74.53782,"EARLY_WAVE_LONG,SWING_REVERSAL_BUY,EMERGENCY_EXIT_04,DNA_TREND_01,DNA_TREND_02,ENERGY_RECOVER,STRUCTURE_FAILURE_LONG,MOMENTUM_START",SIGNAL_EXIT
2021-08-28 12:00:00,2021-08-29 04:00:00,LONG,48680.214096,48213.945282,-22.91970289421533,-0.9974368460156385,16,1.8087346581171777,-0.9303658671403015,69.0165,"EARLY_WAVE_LONG,SWING_REVERSAL_BUY,MOMENTUM_START,TRIPLE_CONFIRMATION,CASCADE_03,CASCADE_05,CASCADE_08,CASCADE_10",SIGNAL_EXIT
2021-08-29 05:00:00,2021-08-30 04:00:00,LONG,48151.458366,47954.427196,-10.291246226179492,-0.449026775544292,23,2.000420478811803,-0.3892267697801136,71.77716,"EARLY_WAVE_LONG,SWING_REVERSAL_BUY,EMERGENCY_EXIT_04,ENERGY_RECOVER,STRUCTURE_FAILURE_LONG,MOMENTUM_START,TRIPLE_CONFIRMATION,FIVE_CONFIRMATION",SIGNAL_EXIT
2021-09-03 00:00:00,2021-09-06 12:00:00,LONG,51051.983014395904,51390.399864,71.87637060696571,1.1872899083533601,84,2.9574193972712033,-1.4401949463439345,71.77716,"EARLY_WAVE_LONG,SWING_REVERSAL_BUY,TREND_Q1,TREND_Q2,MOMENTUM_START,TRIPLE_CONFIRMATION,FIVE_CONFIRMATION,CASCADE_03,PYRAMID_LEVEL2",SIGNAL_EXIT
2021-09-06 13:00:00,2021-09-07 09:00:00,LONG,51915.37673328938,50475.747596784364,12.301229079994396,0.29631076117877353,20,2.359142423971411,-1.3920282944339728,74.53782,"EARLY_WAVE_LONG,SWING_REVERSAL_BUY,EMERGENCY_EXIT_04,ENERGY_RECOVER,STRUCTURE_FAILURE_LONG,TREND_Q1,TREND_Q2,TREND_Q3,PYRAMID_LEVEL2","SIGNAL_EXIT,STOP_LOSS"
2021-09-10 22:00:00,2021-09-11 17:00:00,LONG,45073.39893254767,45844.539258,69.41645564673718,1.6701702724387253,19,2.390420868148607,-0.2915992149534716,74.53782,"EARLY_WAVE_LONG,SWING_REVERSAL_BUY,ENERGY_RECOVER,TREND_Q1,TREND_Q2,TREND_Q3,TREND_Q4,MOMENTUM_START,PYRAMID_LEVEL2",SIGNAL_EXIT
2021-09-13 15:00:00,2021-09-14 07:00:00,LONG,44736.712047563116,45594.409294,86.3453508278232,2.049172792904978,16,2.9478635284940284,0.0,80.05913999999999,"EARLY_WAVE_LONG,SWING_REVERSAL_BUY,DNA_TREND_01,DNA_TREND_02,ENERGY_RECOVER,CONFLUENCE_02,CONFLUENCE_03,TREND_Q1,PYRAMID_LEVEL2",SIGNAL_EXIT
2021-09-19 23:00:00,2021-09-20 02:00:00,LONG,47052.338586,46112.54081636926,-47.802556034004304,-2.0365465665555664,3,0.40255472882353105,-0.15803377310159789,71.77716,"EARLY_WAVE_LONG,SWING_REVERSAL_BUY,EMERGENCY_EXIT_04,ENERGY_RECOVER,STRUCTURE_FAILURE_LONG,MOMENTUM_START,TRIPLE_CONFIRMATION,FIVE_CONFIRMATION",STOP_LOSS
2021-09-28 08:00:00,2021-09-29 04:00:00,LONG,41786.145558,42191.550001999996,4.24558214575765,0.1818196963741202,20,0.9903867333864933,-1.817840693025032,71.77716,"EARLY_WAVE_LONG,SWING_REVERSAL_BUY,DNA_TREND_02,ENERGY_RECOVER,TREND_Q1,MOMENTUM_START,TRIPLE_CONFIRMATION,FIVE_CONFIRMATION",SIGNAL_EXIT
2021-10-02 11:00:00,2021-10-03 01:00:00,LONG,47615.561208,47265.115086,-18.119325079824517,-0.7756963451946997,14,1.3113964766104387,-0.7214053542275357,74.53782,"EARLY_WAVE_LONG,SWING_REVERSAL_BUY,TREND_Q1,TREND_Q2,TREND_Q3,TREND_Q4,MOMENTUM_START,TRIPLE_CONFIRMATION",SIGNAL_EXIT
2021-10-04 15:00:00,2021-10-06 09:00:00,LONG,50778.55408394801,50685.600851999996,193.18930107118547,0.9879364974471083,42,2.786732487413307,-0.16748031818198414,74.53782,"EARLY_WAVE_LONG,SWING_REVERSAL_BUY,ENERGY_RECOVER,TREND_Q1,TREND_Q2,TREND_Q3,TREND_Q4,MOMENTUM_START,PYRAMID_LEVEL2",SIGNAL_EXIT
2021-10-06 10:00:00,2021-10-07 11:00:00,LONG,54225.435027472406,53895.83867600001,43.261505212006114,0.18575979368089282,25,4.64976171065652,-0.5879436971061288,74.53782,"EARLY_WAVE_LONG,SWING_REVERSAL_BUY,EMERGENCY_EXIT_04,STRUCTURE_FAILURE_LONG,TREND_Q1,TREND_Q2,TREND_Q3,TREND_Q4,PYRAMID_LEVEL2,PYRAMID_LEVEL3",SIGNAL_EXIT
2021-10-07 12:00:00,2021-10-12 15:00:00,LONG,56512.146799051974,56386.62042,-49.37536299236935,-0.7828069109249024,123,2.73143863903749,-2.3082060296934825,74.53782,"EARLY_WAVE_LONG,WAVE_ACCELERATION,SWING_REVERSAL_BUY,TREND_Q1,TREND_Q2,TREND_Q3,TREND_Q4,MOMENTUM_START,PYRAMID_LEVEL2",SIGNAL_EXIT
2021-10-14 16:00:00,2021-10-17 08:00:00,LONG,60908.36112735816,60317.474092000004,5.620082566665133,0.03170471086568821,64,4.052263384022463,-0.9503147296113559,74.53782,"EARLY_WAVE_LONG,SWING_REVERSAL_BUY,ENERGY_RECOVER,TREND_Q1,TREND_Q2,TREND_Q3,TREND_Q4,MOMENTUM_START,PYRAMID_LEVEL2,PYRAMID_LEVEL3",SIGNAL_EXIT
2021-10-22 14:00:00,2021-10-22 15:00:00,LONG,62428.483199999995,60494.47325082667,-74.42372503996403,-3.1367216342582194,1,0.0,-1.3719750282191574,71.77716,"EARLY_WAVE_LONG,SWING_REVERSAL_BUY,EMERGENCY_EXIT_04,DNA_TREND_01,DNA_TREND_02,ENERGY_RECOVER,STRUCTURE_FAILURE_LONG,MOMENTUM_START",STOP_LOSS
2021-10-26 02:00:00,2021-10-26 15:00:00,LONG,62719.5414,61913.974728,-31.161733692672744,-1.323881271062994,13,0.4263242269178939,-1.2646639026604927,69.0165,"EARLY_WAVE_LONG,SWING_REVERSAL_BUY,TREND_Q1,MOMENTUM_START,TRIPLE_CONFIRMATION,CASCADE_03,CASCADE_05,CASCADE_08",SIGNAL_EXIT
2021-10-28 01:00:00,2021-10-28 13:00:00,LONG,58261.660002000004,61083.070942000006,112.61477645423051,4.800717507065859,12,4.8636101304060375,0.0,69.0165,"EARLY_WAVE_LONG,SWING_REVERSAL_BUY,TREND_Q1,MOMENTUM_START,TRIPLE_CONFIRMATION,CASCADE_03,CASCADE_05,CASCADE_08",SIGNAL_EXIT
2021-11-03 07:00:00,2021-11-03 18:00:00,LONG,62828.33315399999,61509.30992619944,-50.76340703496851,-2.138568515700765,11,0.9013399171547991,-1.6031989127119874,71.77716,"EARLY_WAVE_LONG,SWING_REVERSAL_BUY,TREND_Q1,TREND_Q2,MOMENTUM_START,TRIPLE_CONFIRMATION,FIVE_CONFIRMATION,CASCADE_03",STOP_LOSS
2021-11-10 13:00:00,2021-11-10 21:00:00,LONG,67540.43517505111,64805.58189208648,-250.87590352766918,-4.087589173161382,8,2.3688969419908017,-2.5172700925669313,74.53782,"EARLY_WAVE_LONG,SWING_REVERSAL_BUY,ENERGY_RECOVER,TREND_Q1,TREND_Q2,TREND_Q3,TREND_Q4,MOMENTUM_START,PYRAMID_LEVEL2",STOP_LOSS
2021-11-17 02:00:00,2021-11-18 16:00:00,LONG,59879.46982197082,57207.60328747633,-51.72427723255204,-1.2508216994237127,38,2.4163236205429173,-2.9716860006631487,71.77716,"EARLY_WAVE_LONG,SWING_REVERSAL_BUY,TREND_Q1,TREND_Q2,MOMENTUM_START,TRIPLE_CONFIRMATION,FIVE_CONFIRMATION,CASCADE_03,PYRAMID_LEVEL2","SIGNAL_EXIT,STOP_LOSS"
2021-11-20 01:00:00,2021-11-20 19:00:00,LONG,58245.016674,59399.587706000006,27.700846483484135,1.2127663743252461,18,2.002666309683959,-1.1273868761601995,74.53782,"EARLY_WAVE_LONG,TREND_Q1,TREND_Q2,TREND_Q3,TREND_Q4,MOMENTUM_START,SUPPORT_MAJOR,TRIPLE_CONFIRMATION","SIGNAL_EXIT,PYRAMID_LEVEL2"
2021-11-21 09:00:00,2021-11-22 01:00:00,LONG,58743.206291999995,57606.784492369196,-90.430962840922,-1.9737848623112193,16,1.897212934650086,-1.063384740858221,91.34003424000001,"EARLY_WAVE_LONG,SWING_REVERSAL_BUY,ENERGY_RECOVER,MOMENTUM_START,SUPPORT_MAJOR,TRIPLE_CONFIRMATION,FIVE_CONFIRMATION,CASCADE_03",STOP_LOSS
2021-11-22 12:00:00,2021-11-22 20:00:00,LONG,57191.956104,55753.526951575135,-57.91985534974216,-2.554083935421346,8,2.9059399419348826,-2.0963194576171276,74.53782,"EARLY_WAVE_LONG,TREND_Q1,TREND_Q2,TREND_Q3,TREND_Q4,MOMENTUM_START,SUPPORT_MAJOR,TRIPLE_CONFIRMATION",STOP_LOSS
2021-11-23 02:00:00,2021-11-23 15:00:00,LONG,56882.244174,57665.984496,30.129258862695455,1.3372783357047828,13,1.398091509131256,-1.5391519563150096,75.47904,"STRONG_WAVE,SWING_REVERSAL_BUY,TREND_Q1,TREND_Q2,TREND_Q3,MOMENTUM_START,SUPPORT_MAJOR,TRIPLE_CONFIRMATION",SIGNAL_EXIT
2021-11-24 01:00:00,2021-11-24 14:00:00,LONG,57505.39878,55974.284617015575,-61.06278171222221,-2.7014922247118345,13,0.0,-2.572973688367143,69.0165,"EARLY_WAVE_LONG,MOMENTUM_START,SUPPORT_MAJOR,TRIPLE_CONFIRMATION,CASCADE_03,CASCADE_05,CASCADE_08,CASCADE_10",STOP_LOSS
2021-11-24 15:00:00,2021-11-25 03:00:00,LONG,56696.68377319826,57705.676556000006,70.26177561915539,1.738920950162181,12,2.312968130636335,0.0,75.47904,"STRONG_WAVE,SWING_REVERSAL_BUY,TREND_Q1,TREND_Q2,TREND_Q3,TREND_Q4,MOMENTUM_START,SUPPORT_MAJOR,PYRAMID_LEVEL2",SIGNAL_EXIT
2021-11-26 22:00:00,2021-11-27 11:00:00,LONG,53983.834608,54714.674876000005,29.70626965702536,1.3132716547418912,13,1.985437677376792,-0.47663269915595796,74.53782,"EARLY_WAVE_LONG,TREND_Q1,TREND_Q2,TREND_Q3,TREND_Q4,MOMENTUM_START,SUPPORT_MAJOR,TRIPLE_CONFIRMATION",SIGNAL_EXIT
2021-12-04 04:00:00,2021-12-04 04:00:00,LONG,52010.410002000004,49654.60290369202,-207.3000599643571,-4.5676796998487506,0,0.0,0.0,91.34003424000001,"EARLY_WAVE_LONG,SWING_REVERSAL_BUY,TREND_Q1,MOMENTUM_START,SUPPORT_MAJOR,TRIPLE_CONFIRMATION,FIVE_CONFIRMATION,CASCADE_03",STOP_LOSS
2021-12-04 05:00:00,2021-12-04 05:00:00,LONG,50266.661322,46554.47431566427,-164.54103916436225,-7.4220342030735695,0,0.0,0.0,71.77716,"EARLY_WAVE_LONG,ENERGY_RECOVER,TREND_Q1,MOMENTUM_START,SUPPORT_MAJOR,TRIPLE_CONFIRMATION,FIVE_CONFIRMATION,CASCADE_03",STOP_LOSS
2021-12-04 06:00:00,2021-12-06 22:00:00,LONG,49020.57726981421,50049.208156,51.267322497328664,0.6880980260874865,64,2.7732091707941486,-3.2484465881530555,69.0165,"EARLY_WAVE_LONG,ENERGY_RECOVER,MOMENTUM_START,SUPPORT_MAJOR,TRIPLE_CONFIRMATION,CASCADE_03,CASCADE_05,CASCADE_08,PYRAMID_LEVEL2","SIGNAL_EXIT,PYRAMID_LEVEL2"
2021-12-08 10:00:00,2021-12-08 11:00:00,LONG,50127.11341799999,48818.478417984355,-57.96362574137709,-2.6495888169493242,1,0.0,-1.8027038789660406,74.53782,"EARLY_WAVE_LONG,SWING_REVERSAL_BUY,TREND_Q1,TREND_Q2,TREND_Q3,TREND_Q4,MOMENTUM_START,TRIPLE_CONFIRMATION",STOP_LOSS
2021-12-11 00:00:00,2021-12-11 16:00:00,LONG,47636.33431949088,48735.360978000004,71.26480562789942,1.8221112373228414,16,2.3315935123384746,0.0,74.53782,"EARLY_WAVE_LONG,SWING_REVERSAL_BUY,ENERGY_RECOVER,TREND_Q1,TREND_Q2,TREND_Q3,TREND_Q4,MOMENTUM_START,PYRAMID_LEVEL2","SIGNAL_EXIT,PYRAMID_LEVEL2"
2021-12-13 13:00:00,2021-12-13 15:00:00,LONG,48598.227702000004,47363.43120028479,-56.50716196828122,-2.5798098685473954,2,0.0,-1.3161132252024055,71.77716,"EARLY_WAVE_LONG,SWING_REVERSAL_BUY,ENERGY_RECOVER,TREND_Q1,TREND_Q2,MOMENTUM_START,TRIPLE_CONFIRMATION,FIVE_CONFIRMATION",STOP_LOSS
2021-12-16 13:00:00,2021-12-17 00:00:00,LONG,48699.187889999994,47386.24351409132,-59.51295988052971,-2.7349508914250364,11,0.6316370422743144,-2.1906071460773933,71.77716,"EARLY_WAVE_LONG,SWING_REVERSAL_BUY,DNA_TREND_01,DNA_TREND_02,ENERGY_RECOVER,MOMENTUM_START,TRIPLE_CONFIRMATION,FIVE_CONFIRMATION",STOP_LOSS
2021-12-17 07:00:00,2021-12-17 14:00:00,LONG,47429.43399,46339.639505135754,-50.49634382621668,-2.3367985814462338,7,0.0,-1.010773162718063,69.0165,"EARLY_WAVE_LONG,SWING_REVERSAL_BUY,TREND_Q1,MOMENTUM_START,TRIPLE_CONFIRMATION,CASCADE_03,CASCADE_05,CASCADE_08",STOP_LOSS
2021-12-17 16:00:00,2021-12-19 04:00:00,LONG,46538.135766,47705.067078,26.557491597424317,1.2363364472436695,36,2.5231870909145475,-1.8845313667264247,71.77716,"EARLY_WAVE_LONG,SWING_REVERSAL_BUY,ENERGY_RECOVER,TREND_Q1,TREND_Q2,MOMENTUM_START,TRIPLE_CONFIRMATION,FIVE_CONFIRMATION",SIGNAL_EXIT
2021-12-20 06:00:00,2021-12-21 04:00:00,LONG,46442.456633999995,47918.894304,67.6039732404747,3.1377972180988287,22,3.1996872553725186,-1.5686436222382207,74.53782,"EARLY_WAVE_LONG,SWING_REVERSAL_BUY,DNA_TREND_01,DNA_TREND_02,ENERGY_RECOVER,TREND_Q1,TREND_Q2,MOMENTUM_START",SIGNAL_EXIT
2021-12-22 19:00:00,2021-12-26 03:00:00,LONG,50693.19702040999,50018.484302,13.201176302655657,0.32991623017811234,80,3.3029344390563957,-1.3112154282602726,69.0165,"EARLY_WAVE_LONG,SWING_REVERSAL_BUY,TREND_Q1,MOMENTUM_START,TRIPLE_CONFIRMATION,CASCADE_03,CASCADE_05,CASCADE_08,PYRAMID_LEVEL3",SIGNAL_EXIT
2021-12-26 12:00:00,2021-12-28 01:00:00,LONG,51000.786182540134,50340.149956,-37.82295151044933,-0.6648905879055359,37,2.712844727201296,-1.2755806944067183,69.0165,"EARLY_WAVE_LONG,SWING_REVERSAL_BUY,ENERGY_RECOVER,MOMENTUM_START,TRIPLE_CONFIRMATION,CASCADE_03,CASCADE_05,CASCADE_08,PYRAMID_LEVEL2",SIGNAL_EXIT
2021-12-28 17:00:00,2021-12-28 19:00:00,LONG,48637.695594,47368.912928852216,-57.29605094451188,-2.647597125218608,2,0.0,-1.7373059798175068,71.77716,"EARLY_WAVE_LONG,SWING_REVERSAL_BUY,EMERGENCY_EXIT_04,ENERGY_RECOVER,STRUCTURE_FAILURE_LONG,MOMENTUM_START,TRIPLE_CONFIRMATION,FIVE_CONFIRMATION",STOP_LOSS
2022-01-02 06:00:00,2022-01-03 20:00:00,LONG,47090.696255999996,46153.606042603686,-8.344193278674116,-0.3881856125611473,38,1.489898854299937,-1.5516573635432163,71.77716,"EARLY_WAVE_LONG,SWING_REVERSAL_BUY,TREND_Q1,TREND_Q2,TREND_Q3,MOMENTUM_START,TRIPLE_CONFIRMATION,FIVE_CONFIRMATION","SIGNAL_EXIT,STOP_LOSS"
2022-01-05 19:00:00,2022-01-05 19:00:00,LONG,45929.113986,44578.36319023577,-63.982701863067334,-2.9797703945638756,0,0.0,0.0,71.77716,"EARLY_WAVE_LONG,SWING_REVERSAL_BUY,ENERGY_RECOVER,TREND_Q1,TREND_Q2,MOMENTUM_START,TRIPLE_CONFIRMATION,FIVE_CONFIRMATION",STOP_LOSS
2022-01-08 10:00:00,2022-01-08 17:00:00,LONG,42172.142741999996,41150.189056873285,-52.47270207145389,-2.462321554544312,7,0.0,-1.9589536795749147,74.53782,"EARLY_WAVE_LONG,TREND_Q1,TREND_Q2,TREND_Q3,TREND_Q4,MOMENTUM_START,SUPPORT_MAJOR,TRIPLE_CONFIRMATION",STOP_LOSS
2022-01-09 17:00:00,2022-01-10 12:00:00,LONG,42151.478610000006,41170.149882371574,-31.385415742240603,-1.4820560165167909,19,1.2900648042059193,-1.3905529042602878,80.05913999999999,"EARLY_WAVE_LONG,DNA_TREND_01,DNA_TREND_02,ENERGY_RECOVER,CONFLUENCE_02,CONFLUENCE_03,TREND_Q1,TREND_Q2","SIGNAL_EXIT,STOP_LOSS"
2022-01-10 13:00:00,2022-01-10 14:00:00,LONG,40938.196002000004,40025.67900727776,-47.84907252099687,-2.268119646209604,1,0.0,-0.40108265149735123,74.53782,"EARLY_WAVE_LONG,DNA_TREND_01,DNA_TREND_02,ENERGY_RECOVER,TREND_Q1,TREND_Q2,TREND_Q3,TREND_Q4",STOP_LOSS
2022-01-10 15:00:00,2022-01-11 03:00:00,LONG,41284.15996551855,42165.335245999995,79.03749290783433,2.09356117965083,12,2.720137525270787,-0.24152111996909234,74.53782,"EARLY_WAVE_LONG,ENERGY_RECOVER,TREND_Q1,TREND_Q2,TREND_Q3,TREND_Q4,MOMENTUM_START,SUPPORT_MAJOR,PYRAMID_LEVEL2",PYRAMID_LEVEL2
2022-01-11 07:00:00,2022-01-11 19:00:00,LONG,42113.410998,42746.439002,30.95990017954516,1.462549372760261,12,1.523479069483282,-1.145456961495975,69.0165,"EARLY_WAVE_LONG,WAVE_ACCELERATION,MOMENTUM_START,SUPPORT_MAJOR,TRIPLE_CONFIRMATION,CASCADE_03,CASCADE_05,CASCADE_08",SIGNAL_EXIT
2022-01-12 08:00:00,2022-01-14 16:00:00,LONG,42570.172332,43100.3782,71.05530382733137,1.6723828907594993,56,3.721731863436786,-1.3089736345303165,87.826956,"EARLY_WAVE_LONG,SWING_REVERSAL_BUY,MOMENTUM_START,SUPPORT_MAJOR,TRIPLE_CONFIRMATION,CASCADE_03,CASCADE_05,CASCADE_08",SIGNAL_EXIT
2022-01-17 17:00:00,2022-01-18 09:00:00,LONG,42225.463403999995,41528.25883490982,-22.801442220739606,-1.0646362300257926,16,0.32287767855993077,-1.2000659392455333,71.77716,"EARLY_WAVE_LONG,SWING_REVERSAL_BUY,DNA_TREND_02,ENERGY_RECOVER,MOMENTUM_START,TRIPLE_CONFIRMATION,FIVE_CONFIRMATION,CASCADE_03","SIGNAL_EXIT,STOP_LOSS"
2022-01-21 14:00:00,2022-01-21 21:00:00,LONG,38498.708202,37003.672116002366,-83.76144093965004,-3.9217875751103777,7,0.931334620680529,-1.3366375809286668,74.53782,"EARLY_WAVE_LONG,WAVE_ACCELERATION,SWING_REVERSAL_BUY,TREND_Q1,TREND_Q2,TREND_Q3,MOMENTUM_START,TRIPLE_CONFIRMATION",STOP_LOSS
2022-01-22 06:00:00,2022-01-23 09:00:00,LONG,35745.917753999995,35839.600646,-35.55786267182705,-0.8407531028730216,27,0.2821364014040925,-3.7872793288360906,94.85311248000001,"EARLY_WAVE_LONG,SWING_REVERSAL_BUY,TREND_Q1,TREND_Q2,TREND_Q3,TREND_Q4,MOMENTUM_START,SUPPORT_MAJOR",SIGNAL_EXIT
2022-01-23 10:00:00,2022-01-24 00:00:00,LONG,35884.585482,36237.30109,19.84324312068126,0.9425236017667051,14,1.003117391952491,-3.090841003461936,74.53782,"EARLY_WAVE_LONG,EMERGENCY_EXIT_04,STRUCTURE_FAILURE_SHORT,TREND_Q1,TREND_Q2,TREND_Q3,TREND_Q4,MOMENTUM_START",SIGNAL_EXIT
2022-01-24 10:00:00,2022-01-24 11:00:00,LONG,34516.942008,33071.75856657492,-89.15530237736564,-4.225206695638596,1,0.0,-3.593458562211348,75.47904,"STRONG_WAVE,SWING_REVERSAL_BUY,DNA_TREND_02,ENERGY_RECOVER,TREND_Q1,TREND_Q2,TREND_Q3,TREND_Q4",STOP_LOSS
2022-01-24 18:00:00,2022-01-26 05:00:00,LONG,37176.03985494291,37782.172054,-17.836596580406887,-0.24633615050996993,35,4.174119219630028,-1.6677404515437448,80.05913999999999,"EARLY_WAVE_LONG,DNA_TREND_02,ENERGY_RECOVER,CONFLUENCE_02,CONFLUENCE_03,TREND_Q1,TREND_Q2,TREND_Q3,PYRAMID_LEVEL2,PYRAMID_LEVEL3",SIGNAL_EXIT
2022-01-27 21:00:00,2022-01-28 21:00:00,LONG,35590.6167,37750.4484,125.48859857484545,6.026115081731648,24,6.089788548114716,0.0,75.47904,"WAVE_ACCELERATION,STRONG_WAVE,SWING_REVERSAL_BUY,DNA_TREND_01,DNA_TREND_02,ENERGY_RECOVER,TREND_Q1,TREND_Q2",SIGNAL_EXIT
2022-01-29 06:00:00,2022-01-29 21:00:00,LONG,37661.240742,38332.361994,17.348964266504666,0.8208343362114672,15,1.8023550064377138,-0.32673045172081294,69.0165,"EARLY_WAVE_LONG,WAVE_ACCELERATION,MOMENTUM_START,SUPPORT_MAJOR,TRIPLE_CONFIRMATION,CASCADE_03,CASCADE_05,CASCADE_08",SIGNAL_EXIT
2022-02-01 07:00:00,2022-02-02 15:00:00,LONG,38292.667002,37696.179256,10.766601715202922,0.5084094993334694,32,2.136761584031904,-1.5380151034380563,69.0165,"EARLY_WAVE_LONG,SWING_REVERSAL_BUY,MOMENTUM_START,TRIPLE_CONFIRMATION,CASCADE_03,CASCADE_05,CASCADE_08,CASCADE_10",SIGNAL_EXIT
2022-02-03 21:00:00,2022-02-04 09:00:00,LONG,36374.703486,37949.728536,90.91913396958134,4.288269069151208,12,4.440768883852774,0.0,69.0165,"EARLY_WAVE_LONG,SWING_REVERSAL_BUY,TREND_Q1,MOMENTUM_START,TRIPLE_CONFIRMATION,CASCADE_03,CASCADE_05,CASCADE_08",SIGNAL_EXIT
2022-02-11 19:00:00,2022-02-14 02:00:00,LONG,42673.112916,41661.825968000005,-26.104461909984202,-1.2182973655820877,55,0.3675079535648379,-2.3496830849292194,74.53782,"EARLY_WAVE_LONG,SWING_REVERSAL_BUY,EMERGENCY_EXIT_04,DNA_TREND_01,DNA_TREND_02,ENERGY_RECOVER,STRUCTURE_FAILURE_LONG,MOMENTUM_START",SIGNAL_EXIT
2022-02-18 12:00:00,2022-02-20 06:00:00,LONG,40186.98579,39243.698964773444,-7.361608502588467,-0.3446510527719843,42,0.7386077959443768,-2.082952412440673,74.53782,"EARLY_WAVE_LONG,SWING_REVERSAL_BUY,DNA_TREND_01,DNA_TREND_02,ENERGY_RECOVER,TREND_Q1,TREND_Q2,MOMENTUM_START","SIGNAL_EXIT,STOP_LOSS"
2022-02-20 07:00:00,2022-02-20 09:00:00,LONG,38802.578964,38017.77350141959,-43.99582825879329,-2.061751031350791,2,0.0,-1.638393583554911,74.53782,"EARLY_WAVE_LONG,DNA_TREND_01,DNA_TREND_02,ENERGY_RECOVER,TREND_Q1,TREND_Q2,TREND_Q3,TREND_Q4",STOP_LOSS
2022-02-22 00:00:00,2022-02-23 09:00:00,LONG,37612.487166533494,38665.285396,57.11080799314378,1.034892069771571,33,2.8196562188797376,-1.1468193734848657,75.47904,"WAVE_ACCELERATION,STRONG_WAVE,SWING_REVERSAL_BUY,DNA_TREND_02,ENERGY_RECOVER,TREND_Q1,TREND_Q2,TREND_Q3,PYRAMID_LEVEL2","SIGNAL_EXIT,PYRAMID_LEVEL2"
2022-02-23 23:00:00,2022-02-24 02:00:00,LONG,37655.749644,36555.9745227517,-63.22594980943424,-2.9594352033699907,3,0.0,-2.3898864117910255,75.47904,"STRONG_WAVE,SWING_REVERSAL_BUY,ENERGY_RECOVER,TREND_Q1,TREND_Q2,TREND_Q3,TREND_Q4,MOMENTUM_START",STOP_LOSS
2022-02-25 04:00:00,2022-02-25 16:00:00,LONG,38931.154674000005,39407.576908,25.08996914578155,1.183266222371891,12,1.2323429140939468,-1.5049249859298124,69.0165,"EARLY_WAVE_LONG,MOMENTUM_START,SUPPORT_MAJOR,TRIPLE_CONFIRMATION,CASCADE_03,CASCADE_05,CASCADE_08,CASCADE_10",SIGNAL_EXIT
2022-02-25 23:00:00,2022-02-27 13:00:00,LONG,39432.014826,39744.659478,-13.934932253647798,-0.6553113450328075,38,0.845595071596858,-3.0228605645939606,69.0165,"EARLY_WAVE_LONG,MOMENTUM_START,SUPPORT_MAJOR,TRIPLE_CONFIRMATION,CASCADE_03,CASCADE_05,CASCADE_08,CASCADE_10",SIGNAL_EXIT
2022-02-28 09:00:00,2022-03-02 14:00:00,LONG,43620.788417734264,43516.584942,570.0706181547283,2.3300826925116525,53,6.565399766936765,-0.8020680328158438,69.0165,"EARLY_WAVE_LONG,WAVE_ACCELERATION,MOMENTUM_START,SUPPORT_MAJOR,TRIPLE_CONFIRMATION,CASCADE_03,CASCADE_05,CASCADE_08,PYRAMID_LEVEL3,PYRAMID_LEVEL2","PYRAMID_LEVEL3,SIGNAL_EXIT"
2022-03-03 04:00:00,2022-03-03 16:00:00,LONG,43314.421152,42538.830532,-41.408377962982335,-1.8298897483389427,12,1.5536138544677878,-1.7709601827717993,80.05913999999999,"EARLY_WAVE_LONG,SWING_REVERSAL_BUY,EMERGENCY_EXIT_04,DNA_TREND_01,DNA_TREND_02,ENERGY_RECOVER,STRUCTURE_FAILURE_LONG,CONFLUENCE_02",SIGNAL_EXIT
2022-03-04 16:00:00,2022-03-04 20:00:00,LONG,40702.458864,39462.449935868215,-69.49059870663265,-3.0853023211746096,4,0.33922062659982954,-2.2611136763877515,71.77716,"EARLY_WAVE_LONG,SWING_REVERSAL_BUY,EMERGENCY_EXIT_04,ENERGY_RECOVER,STRUCTURE_FAILURE_LONG,MOMENTUM_START,TRIPLE_CONFIRMATION,FIVE_CONFIRMATION",STOP_LOSS
2022-03-07 21:00:00,2022-03-08 10:00:00,LONG,37597.518,38977.872866,81.11852404440086,3.629930350332172,13,3.6921373373636044,0.0,80.05913999999999,"EARLY_WAVE_LONG,WAVE_ACCELERATION,SWING_REVERSAL_BUY,ENERGY_RECOVER,CONFLUENCE_02,CONFLUENCE_03,TREND_Q1,TREND_Q2",SIGNAL_EXIT
2022-03-18 02:00:00,2022-03-20 12:00:00,LONG,41605.78252593127,41578.53263,65.78352147725076,1.5960906636366645,58,3.681597054127987,-0.44194589500178494,74.53782,"EARLY_WAVE_LONG,SWING_REVERSAL_BUY,EMERGENCY_EXIT_04,STRUCTURE_FAILURE_LONG,TREND_Q1,TREND_Q2,TREND_Q3,MOMENTUM_START,PYRAMID_LEVEL2","SIGNAL_EXIT,PYRAMID_LEVEL2"
2022-03-20 13:00:00,2022-03-20 17:00:00,LONG,41641.3266,41011.523703612576,-35.23934716853307,-1.5518417846679962,4,0.0,-0.8268867207511115,74.53782,"EARLY_WAVE_LONG,SWING_REVERSAL_BUY,EMERGENCY_EXIT_04,ENERGY_RECOVER,STRUCTURE_FAILURE_LONG,TREND_Q1,TREND_Q2,TREND_Q3",STOP_LOSS
2022-03-26 01:00:00,2022-03-30 02:00:00,LONG,47048.467898841656,46855.906944,160.07131051320115,1.0595349496163318,97,4.429651262123267,-0.3893599664829204,74.53782,"EARLY_WAVE_LONG,SWING_REVERSAL_BUY,TREND_Q1,TREND_Q2,TREND_Q3,TREND_Q4,MOMENTUM_START,TRIPLE_CONFIRMATION,PYRAMID_LEVEL2,PYRAMID_LEVEL3",SIGNAL_EXIT
2022-03-30 03:00:00,2022-03-31 14:00:00,LONG,47218.691849999996,46269.39224349605,-12.016813892092262,-0.522403762747107,35,0.933545875011369,-0.6471205322050833,80.05913999999999,"EARLY_WAVE_LONG,WAVE_ACCELERATION,SWING_REVERSAL_BUY,DNA_TREND_02,ENERGY_RECOVER,CONFLUENCE_02,CONFLUENCE_03,TREND_Q1","SIGNAL_EXIT,STOP_LOSS"
2022-04-08 13:00:00,2022-04-08 18:00:00,LONG,43160.38035,42418.870488623645,-40.36726949687377,-1.7573464446353155,5,1.3664375643065896,-0.587831589857621,74.53782,"EARLY_WAVE_LONG,SWING_REVERSAL_BUY,TREND_Q1,TREND_Q2,TREND_Q3,TREND_Q4,MOMENTUM_START,TRIPLE_CONFIRMATION",STOP_LOSS
2022-04-09 05:00:00,2022-04-10 00:00:00,LONG,42415.301364,42745.409208,8.569320055537146,0.3747401429977955,19,0.7984586342876896,-0.3643292845519206,74.53782,"EARLY_WAVE_LONG,PRESSURE_EXHAUSTION,DELTA_EXHAUSTION,TREND_Q1,TREND_Q2,TREND_Q3,TREND_Q4,MOMENTUM_START",SIGNAL_EXIT
2022-04-10 23:00:00,2022-04-11 10:00:00,LONG,42120.352386,41369.937026618514,-41.6736979241107,-1.820885369532321,11,0.4401615929063879,-1.6717153255204904,74.53782,"EARLY_WAVE_LONG,DNA_TREND_02,ENERGY_RECOVER,TREND_Q1,TREND_Q2,TREND_Q3,TREND_Q4,MOMENTUM_START",STOP_LOSS
2022-04-11 11:00:00,2022-04-11 13:00:00,LONG,41604.299196,40716.71386351689,-98.98126831791072,-2.1725447501719244,2,0.0,-1.2899368728018379,94.85311248000001,"EARLY_WAVE_LONG,SWING_REVERSAL_BUY,ENERGY_RECOVER,TREND_Q1,TREND_Q2,TREND_Q3,TREND_Q4,MOMENTUM_START",STOP_LOSS
2022-04-12 20:00:00,2022-04-13 14:00:00,LONG,39676.232247575594,40513.64565,83.92646984833436,2.0697730042513918,18,2.131043459843825,0.0,75.47904,"WAVE_ACCELERATION,STRONG_WAVE,SWING_REVERSAL_BUY,TREND_Q1,TREND_Q2,TREND_Q3,TREND_Q4,MOMENTUM_START,PYRAMID_LEVEL2",PYRAMID_LEVEL2
2022-04-13 15:00:00,2022-04-14 19:00:00,LONG,41014.11880883672,39594.198052661086,-1.2185797550515183,-0.02978029983636434,28,2.016671521571742,-3.304030046708579,74.53782,"EARLY_WAVE_LONG,EMERGENCY_EXIT_04,ENERGY_RECOVER,STRUCTURE_FAILURE_SHORT,TREND_Q1,TREND_Q2,TREND_Q3,TREND_Q4,PYRAMID_LEVEL2","SIGNAL_EXIT,STOP_LOSS"
2022-04-15 01:00:00,2022-04-15 15:00:00,LONG,39867.961998,40441.91,31.79562610035641,1.3990462768776233,14,1.4599141085496155,0.0,74.53782,"EARLY_WAVE_LONG,ENERGY_RECOVER,TREND_Q1,TREND_Q2,TREND_Q3,TREND_Q4,MOMENTUM_START,SUPPORT_MAJOR",SIGNAL_EXIT
2022-04-15 16:00:00,2022-04-17 23:00:00,LONG,40420.292442,39667.73716134092,0.7931469074557811,0.03478125667218159,55,0.3950925348428726,-1.0398055447102106,74.53782,"EARLY_WAVE_LONG,WAVE_ACCELERATION,TREND_Q1,TREND_Q2,TREND_Q3,TREND_Q4,MOMENTUM_START,SUPPORT_MAJOR","SIGNAL_EXIT,STOP_LOSS"
2022-04-19 01:00:00,2022-04-19 14:00:00,LONG,40888.966158,41443.229695999995,29.98648059825338,1.314991051727515,13,1.375808426718877,-0.6798072539322892,69.0165,"EARLY_WAVE_LONG,MOMENTUM_START,SUPPORT_MAJOR,TRIPLE_CONFIRMATION,CASCADE_03,CASCADE_05,CASCADE_08,CASCADE_10",SIGNAL_EXIT
2022-04-25 01:00:00,2022-04-25 20:00:00,LONG,38863.241094,40217.934804000004,78.79501208975147,3.444402727092854,19,3.5064726143244713,-1.1455068632161254,74.53782,"EARLY_WAVE_LONG,SWING_REVERSAL_BUY,DNA_TREND_01,DNA_TREND_02,ENERGY_RECOVER,TREND_Q1,TREND_Q2,TREND_Q3",PYRAMID_LEVEL3
2022-04-29 09:00:00,2022-04-29 11:00:00,LONG,39418.102044,38641.2184913557,-46.37472402436149,-2.0100918079627523,2,0.0,-1.5543418181729944,69.0165,"EARLY_WAVE_LONG,SWING_REVERSAL_BUY,MOMENTUM_START,TRIPLE_CONFIRMATION,CASCADE_03,CASCADE_05,CASCADE_08,CASCADE_10",STOP_LOSS
2022-04-29 14:00:00,2022-04-29 18:00:00,LONG,39284.915411999995,38351.74081449967,-55.41819513109658,-2.4144516638984213,4,0.0,-1.9411659768193195,77.29847999999998,"EARLY_WAVE_LONG,SWING_REVERSAL_BUY,ENERGY_RECOVER,CONFLUENCE_02,CONFLUENCE_03,MOMENTUM_START,TRIPLE_CONFIRMATION,FIVE_CONFIRMATION",STOP_LOSS
2022-04-30 14:00:00,2022-04-30 23:00:00,LONG,38514.021263999995,37965.32677204234,-33.39866211312384,-1.4640917882899607,9,0.0,-0.6843774172352369,74.53782,"EARLY_WAVE_LONG,SWING_REVERSAL_BUY,TREND_Q1,TREND_Q2,TREND_Q3,TREND_Q4,MOMENTUM_START,TRIPLE_CONFIRMATION",STOP_LOSS
2022-05-01 06:00:00,2022-05-01 18:00:00,LONG,38067.672011999995,38374.793506,17.41852209327701,0.7664550028318826,12,1.147477544364429,-0.38043306655144277,80.05913999999999,"EARLY_WAVE_LONG,SWING_REVERSAL_BUY,ENERGY_RECOVER,CONFLUENCE_02,CONFLUENCE_03,TREND_Q1,TREND_Q2,TREND_Q3",SIGNAL_EXIT
2022-05-08 14:00:00,2022-05-09 02:00:00,LONG,34378.034232000005,33623.3028767847,-50.87389650066955,-2.2345101851430957,12,0.6097084160934579,-0.9879396527095876,74.53782,"EARLY_WAVE_LONG,DNA_TREND_01,DNA_TREND_02,ENERGY_RECOVER,TREND_Q1,TREND_Q2,TREND_Q3,TREND_Q4",STOP_LOSS
2022-05-09 04:00:00,2022-05-09 14:00:00,LONG,33569.86263,32632.805084827283,-64.07088569440751,-2.8302488981815976,10,0.3025254262114178,-2.227124484363736,75.47904,"STRONG_WAVE,SWING_REVERSAL_BUY,ENERGY_RECOVER,TREND_Q1,TREND_Q2,TREND_Q3,TREND_Q4,MOMENTUM_START",STOP_LOSS
2022-05-09 15:00:00,2022-05-09 17:00:00,LONG,32462.101122,31319.68944024992,-79.9633831101781,-3.557809006834317,2,0.0,-2.3720002568723486,74.53782,"EARLY_WAVE_LONG,DNA_TREND_01,DNA_TREND_02,ENERGY_RECOVER,TREND_Q1,TREND_Q2,TREND_Q3,TREND_Q4",STOP_LOSS
2022-05-09 18:00:00,2022-05-10 00:00:00,LONG,31274.353619999998,29840.778998704965,-102.94793106514815,-4.6220329617623435,6,0.0,-3.830754216559878,74.53782,"EARLY_WAVE_LONG,ENERGY_RECOVER,TREND_Q1,TREND_Q2,TREND_Q3,TREND_Q4,MOMENTUM_START,SUPPORT_MAJOR",STOP_LOSS
2022-05-10 01:00:00,2022-05-11 20:00:00,LONG,31658.52198495097,28972.705555119905,-219.40980712210725,-2.9318326828758763,43,3.3162079578943917,-7.3573301560261655,74.53782,"EARLY_WAVE_LONG,ENERGY_RECOVER,TREND_Q1,TREND_Q2,TREND_Q3,TREND_Q4,MOMENTUM_START,SUPPORT_MAJOR,PYRAMID_LEVEL2,PYRAMID_LEVEL3","SIGNAL_EXIT,STOP_LOSS"
2022-05-11 21:00:00,2022-05-13 03:00:00,LONG,29238.609427888794,30134.951804,30.299428707382162,0.41536282573605227,30,3.6635263316117697,-6.806403128426314,74.53782,"EARLY_WAVE_LONG,DNA_TREND_02,ENERGY_RECOVER,TREND_Q1,TREND_Q2,TREND_Q3,TREND_Q4,MOMENTUM_START,PYRAMID_LEVEL2","SIGNAL_EXIT,PYRAMID_LEVEL2"
2022-05-13 12:00:00,2022-05-14 11:00:00,LONG,30674.203614,29086.655661022687,-77.40864501055215,-3.59602841506018,23,0.2470687974615053,-4.5222155771532035,69.0165,"EARLY_WAVE_LONG,MOMENTUM_START,SUPPORT_MAJOR,TRIPLE_CONFIRMATION,CASCADE_03,CASCADE_05,CASCADE_08,CASCADE_10","SIGNAL_EXIT,STOP_LOSS"
2022-05-14 12:00:00,2022-05-15 21:00:00,LONG,29910.170990611376,31051.978361999998,350.7573782425954,2.412248143777752,33,3.8382228230957938,-0.9009434451531557,94.85311248000001,"EARLY_WAVE_LONG,SWING_REVERSAL_BUY,ENERGY_RECOVER,TREND_Q1,TREND_Q2,TREND_Q3,TREND_Q4,MOMENTUM_START,PYRAMID_LEVEL2","SIGNAL_EXIT,PYRAMID_LEVEL2"
2022-05-15 23:00:00,2022-05-16 06:00:00,LONG,31096.91814,30089.502842984122,-72.75490936380156,-3.2783026715491523,7,0.745964146529402,-2.591279741523611,77.29847999999998,"EARLY_WAVE_LONG,EMERGENCY_EXIT_04,ENERGY_RECOVER,STRUCTURE_FAILURE_SHORT,CONFLUENCE_02,MOMENTUM_START,SUPPORT_MAJOR,TRIPLE_CONFIRMATION",STOP_LOSS
2022-05-16 07:00:00,2022-05-17 04:00:00,LONG,29847.77035498649,30357.517282,66.04204746745114,1.6671393346390437,21,2.0067266505317294,-1.7750081452833792,75.47904,"STRONG_WAVE,SWING_REVERSAL_BUY,DNA_TREND_01,DNA_TREND_02,ENERGY_RECOVER,TREND_Q1,TREND_Q2,TREND_Q3,PYRAMID_LEVEL2",SIGNAL_EXIT
2022-05-17 06:00:00,2022-05-17 18:00:00,LONG,30472.263234,29534.841703322163,-49.06555902687327,-2.21316141459787,12,0.5604662991012842,-1.3331902224666894,71.77716,"EARLY_WAVE_LONG,EMERGENCY_EXIT_04,STRUCTURE_FAILURE_SHORT,MOMENTUM_START,SUPPORT_MAJOR,TRIPLE_CONFIRMATION,FIVE_CONFIRMATION,MASTER_EXIT_ALL","SIGNAL_EXIT,STOP_LOSS"
2022-05-19 00:00:00,2022-05-19 15:00:00,LONG,28986.711233361762,29861.72646,118.14380554043453,2.9774696725888066,15,3.0393194990132795,-0.06886339468131307,74.53782,"EARLY_WAVE_LONG,SWING_REVERSAL_BUY,ENERGY_RECOVER,TREND_Q1,TREND_Q2,TREND_Q3,TREND_Q4,MOMENTUM_START,PYRAMID_LEVEL2",SIGNAL_EXIT
2022-05-22 04:00:00,2022-05-23 23:00:00,LONG,29709.87704371149,28942.583826363607,23.273638107324803,0.5788922828757638,43,2.626570570232162,-2.086770816315836,74.53782,"EARLY_WAVE_LONG,SWING_REVERSAL_BUY,TREND_Q1,TREND_Q2,TREND_Q3,TREND_Q4,MOMENTUM_START,TRIPLE_CONFIRMATION,PYRAMID_LEVEL2","SIGNAL_EXIT,STOP_LOSS"
2022-05-27 15:00:00,2022-05-28 13:00:00,LONG,28793.177483999996,28974.05403,-3.3477403308290805,-0.1495156320298221,22,0.6483567716822553,-1.4067133932163998,74.53782,"EARLY_WAVE_LONG,SWING_REVERSAL_BUY,DNA_TREND_01,DNA_TREND_02,ENERGY_RECOVER,TREND_Q1,MOMENTUM_START,TRIPLE_CONFIRMATION",SIGNAL_EXIT
2022-05-31 14:00:00,2022-06-01 15:00:00,LONG,31691.545362296085,31166.245504,-18.99335799333231,-0.4715081465852428,25,2.100257976703513,-1.637835442741178,74.53782,"EARLY_WAVE_LONG,SWING_REVERSAL_BUY,EMERGENCY_EXIT_04,ENERGY_RECOVER,STRUCTURE_FAILURE_LONG,TREND_Q1,TREND_Q2,TREND_Q3,PYRAMID_LEVEL2",SIGNAL_EXIT
2022-06-04 13:00:00,2022-06-05 18:00:00,LONG,29543.9076,30015.995600000002,17.24195623434912,0.772196713217796,29,1.618209772630087,0.0,69.0165,"EARLY_WAVE_LONG,SWING_REVERSAL_BUY,TREND_Q1,MOMENTUM_START,TRIPLE_CONFIRMATION,CASCADE_03,CASCADE_05,CASCADE_08",SIGNAL_EXIT
2022-06-12 14:00:00,2022-06-13 00:00:00,LONG,27666.914690924714,26477.93110719273,-349.1206981749878,-4.335773502667954,10,2.83909604479893,-3.9483430050949573,94.85311248000001,"EARLY_WAVE_LONG,SWING_REVERSAL_BUY,TREND_Q1,TREND_Q2,TREND_Q3,TREND_Q4,MOMENTUM_START,SUPPORT_MAJOR,PYRAMID_LEVEL2",STOP_LOSS
2022-06-14 01:00:00,2022-06-18 06:00:00,LONG,22399.927304769997,20054.059251854796,-153.3932024913883,-2.745773512816905,101,4.518398905617191,-9.651313932209185,80.05913999999999,"EARLY_WAVE_LONG,DNA_TREND_02,ENERGY_RECOVER,CONFLUENCE_02,CONFLUENCE_03,TREND_Q1,TREND_Q2,TREND_Q3,PYRAMID_LEVEL2","SIGNAL_EXIT,STOP_LOSS"
2022-06-18 17:00:00,2022-06-18 19:00:00,LONG,18879.02505,18082.277971452397,-179.70731900736314,-4.258588500237115,2,0.0,-3.5131318923696293,94.85311248000001,"EARLY_WAVE_LONG,SWING_REVERSAL_BUY,TREND_Q1,TREND_Q2,TREND_Q3,TREND_Q4,MOMENTUM_START,SUPPORT_MAJOR",STOP_LOSS
2022-06-18 21:00:00,2022-06-19 11:00:00,LONG,18638.432820355352,19903.428518,584.7204643812669,6.744313421376392,14,6.808389910651585,-2.7489050463287947,74.53782,"EARLY_WAVE_LONG,ENERGY_RECOVER,TREND_Q1,TREND_Q2,TREND_Q3,TREND_Q4,MOMENTUM_START,SUPPORT_MAJOR,PYRAMID_LEVEL2,PYRAMID_LEVEL3","PYRAMID_LEVEL2, PYRAMID_LEVEL3"
2022-06-19 20:00:00,2022-06-20 11:00:00,LONG,20353.984752258995,20879.923179999998,101.14865700362118,2.542924467954896,15,2.6045280773936375,-2.743761278474051,69.0165,"EARLY_WAVE_LONG,WAVE_ACCELERATION,MOMENTUM_START,SUPPORT_MAJOR,TRIPLE_CONFIRMATION,CASCADE_03,CASCADE_05,CASCADE_08,PYRAMID_LEVEL2",PYRAMID_LEVEL2
2022-06-20 15:00:00,2022-06-21 06:00:00,LONG,20850.109188,20886.591846,-18.089277468953682,-0.8094383774101838,15,0.19501486363152326,-4.184674430876175,71.77716,"EARLY_WAVE_LONG,PRESSURE_EXHAUSTION,DELTA_EXHAUSTION,MOMENTUM_START,SUPPORT_MAJOR,TRIPLE_CONFIRMATION,FIVE_CONFIRMATION,CASCADE_03",SIGNAL_EXIT
2022-06-21 07:00:00,2022-06-21 19:00:00,LONG,21196.318416000002,21095.78,-11.465355137560133,-0.5141304535118805,12,1.9955898741392044,-1.1034860460647065,80.05913999999999,"EARLY_WAVE_LONG,EMERGENCY_EXIT_04,DNA_TREND_01,DNA_TREND_02,ENERGY_RECOVER,STRUCTURE_FAILURE_SHORT,CONFLUENCE_02,CONFLUENCE_03",SIGNAL_EXIT
2022-06-21 20:00:00,2022-06-22 06:00:00,LONG,20892.807726,20014.35909666691,-94.48692270336328,-4.242868572751039,10,0.38339640631602473,-2.7517973339913087,72.68352,"WAVE_ACCELERATION,SWING_REVERSAL_BUY,ENERGY_RECOVER,MOMENTUM_START,SUPPORT_MAJOR,TRIPLE_CONFIRMATION,FIVE_CONFIRMATION,CASCADE_03",STOP_LOSS
2022-06-22 16:00:00,2022-06-23 20:00:00,LONG,20429.9902931565,20905.877988,159.85453551645082,2.0032818463202764,28,2.3498283648441607,-1.0201520302188618,94.85311248000001,"EARLY_WAVE_LONG,SWING_REVERSAL_BUY,DNA_TREND_01,DNA_TREND_02,ENERGY_RECOVER,TREND_Q1,TREND_Q2,TREND_Q3,PYRAMID_LEVEL2",SIGNAL_EXIT
2022-06-30 22:00:00,2022-07-03 20:00:00,LONG,19306.477648243894,19488.25157,12.154524280386607,0.3011578820292945,70,5.942852473533939,-1.7054257863232847,74.53782,"EARLY_WAVE_LONG,WAVE_ACCELERATION,SWING_REVERSAL_BUY,TREND_Q1,TREND_Q2,TREND_Q3,TREND_Q4,MOMENTUM_START,PYRAMID_LEVEL2",SIGNAL_EXIT
2022-07-09 12:00:00,2022-07-10 03:00:00,LONG,21642.09063402224,21305.747998,-64.38780555856201,-1.5934917797604018,15,2.000368051406905,-1.5293376209317024,74.53782,"EARLY_WAVE_LONG,SWING_REVERSAL_BUY,TREND_Q1,TREND_Q2,TREND_Q3,TREND_Q4,MOMENTUM_START,TRIPLE_CONFIRMATION,PYRAMID_LEVEL2",SIGNAL_EXIT
2022-07-11 14:00:00,2022-07-11 23:00:00,LONG,20381.395463999997,19887.86355249082,-54.83052250670567,-2.4605138436961216,9,1.1522004781998088,-1.8357205455379975,69.0165,"EARLY_WAVE_LONG,SWING_REVERSAL_BUY,ENERGY_RECOVER,MOMENTUM_START,TRIPLE_CONFIRMATION,CASCADE_03,CASCADE_05,CASCADE_08",STOP_LOSS
2022-07-12 07:00:00,2022-07-12 19:00:00,LONG,19851.109428,19404.371114721125,-50.70167592861974,-2.289544891046192,12,0.3381703790585837,-1.247735945934767,71.77716,"EARLY_WAVE_LONG,SWING_REVERSAL_BUY,DNA_TREND_02,ENERGY_RECOVER,MOMENTUM_START,TRIPLE_CONFIRMATION,FIVE_CONFIRMATION,CASCADE_03",STOP_LOSS
2022-07-13 13:00:00,2022-07-14 01:00:00,LONG,19168.843001999998,20300.48909,129.03979722772547,5.861208692912645,12,5.932580270396862,0.0,74.53782,"EARLY_WAVE_LONG,SWING_REVERSAL_BUY,ENERGY_RECOVER,TREND_Q1,TREND_Q2,TREND_Q3,MOMENTUM_START,TRIPLE_CONFIRMATION",SIGNAL_EXIT
2022-07-16 01:00:00,2022-07-18 00:00:00,LONG,20685.346242,20795.420084,49.64292256563431,2.2225221897112397,47,4.301130605169783,-0.6727769522050978,69.0165,"EARLY_WAVE_LONG,SWING_REVERSAL_BUY,MOMENTUM_START,TRIPLE_CONFIRMATION,CASCADE_03,CASCADE_05,CASCADE_08,CASCADE_10",SIGNAL_EXIT
2022-07-18 01:00:00,2022-07-21 03:00:00,LONG,23621.669971121453,22687.521588000003,-12.294170182667614,-0.09158392041209541,74,13.555689513305023,-3.9247435607002403,71.77716,"EARLY_WAVE_LONG,SWING_REVERSAL_BUY,EMERGENCY_EXIT_04,STRUCTURE_FAILURE_LONG,MOMENTUM_START,TRIPLE_CONFIRMATION,FIVE_CONFIRMATION,MASTER_EXIT_ALL,PYRAMID_LEVEL2",SIGNAL_EXIT
2022-07-21 05:00:00,2022-07-22 20:00:00,LONG,23233.204172538088,22578.363424000003,-70.9710234960136,-1.7507031877229458,39,2.4591193539368774,-2.7845671554110676,71.77716,"EARLY_WAVE_LONG,SWING_REVERSAL_BUY,EMERGENCY_EXIT_04,STRUCTURE_FAILURE_LONG,MOMENTUM_START,TRIPLE_CONFIRMATION,FIVE_CONFIRMATION,MASTER_EXIT_ALL,PYRAMID_LEVEL2",SIGNAL_EXIT
2022-07-23 09:00:00,2022-07-23 14:00:00,LONG,22613.081712,22052.417410562586,-55.99076925920061,-2.5183885843362583,5,0.23476803682103553,-1.7049941131880364,69.0165,"EARLY_WAVE_LONG,SWING_REVERSAL_BUY,ENERGY_RECOVER,MOMENTUM_START,TRIPLE_CONFIRMATION,CASCADE_03,CASCADE_05,CASCADE_08",STOP_LOSS
2022-07-26 14:00:00,2022-07-27 08:00:00,LONG,20951.409444,21341.840778,40.26589035689632,1.822763278573445,18,1.8898516448657865,-0.976542626150586,71.77716,"EARLY_WAVE_LONG,SWING_REVERSAL_BUY,ENERGY_RECOVER,TREND_Q1,TREND_Q2,MOMENTUM_START,TRIPLE_CONFIRMATION,FIVE_CONFIRMATION",SIGNAL_EXIT
2022-07-31 09:00:00,2022-07-31 23:00:00,LONG,23599.889033999996,23375.144036,-22.010029565551783,-0.9919328657738071,14,1.0423395027222775,-0.9424155922071301,66.25583999999999,"EARLY_WAVE_LONG,SWING_REVERSAL_BUY,MOMENTUM_START,TRIPLE_CONFIRMATION,CASCADE_03,CASCADE_05,CASCADE_08",SIGNAL_EXIT
2022-08-01 07:00:00,2022-08-02 07:00:00,LONG,23228.414754,22743.035244944032,-41.125423339764524,-1.858206137673021,24,0.8997396000259079,-1.6174360496783564,71.77716,"EARLY_WAVE_LONG,SWING_REVERSAL_BUY,EMERGENCY_EXIT_04,ENERGY_RECOVER,STRUCTURE_FAILURE_LONG,MOMENTUM_START,TRIPLE_CONFIRMATION,FIVE_CONFIRMATION","SIGNAL_EXIT,STOP_LOSS"
2022-08-10 02:00:00,2022-08-12 11:00:00,LONG,22890.47718,23744.980054,114.3107412235589,5.1896301294112055,57,8.612938928693834,-0.11676113079614567,69.0165,"EARLY_WAVE_LONG,WAVE_ACCELERATION,SWING_REVERSAL_BUY,MOMENTUM_START,TRIPLE_CONFIRMATION,CASCADE_03,CASCADE_05,CASCADE_08",SIGNAL_EXIT
2022-08-12 12:00:00,2022-08-14 17:00:00,LONG,24794.025783487778,24305.108006000002,32.213934746178985,0.5416367857417305,53,4.725183249691709,-1.9463389596422884,71.77716,"EARLY_WAVE_LONG,SWING_REVERSAL_BUY,EMERGENCY_EXIT_04,STRUCTURE_FAILURE_LONG,MOMENTUM_START,TRIPLE_CONFIRMATION,FIVE_CONFIRMATION,MASTER_EXIT_ALL,PYRAMID_LEVEL2",SIGNAL_EXIT
2022-08-15 07:00:00,2022-08-16 15:00:00,LONG,24140.057045999998,23711.336784000003,-26.8428938469085,-1.1991441290150644,32,0.5284285524136243,-1.7563216407984805,74.53782,"EARLY_WAVE_LONG,SWING_REVERSAL_BUY,EMERGENCY_EXIT_04,DNA_TREND_01,DNA_TREND_02,ENERGY_RECOVER,STRUCTURE_FAILURE_LONG,TREND_Q1",SIGNAL_EXIT
2022-08-18 17:00:00,2022-08-19 00:00:00,LONG,23340.707208,22969.37446873371,-36.380989928593564,-1.6302868874656935,7,0.3176115930822842,-0.6405427507730171,71.77716,"EARLY_WAVE_LONG,SWING_REVERSAL_BUY,ENERGY_RECOVER,TREND_Q1,TREND_Q2,MOMENTUM_START,TRIPLE_CONFIRMATION,FIVE_CONFIRMATION",STOP_LOSS
2022-08-19 20:00:00,2022-08-21 09:00:00,LONG,21333.91593,21354.938158,-23.23534621082458,-0.5227884252170383,37,0.12142201218471053,-2.410227600442213,94.85311248000001,"EARLY_WAVE_LONG,SWING_REVERSAL_BUY,ENERGY_RECOVER,TREND_Q1,TREND_Q2,TREND_Q3,TREND_Q4,MOMENTUM_START",SIGNAL_EXIT
2022-08-21 10:00:00,2022-08-22 08:00:00,LONG,21437.726688,21001.8962027866,-45.91977557871258,-2.0721938018884094,22,0.5981665587320893,-1.5860202574105962,74.53782,"EARLY_WAVE_LONG,EMERGENCY_EXIT_04,STRUCTURE_FAILURE_SHORT,TREND_Q1,TREND_Q2,TREND_Q3,TREND_Q4,MOMENTUM_START",STOP_LOSS
2022-08-22 09:00:00,2022-08-23 14:00:00,LONG,21195.568266000002,21514.216296000002,57.98639127620335,1.3153037582238467,29,1.533394764042981,-1.0836145703554056,94.85311248000001,"EARLY_WAVE_LONG,SWING_REVERSAL_BUY,ENERGY_RECOVER,TREND_Q1,TREND_Q2,TREND_Q3,TREND_Q4,MOMENTUM_START",SIGNAL_EXIT
2022-08-26 01:00:00,2022-08-26 11:00:00,LONG,21482.665674,21146.334967627092,-71.20755116539407,-1.6049648846756004,10,0.5419919844533847,-0.4080297823844514,94.85311248000001,"EARLY_WAVE_LONG,SWING_REVERSAL_BUY,ENERGY_RECOVER,TREND_Q1,TREND_Q2,TREND_Q3,TREND_Q4,MOMENTUM_START",STOP_LOSS
2022-08-26 13:00:00,2022-08-26 14:00:00,LONG,21643.207776,21226.933619807744,-43.17882076365176,-1.9625784404805173,1,0.5094079636487977,0.0,77.29847999999998,"EARLY_WAVE_LONG,DNA_TREND_01,DNA_TREND_02,ENERGY_RECOVER,CONFLUENCE_02,TREND_Q1,TREND_Q2,TREND_Q3",STOP_LOSS
2022-08-27 00:00:00,2022-08-28 23:00:00,LONG,20243.187828,19686.119610345544,-16.866275701957036,-0.7704690086519904,47,0.3137953001262883,-1.8284068257670518,74.53782,"EARLY_WAVE_LONG,DNA_TREND_01,DNA_TREND_02,ENERGY_RECOVER,TREND_Q1,TREND_Q2,TREND_Q3,MOMENTUM_START","SIGNAL_EXIT,STOP_LOSS"
2022-08-30 00:00:00,2022-08-30 14:00:00,LONG,20291.25744,19915.77766806032,-15.242346881333265,-0.6976999122408942,14,0.8623051603252357,-0.6312937499254426,69.0165,"EARLY_WAVE_LONG,ENERGY_RECOVER,MOMENTUM_START,SUPPORT_MAJOR,TRIPLE_CONFIRMATION,CASCADE_03,CASCADE_05,CASCADE_08","SIGNAL_EXIT,STOP_LOSS"
2022-08-31 13:00:00,2022-09-01 07:00:00,LONG,20311.101408,19841.647934163084,-51.25325473954311,-2.3503901803303924,18,0.0,-1.6187768521036243,80.05913999999999,"EARLY_WAVE_LONG,WAVE_ACCELERATION,ENERGY_RECOVER,CONFLUENCE_02,CONFLUENCE_03,MOMENTUM_START,SUPPORT_MAJOR,TRIPLE_CONFIRMATION",STOP_LOSS
2022-09-01 08:00:00,2022-09-02 00:00:00,LONG,19898.948994000002,20128.613472,48.28069578961791,1.1136921486557925,16,1.1684587264890447,-1.2032745753165164,94.85311248000001,"EARLY_WAVE_LONG,SWING_REVERSAL_BUY,TREND_Q1,TREND_Q2,TREND_Q3,MOMENTUM_START,SUPPORT_MAJOR,TRIPLE_CONFIRMATION",SIGNAL_EXIT
2022-09-02 13:00:00,2022-09-02 17:00:00,LONG,20286.876564,19899.22770490034,-42.49659227023696,-1.9500712637234923,4,0.3712421464309964,-0.7743753135402549,69.0165,"EARLY_WAVE_LONG,ENERGY_RECOVER,MOMENTUM_START,SUPPORT_MAJOR,TRIPLE_CONFIRMATION,CASCADE_03,CASCADE_05,CASCADE_08",STOP_LOSS
2022-09-02 18:00:00,2022-09-04 13:00:00,LONG,19806.150437999997,19871.005004,8.630826983212858,0.39802914377774945,43,0.9854997446930087,-0.8772549645318185,71.77716,"EARLY_WAVE_LONG,DNA_TREND_01,DNA_TREND_02,ENERGY_RECOVER,MOMENTUM_START,SUPPORT_MAJOR,TRIPLE_CONFIRMATION,FIVE_CONFIRMATION",SIGNAL_EXIT
2022-09-17 12:00:00,2022-09-18 21:00:00,LONG,19814.182044,19504.44054398472,8.863850717251038,0.40840997761901376,33,1.5785055134017505,-0.9173330677813307,74.53782,"EARLY_WAVE_LONG,SWING_REVERSAL_BUY,TREND_Q1,TREND_Q2,TREND_Q3,TREND_Q4,MOMENTUM_START,TRIPLE_CONFIRMATION","SIGNAL_EXIT,STOP_LOSS"
2022-09-20 10:00:00,2022-09-20 17:00:00,LONG,19234.59615,18731.38906551923,-57.67775940776276,-2.6551097622446265,7,0.39113818357969804,-1.6284519183939417,74.53782,"EARLY_WAVE_LONG,SWING_REVERSAL_BUY,TREND_Q1,TREND_Q2,TREND_Q3,TREND_Q4,MOMENTUM_START,TRIPLE_CONFIRMATION",STOP_LOSS
2022-09-25 23:00:00,2022-09-26 14:00:00,LONG,18791.397527999998,19186.61191,39.04208348589181,1.8094357427400425,15,2.561983329247592,-0.4799937198156696,71.77716,"EARLY_WAVE_LONG,SWING_REVERSAL_BUY,ENERGY_RECOVER,TREND_Q1,TREND_Q2,MOMENTUM_START,TRIPLE_CONFIRMATION,FIVE_CONFIRMATION",SIGNAL_EXIT
2022-10-06 23:00:00,2022-10-07 12:00:00,LONG,19904.340072,19538.494467956374,-40.6852243704095,-1.8772840520166103,13,0.5555066261932626,-0.25783357707092247,63.49517999999999,"EARLY_WAVE_LONG,SWING_REVERSAL_BUY,MOMENTUM_START,TRIPLE_CONFIRMATION,CASCADE_03,CASCADE_05",STOP_LOSS
2022-10-09 00:00:00,2022-10-10 08:00:00,LONG,19420.403304,19198.55938801524,3.9734893642430884,0.18422645697546197,32,0.5940489195517324,-0.2860048945974191,71.77716,"EARLY_WAVE_LONG,WAVE_ACCELERATION,SWING_REVERSAL_BUY,DNA_TREND_02,ENERGY_RECOVER,MOMENTUM_START,TRIPLE_CONFIRMATION,FIVE_CONFIRMATION","SIGNAL_EXIT,STOP_LOSS"
2022-10-10 17:00:00,2022-10-13 10:00:00,LONG,19147.558746,18846.520412102847,-9.971161205123778,-0.4621352742049115,65,0.9098875543933013,-0.8955123119067028,71.77716,"EARLY_WAVE_LONG,SWING_REVERSAL_BUY,DNA_TREND_02,ENERGY_RECOVER,TREND_Q1,MOMENTUM_START,TRIPLE_CONFIRMATION,FIVE_CONFIRMATION","SIGNAL_EXIT,STOP_LOSS"
2022-10-15 10:00:00,2022-10-16 20:00:00,LONG,19112.101656,19371.514922,4.356584150097268,0.20216921155173195,34,1.3776001652719574,-0.26690762176845323,69.0165,"EARLY_WAVE_LONG,WAVE_ACCELERATION,SWING_REVERSAL_BUY,MOMENTUM_START,TRIPLE_CONFIRMATION,CASCADE_03,CASCADE_05,CASCADE_08",SIGNAL_EXIT
2022-10-27 10:00:00,2022-10-27 20:00:00,LONG,20614.6221,20226.909376261003,-41.39151910650049,-1.9200133069114187,10,0.5295168617231083,-0.4369815733852314,74.53782,"EARLY_WAVE_LONG,SWING_REVERSAL_BUY,TREND_Q1,TREND_Q2,TREND_Q3,TREND_Q4,MOMENTUM_START,TRIPLE_CONFIRMATION",STOP_LOSS
2022-10-27 21:00:00,2022-10-30 10:00:00,LONG,20888.469474135996,20689.181336,-11.285118399178652,-0.2886741212827149,61,2.563695774362609,-1.5679953664980533,74.53782,"EARLY_WAVE_LONG,SWING_REVERSAL_BUY,EMERGENCY_EXIT_04,ENERGY_RECOVER,STRUCTURE_FAILURE_LONG,TREND_Q1,TREND_Q2,TREND_Q3,PYRAMID_LEVEL2",SIGNAL_EXIT
2022-10-30 23:00:00,2022-10-31 13:00:00,LONG,20591.86755,20315.11865819163,-29.633471881455304,-1.3834342056636129,14,0.7706559379069156,-0.5873073421162266,69.0165,"EARLY_WAVE_LONG,SWING_REVERSAL_BUY,ENERGY_RECOVER,MOMENTUM_START,TRIPLE_CONFIRMATION,CASCADE_03,CASCADE_05,CASCADE_08",STOP_LOSS
2022-11-02 08:00:00,2022-11-02 18:00:00,LONG,20425.724328,20205.50800531256,-23.856209382807112,-1.1177010040060547,10,0.4778566009833084,-0.14312504922982647,69.0165,"EARLY_WAVE_LONG,SWING_REVERSAL_BUY,ENERGY_RECOVER,MOMENTUM_START,TRIPLE_CONFIRMATION,CASCADE_03,CASCADE_05,CASCADE_08",STOP_LOSS
2022-11-05 14:00:00,2022-11-06 02:00:00,LONG,21276.194388,21193.090534000003,-9.160704540334828,-0.4304392437082166,12,0.3582671346666696,-0.37066961582414615,74.53782,"EARLY_WAVE_LONG,SWING_REVERSAL_BUY,TREND_Q1,TREND_Q2,TREND_Q3,TREND_Q4,MOMENTUM_START,TRIPLE_CONFIRMATION",SIGNAL_EXIT
2022-11-07 22:00:00,2022-11-08 03:00:00,LONG,20686.106394000002,20351.901068388266,-35.179734369795526,-1.6549566144472154,5,0.0,-1.1678678887104332,69.0165,"EARLY_WAVE_LONG,SWING_REVERSAL_BUY,ENERGY_RECOVER,MOMENTUM_START,TRIPLE_CONFIRMATION,CASCADE_03,CASCADE_05,CASCADE_08",STOP_LOSS
2022-11-08 15:00:00,2022-11-08 18:00:00,LONG,19420.733369999998,18906.295537384558,-56.894059970294514,-2.687850869920027,3,4.893361192363681,-0.4019589194329166,71.77716,"EARLY_WAVE_LONG,SWING_REVERSAL_BUY,ENERGY_RECOVER,TREND_Q1,MOMENTUM_START,TRIPLE_CONFIRMATION,FIVE_CONFIRMATION,CASCADE_03",STOP_LOSS
2022-11-09 12:00:00,2022-11-09 17:00:00,LONG,17820.633414,16815.66538026575,-119.34824913691514,-5.677095063812736,5,0.0,-4.128435824408018,74.53782,"EARLY_WAVE_LONG,SWING_REVERSAL_BUY,TREND_Q1,TREND_Q2,TREND_Q3,TREND_Q4,MOMENTUM_START,TRIPLE_CONFIRMATION",STOP_LOSS
2022-11-09 21:00:00,2022-11-17 17:00:00,LONG,17578.78588054093,16651.758982,-111.25343751157183,-0.9058925274804137,188,6.496637641041836,-9.758784777280322,74.53782,"EARLY_WAVE_LONG,TREND_Q1,TREND_Q2,TREND_Q3,TREND_Q4,MOMENTUM_START,SUPPORT_MAJOR,TRIPLE_CONFIRMATION,PYRAMID_LEVEL2",SIGNAL_EXIT
2022-11-18 15:00:00,2022-11-19 23:00:00,LONG,16702.68987,16734.85236,-4.4734511930073655,-0.2189420458298693,32,0.21260126528352044,-0.6900677130275786,69.0165,"EARLY_WAVE_LONG,SWING_REVERSAL_BUY,ENERGY_RECOVER,MOMENTUM_START,TRIPLE_CONFIRMATION,CASCADE_03,CASCADE_05,CASCADE_08",SIGNAL_EXIT
2022-12-01 22:00:00,2022-12-07 08:00:00,LONG,17313.48180994197,16759.677394,-26.163786175332802,-0.7027581580041597,130,2.5524506398123306,-3.1793247365523283,74.53782,"EARLY_WAVE_LONG,WAVE_ACCELERATION,PRESSURE_EXHAUSTION,DELTA_EXHAUSTION,SWING_REVERSAL_BUY,TREND_Q1,TREND_Q2,TREND_Q3,PYRAMID_LEVEL2",SIGNAL_EXIT
2022-12-11 22:00:00,2022-12-12 00:00:00,LONG,17116.62264,17002.09266614568,-14.42492039622156,-0.7088478461705455,2,0.0,-0.18445601485785945,71.77716,"EARLY_WAVE_LONG,SWING_REVERSAL_BUY,EMERGENCY_EXIT_04,ENERGY_RECOVER,STRUCTURE_FAILURE_LONG,MOMENTUM_START,TRIPLE_CONFIRMATION,FIVE_CONFIRMATION",STOP_LOSS
2022-12-15 14:00:00,2022-12-16 02:00:00,LONG,17508.961091999998,17383.342636,-15.379327329239842,-0.7571653872425917,12,0.0,-0.9655118376911515,74.53782,"EARLY_WAVE_LONG,SWING_REVERSAL_BUY,EMERGENCY_EXIT_04,DNA_TREND_01,DNA_TREND_02,ENERGY_RECOVER,STRUCTURE_FAILURE_LONG,MOMENTUM_START",SIGNAL_EXIT
2022-12-18 15:00:00,2022-12-19 17:00:00,LONG,16690.027338,16564.48926053256,-0.31715587294072867,-0.01564561160644431,26,0.5731725902101624,-0.3245491268709346,74.53782,"EARLY_WAVE_LONG,SWING_REVERSAL_BUY,TREND_Q1,TREND_Q2,TREND_Q3,TREND_Q4,MOMENTUM_START,TRIPLE_CONFIRMATION","SIGNAL_EXIT,STOP_LOSS"
2022-12-21 15:00:00,2022-12-22 17:00:00,LONG,16797.638855999998,16595.116394560333,-11.502962414627849,-0.5675314177593018,26,0.37797659864156846,-0.9590565518227792,69.0165,"EARLY_WAVE_LONG,SWING_REVERSAL_BUY,ENERGY_RECOVER,MOMENTUM_START,TRIPLE_CONFIRMATION,CASCADE_03,CASCADE_05,CASCADE_08","SIGNAL_EXIT,STOP_LOSS"
2022-12-25 14:00:00,2022-12-25 14:00:00,LONG,16815.182364,16741.78489698678,-9.639600932796618,-0.47632062048574286,0,0.0,0.0,71.77716,"EARLY_WAVE_LONG,SWING_REVERSAL_BUY,ENERGY_RECOVER,TREND_Q1,TREND_Q2,MOMENTUM_START,TRIPLE_CONFIRMATION,FIVE_CONFIRMATION",STOP_LOSS
2022-12-25 16:00:00,2022-12-26 04:00:00,LONG,16796.848698,16891.161092000002,10.535532105296976,0.5212640248026154,12,0.5795212170458349,-0.16794041851053282,71.77716,"EARLY_WAVE_LONG,SWING_REVERSAL_BUY,ENERGY_RECOVER,TREND_Q1,MOMENTUM_START,TRIPLE_CONFIRMATION,FIVE_CONFIRMATION,CASCADE_03",SIGNAL_EXIT
2022-12-26 16:00:00,2022-12-27 04:00:00,LONG,16812.871902,16873.444636,6.478132165051573,0.32013183981493715,12,0.6335508806638173,0.0,69.0165,"EARLY_WAVE_LONG,SWING_REVERSAL_BUY,ENERGY_RECOVER,MOMENTUM_START,TRIPLE_CONFIRMATION,CASCADE_03,CASCADE_05,CASCADE_08",SIGNAL_EXIT
2022-12-28 06:00:00,2022-12-30 07:00:00,LONG,16607.280791999998,16453.42141595099,-2.4650370229485756,-0.12173023769225595,49,0.7932015460559732,-0.5374196601950182,71.77716,"EARLY_WAVE_LONG,SWING_REVERSAL_BUY,DNA_TREND_02,ENERGY_RECOVER,MOMENTUM_START,TRIPLE_CONFIRMATION,FIVE_CONFIRMATION,CASCADE_03","SIGNAL_EXIT,STOP_LOSS"
2022-12-30 15:00:00,2023-01-02 04:00:00,LONG,16417.462836,16659.047524,16.987693773683656,0.8392378821162966,61,1.4891287797765778,0.0,74.53782,"EARLY_WAVE_LONG,SWING_REVERSAL_BUY,ENERGY_RECOVER,TREND_Q1,TREND_Q2,TREND_Q3,MOMENTUM_START,TRIPLE_CONFIRMATION",SIGNAL_EXIT
2023-01-13 06:00:00,2023-01-18 16:00:00,LONG,21042.051881319254,21038.521454,280.8461540834961,0.7906262432674976,130,6.612901923068966,-1.3988744205149182,74.53782,"EARLY_WAVE_LONG,SWING_REVERSAL_BUY,TREND_Q1,TREND_Q2,TREND_Q3,TREND_Q4,MOMENTUM_START,TRIPLE_CONFIRMATION,PYRAMID_LEVEL2",SIGNAL_EXIT
2023-01-23 15:00:00,2023-01-25 00:00:00,LONG,22834.7605542386,22627.413612,-0.8495668800412695,-0.022530206790562345,33,2.0202355050233622,-0.884049358692006,74.53782,"EARLY_WAVE_LONG,SWING_REVERSAL_BUY,ENERGY_RECOVER,TREND_Q1,TREND_Q2,TREND_Q3,TREND_Q4,MOMENTUM_START,PYRAMID_LEVEL2",SIGNAL_EXIT
2023-01-25 01:00:00,2023-01-27 02:00:00,LONG,23225.926298188453,22642.910512,-21.99622178801129,-0.5795499059388158,49,4.134885538283346,-2.4905198215219104,71.77716,"EARLY_WAVE_LONG,SWING_REVERSAL_BUY,EMERGENCY_EXIT_04,ENERGY_RECOVER,STRUCTURE_FAILURE_LONG,MOMENTUM_START,TRIPLE_CONFIRMATION,FIVE_CONFIRMATION,PYRAMID_LEVEL2",SIGNAL_EXIT
2023-01-28 08:00:00,2023-01-30 09:00:00,LONG,23521.313151330007,23543.080442000002,1.9007547165042715,0.03485491054791244,49,2.5949968566074193,-0.20450267271268788,74.53782,"EARLY_WAVE_LONG,SWING_REVERSAL_BUY,TREND_Q1,TREND_Q2,TREND_Q3,TREND_Q4,MOMENTUM_START,TRIPLE_CONFIRMATION,PYRAMID_LEVEL2",SIGNAL_EXIT
2023-02-01 16:00:00,2023-02-02 15:00:00,LONG,22984.325946,23604.388178,68.91127603303403,3.299647630912517,23,5.244983284836321,0.0,71.77716,"EARLY_WAVE_LONG,SWING_REVERSAL_BUY,DNA_TREND_02,ENERGY_RECOVER,MOMENTUM_START,TRIPLE_CONFIRMATION,FIVE_CONFIRMATION,CASCADE_03",SIGNAL_EXIT
2023-02-02 22:00:00,2023-02-03 14:00:00,LONG,23460.34113,23341.960674,-7.637603975294001,-0.3627518474127142,16,0.40830126667471994,-0.48469512599964343,74.53782,"EARLY_WAVE_LONG,SWING_REVERSAL_BUY,EMERGENCY_EXIT_04,DNA_TREND_01,DNA_TREND_02,ENERGY_RECOVER,STRUCTURE_FAILURE_LONG,TREND_Q1",SIGNAL_EXIT
2023-02-10 17:00:00,2023-02-11 14:00:00,LONG,21611.411418,21743.1505,8.08928988426767,0.38459213512901164,21,0.738862348745095,-0.3475081592192859,74.53782,"EARLY_WAVE_LONG,SWING_REVERSAL_BUY,TREND_Q1,TREND_Q2,TREND_Q3,TREND_Q4,MOMENTUM_START,TRIPLE_CONFIRMATION",SIGNAL_EXIT
2023-02-13 10:00:00,2023-02-14 13:00:00,LONG,21589.056948,21854.948136,14.299688182609627,0.6792702467431498,27,1.2518520500963126,-0.6052925253509329,74.53782,"EARLY_WAVE_LONG,SWING_REVERSAL_BUY,ENERGY_RECOVER,TREND_Q1,TREND_Q2,TREND_Q3,TREND_Q4,MOMENTUM_START",SIGNAL_EXIT
2023-02-16 14:00:00,2023-02-16 23:00:00,LONG,24725.645785221186,23960.598205812035,-118.89905187644177,-3.1329083390593677,9,2.542181291670639,-2.9559825922041107,74.53782,"EARLY_WAVE_LONG,SWING_REVERSAL_BUY,ENERGY_RECOVER,TREND_Q1,TREND_Q2,TREND_Q3,TREND_Q4,MOMENTUM_START,PYRAMID_LEVEL2",STOP_LOSS
2023-02-20 23:00:00,2023-02-21 12:00:00,LONG,24709.120836,24567.915434000002,-12.70414683312017,-0.6112421772350103,13,1.3084203446403837,-0.5515810817575805,74.53782,"EARLY_WAVE_LONG,SWING_REVERSAL_BUY,TREND_Q1,TREND_Q2,TREND_Q3,TREND_Q4,MOMENTUM_START,TRIPLE_CONFIRMATION",SIGNAL_EXIT
2023-02-22 15:00:00,2023-02-24 15:00:00,LONG,23944.537949999998,23399.00427025969,18.00306925445226,0.8676049375758415,48,2.4517994509892076,-1.2928123760266526,71.77716,"EARLY_WAVE_LONG,SWING_REVERSAL_BUY,DNA_TREND_01,DNA_TREND_02,ENERGY_RECOVER,MOMENTUM_START,TRIPLE_CONFIRMATION,FIVE_CONFIRMATION","SIGNAL_EXIT,STOP_LOSS"
2023-02-28 20:00:00,2023-03-01 08:00:00,LONG,23268.032676,23711.316788,38.76605762813485,1.864358673229161,12,2.26253474597794,-0.7178633377642026,71.77716,"EARLY_WAVE_LONG,SWING_REVERSAL_BUY,DNA_TREND_01,DNA_TREND_02,ENERGY_RECOVER,MOMENTUM_START,TRIPLE_CONFIRMATION,FIVE_CONFIRMATION",SIGNAL_EXIT
2023-03-06 20:00:00,2023-03-07 15:00:00,LONG,22397.82867,22167.76034290994,-22.282969988834434,-1.0667794398626544,19,0.4466117295288768,-0.3957913568592302,71.77716,"EARLY_WAVE_LONG,SWING_REVERSAL_BUY,DNA_TREND_01,DNA_TREND_02,ENERGY_RECOVER,MOMENTUM_START,TRIPLE_CONFIRMATION,FIVE_CONFIRMATION",STOP_LOSS
2023-03-08 23:00:00,2023-03-09 17:00:00,LONG,21804.830094,21396.960533794572,-26.981576200282483,-1.2953055135797262,18,0.0,-1.4949902961624164,74.53782,"EARLY_WAVE_LONG,SWING_REVERSAL_BUY,ENERGY_RECOVER,TREND_Q1,TREND_Q2,TREND_Q3,TREND_Q4,MOMENTUM_START","SIGNAL_EXIT,STOP_LOSS"
2023-03-10 07:00:00,2023-03-11 02:00:00,LONG,19877.434692,20582.63265,54.48867046157871,1.3123006015207102,19,3.568444917519848,-1.2867590610318533,94.85311248000001,"EARLY_WAVE_LONG,SWING_REVERSAL_BUY,TREND_Q1,TREND_Q2,TREND_Q3,TREND_Q4,MOMENTUM_START,SUPPORT_MAJOR","SIGNAL_EXIT,PYRAMID_LEVEL2"
2023-03-11 03:00:00,2023-03-11 07:00:00,LONG,20495.458272,19873.915501214797,-64.1696568459827,-3.0713747828008997,4,0.0,-1.028756074647284,74.53782,"EARLY_WAVE_LONG,EMERGENCY_EXIT_04,STRUCTURE_FAILURE_SHORT,TREND_Q1,TREND_Q2,TREND_Q3,TREND_Q4,MOMENTUM_START",STOP_LOSS
2023-03-12 10:00:00,2023-03-12 22:00:00,LONG,20861.930736492148,21268.565436,102.85109629513144,1.9083913102876906,12,3.3827929472127782,-0.23179964892182936,74.53782,"EARLY_WAVE_LONG,WAVE_ACCELERATION,TREND_Q1,TREND_Q2,TREND_Q3,TREND_Q4,MOMENTUM_START,SUPPORT_MAJOR,PYRAMID_LEVEL2",SIGNAL_EXIT
2023-03-13 07:00:00,2023-03-22 20:00:00,LONG,28269.85216386332,26663.46624,-177.56017558135161,-0.6376441360091994,229,9.061517343720334,-5.668661281192638,69.0165,"EARLY_WAVE_LONG,WAVE_ACCELERATION,MOMENTUM_START,SUPPORT_MAJOR,TRIPLE_CONFIRMATION,CASCADE_03,CASCADE_05,CASCADE_08,PYRAMID_LEVEL2",SIGNAL_EXIT
2023-03-27 14:00:00,2023-03-27 14:00:00,LONG,27698.5386,27169.91698078471,-39.95272550703315,-1.9477185919390114,0,0.0,0.0,74.53782,"EARLY_WAVE_LONG,SWING_REVERSAL_BUY,ENERGY_RECOVER,TREND_Q1,TREND_Q2,TREND_Q3,MOMENTUM_START,TRIPLE_CONFIRMATION",STOP_LOSS
2023-04-06 08:00:00,2023-04-07 08:00:00,LONG,27916.552194,27834.222042,3.314331044124814,0.16238249167905613,24,0.6499291342968831,-0.27500600169565853,69.0165,"EARLY_WAVE_LONG,SWING_REVERSAL_BUY,MOMENTUM_START,TRIPLE_CONFIRMATION,CASCADE_03,CASCADE_05,CASCADE_08,CASCADE_10",SIGNAL_EXIT
2023-04-12 03:00:00,2023-04-12 20:00:00,LONG,29922.143232,29792.630282000002,1.900530098662137,0.09308618110020692,17,0.7851936479895587,-0.4129157161037361,74.53782,"EARLY_WAVE_LONG,SWING_REVERSAL_BUY,EMERGENCY_EXIT_04,DNA_TREND_01,DNA_TREND_02,ENERGY_RECOVER,STRUCTURE_FAILURE_LONG,TREND_Q1",SIGNAL_EXIT
2023-04-16 02:00:00,2023-04-17 00:00:00,LONG,30243.007392,29981.12035082167,-18.49190722567231,-0.9055960796779243,22,0.778436499216264,-0.054747835707564675,66.25583999999999,"EARLY_WAVE_LONG,SWING_REVERSAL_BUY,ENERGY_RECOVER,MOMENTUM_START,TRIPLE_CONFIRMATION,CASCADE_03,CASCADE_05,CASCADE_08",STOP_LOSS
2023-04-21 07:00:00,2023-04-21 19:00:00,LONG,27922.453373999997,27358.034412710855,-41.9765770899503,-2.0605717103282024,12,1.0607471414950835,-0.49599285616125705,75.47904,"WAVE_ACCELERATION,SWING_REVERSAL_BUY,DNA_TREND_02,ENERGY_RECOVER,TREND_Q1,TREND_Q2,TREND_Q3,TREND_Q4",STOP_LOSS
2023-04-22 04:00:00,2023-04-22 16:00:00,LONG,27327.61443,27483.432214,10.739218097208603,0.5299562883008626,12,0.5903024225301865,-0.4251905350085956,74.53782,"EARLY_WAVE_LONG,TREND_Q1,TREND_Q2,TREND_Q3,TREND_Q4,MOMENTUM_START,SUPPORT_MAJOR,TRIPLE_CONFIRMATION",SIGNAL_EXIT
2023-04-23 16:00:00,2023-04-24 04:00:00,LONG,27479.964894,27784.931902000004,21.69592933803531,1.069335555459037,12,1.1918687205874599,-0.08830030931115902,75.47904,"WAVE_ACCELERATION,SWING_REVERSAL_BUY,ENERGY_RECOVER,TREND_Q1,TREND_Q2,TREND_Q3,TREND_Q4,MOMENTUM_START",SIGNAL_EXIT
2023-04-24 10:00:00,2023-04-25 18:00:00,LONG,27318.562619999997,27612.136468,7.4148164737163,0.3645188608689851,32,1.1189731474971836,-0.7614332528890486,81.07007999999999,"STRONG_WAVE,SWING_REVERSAL_BUY,DNA_TREND_02,ENERGY_RECOVER,CONFLUENCE_02,CONFLUENCE_03,TREND_Q1,TREND_Q2",SIGNAL_EXIT
2023-04-26 06:00:00,2023-04-26 19:00:00,LONG,28400.939051999998,27943.01587907598,29.856657047374817,1.4665895252137622,13,5.508659221216243,-0.08717687804148178,71.77716,"EARLY_WAVE_LONG,PRESSURE_EXHAUSTION,DELTA_EXHAUSTION,MOMENTUM_START,SUPPORT_MAJOR,TRIPLE_CONFIRMATION,FIVE_CONFIRMATION,CASCADE_03","SIGNAL_EXIT,STOP_LOSS"
2023-04-29 03:00:00,2023-04-29 18:00:00,LONG,29380.754976,29149.408952,-12.8682048108557,-0.6298530248564522,15,0.011385085246212344,-0.7675601807516962,74.53782,"EARLY_WAVE_LONG,TREND_Q1,TREND_Q2,TREND_Q3,TREND_Q4,MOMENTUM_START,SUPPORT_MAJOR,TRIPLE_CONFIRMATION",SIGNAL_EXIT
2023-04-29 20:00:00,2023-05-01 01:00:00,LONG,29246.528136,28931.51234693009,-3.8873173142393425,-0.19058957468103271,29,1.610522321862233,-0.5113021802267546,69.88799999999999,"SWING_REVERSAL_BUY,ENERGY_RECOVER,MOMENTUM_START,SUPPORT_MAJOR,TRIPLE_CONFIRMATION,CASCADE_03,CASCADE_05,CASCADE_08","SIGNAL_EXIT,STOP_LOSS"
2023-05-03 13:00:00,2023-05-04 01:00:00,LONG,28312.191305999997,29038.121214000003,51.42999700377656,2.5229931932645075,12,2.807761099832419,-0.34024673314347664,71.77716,"EARLY_WAVE_LONG,SWING_REVERSAL_BUY,DNA_TREND_02,ENERGY_RECOVER,MOMENTUM_START,TRIPLE_CONFIRMATION,FIVE_CONFIRMATION,CASCADE_03",SIGNAL_EXIT
2023-05-08 19:00:00,2023-05-09 13:00:00,LONG,27480.755051999997,27752.798329999998,12.82432973789382,0.6252399404924558,18,1.010106700033343,-0.5095749797813657,71.77716,"EARLY_WAVE_LONG,SWING_REVERSAL_BUY,ENERGY_RECOVER,TREND_Q1,MOMENTUM_START,TRIPLE_CONFIRMATION,FIVE_CONFIRMATION,CASCADE_03",SIGNAL_EXIT
2023-05-09 16:00:00,2023-05-10 13:00:00,LONG,27405.870078,28169.634946000002,36.93548195944048,1.7981290425381866,21,2.8074639477242544,0.0,74.53782,"EARLY_WAVE_LONG,SWING_REVERSAL_BUY,TREND_Q1,TREND_Q2,TREND_Q3,TREND_Q4,MOMENTUM_START,TRIPLE_CONFIRMATION","SIGNAL_EXIT,PYRAMID_LEVEL2"
2023-05-10 18:00:00,2023-05-11 17:00:00,LONG,27504.229745999997,26871.026253367058,-7.95318538895205,-0.3854903489860617,23,1.2834035246936522,-1.3926576004394557,69.0165,"EARLY_WAVE_LONG,SWING_REVERSAL_BUY,ENERGY_RECOVER,MOMENTUM_START,TRIPLE_CONFIRMATION,CASCADE_03,CASCADE_05,CASCADE_08","SIGNAL_EXIT,STOP_LOSS"
2023-05-12 05:00:00,2023-05-12 19:00:00,LONG,26659.520837999997,26054.075911056672,-38.13843625565178,-1.850535845983655,14,0.0,-1.4360754655961028,74.53782,"EARLY_WAVE_LONG,SWING_REVERSAL_BUY,TREND_Q1,TREND_Q2,TREND_Q3,TREND_Q4,MOMENTUM_START,TRIPLE_CONFIRMATION","SIGNAL_EXIT,STOP_LOSS"
2023-05-21 22:00:00,2023-05-22 14:00:00,LONG,26750.499030000003,27001.608598,8.25935659491059,0.40265984879758976,16,0.9588642429150127,-0.6217791668614131,71.77716,"EARLY_WAVE_LONG,SWING_REVERSAL_BUY,ENERGY_RECOVER,TREND_Q1,MOMENTUM_START,TRIPLE_CONFIRMATION,FIVE_CONFIRMATION,CASCADE_03",SIGNAL_EXIT
2023-05-31 15:00:00,2023-06-01 02:00:00,LONG,27039.276773999998,26644.779512838006,-30.76293603774177,-1.4983950064696636,11,0.6326841780195036,-0.4724119475075027,69.0165,"EARLY_WAVE_LONG,SWING_REVERSAL_BUY,ENERGY_RECOVER,MOMENTUM_START,TRIPLE_CONFIRMATION,CASCADE_03,CASCADE_05,CASCADE_08",STOP_LOSS
2023-06-07 22:00:00,2023-06-10 05:00:00,LONG,26159.750904,25575.55510766614,16.898463763840837,0.8262648363051965,55,2.148067456995843,-1.507930658237592,69.0165,"EARLY_WAVE_LONG,SWING_REVERSAL_BUY,TREND_Q1,MOMENTUM_START,TRIPLE_CONFIRMATION,CASCADE_03,CASCADE_05,CASCADE_08","SIGNAL_EXIT,STOP_LOSS"
2023-06-10 19:00:00,2023-06-13 03:00:00,LONG,25989.426317670375,26120.264902000003,0.207403466697893,0.005580193235224567,56,2.235761727817034,-0.8335171197029864,74.53782,"EARLY_WAVE_LONG,SWING_REVERSAL_BUY,DNA_TREND_02,ENERGY_RECOVER,TREND_Q1,TREND_Q2,MOMENTUM_START,TRIPLE_CONFIRMATION,PYRAMID_LEVEL2",SIGNAL_EXIT
2023-06-18 21:00:00,2023-06-24 16:00:00,LONG,31152.94126643573,30392.640256000002,344.2988379407233,1.242024597267104,139,7.122475206528835,-2.421059571823934,74.53782,"EARLY_WAVE_LONG,SWING_REVERSAL_BUY,ENERGY_RECOVER,TREND_Q1,TREND_Q2,TREND_Q3,TREND_Q4,MOMENTUM_START,PYRAMID_LEVEL3,PYRAMID_LEVEL2","SIGNAL_EXIT,PYRAMID_LEVEL2"
2023-06-24 17:00:00,2023-06-26 01:00:00,LONG,30516.112001999998,30003.54628839053,5.97070063924941,0.28000864726213953,32,1.2273778454327808,-0.4656949810339015,74.53782,"EARLY_WAVE_LONG,SWING_REVERSAL_BUY,EMERGENCY_EXIT_04,ENERGY_RECOVER,STRUCTURE_FAILURE_LONG,TREND_Q1,TREND_Q2,TREND_Q3","SIGNAL_EXIT,STOP_LOSS"
2023-06-26 17:00:00,2023-06-28 08:00:00,LONG,30382.70651191178,30180.102772,-0.015114052797852828,-0.0003935621921353975,39,2.06805945463364,-0.6470013191046995,74.53782,"EARLY_WAVE_LONG,SWING_REVERSAL_BUY,EMERGENCY_EXIT_04,DNA_TREND_01,DNA_TREND_02,ENERGY_RECOVER,STRUCTURE_FAILURE_LONG,MOMENTUM_START,PYRAMID_LEVEL2",SIGNAL_EXIT
2023-07-02 09:00:00,2023-07-02 15:00:00,LONG,30490.106802,30278.330977127524,-15.664107393061597,-0.7342944343134936,6,0.32837929578335734,0.0,71.77716,"EARLY_WAVE_LONG,PRESSURE_EXHAUSTION,DELTA_EXHAUSTION,SWING_REVERSAL_BUY,MOMENTUM_START,TRIPLE_CONFIRMATION,FIVE_CONFIRMATION,CASCADE_03",STOP_LOSS
2023-07-02 16:00:00,2023-07-04 20:00:00,LONG,31105.83300354297,30690.700632,-8.512334201953763,-0.21992132845649642,52,2.5724424267222155,-1.314843436266076,74.53782,"EARLY_WAVE_LONG,SWING_REVERSAL_BUY,ENERGY_RECOVER,TREND_Q1,TREND_Q2,TREND_Q3,TREND_Q4,MOMENTUM_START,PYRAMID_LEVEL2",SIGNAL_EXIT
2023-07-06 14:00:00,2023-07-07 00:00:00,LONG,30379.554696,29727.822713366182,-46.453819130161456,-2.1844398917622754,10,0.09037428058026845,-1.593587203119019,71.77716,"EARLY_WAVE_LONG,SWING_REVERSAL_BUY,DNA_TREND_02,ENERGY_RECOVER,MOMENTUM_START,TRIPLE_CONFIRMATION,FIVE_CONFIRMATION,CASCADE_03",STOP_LOSS
2023-07-08 13:00:00,2023-07-09 01:00:00,LONG,30177.884369999996,30329.932800000002,9.804815799681307,0.4636390515800966,12,0.5239785137396704,-0.21832004255902096,69.0165,"EARLY_WAVE_LONG,SWING_REVERSAL_BUY,TREND_Q1,MOMENTUM_START,TRIPLE_CONFIRMATION,CASCADE_03,CASCADE_05,CASCADE_08",SIGNAL_EXIT
2023-07-09 14:00:00,2023-07-10 00:00:00,LONG,30271.193027999998,30051.981090786318,-16.171075908856515,-0.7638705532223693,10,0.2585856854984186,-0.3874740843266523,71.77716,"EARLY_WAVE_LONG,SWING_REVERSAL_BUY,DNA_TREND_02,ENERGY_RECOVER,MOMENTUM_START,TRIPLE_CONFIRMATION,FIVE_CONFIRMATION,CASCADE_03",STOP_LOSS
2023-07-10 03:00:00,2023-07-10 15:00:00,LONG,30206.029998,30303.957996,6.001662711303715,0.28407048131542145,12,0.34430212115555425,-0.409785721619814,80.05913999999999,"EARLY_WAVE_LONG,WAVE_ACCELERATION,SWING_REVERSAL_BUY,DNA_TREND_01,DNA_TREND_02,ENERGY_RECOVER,CONFLUENCE_02,CONFLUENCE_03",SIGNAL_EXIT
2023-07-14 13:00:00,2023-07-14 17:00:00,LONG,31132.985351999996,30679.17194101739,-31.64862352611695,-1.4970780170590723,4,0.5382543501863055,0.0,71.77716,"EARLY_WAVE_LONG,SWING_REVERSAL_BUY,TREND_Q1,TREND_Q2,MOMENTUM_START,TRIPLE_CONFIRMATION,FIVE_CONFIRMATION,CASCADE_03",STOP_LOSS
2023-07-17 11:00:00,2023-07-17 17:00:00,LONG,30169.962786,29926.23026183154,-17.848404241461637,-0.8475417026097488,6,0.38673303917412183,-0.08602193573816645,71.77716,"EARLY_WAVE_LONG,SWING_REVERSAL_BUY,ENERGY_RECOVER,TREND_Q1,MOMENTUM_START,TRIPLE_CONFIRMATION,FIVE_CONFIRMATION,CASCADE_03",STOP_LOSS
2023-07-20 15:00:00,2023-07-21 19:00:00,LONG,29788.15644,29975.703660000003,2.2659306292400117,0.10783829176909326,28,0.6496996898408925,-0.33676619163075233,71.77716,"EARLY_WAVE_LONG,SWING_REVERSAL_BUY,DNA_TREND_01,DNA_TREND_02,ENERGY_RECOVER,MOMENTUM_START,TRIPLE_CONFIRMATION,FIVE_CONFIRMATION",SIGNAL_EXIT
2023-07-24 15:00:00,2023-07-25 14:00:00,LONG,29049.188676,29271.814466,4.48210977400085,0.21327268200293836,23,0.7865325484589677,-0.03252647123947503,74.53782,"EARLY_WAVE_LONG,SWING_REVERSAL_BUY,DNA_TREND_01,DNA_TREND_02,ENERGY_RECOVER,TREND_Q1,MOMENTUM_START,TRIPLE_CONFIRMATION",SIGNAL_EXIT
2023-07-30 20:00:00,2023-08-01 02:00:00,LONG,29208.120455999997,29008.263424414177,3.5172254734297503,0.16728802877631765,30,0.9051576748948036,-0.17844508714113516,74.53782,"EARLY_WAVE_LONG,SWING_REVERSAL_BUY,DNA_TREND_02,ENERGY_RECOVER,TREND_Q1,TREND_Q2,TREND_Q3,MOMENTUM_START","SIGNAL_EXIT,STOP_LOSS"
2023-08-05 10:00:00,2023-08-06 06:00:00,LONG,29063.871612,29097.429350000002,-0.33325686470502985,-0.015845486536268886,20,0.13548913415837655,-0.16894380988018579,71.77716,"EARLY_WAVE_LONG,SWING_REVERSAL_BUY,TREND_Q1,TREND_Q2,MOMENTUM_START,TRIPLE_CONFIRMATION,FIVE_CONFIRMATION,CASCADE_03",SIGNAL_EXIT
2023-08-06 13:00:00,2023-08-07 02:00:00,LONG,29038.946627999998,29139.560922,6.441979407550095,0.3063419302731421,13,0.3665882697596161,-0.08959218918399667,74.53782,"EARLY_WAVE_LONG,SWING_REVERSAL_BUY,DNA_TREND_01,DNA_TREND_02,ENERGY_RECOVER,TREND_Q1,TREND_Q2,TREND_Q3",SIGNAL_EXIT
2023-08-11 17:00:00,2023-08-13 05:00:00,LONG,29367.642354,29388.811062,1.494770415656679,0.0710350229689408,36,0.3033871256194541,-0.09276316318353568,74.53782,"EARLY_WAVE_LONG,SWING_REVERSAL_BUY,ENERGY_RECOVER,CONFLUENCE_02,MOMENTUM_START,TRIPLE_CONFIRMATION,FIVE_CONFIRMATION,CASCADE_03",SIGNAL_EXIT
2023-08-16 14:00:00,2023-08-16 20:00:00,LONG,29094.437724,28896.273720030367,-15.169481915238629,-0.720833705215909,6,0.26658798749019796,-0.027213875295028188,69.0165,"EARLY_WAVE_LONG,SWING_REVERSAL_BUY,TREND_Q1,MOMENTUM_START,TRIPLE_CONFIRMATION,CASCADE_03,CASCADE_05,CASCADE_08",STOP_LOSS
2023-08-17 15:00:00,2023-08-17 15:00:00,LONG,28400.018868,28019.672740647427,-28.958885527798888,-1.3787103391329716,0,0.0,0.0,80.05913999999999,"EARLY_WAVE_LONG,SWING_REVERSAL_BUY,ENERGY_RECOVER,CONFLUENCE_02,CONFLUENCE_03,TREND_Q1,TREND_Q2,TREND_Q3",STOP_LOSS
2023-08-17 22:00:00,2023-08-20 21:00:00,LONG,26259.180786,26227.743402000004,-18.911814232315955,-0.903581779205325,71,2.0644559265497873,-1.6104873546758558,71.77716,"EARLY_WAVE_LONG,ENERGY_RECOVER,TREND_Q1,TREND_Q2,MOMENTUM_START,SUPPORT_MAJOR,TRIPLE_CONFIRMATION,FIVE_CONFIRMATION",SIGNAL_EXIT
2023-08-21 11:00:00,2023-08-22 21:00:00,LONG,25949.198802,25719.199874868125,-6.444185730083476,-0.30862280317162394,34,0.9511322483720646,-0.6520771731378305,75.47904,"STRONG_WAVE,SWING_REVERSAL_BUY,ENERGY_RECOVER,TREND_Q1,TREND_Q2,TREND_Q3,TREND_Q4,MOMENTUM_START","SIGNAL_EXIT,STOP_LOSS"
2023-08-23 00:00:00,2023-08-23 17:00:00,LONG,26061.201198000002,26390.730798,25.534142204797796,1.223939392729437,17,1.2846637400032457,-0.833389053520188,81.07007999999999,"SWING_REVERSAL_BUY,DNA_TREND_01,DNA_TREND_02,ENERGY_RECOVER,CONFLUENCE_02,CONFLUENCE_03,TREND_Q1,TREND_Q2",SIGNAL_EXIT
2023-08-23 18:00:00,2023-08-24 14:00:00,LONG,26544.65787,26154.82423579024,-13.525899786077254,-0.646429635317873,20,0.32903844693629464,-0.8462639492290381,74.53782,"EARLY_WAVE_LONG,EMERGENCY_EXIT_04,DNA_TREND_02,ENERGY_RECOVER,STRUCTURE_FAILURE_SHORT,MOMENTUM_START,SUPPORT_MAJOR,TRIPLE_CONFIRMATION","SIGNAL_EXIT,STOP_LOSS"
2023-08-25 16:00:00,2023-08-27 10:00:00,LONG,25937.196401999998,26072.904376,8.797750154988117,0.4211847508534541,42,0.578141120867022,-0.18196416169466367,74.53782,"EARLY_WAVE_LONG,SWING_REVERSAL_BUY,ENERGY_RECOVER,TREND_Q1,TREND_Q2,TREND_Q3,TREND_Q4,MOMENTUM_START",SIGNAL_EXIT
2023-08-28 01:00:00,2023-08-28 05:00:00,LONG,26028.714701999997,25884.456164782805,-12.419497581974523,-0.5940067400685963,4,0.006858955658941291,-0.06045132147377565,74.53782,"EARLY_WAVE_LONG,SWING_REVERSAL_BUY,DNA_TREND_02,ENERGY_RECOVER,TREND_Q1,TREND_Q2,TREND_Q3,TREND_Q4",STOP_LOSS
2023-08-30 12:00:00,2023-08-31 14:00:00,LONG,27343.987704,27144.560002000002,-12.673457349615603,-0.6071155595652774,26,0.1173285196998072,-0.8556824503171259,74.53782,"EARLY_WAVE_LONG,SWING_REVERSAL_BUY,TREND_Q1,TREND_Q2,TREND_Q3,TREND_Q4,MOMENTUM_START,TRIPLE_CONFIRMATION",SIGNAL_EXIT
2023-09-04 22:00:00,2023-09-06 17:00:00,LONG,25682.855544000002,25424.29955762984,0.10163578488229552,0.004876700302663949,43,0.6494389057098674,-0.3692562294622132,74.53782,"EARLY_WAVE_LONG,SWING_REVERSAL_BUY,DNA_TREND_01,DNA_TREND_02,ENERGY_RECOVER,TREND_Q1,TREND_Q2,TREND_Q3","SIGNAL_EXIT,STOP_LOSS"
2023-09-10 15:00:00,2023-09-10 16:00:00,LONG,25778.394648,25646.680220204955,-11.477112508756802,-0.5507445355762034,1,0.0,-0.013129785800162391,71.77716,"EARLY_WAVE_LONG,SWING_REVERSAL_BUY,ENERGY_RECOVER,TREND_Q1,TREND_Q2,MOMENTUM_START,TRIPLE_CONFIRMATION,FIVE_CONFIRMATION",STOP_LOSS
2023-09-15 12:00:00,2023-09-17 18:00:00,LONG,26430.455034,26474.713998,9.529193206258938,0.45794735722965835,54,1.3085471496994532,-0.7276266479430877,74.53782,"EARLY_WAVE_LONG,SWING_REVERSAL_BUY,EMERGENCY_EXIT_04,DNA_TREND_01,DNA_TREND_02,ENERGY_RECOVER,STRUCTURE_FAILURE_LONG,TREND_Q1",SIGNAL_EXIT
2023-09-19 01:00:00,2023-09-20 20:00:00,LONG,26682.455424,26925.233876,34.92131842097157,1.676472804233931,43,2.7725505926811733,0.0,71.77716,"EARLY_WAVE_LONG,SWING_REVERSAL_BUY,TREND_Q1,TREND_Q2,TREND_Q3,MOMENTUM_START,TRIPLE_CONFIRMATION,FIVE_CONFIRMATION",SIGNAL_EXIT
2023-09-21 08:00:00,2023-09-21 10:00:00,LONG,26995.508022,26682.70745758019,-25.061939248730024,-1.1982498982394771,2,0.0,-0.9194419375168836,69.0165,"EARLY_WAVE_LONG,SWING_REVERSAL_BUY,MOMENTUM_START,TRIPLE_CONFIRMATION,CASCADE_03,CASCADE_05,CASCADE_08,CASCADE_10",STOP_LOSS
2023-09-26 08:00:00,2023-09-26 15:00:00,LONG,26277.254399999998,26085.802717539165,-16.01942780445506,-0.7682918484354604,7,0.0,-0.36421004471456014,71.77716,"EARLY_WAVE_LONG,SWING_REVERSAL_BUY,TREND_Q1,TREND_Q2,TREND_Q3,MOMENTUM_START,TRIPLE_CONFIRMATION,FIVE_CONFIRMATION",STOP_LOSS
2023-10-07 06:00:00,2023-10-08 11:00:00,LONG,27906.03009,27813.196248,-3.772782209633797,-0.18130903272311516,29,0.5691956522935104,-0.31269259625456014,74.53782,"EARLY_WAVE_LONG,PRESSURE_EXHAUSTION,DELTA_EXHAUSTION,SWING_REVERSAL_BUY,TREND_Q1,TREND_Q2,TREND_Q3,MOMENTUM_START",SIGNAL_EXIT
2023-10-09 08:00:00,2023-10-09 09:00:00,LONG,27818.832654,27595.308861793445,-17.535596468183087,-0.8431767021595258,1,0.0,-0.2626733296427386,71.77716,"EARLY_WAVE_LONG,SWING_REVERSAL_BUY,DNA_TREND_01,DNA_TREND_02,ENERGY_RECOVER,MOMENTUM_START,TRIPLE_CONFIRMATION,FIVE_CONFIRMATION",STOP_LOSS
2023-10-10 12:00:00,2023-10-11 02:00:00,LONG,27514.361772,27270.566824256442,-19.2095372169926,-0.9257099131859895,14,0.0,-0.5750515796481793,69.0165,"EARLY_WAVE_LONG,SWING_REVERSAL_BUY,MOMENTUM_START,TRIPLE_CONFIRMATION,CASCADE_03,CASCADE_05,CASCADE_08,CASCADE_10",STOP_LOSS
2023-10-14 21:00:00,2023-10-15 17:00:00,LONG,26850.679062,26924.903942,4.892177775072687,0.236325190423229,20,0.29649506374186924,-0.114220805846973,74.53782,"EARLY_WAVE_LONG,SWING_REVERSAL_BUY,TREND_Q1,TREND_Q2,TREND_Q3,TREND_Q4,MOMENTUM_START,TRIPLE_CONFIRMATION",SIGNAL_EXIT
2023-10-22 20:00:00,2023-10-24 16:00:00,LONG,33779.50382812337,33662.156222,222.68399718117263,0.7111382120870915,44,8.213713139789048,-0.3306961062152512,74.53782,"EARLY_WAVE_LONG,SWING_REVERSAL_BUY,TREND_Q1,TREND_Q2,TREND_Q3,TREND_Q4,MOMENTUM_START,TRIPLE_CONFIRMATION,PYRAMID_LEVEL2,PYRAMID_LEVEL3","SIGNAL_EXIT,PYRAMID_LEVEL2, PYRAMID_LEVEL3"
2023-10-27 02:00:00,2023-10-27 18:00:00,LONG,33855.239694,33593.419972,-17.266689223542556,-0.813041326768638,16,1.1364867284285853,-0.7534718297835898,71.77716,"EARLY_WAVE_LONG,SWING_REVERSAL_BUY,DNA_TREND_02,ENERGY_RECOVER,MOMENTUM_START,TRIPLE_CONFIRMATION,FIVE_CONFIRMATION,CASCADE_03",SIGNAL_EXIT
2023-11-07 03:00:00,2023-11-07 16:00:00,LONG,34821.282864,34714.285754000004,-7.356802809859901,-0.3471521275471771,13,0.4122109359399706,-0.555559267461683,69.0165,"EARLY_WAVE_LONG,SWING_REVERSAL_BUY,MOMENTUM_START,TRIPLE_CONFIRMATION,CASCADE_03,CASCADE_05,CASCADE_08,CASCADE_10",SIGNAL_EXIT
2023-11-08 16:00:00,2023-11-11 23:00:00,LONG,36738.03409907315,36884.541616,35.95838043006586,0.7622718858651589,79,5.487129954779957,-1.0914141404296462,80.05913999999999,"EARLY_WAVE_LONG,SWING_REVERSAL_BUY,ENERGY_RECOVER,CONFLUENCE_02,CONFLUENCE_03,TREND_Q1,TREND_Q2,TREND_Q3,PYRAMID_LEVEL2,PYRAMID_LEVEL3","PYRAMID_LEVEL2,SIGNAL_EXIT"
2023-11-14 12:00:00,2023-11-14 18:00:00,LONG,36266.421834,35817.84441296079,-27.131899476960747,-1.276399863552076,6,0.9054881882285145,-0.4834550119185716,71.77716,"EARLY_WAVE_LONG,SWING_REVERSAL_BUY,DNA_TREND_01,DNA_TREND_02,ENERGY_RECOVER,MOMENTUM_START,TRIPLE_CONFIRMATION,FIVE_CONFIRMATION",STOP_LOSS
2023-11-23 13:00:00,2023-11-26 13:00:00,LONG,37311.330774,37619.984498000005,14.758159780909855,0.696579000386819,72,2.438345690510639,-0.9648296282448896,69.0165,"EARLY_WAVE_LONG,SWING_REVERSAL_BUY,TREND_Q1,MOMENTUM_START,TRIPLE_CONFIRMATION,CASCADE_03,CASCADE_05,CASCADE_08",SIGNAL_EXIT
2023-11-29 21:00:00,2023-12-07 09:00:00,LONG,43406.042367057795,43576.892878,418.81875150970757,1.1489677600482164,180,3.556950287585118,-0.16078528487541127,69.0165,"EARLY_WAVE_LONG,SWING_REVERSAL_BUY,TREND_Q1,MOMENTUM_START,TRIPLE_CONFIRMATION,CASCADE_03,CASCADE_05,CASCADE_08,PYRAMID_LEVEL2,PYRAMID_LEVEL3",SIGNAL_EXIT
2023-12-08 08:00:00,2023-12-10 00:00:00,LONG,43699.06956025669,43704.847281999995,25.635043103476455,0.6405759344347555,40,2.7547345149685083,-0.08955071572706147,71.77716,"EARLY_WAVE_LONG,SWING_REVERSAL_BUY,DNA_TREND_02,ENERGY_RECOVER,MOMENTUM_START,TRIPLE_CONFIRMATION,FIVE_CONFIRMATION,CASCADE_03,PYRAMID_LEVEL2",SIGNAL_EXIT
2023-12-10 10:00:00,2023-12-11 02:00:00,LONG,43615.511358,43213.80551,0.5281839554932048,0.023692063536252635,16,0.7898534976979248,-0.9011733343530096,71.77716,"EARLY_WAVE_LONG,SWING_REVERSAL_BUY,DNA_TREND_01,DNA_TREND_02,ENERGY_RECOVER,MOMENTUM_START,TRIPLE_CONFIRMATION,FIVE_CONFIRMATION",SIGNAL_EXIT
2023-12-13 04:00:00,2023-12-13 16:00:00,LONG,40837.515869999996,41930.782166,58.76475096176914,2.6360417870676955,12,2.6976766498407603,0.0,69.0165,"EARLY_WAVE_LONG,SWING_REVERSAL_BUY,TREND_Q1,MOMENTUM_START,TRIPLE_CONFIRMATION,CASCADE_03,CASCADE_05,CASCADE_08",SIGNAL_EXIT
2023-12-18 11:00:00,2023-12-18 23:00:00,LONG,40831.6647,42502.59778,90.88551932911334,4.050611340585376,12,4.3797511395610496,0.0,71.77716,"EARLY_WAVE_LONG,SWING_REVERSAL_BUY,ENERGY_RECOVER,TREND_Q1,MOMENTUM_START,TRIPLE_CONFIRMATION,FIVE_CONFIRMATION,CASCADE_03",SIGNAL_EXIT
2023-12-21 03:00:00,2023-12-24 22:00:00,LONG,43398.617988,42521.13616776302,11.555505247895805,0.5098965101558074,91,1.7258890875444606,0.0,71.77716,"EARLY_WAVE_LONG,SWING_REVERSAL_BUY,TREND_Q1,TREND_Q2,MOMENTUM_START,TRIPLE_CONFIRMATION,FIVE_CONFIRMATION,CASCADE_03","SIGNAL_EXIT,STOP_LOSS"
2023-12-29 02:00:00,2023-12-29 14:00:00,LONG,42340.4664,42815.735140000004,24.550575454024532,1.0820439284155048,12,1.2317852030085445,-0.1585395856669189,69.0165,"EARLY_WAVE_LONG,SWING_REVERSAL_BUY,ENERGY_RECOVER,MOMENTUM_START,TRIPLE_CONFIRMATION,CASCADE_03,CASCADE_05,CASCADE_08",SIGNAL_EXIT
2023-12-29 16:00:00,2023-12-29 22:00:00,LONG,42279.544217999995,41473.05490742566,-44.28510463976495,-1.9467535607606832,6,0.0,-1.1190144708290697,71.77716,"EARLY_WAVE_LONG,SWING_REVERSAL_BUY,DNA_TREND_01,DNA_TREND_02,ENERGY_RECOVER,MOMENTUM_START,TRIPLE_CONFIRMATION,FIVE_CONFIRMATION",STOP_LOSS
2024-01-08 01:00:00,2024-01-09 13:00:00,LONG,46094.67675373613,46157.126728,71.92924953821802,0.8275350310544483,36,5.255917678096286,-0.6178549768594206,74.53782,"EARLY_WAVE_LONG,SWING_REVERSAL_BUY,EMERGENCY_EXIT_04,DNA_TREND_01,DNA_TREND_02,ENERGY_RECOVER,STRUCTURE_FAILURE_LONG,MOMENTUM_START,PYRAMID_LEVEL3,PYRAMID_LEVEL2",SIGNAL_EXIT
2024-01-10 13:00:00,2024-01-12 15:00:00,LONG,45728.65320849448,45432.921598,31.268951716034067,0.979356869643901,50,8.71036638119957,-0.6268131431459611,74.53782,"EARLY_WAVE_LONG,SWING_REVERSAL_BUY,EMERGENCY_EXIT_04,DNA_TREND_02,ENERGY_RECOVER,STRUCTURE_FAILURE_LONG,MOMENTUM_START,TRIPLE_CONFIRMATION,PYRAMID_LEVEL3",SIGNAL_EXIT
2024-01-14 20:00:00,2024-01-14 21:00:00,LONG,42668.532,42059.13933753171,-33.58140546139851,-1.467630332825369,1,0.0,-0.3764179184791288,74.53782,"EARLY_WAVE_LONG,SWING_REVERSAL_BUY,DNA_TREND_01,DNA_TREND_02,ENERGY_RECOVER,TREND_Q1,TREND_Q2,TREND_Q3",STOP_LOSS
2024-01-20 10:00:00,2024-01-20 23:00:00,LONG,41529.40422,41773.183692,12.46369023576163,0.5467696991758145,13,0.6071018468369498,0.0,74.53782,"EARLY_WAVE_LONG,SWING_REVERSAL_BUY,TREND_Q1,TREND_Q2,TREND_Q3,TREND_Q4,MOMENTUM_START,TRIPLE_CONFIRMATION",SIGNAL_EXIT
2024-01-21 17:00:00,2024-01-22 01:00:00,LONG,41615.501436,41278.90289938973,-19.366319081900453,-0.8485061709831095,8,0.40948338508445997,-0.08451522818747396,74.53782,"EARLY_WAVE_LONG,SWING_REVERSAL_BUY,ENERGY_RECOVER,TREND_Q1,TREND_Q2,TREND_Q3,TREND_Q4,MOMENTUM_START",STOP_LOSS
2024-01-23 17:00:00,2024-01-24 11:00:00,LONG,39698.32354121074,40344.349516,36.47650630910235,0.8898846407791827,18,2.1977574384074017,-0.5670072571489332,75.47904,"SWING_REVERSAL_BUY,TREND_Q1,TREND_Q2,TREND_Q3,TREND_Q4,MOMENTUM_START,SUPPORT_MAJOR,TRIPLE_CONFIRMATION,PYRAMID_LEVEL2",SIGNAL_EXIT
2024-01-24 12:00:00,2024-01-26 11:00:00,LONG,40217.381868,40684.501472,-11.311743376043216,-0.49481802672052666,47,1.1817232000826838,-1.6733607130589245,69.0165,"EARLY_WAVE_LONG,WAVE_ACCELERATION,MOMENTUM_START,SUPPORT_MAJOR,TRIPLE_CONFIRMATION,CASCADE_03,CASCADE_05,CASCADE_08",SIGNAL_EXIT
2024-01-29 16:00:00,2024-01-31 00:00:00,LONG,43077.544277945235,42932.51178,17.262441477079122,0.4200935808813457,32,2.262286876727971,-0.3167410775899151,80.05913999999999,"EARLY_WAVE_LONG,DNA_TREND_01,DNA_TREND_02,ENERGY_RECOVER,CONFLUENCE_02,CONFLUENCE_03,TREND_Q1,TREND_Q2,PYRAMID_LEVEL2",SIGNAL_EXIT
2024-01-31 01:00:00,2024-01-31 13:00:00,LONG,42941.78664,42614.275440000005,-18.349573926349983,-0.8023814031413424,12,0.2520234216319128,-1.2972367560531368,74.53782,"EARLY_WAVE_LONG,EMERGENCY_EXIT_04,STRUCTURE_FAILURE_LONG,TREND_Q1,TREND_Q2,TREND_Q3,TREND_Q4,MOMENTUM_START",SIGNAL_EXIT
2024-01-31 22:00:00,2024-02-04 07:00:00,LONG,42495.617424000004,42737.580774,-5.281618085486002,-0.23143947340747312,81,1.7565871994565063,-1.2050123166602111,77.29847999999998,"EARLY_WAVE_LONG,SWING_REVERSAL_BUY,ENERGY_RECOVER,CONFLUENCE_02,CONFLUENCE_03,MOMENTUM_START,TRIPLE_CONFIRMATION,FIVE_CONFIRMATION",SIGNAL_EXIT
2024-02-10 08:00:00,2024-02-12 10:00:00,LONG,47994.2723109238,47871.343816,12.238249985220687,0.29648855697571186,50,2.8804633603955905,-0.5872001466886024,74.53782,"EARLY_WAVE_LONG,SWING_REVERSAL_BUY,TREND_Q1,TREND_Q2,TREND_Q3,TREND_Q4,MOMENTUM_START,TRIPLE_CONFIRMATION,PYRAMID_LEVEL2",SIGNAL_EXIT
2024-02-20 00:00:00,2024-02-20 17:00:00,LONG,52253.32144495183,51095.906477003526,-92.63378318463329,-2.254121456719179,17,2.037333431674525,-1.6400707577118412,69.0165,"EARLY_WAVE_LONG,SWING_REVERSAL_BUY,ENERGY_RECOVER,MOMENTUM_START,TRIPLE_CONFIRMATION,CASCADE_03,CASCADE_05,CASCADE_08,PYRAMID_LEVEL2",STOP_LOSS
2024-02-23 16:00:00,2024-02-26 09:00:00,LONG,50921.28222,51239.90996800001,3.835517545071669,0.169742912402969,65,1.660519419654149,-0.6505574988641732,71.77716,"EARLY_WAVE_LONG,SWING_REVERSAL_BUY,DNA_TREND_01,DNA_TREND_02,ENERGY_RECOVER,MOMENTUM_START,TRIPLE_CONFIRMATION,FIVE_CONFIRMATION",SIGNAL_EXIT
2024-03-05 17:00:00,2024-03-05 19:00:00,LONG,65509.079196,62411.70487380827,-107.73373766905715,-4.766269107216983,2,0.10093380156080056,-2.3213716551412786,74.53782,"EARLY_WAVE_LONG,SWING_REVERSAL_BUY,ENERGY_RECOVER,TREND_Q1,TREND_Q2,TREND_Q3,TREND_Q4,MOMENTUM_START",STOP_LOSS
2024-03-07 07:00:00,2024-03-10 23:00:00,LONG,69116.06872922735,68404.906282,62.41675023407252,0.8016317456189528,88,2.897952667531225,-1.0091412055853934,74.53782,"EARLY_WAVE_LONG,PRESSURE_EXHAUSTION,DELTA_EXHAUSTION,SWING_REVERSAL_BUY,TREND_Q1,TREND_Q2,TREND_Q3,TREND_Q4,PYRAMID_LEVEL2",SIGNAL_EXIT
2024-03-12 18:00:00,2024-03-14 14:00:00,LONG,72310.30708818871,71870.44303600001,47.98246360715609,0.8210060244684115,44,2.2524356632677565,-0.5884321410359691,74.53782,"EARLY_WAVE_LONG,SWING_REVERSAL_BUY,EMERGENCY_EXIT_04,ENERGY_RECOVER,STRUCTURE_FAILURE_LONG,TREND_Q1,TREND_Q2,TREND_Q3,PYRAMID_LEVEL2",SIGNAL_EXIT
2024-03-15 03:00:00,2024-03-15 09:00:00,LONG,69049.197078,66006.2736113667,-100.43465592038983,-4.445129133957399,6,0.0,-2.871774273870294,71.77716,"EARLY_WAVE_LONG,SWING_REVERSAL_BUY,DNA_TREND_02,ENERGY_RECOVER,MOMENTUM_START,TRIPLE_CONFIRMATION,FIVE_CONFIRMATION,CASCADE_03",STOP_LOSS
2024-03-15 11:00:00,2024-03-19 07:00:00,LONG,67264.24015799999,64065.54159218259,48.37751455079437,2.16541685291551,92,4.415064877004798,-3.4732424725415245,69.0165,"EARLY_WAVE_LONG,SWING_REVERSAL_BUY,MOMENTUM_START,TRIPLE_CONFIRMATION,CASCADE_03,CASCADE_05,CASCADE_08,CASCADE_10","SIGNAL_EXIT,STOP_LOSS"
2024-03-20 00:00:00,2024-03-20 20:00:00,LONG,61949.797482,65771.313106,107.21460240495423,4.773647725872321,20,6.189951660639723,-0.6461158845859081,75.47904,"STRONG_WAVE,SWING_REVERSAL_BUY,ENERGY_RECOVER,TREND_Q1,TREND_Q2,TREND_Q3,MOMENTUM_START,SUPPORT_MAJOR",SIGNAL_EXIT
2024-03-21 06:00:00,2024-03-21 20:00:00,LONG,67022.91190199999,64647.787689668105,-81.41018548938605,-3.582332159662715,14,0.3888791020914041,-2.818800091470837,69.0165,"EARLY_WAVE_LONG,MOMENTUM_START,SUPPORT_MAJOR,TRIPLE_CONFIRMATION,CASCADE_03,CASCADE_05,CASCADE_08,CASCADE_10",STOP_LOSS
2024-03-22 01:00:00,2024-03-22 13:00:00,LONG,65807.14879800001,63817.064195956285,-68.9756523243896,-3.0629064843839036,12,0.9739537629374873,-2.3906958844687427,69.88799999999999,"SWING_REVERSAL_BUY,TREND_Q1,MOMENTUM_START,SUPPORT_MAJOR,TRIPLE_CONFIRMATION,CASCADE_03,CASCADE_05,CASCADE_08",STOP_LOSS
2024-03-22 22:00:00,2024-03-24 21:00:00,LONG,62986.5948,66148.637626,135.22418069769242,3.0258288316186293,47,5.041176158327584,0.0,94.85311248000001,"EARLY_WAVE_LONG,SWING_REVERSAL_BUY,ENERGY_RECOVER,TREND_Q1,TREND_Q2,MOMENTUM_START,SUPPORT_MAJOR,TRIPLE_CONFIRMATION",SIGNAL_EXIT
2024-03-25 22:00:00,2024-03-27 16:00:00,LONG,69867.550716,68860.215202,2.2879195140844626,0.10088463160532597,42,1.8244224549696293,-1.4220488707821128,74.53782,"EARLY_WAVE_LONG,DNA_TREND_01,DNA_TREND_02,ENERGY_RECOVER,TREND_Q1,MOMENTUM_START,SUPPORT_MAJOR,TRIPLE_CONFIRMATION",SIGNAL_EXIT
2024-04-02 15:00:00,2024-04-04 13:00:00,LONG,65715.450462,66695.6582,17.276529555208437,0.761683728012868,46,1.511896412510369,-1.2560980046500796,80.05913999999999,"EARLY_WAVE_LONG,PRESSURE_EXHAUSTION,DELTA_EXHAUSTION,SWING_REVERSAL_BUY,ENERGY_RECOVER,CONFLUENCE_02,CONFLUENCE_03,MOMENTUM_START",SIGNAL_EXIT
2024-04-05 03:00:00,2024-04-05 12:00:00,LONG,67613.50999800001,66011.85386038828,-54.71442513772524,-2.407892859288099,9,0.3704585104476986,-1.6794128836583055,71.77716,"EARLY_WAVE_LONG,SWING_REVERSAL_BUY,DNA_TREND_01,DNA_TREND_02,ENERGY_RECOVER,MOMENTUM_START,TRIPLE_CONFIRMATION,FIVE_CONFIRMATION",STOP_LOSS
2024-04-09 01:00:00,2024-04-09 07:00:00,LONG,71434.284,70210.17313604472,-39.5880396221485,-1.7529327139468522,6,0.06041356836446023,-0.9359567459232844,74.53782,"EARLY_WAVE_LONG,SWING_REVERSAL_BUY,TREND_Q1,TREND_Q2,TREND_Q3,TREND_Q4,MOMENTUM_START,TRIPLE_CONFIRMATION",STOP_LOSS
2024-04-09 15:00:00,2024-04-10 12:00:00,LONG,69372.19166400001,67725.21743270174,-20.83614357455815,-0.926764989370066,21,0.0,-1.1113266649179327,71.77716,"EARLY_WAVE_LONG,SWING_REVERSAL_BUY,EMERGENCY_EXIT_04,ENERGY_RECOVER,STRUCTURE_FAILURE_LONG,MOMENTUM_START,TRIPLE_CONFIRMATION,FIVE_CONFIRMATION","SIGNAL_EXIT,STOP_LOSS"
2024-04-10 14:00:00,2024-04-12 15:00:00,LONG,68273.421954,69256.16599600001,56.266143349748525,2.5087093487290093,49,4.163506038872949,0.0,71.77716,"EARLY_WAVE_LONG,SWING_REVERSAL_BUY,EMERGENCY_EXIT_04,ENERGY_RECOVER,STRUCTURE_FAILURE_LONG,MOMENTUM_START,TRIPLE_CONFIRMATION,FIVE_CONFIRMATION",SIGNAL_EXIT
2024-04-16 05:00:00,2024-04-16 22:00:00,LONG,62499.4974,63994.308578000004,30.022543788088626,1.330388729686013,17,2.4122155580726354,-1.179685326557527,74.53782,"EARLY_WAVE_LONG,SWING_REVERSAL_BUY,ENERGY_RECOVER,TREND_Q1,TREND_Q2,TREND_Q3,TREND_Q4,MOMENTUM_START","SIGNAL_EXIT,PYRAMID_LEVEL2"
2024-04-20 00:00:00,2024-04-20 16:00:00,LONG,63830.773602,64795.38833,13.777284783861765,0.6085495407641912,16,1.531512690250972,-0.6051369585592745,77.29847999999998,"EARLY_WAVE_LONG,SWING_REVERSAL_BUY,ENERGY_RECOVER,CONFLUENCE_02,CONFLUENCE_03,MOMENTUM_START,TRIPLE_CONFIRMATION,FIVE_CONFIRMATION",SIGNAL_EXIT
2024-04-26 11:00:00,2024-04-27 00:00:00,LONG,64112.830002,63066.44585013214,-37.89454171788522,-1.6714450604886477,13,0.6039040828301004,-0.9508393280736234,69.0165,"EARLY_WAVE_LONG,SWING_REVERSAL_BUY,MOMENTUM_START,TRIPLE_CONFIRMATION,CASCADE_03,CASCADE_05,CASCADE_08,CASCADE_10",STOP_LOSS
2024-04-27 01:00:00,2024-04-28 03:00:00,LONG,63194.636399999996,63937.219998,25.61336277174122,1.1346037430493148,26,1.1952970109976047,-0.9515940501558087,71.77716,"EARLY_WAVE_LONG,SWING_REVERSAL_BUY,ENERGY_RECOVER,TREND_Q1,MOMENTUM_START,TRIPLE_CONFIRMATION,FIVE_CONFIRMATION,CASCADE_03",SIGNAL_EXIT
2024-05-01 01:00:00,2024-05-01 07:00:00,LONG,60252.628116,58588.14496686075,-63.41393029034453,-2.80140212950772,6,0.05205064904325725,-1.199430030850536,71.77716,"EARLY_WAVE_LONG,TREND_Q1,TREND_Q2,TREND_Q3,MOMENTUM_START,SUPPORT_MAJOR,TRIPLE_CONFIRMATION,FIVE_CONFIRMATION",STOP_LOSS
2024-05-01 16:00:00,2024-05-03 03:00:00,LONG,58361.24195487159,59531.841250000005,112.61773193649606,1.1333467600782121,35,3.5442983477277097,-0.8840093276610931,94.85311248000001,"EARLY_WAVE_LONG,SWING_REVERSAL_BUY,TREND_Q1,TREND_Q2,TREND_Q3,TREND_Q4,MOMENTUM_START,SUPPORT_MAJOR,PYRAMID_LEVEL2,PYRAMID_LEVEL3","SIGNAL_EXIT,PYRAMID_LEVEL2"
2024-05-03 13:00:00,2024-05-04 01:00:00,LONG,60653.1282,63071.373202,89.74771236115636,3.9454130788248496,12,4.007809443866408,0.0,77.29847999999998,"EARLY_WAVE_LONG,EMERGENCY_EXIT_04,DNA_TREND_01,DNA_TREND_02,ENERGY_RECOVER,STRUCTURE_FAILURE_SHORT,CONFLUENCE_02,MOMENTUM_START",SIGNAL_EXIT
2024-05-04 07:00:00,2024-05-05 03:00:00,LONG,62979.513384,63129.07166,20.518429240642547,0.8932921575458337,20,2.288675377993939,-0.032523884195655,69.0165,"EARLY_WAVE_LONG,MOMENTUM_START,SUPPORT_MAJOR,TRIPLE_CONFIRMATION,CASCADE_03,CASCADE_05,CASCADE_08,CASCADE_10",SIGNAL_EXIT
2024-05-05 06:00:00,2024-05-06 15:00:00,LONG,64371.094082627074,63259.315606000004,-17.1051412468998,-0.40884372580818,33,2.0821861522285254,-1.7074808161816106,75.47904,"WAVE_ACCELERATION,PRESSURE_EXHAUSTION,DELTA_EXHAUSTION,SWING_REVERSAL_BUY,EMERGENCY_EXIT_04,STRUCTURE_FAILURE_LONG,TREND_Q1,MOMENTUM_START,PYRAMID_LEVEL2",SIGNAL_EXIT
2024-05-07 04:00:00,2024-05-08 00:00:00,LONG,63252.147899999996,62299.607586,-2.662534227112424,-0.11590578516811374,20,1.5491206742087629,-1.4862228891993003,71.77716,"EARLY_WAVE_LONG,ENERGY_RECOVER,TREND_Q1,TREND_Q2,MOMENTUM_START,SUPPORT_MAJOR,TRIPLE_CONFIRMATION,FIVE_CONFIRMATION",SIGNAL_EXIT
2024-05-08 01:00:00,2024-05-08 21:00:00,LONG,62598.527202,61557.686,-11.860069926137928,-0.5164954132217439,20,0.471996405037722,-1.6430373811848,72.68352,"STRONG_WAVE,SWING_REVERSAL_BUY,EMERGENCY_EXIT_04,STRUCTURE_FAILURE_LONG,MOMENTUM_START,SUPPORT_MAJOR,TRIPLE_CONFIRMATION,FIVE_CONFIRMATION",SIGNAL_EXIT
2024-05-12 08:00:00,2024-05-12 20:00:00,LONG,60832.153997999994,61393.828778,20.246597868714325,0.8829495804249632,12,1.2890321161828155,0.0,74.53782,"EARLY_WAVE_LONG,SWING_REVERSAL_BUY,TREND_Q1,TREND_Q2,TREND_Q3,TREND_Q4,MOMENTUM_START,TRIPLE_CONFIRMATION",SIGNAL_EXIT
2024-05-13 03:00:00,2024-05-14 03:00:00,LONG,62188.99352051792,62529.481602,59.45575846742085,1.8270942845845015,24,3.4761609832771683,-0.32346916831815375,71.77716,"EARLY_WAVE_LONG,SWING_REVERSAL_BUY,DNA_TREND_02,ENERGY_RECOVER,MOMENTUM_START,TRIPLE_CONFIRMATION,FIVE_CONFIRMATION,CASCADE_03,PYRAMID_LEVEL3",SIGNAL_EXIT
2024-05-16 15:00:00,2024-05-19 19:00:00,LONG,66821.44352562429,66572.892758,5.041161727845958,0.12017241528448558,76,2.413102191455869,-0.9401198479851732,77.29847999999998,"EARLY_WAVE_LONG,SWING_REVERSAL_BUY,EMERGENCY_EXIT_04,DNA_TREND_01,DNA_TREND_02,ENERGY_RECOVER,STRUCTURE_FAILURE_LONG,CONFLUENCE_02,PYRAMID_LEVEL2",SIGNAL_EXIT
2024-05-26 03:00:00,2024-05-26 18:00:00,LONG,68917.7808,68764.384372,-6.072130364566658,-0.2624898533424523,15,0.6128595481414587,-0.20261940877816798,74.53782,"EARLY_WAVE_LONG,SWING_REVERSAL_BUY,DNA_TREND_02,ENERGY_RECOVER,TREND_Q1,TREND_Q2,TREND_Q3,TREND_Q4",SIGNAL_EXIT
2024-05-26 23:00:00,2024-05-28 03:00:00,LONG,68573.722002,67902.13106407387,-11.666777016864158,-0.50472042382151,28,2.6250988650543263,-0.2632086996746872,80.05913999999999,"EARLY_WAVE_LONG,SWING_REVERSAL_BUY,EMERGENCY_EXIT_04,ENERGY_RECOVER,STRUCTURE_FAILURE_LONG,CONFLUENCE_02,CONFLUENCE_03,MOMENTUM_START","SIGNAL_EXIT,STOP_LOSS"
2024-06-06 17:00:00,2024-06-07 17:00:00,LONG,70963.13979,70030.00930939821,-1.143712983438406,-0.04954602970110627,24,1.0383562680295042,-0.6815507197557102,74.53782,"EARLY_WAVE_LONG,SWING_REVERSAL_BUY,DNA_TREND_02,ENERGY_RECOVER,TREND_Q1,TREND_Q2,TREND_Q3,TREND_Q4","SIGNAL_EXIT,STOP_LOSS"
2024-06-08 12:00:00,2024-06-10 08:00:00,LONG,69379.813188,69290.1392,-3.7102472406574587,-0.16076514347099463,44,0.5335079398340428,-0.2953066296745865,69.0165,"EARLY_WAVE_LONG,SWING_REVERSAL_BUY,MOMENTUM_START,TRIPLE_CONFIRMATION,CASCADE_03,CASCADE_05,CASCADE_08,CASCADE_10",SIGNAL_EXIT
2024-06-13 04:00:00,2024-06-14 16:00:00,LONG,67488.44498999999,66054.53492562416,-31.52636692437712,-1.3667245646219601,36,0.49186940082734476,-1.6246410628700265,69.0165,"EARLY_WAVE_LONG,SWING_REVERSAL_BUY,TREND_Q1,MOMENTUM_START,TRIPLE_CONFIRMATION,CASCADE_03,CASCADE_05,CASCADE_08","SIGNAL_EXIT,STOP_LOSS"
2024-06-17 17:00:00,2024-06-18 01:00:00,LONG,65911.189602,64851.949778826456,-37.84476163507431,-1.6464284890590783,8,1.8059003413342722,-0.2445709187975298,75.47904,"STRONG_WAVE,SWING_REVERSAL_BUY,ENERGY_RECOVER,TREND_Q1,TREND_Q2,TREND_Q3,TREND_Q4,MOMENTUM_START",STOP_LOSS
2024-06-18 14:00:00,2024-06-20 08:00:00,LONG,64856.978802,65845.668232,9.87541337649335,0.4314468168899235,42,1.5447238161656465,-0.6857994470539222,80.05913999999999,"EARLY_WAVE_LONG,DNA_TREND_02,ENERGY_RECOVER,CONFLUENCE_02,CONFLUENCE_03,TREND_Q1,TREND_Q2,TREND_Q3",SIGNAL_EXIT
2024-06-21 00:00:00,2024-06-21 08:00:00,LONG,64882.963998,64064.29639284851,-29.813673339643415,-1.301255786857475,8,0.13102977540086566,-1.0500969068259642,74.53782,"EARLY_WAVE_LONG,TREND_Q1,TREND_Q2,TREND_Q3,TREND_Q4,MOMENTUM_START,SUPPORT_MAJOR,TRIPLE_CONFIRMATION",STOP_LOSS
2024-06-21 09:00:00,2024-06-22 08:00:00,LONG,63652.367928,64507.086002,19.819967227488416,0.8679781930449829,23,1.3630790184921593,-0.058376348295528464,74.53782,"EARLY_WAVE_LONG,DNA_TREND_02,ENERGY_RECOVER,TREND_Q1,TREND_Q2,TREND_Q3,TREND_Q4,MOMENTUM_START",SIGNAL_EXIT
2024-06-22 09:00:00,2024-06-23 01:00:00,LONG,64302.017832000005,64463.544712,1.017404362285389,0.04446327425166847,16,0.2712390277637583,-0.07098973490888752,74.53782,"EARLY_WAVE_LONG,WAVE_ACCELERATION,TREND_Q1,TREND_Q2,TREND_Q3,TREND_Q4,MOMENTUM_START,SUPPORT_MAJOR",SIGNAL_EXIT
2024-06-23 15:00:00,2024-06-23 20:00:00,LONG,64204.8384,63886.94165496912,-12.240374014957057,-0.5349309027976076,5,0.0,-0.43197429806162796,75.47904,"WAVE_ACCELERATION,SWING_REVERSAL_BUY,DNA_TREND_02,ENERGY_RECOVER,TREND_Q1,TREND_Q2,TREND_Q3,TREND_Q4",STOP_LOSS
2024-06-24 16:00:00,2024-06-24 19:00:00,LONG,60856.158798,59476.24927975526,-52.70382035949484,-2.3065866227540615,3,0.0,-1.1307792203648093,74.53782,"EARLY_WAVE_LONG,TREND_Q1,TREND_Q2,TREND_Q3,TREND_Q4,MOMENTUM_START,SUPPORT_MAJOR,TRIPLE_CONFIRMATION",STOP_LOSS
2024-06-25 10:00:00,2024-06-25 22:00:00,LONG,61480.303602,61904.146694,14.74492512305357,0.6491207914422537,12,1.1040713175299204,-0.7023283502229669,74.53782,"EARLY_WAVE_LONG,TREND_Q1,TREND_Q2,TREND_Q3,TREND_Q4,MOMENTUM_START,SUPPORT_MAJOR,TRIPLE_CONFIRMATION",SIGNAL_EXIT
2024-06-26 00:00:00,2024-06-27 06:00:00,LONG,61818.371202,60618.32431698846,-20.483070334344713,-0.900362012440543,30,0.43941435647403737,-1.638463101349446,71.77716,"EARLY_WAVE_LONG,EMERGENCY_EXIT_04,STRUCTURE_FAILURE_SHORT,MOMENTUM_START,SUPPORT_MAJOR,TRIPLE_CONFIRMATION,FIVE_CONFIRMATION,MASTER_EXIT_ALL","SIGNAL_EXIT,STOP_LOSS"
2024-06-27 07:00:00,2024-06-27 19:00:00,LONG,61105.58237288223,61870.013522,76.9225644101661,1.2105001130587916,12,2.0341847142079303,0.0,100.0,"EARLY_WAVE_LONG,SWING_REVERSAL_BUY,ENERGY_RECOVER,CONFLUENCE_02,CONFLUENCE_03,TREND_Q1,TREND_Q2,TREND_Q3,PYRAMID_LEVEL2",SIGNAL_EXIT
2024-06-28 08:00:00,2024-06-28 19:00:00,LONG,61362.280002,60538.41455891209,-31.625335790522964,-1.3820881637446223,11,0.5340740239595384,-0.8729304093370447,75.47904,"WAVE_ACCELERATION,STRONG_WAVE,SWING_REVERSAL_BUY,DNA_TREND_01,DNA_TREND_02,ENERGY_RECOVER,MOMENTUM_START,SUPPORT_MAJOR",STOP_LOSS
2024-06-29 07:00:00,2024-06-30 08:00:00,LONG,60859.91955,61515.704398,8.923302074844337,0.39135686925501806,25,1.097751122479102,-0.13534285061340637,74.53782,"EARLY_WAVE_LONG,TREND_Q1,TREND_Q2,TREND_Q3,TREND_Q4,MOMENTUM_START,SUPPORT_MAJOR,TRIPLE_CONFIRMATION",SIGNAL_EXIT
2024-07-02 07:00:00,2024-07-02 14:00:00,LONG,62878.583202,62153.97761079561,-27.200934244602337,-1.191927591372428,7,0.0,-0.40023675659409363,69.0165,"EARLY_WAVE_LONG,SWING_REVERSAL_BUY,TREND_Q1,MOMENTUM_START,TRIPLE_CONFIRMATION,CASCADE_03,CASCADE_05,CASCADE_08",STOP_LOSS
2024-07-04 10:00:00,2024-07-05 02:00:00,LONG,57759.559602,56211.38266008042,-61.86614554302922,-2.7193100255723386,16,1.2715650933989626,-1.2284539682941593,74.53782,"EARLY_WAVE_LONG,SWING_REVERSAL_BUY,ENERGY_RECOVER,TREND_Q1,TREND_Q2,TREND_Q3,MOMENTUM_START,TRIPLE_CONFIRMATION",STOP_LOSS
2024-07-06 00:00:00,2024-07-06 15:00:00,LONG,56640.115758,57047.48822,9.29175434914253,0.41125353904719336,15,0.7393951025618305,-1.0251140030871015,74.53782,"EARLY_WAVE_LONG,WAVE_ACCELERATION,TREND_Q1,TREND_Q2,TREND_Q3,TREND_Q4,MOMENTUM_START,SUPPORT_MAJOR",SIGNAL_EXIT
2024-07-07 13:00:00,2024-07-07 21:00:00,LONG,57352.568219999994,56346.52952948674,-40.557860218642325,-1.7934284971851773,8,0.0,-1.0131337410577632,69.0165,"EARLY_WAVE_LONG,MOMENTUM_START,SUPPORT_MAJOR,TRIPLE_CONFIRMATION,CASCADE_03,CASCADE_05,CASCADE_08,CASCADE_10",STOP_LOSS
2024-07-07 22:00:00,2024-07-08 00:00:00,LONG,56607.3192,55551.04320319521,-85.77720383533818,-1.9052243231579644,2,0.0,-1.3240499825683327,94.85311248000001,"EARLY_WAVE_LONG,SWING_REVERSAL_BUY,DNA_TREND_02,ENERGY_RECOVER,TREND_Q1,TREND_Q2,TREND_Q3,TREND_Q4",STOP_LOSS
2024-07-09 14:00:00,2024-07-10 05:00:00,LONG,57336.735054,59335.560514000004,76.79011148003295,3.444722190641406,15,3.50683544172216,-0.482648783087085,69.0165,"EARLY_WAVE_LONG,PRESSURE_EXHAUSTION,MOMENTUM_START,SUPPORT_MAJOR,TRIPLE_CONFIRMATION,CASCADE_03,CASCADE_05,CASCADE_08",SIGNAL_EXIT
2024-07-10 06:00:00,2024-07-10 13:00:00,LONG,58986.805002,57587.01657077228,-54.22857069167044,-2.412104262652962,7,0.4266462609586454,-1.4178849014989723,71.77716,"EARLY_WAVE_LONG,EMERGENCY_EXIT_04,STRUCTURE_FAILURE_SHORT,MOMENTUM_START,SUPPORT_MAJOR,TRIPLE_CONFIRMATION,FIVE_CONFIRMATION,MASTER_EXIT_ALL",STOP_LOSS
2024-07-10 21:00:00,2024-07-11 11:00:00,LONG,57420.711846,58450.597542,39.16599021611723,1.7528613363112102,14,1.8139415561295593,0.0,69.88799999999999,"STRONG_WAVE,SWING_REVERSAL_BUY,MOMENTUM_START,SUPPORT_MAJOR,TRIPLE_CONFIRMATION,CASCADE_03,CASCADE_05,CASCADE_08",SIGNAL_EXIT
2024-07-12 01:00:00,2024-07-13 10:00:00,LONG,57189.4356,58666.284395999995,85.36566365176249,1.9021113227737465,33,2.6029010155155294,-0.4816022349414391,87.826956,"EARLY_WAVE_LONG,SWING_REVERSAL_BUY,MOMENTUM_START,SUPPORT_MAJOR,TRIPLE_CONFIRMATION,CASCADE_03,CASCADE_05,CASCADE_08",SIGNAL_EXIT
2024-07-18 00:00:00,2024-07-18 16:00:00,LONG,64100.807598,63525.41237600001,11.268793055418424,0.4975483533264466,16,1.4027941857444843,-0.8778167063491928,69.0165,"EARLY_WAVE_LONG,SWING_REVERSAL_BUY,MOMENTUM_START,TRIPLE_CONFIRMATION,CASCADE_03,CASCADE_05,CASCADE_08,CASCADE_10",SIGNAL_EXIT
2024-07-21 18:00:00,2024-07-23 06:00:00,LONG,67339.80187361184,66414.72439799999,-17.965718098806196,-0.4402027741023171,36,2.2991593135551533,-1.3540311201437365,74.53782,"EARLY_WAVE_LONG,SWING_REVERSAL_BUY,DNA_TREND_01,DNA_TREND_02,ENERGY_RECOVER,TREND_Q1,TREND_Q2,TREND_Q3,PYRAMID_LEVEL2",SIGNAL_EXIT
2024-07-23 14:00:00,2024-07-24 23:00:00,LONG,66105.2184,65274.952398,-11.623812474714004,-0.5137471644649979,33,1.6981739523305242,-1.2362237350992489,71.77716,"EARLY_WAVE_LONG,SWING_REVERSAL_BUY,EMERGENCY_EXIT_04,ENERGY_RECOVER,STRUCTURE_FAILURE_LONG,MOMENTUM_START,TRIPLE_CONFIRMATION,FIVE_CONFIRMATION",SIGNAL_EXIT
2024-07-30 01:00:00,2024-07-30 15:00:00,LONG,66623.332002,65796.847998,-14.381314658865573,-0.6365039035671,14,0.49332266658494056,-1.2207915418814235,69.0165,"EARLY_WAVE_LONG,SWING_REVERSAL_BUY,ENERGY_RECOVER,MOMENTUM_START,TRIPLE_CONFIRMATION,CASCADE_03,CASCADE_05,CASCADE_08",SIGNAL_EXIT
2024-08-02 16:00:00,2024-08-02 21:00:00,LONG,63428.6832,61563.144055226585,-67.21655884547032,-2.9799836714811465,5,0.0,-1.2717798309897712,71.77716,"EARLY_WAVE_LONG,SWING_REVERSAL_BUY,ENERGY_RECOVER,TREND_Q1,TREND_Q2,MOMENTUM_START,TRIPLE_CONFIRMATION,FIVE_CONFIRMATION",STOP_LOSS
2024-08-05 06:00:00,2024-08-05 06:00:00,LONG,52728.533597999995,49470.942167984496,-139.14004018366396,-6.215571690025159,0,0.0,0.0,74.53782,"EARLY_WAVE_LONG,ENERGY_RECOVER,TREND_Q1,TREND_Q2,TREND_Q3,TREND_Q4,MOMENTUM_START,SUPPORT_MAJOR",STOP_LOSS
2024-08-05 07:00:00,2024-08-06 01:00:00,LONG,53574.33872584789,56026.782402,499.6437874947919,4.5358151327379685,18,4.5985845700480334,-4.362046492587001,74.53782,"EARLY_WAVE_LONG,ENERGY_RECOVER,TREND_Q1,TREND_Q2,TREND_Q3,TREND_Q4,MOMENTUM_START,SUPPORT_MAJOR,PYRAMID_LEVEL2,PYRAMID_LEVEL3","PYRAMID_LEVEL2, PYRAMID_LEVEL3"
2024-08-06 02:00:00,2024-08-06 16:00:00,LONG,55735.134798,56394.708802,1.519007068069401,0.06526703941963871,14,1.2036486579450631,-1.7280388779728186,74.53782,"EARLY_WAVE_LONG,EMERGENCY_EXIT_04,STRUCTURE_FAILURE_SHORT,TREND_Q1,TREND_Q2,TREND_Q3,TREND_Q4,MOMENTUM_START",SIGNAL_EXIT
2024-08-07 02:00:00,2024-08-07 18:00:00,LONG,56977.383197999996,54780.856608953574,-90.62297029307283,-3.893543029136294,16,0.6539907259431422,-2.469037921786096,69.0165,"EARLY_WAVE_LONG,MOMENTUM_START,SUPPORT_MAJOR,TRIPLE_CONFIRMATION,CASCADE_03,CASCADE_05,CASCADE_08,CASCADE_10",STOP_LOSS
2024-08-07 23:00:00,2024-08-08 13:00:00,LONG,56407.762643475566,57913.045074,125.36265831872093,2.0923333403413222,14,2.8446361954003843,-0.29097863228887216,81.07007999999999,"STRONG_WAVE,SWING_REVERSAL_BUY,ENERGY_RECOVER,CONFLUENCE_02,CONFLUENCE_03,TREND_Q1,TREND_Q2,TREND_Q3,PYRAMID_LEVEL2","SIGNAL_EXIT,PYRAMID_LEVEL2"
2024-08-08 14:00:00,2024-08-09 02:00:00,LONG,58437.240972981854,61387.72,303.9942796299346,5.006950859249041,12,6.664857823829958,0.0,71.77716,"EARLY_WAVE_LONG,WAVE_ACCELERATION,ENERGY_RECOVER,MOMENTUM_START,SUPPORT_MAJOR,TRIPLE_CONFIRMATION,FIVE_CONFIRMATION,CASCADE_03,PYRAMID_LEVEL2",SIGNAL_EXIT
2024-08-10 14:00:00,2024-08-11 15:00:00,LONG,60443.656314,60337.93,17.04299994747167,0.7069543466738103,25,1.351281070352488,-0.15494812807726707,66.25583999999999,"EARLY_WAVE_LONG,SWING_REVERSAL_BUY,MOMENTUM_START,TRIPLE_CONFIRMATION,CASCADE_03,CASCADE_05,CASCADE_08",SIGNAL_EXIT
2024-08-15 12:00:00,2024-08-15 18:00:00,LONG,58757.109072,57517.48960654885,-51.89107573725479,-2.1488913958421048,6,1.5755215711270303,0.0,69.0165,"EARLY_WAVE_LONG,WAVE_ACCELERATION,SWING_REVERSAL_BUY,MOMENTUM_START,TRIPLE_CONFIRMATION,CASCADE_03,CASCADE_05,CASCADE_08",STOP_LOSS
2024-08-15 19:00:00,2024-08-15 20:00:00,LONG,57884.394564,56266.97199784651,-68.03913234487565,-2.833111354631933,1,0.0,-1.4458725366379093,71.77716,"EARLY_WAVE_LONG,SWING_REVERSAL_BUY,DNA_TREND_01,DNA_TREND_02,ENERGY_RECOVER,MOMENTUM_START,TRIPLE_CONFIRMATION,FIVE_CONFIRMATION",STOP_LOSS
2024-08-19 14:00:00,2024-08-20 02:00:00,LONG,58211.64,60433.950792,90.03458922540413,3.7761128387435976,12,3.901522101078065,0.0,74.53782,"EARLY_WAVE_LONG,SWING_REVERSAL_BUY,ENERGY_RECOVER,CONFLUENCE_02,MOMENTUM_START,TRIPLE_CONFIRMATION,FIVE_CONFIRMATION,CASCADE_03",SIGNAL_EXIT
2024-08-24 23:00:00,2024-08-26 07:00:00,LONG,63846.746796,63715.684314,4.328273673285951,0.17985092801915964,32,0.9949813199249831,-0.1852980800697727,74.53782,"EARLY_WAVE_LONG,SWING_REVERSAL_BUY,EMERGENCY_EXIT_04,STRUCTURE_FAILURE_LONG,TREND_Q1,TREND_Q2,TREND_Q3,TREND_Q4",SIGNAL_EXIT
2024-08-26 22:00:00,2024-08-27 11:00:00,LONG,63168.451164,62319.593587999996,-33.301086760640715,-1.3832623680556166,13,0.0,-1.3240805316383384,69.0165,"EARLY_WAVE_LONG,SWING_REVERSAL_BUY,ENERGY_RECOVER,MOMENTUM_START,TRIPLE_CONFIRMATION,CASCADE_03,CASCADE_05,CASCADE_08",SIGNAL_EXIT
2024-08-30 06:00:00,2024-09-01 14:00:00,LONG,58795.746798,57632.970820727285,14.927034686040894,0.6222540623454191,56,1.4580190722726907,-1.4707642050554164,74.53782,"EARLY_WAVE_LONG,SWING_REVERSAL_BUY,TREND_Q1,TREND_Q2,TREND_Q3,TREND_Q4,MOMENTUM_START,TRIPLE_CONFIRMATION","SIGNAL_EXIT,STOP_LOSS"
2024-09-01 15:00:00,2024-09-02 21:00:00,LONG,57891.565998,58980.211598,31.795318726536337,1.3235052450722704,30,1.9008537479155752,-1.0186388774150115,74.53782,"EARLY_WAVE_LONG,SWING_REVERSAL_BUY,ENERGY_RECOVER,TREND_Q1,TREND_Q2,TREND_Q3,TREND_Q4,MOMENTUM_START",SIGNAL_EXIT
2024-09-04 00:00:00,2024-09-04 01:00:00,LONG,57499.237548,56432.78324885642,-45.6462977720151,-1.8939858316103813,1,0.0,-0.6247344544353793,71.77716,"EARLY_WAVE_LONG,SWING_REVERSAL_BUY,TREND_Q1,TREND_Q2,TREND_Q3,MOMENTUM_START,TRIPLE_CONFIRMATION,FIVE_CONFIRMATION",STOP_LOSS
2024-09-05 13:00:00,2024-09-06 07:00:00,LONG,56673.342402,55622.42342323263,-33.817976778698466,-1.410014826935167,18,0.6268866153683267,-1.2304416370109683,74.53782,"EARLY_WAVE_LONG,SWING_REVERSAL_BUY,ENERGY_RECOVER,TREND_Q1,TREND_Q2,TREND_Q3,TREND_Q4,MOMENTUM_START","SIGNAL_EXIT,STOP_LOSS"
2024-09-06 08:00:00,2024-09-06 14:00:00,LONG,55815.440856,54690.943318472346,-49.081596874668875,-2.053865198006068,6,1.8965166766862613,-0.05810373527939772,75.47904,"WAVE_ACCELERATION,SWING_REVERSAL_BUY,ENERGY_RECOVER,TREND_Q1,TREND_Q2,TREND_Q3,TREND_Q4,MOMENTUM_START",STOP_LOSS
2024-09-06 15:00:00,2024-09-06 20:00:00,LONG,54744.9468,53114.11069935506,-71.73892856393266,-3.0177794326118215,5,0.0,-2.54320605166795,74.53782,"EARLY_WAVE_LONG,DNA_TREND_01,DNA_TREND_02,ENERGY_RECOVER,TREND_Q1,TREND_Q2,TREND_Q3,MOMENTUM_START",STOP_LOSS
2024-09-08 16:00:00,2024-09-09 04:00:00,LONG,54217.20396876311,55103.977,67.72235169355153,1.5949392022043352,12,2.1830022587579037,0.0,75.47904,"WAVE_ACCELERATION,STRONG_WAVE,SWING_REVERSAL_BUY,DNA_TREND_01,DNA_TREND_02,ENERGY_RECOVER,TREND_Q1,TREND_Q2,PYRAMID_LEVEL2",SIGNAL_EXIT
2024-09-09 09:00:00,2024-09-09 21:00:00,LONG,55776.06992603425,56996.57840400001,91.81629169861824,2.1473543191416353,12,2.3548989301461503,-0.7511328086999985,80.05913999999999,"EARLY_WAVE_LONG,DNA_TREND_01,DNA_TREND_02,ENERGY_RECOVER,CONFLUENCE_02,CONFLUENCE_03,MOMENTUM_START,SUPPORT_MAJOR,PYRAMID_LEVEL2",SIGNAL_EXIT
2024-09-13 12:00:00,2024-09-16 00:00:00,LONG,59463.98517627894,59120.1736,56.109792114554935,0.7800195712147404,60,3.253272150575093,-0.5582962112189113,74.53782,"EARLY_WAVE_LONG,SWING_REVERSAL_BUY,DNA_TREND_01,DNA_TREND_02,ENERGY_RECOVER,TREND_Q1,TREND_Q2,TREND_Q3,PYRAMID_LEVEL3,PYRAMID_LEVEL2",SIGNAL_EXIT
2024-09-17 01:00:00,2024-09-22 10:00:00,LONG,62840.783896544,62690.389414000005,114.46888545888136,1.202765361848252,129,5.0012921218138215,-0.2193541964258993,71.77716,"EARLY_WAVE_LONG,SWING_REVERSAL_BUY,DNA_TREND_01,DNA_TREND_02,ENERGY_RECOVER,MOMENTUM_START,TRIPLE_CONFIRMATION,FIVE_CONFIRMATION,PYRAMID_LEVEL3,PYRAMID_LEVEL2",SIGNAL_EXIT
2024-09-22 12:00:00,2024-09-24 01:00:00,LONG,63484.872556080234,62893.428798,0.8022052429589682,0.018272893950633043,37,2.4801410767795495,-0.9118275468992696,80.05913999999999,"EARLY_WAVE_LONG,SWING_REVERSAL_BUY,EMERGENCY_EXIT_04,ENERGY_RECOVER,STRUCTURE_FAILURE_LONG,CONFLUENCE_02,CONFLUENCE_03,MOMENTUM_START,PYRAMID_LEVEL2",SIGNAL_EXIT
2024-09-26 00:00:00,2024-09-30 02:00:00,LONG,65197.57829320883,64757.036002,77.36448225412249,0.7507856689694798,98,2.4927216074502203,-0.6558346251541279,63.49517999999999,"EARLY_WAVE_LONG,SWING_REVERSAL_BUY,MOMENTUM_START,TRIPLE_CONFIRMATION,CASCADE_03,CASCADE_05,PYRAMID_LEVEL2",SIGNAL_EXIT
2024-09-30 19:00:00,2024-10-01 15:00:00,LONG,63343.226112,62383.5098327515,-38.19638414938255,-1.5544987895636355,20,1.1093433838648146,-1.176489038752666,69.0165,"EARLY_WAVE_LONG,SWING_REVERSAL_BUY,ENERGY_RECOVER,MOMENTUM_START,TRIPLE_CONFIRMATION,CASCADE_03,CASCADE_05,CASCADE_08",STOP_LOSS
2024-10-13 02:00:00,2024-10-13 14:00:00,LONG,62891.835852000004,62233.502840093795,-18.535648538224883,-0.7573743390828,12,0.0,-0.5255147151019153,74.53782,"EARLY_WAVE_LONG,SWING_REVERSAL_BUY,EMERGENCY_EXIT_04,DNA_TREND_01,DNA_TREND_02,ENERGY_RECOVER,STRUCTURE_FAILURE_LONG,TREND_Q1","SIGNAL_EXIT,STOP_LOSS"
2024-10-13 17:00:00,2024-10-19 12:00:00,LONG,67552.74312397755,68076.68194000001,76.62272002235757,0.5641644000112473,139,4.20414857709986,-1.1837555463841691,80.05913999999999,"EARLY_WAVE_LONG,PRESSURE_EXHAUSTION,DELTA_EXHAUSTION,SWING_REVERSAL_BUY,EMERGENCY_EXIT_04,DNA_TREND_01,DNA_TREND_02,ENERGY_RECOVER,PYRAMID_LEVEL3,PYRAMID_LEVEL2",SIGNAL_EXIT
2024-10-25 19:00:00,2024-10-25 23:00:00,LONG,67040.02532399999,65584.09538057091,-54.39413952737337,-2.2108636958564736,4,0.38465778429186975,-0.6169528158753851,71.77716,"EARLY_WAVE_LONG,SWING_REVERSAL_BUY,EMERGENCY_EXIT_04,ENERGY_RECOVER,STRUCTURE_FAILURE_LONG,MOMENTUM_START,TRIPLE_CONFIRMATION,FIVE_CONFIRMATION",STOP_LOSS
2024-11-03 15:00:00,2024-11-05 15:00:00,LONG,67790.545398,69950.017198,27.605772177191408,1.128393310771196,48,3.2061323437355327,-0.9883021209912866,69.0165,"EARLY_WAVE_LONG,SWING_REVERSAL_BUY,ENERGY_RECOVER,MOMENTUM_START,TRIPLE_CONFIRMATION,CASCADE_03,CASCADE_05,CASCADE_08",SIGNAL_EXIT
2024-11-07 14:00:00,2024-11-09 17:00:00,LONG,76365.74492576561,76071.97256200001,27.044874854352233,0.4208886098971741,51,2.1026490751562403,-0.36477733051174827,74.53782,"EARLY_WAVE_LONG,SWING_REVERSAL_BUY,TREND_Q1,TREND_Q2,TREND_Q3,TREND_Q4,MOMENTUM_START,TRIPLE_CONFIRMATION,PYRAMID_LEVEL2",SIGNAL_EXIT
2024-11-14 15:00:00,2024-11-15 03:00:00,LONG,88737.77400599999,88346.397186,-11.825837515504205,-0.48087230455604857,12,0.8183842812542377,-1.5914124754859316,74.53782,"EARLY_WAVE_LONG,SWING_REVERSAL_BUY,EMERGENCY_EXIT_04,DNA_TREND_02,ENERGY_RECOVER,STRUCTURE_FAILURE_LONG,TREND_Q1,TREND_Q2",SIGNAL_EXIT
2024-11-16 23:00:00,2024-11-17 22:00:00,LONG,90346.455678,89120.142406,-16.525165111630592,-0.6728365313757589,23,1.0501621949415805,-1.337601645721532,74.53782,"EARLY_WAVE_LONG,SWING_REVERSAL_BUY,TREND_Q1,TREND_Q2,TREND_Q3,TREND_Q4,MOMENTUM_START,TRIPLE_CONFIRMATION",SIGNAL_EXIT
2024-11-23 10:00:00,2024-11-23 20:00:00,LONG,98468.749812,97250.25600166211,-31.30650098524177,-1.2769471686593021,10,0.2799062530256803,-0.9797522704837106,74.53782,"EARLY_WAVE_LONG,SWING_REVERSAL_BUY,TREND_Q1,TREND_Q2,TREND_Q3,TREND_Q4,MOMENTUM_START,TRIPLE_CONFIRMATION",STOP_LOSS
2024-11-26 11:00:00,2024-11-27 15:00:00,LONG,92346.455598,94814.453316,10.684911244919151,0.43726179565785517,28,2.693069686210961,-1.4190534866921158,74.53782,"EARLY_WAVE_LONG,SWING_REVERSAL_BUY,EMERGENCY_EXIT_04,DNA_TREND_01,DNA_TREND_02,ENERGY_RECOVER,STRUCTURE_FAILURE_LONG,MOMENTUM_START",SIGNAL_EXIT
2024-11-30 11:00:00,2024-12-01 03:00:00,LONG,96156.70749599999,95757.064756,-11.140406600022088,-0.4554498352812249,16,0.8974646974428732,-0.3956952207580682,74.53782,"EARLY_WAVE_LONG,SWING_REVERSAL_BUY,EMERGENCY_EXIT_04,DNA_TREND_01,DNA_TREND_02,ENERGY_RECOVER,STRUCTURE_FAILURE_LONG,TREND_Q1",SIGNAL_EXIT
2024-12-12 11:00:00,2024-12-13 00:00:00,LONG,100599.555888,99984.289142,-15.91256282504149,-0.6513552230651259,13,1.190446718605097,-1.111571396244488,71.77716,"EARLY_WAVE_LONG,PRESSURE_EXHAUSTION,DELTA_EXHAUSTION,SWING_REVERSAL_BUY,TREND_Q1,MOMENTUM_START,TRIPLE_CONFIRMATION,FIVE_CONFIRMATION",SIGNAL_EXIT
2024-12-13 02:00:00,2024-12-14 21:00:00,LONG,101033.7705529775,100739.848,31.069599546472432,0.7015638849240148,43,2.8199797843241075,-0.27096935161292907,71.77716,"EARLY_WAVE_LONG,SWING_REVERSAL_BUY,DNA_TREND_01,DNA_TREND_02,ENERGY_RECOVER,MOMENTUM_START,TRIPLE_CONFIRMATION,FIVE_CONFIRMATION,PYRAMID_LEVEL2",SIGNAL_EXIT
2024-12-17 23:00:00,2024-12-18 04:00:00,LONG,105993.1944,103852.6166690489,-50.35867606500753,-2.0587347989379103,5,0.1325987020162987,-1.159710684217285,74.53782,"EARLY_WAVE_LONG,SWING_REVERSAL_BUY,TREND_Q1,TREND_Q2,TREND_Q3,TREND_Q4,MOMENTUM_START,TRIPLE_CONFIRMATION",STOP_LOSS
2024-12-20 02:00:00,2024-12-20 11:00:00,LONG,96339.253998,92867.61269739497,-88.62232101312622,-3.6421169980793375,9,1.550018232475621,-2.0549505168901354,69.0165,"EARLY_WAVE_LONG,SWING_REVERSAL_BUY,MOMENTUM_START,TRIPLE_CONFIRMATION,CASCADE_03,CASCADE_05,CASCADE_08,CASCADE_10",STOP_LOSS
2024-12-22 03:00:00,2024-12-22 19:00:00,LONG,96739.333998,94842.828468417,-48.2087280781043,-1.9996443856129453,16,0.37414564173811643,-1.4222694545617245,74.53782,"EARLY_WAVE_LONG,SWING_REVERSAL_BUY,TREND_Q1,TREND_Q2,TREND_Q3,TREND_Q4,MOMENTUM_START,TRIPLE_CONFIRMATION",STOP_LOSS
2024-12-27 08:00:00,2024-12-28 17:00:00,LONG,95123.78095199999,94855.915022,-17.734993960852808,-0.7393980837826369,33,1.9223363807655416,-1.00696265688107,74.53782,"EARLY_WAVE_LONG,SWING_REVERSAL_BUY,DNA_TREND_01,DNA_TREND_02,ENERGY_RECOVER,TREND_Q1,MOMENTUM_START,TRIPLE_CONFIRMATION",SIGNAL_EXIT
2024-12-29 13:00:00,2024-12-29 14:00:00,LONG,94926.861576,94162.4679394616,-20.226589848359847,-0.8449227230292905,1,0.001409952860318501,0.0,74.53782,"EARLY_WAVE_LONG,SWING_REVERSAL_BUY,TREND_Q1,TREND_Q2,TREND_Q3,TREND_Q4,MOMENTUM_START,TRIPLE_CONFIRMATION",STOP_LOSS
2025-01-04 09:00:00,2025-01-05 09:00:00,LONG,97925.661216,97841.467792,0.9765803931129875,0.04088501671905366,24,0.6876224021758164,-0.27339229847982693,74.53782,"EARLY_WAVE_LONG,SWING_REVERSAL_BUY,TREND_Q1,TREND_Q2,TREND_Q3,TREND_Q4,MOMENTUM_START,TRIPLE_CONFIRMATION",SIGNAL_EXIT
2025-01-07 10:00:00,2025-01-07 11:00:00,LONG,101743.52463599999,100525.90032132868,-29.529872111192965,-1.2362798313700059,1,0.0,-0.3309740223810154,74.53782,"EARLY_WAVE_LONG,SWING_REVERSAL_BUY,TREND_Q1,TREND_Q2,TREND_Q3,TREND_Q4,MOMENTUM_START,TRIPLE_CONFIRMATION",STOP_LOSS
2025-01-08 05:00:00,2025-01-08 11:00:00,LONG,96294.05496,94583.63137857622,-43.227754089019626,-1.8155399465745035,6,0.20557348019275973,-1.0486057113488874,69.0165,"EARLY_WAVE_LONG,SWING_REVERSAL_BUY,MOMENTUM_START,TRIPLE_CONFIRMATION,CASCADE_03,CASCADE_05,CASCADE_08,CASCADE_10",STOP_LOSS
2025-01-19 22:00:00,2025-01-19 23:00:00,LONG,103705.16688599999,100907.03406383505,-64.86723483727663,-2.7370821734569444,1,0.0,-0.2807641072696627,74.53782,"EARLY_WAVE_LONG,SWING_REVERSAL_BUY,DNA_TREND_01,DNA_TREND_02,ENERGY_RECOVER,TREND_Q1,TREND_Q2,TREND_Q3",STOP_LOSS
2025-01-21 01:00:00,2025-01-23 01:00:00,LONG,104480.92705405045,103286.84849799999,108.56633413567813,2.5111868123281633,48,5.753846698239191,-1.1230921156006015,69.0165,"EARLY_WAVE_LONG,SWING_REVERSAL_BUY,MOMENTUM_START,TRIPLE_CONFIRMATION,CASCADE_03,CASCADE_05,CASCADE_08,CASCADE_10,PYRAMID_LEVEL2",SIGNAL_EXIT
2025-01-23 02:00:00,2025-01-25 01:00:00,LONG,102952.526388,104398.69608400001,32.8794821635587,1.3813729139364526,47,3.4053886145417165,-1.279178310823364,71.77716,"EARLY_WAVE_LONG,SWING_REVERSAL_BUY,EMERGENCY_EXIT_04,ENERGY_RECOVER,STRUCTURE_FAILURE_LONG,MOMENTUM_START,TRIPLE_CONFIRMATION,FIVE_CONFIRMATION",SIGNAL_EXIT
2025-01-26 22:00:00,2025-01-26 23:00:00,LONG,104578.101438,103764.13516427384,-19.535880191024948,-0.8180220486207973,1,0.0,-0.23702996573040225,74.53782,"EARLY_WAVE_LONG,SWING_REVERSAL_BUY,DNA_TREND_01,DNA_TREND_02,ENERGY_RECOVER,TREND_Q1,TREND_Q2,TREND_Q3",STOP_LOSS
2025-02-01 21:00:00,2025-02-02 03:00:00,LONG,101353.606668,100088.19813135042,-30.69406192486374,-1.2880092369858154,6,0.0,-0.8894075875886911,69.0165,"EARLY_WAVE_LONG,SWING_REVERSAL_BUY,ENERGY_RECOVER,MOMENTUM_START,TRIPLE_CONFIRMATION,CASCADE_03,CASCADE_05,CASCADE_08",STOP_LOSS
2025-02-02 12:00:00,2025-02-02 17:00:00,LONG,98884.37292000001,97154.21823746248,-42.49083922341795,-1.7889746555440977,5,0.4677150355943081,-0.7143423163248279,71.77716,"EARLY_WAVE_LONG,SWING_REVERSAL_BUY,ENERGY_RECOVER,TREND_Q1,TREND_Q2,MOMENTUM_START,TRIPLE_CONFIRMATION,FIVE_CONFIRMATION",STOP_LOSS
2025-02-08 16:00:00,2025-02-09 04:00:00,LONG,95862.908748,97280.53000200001,34.00343601398111,1.4382090633443005,12,1.499110835221741,0.0,74.53782,"EARLY_WAVE_LONG,SWING_REVERSAL_BUY,TREND_Q1,TREND_Q2,TREND_Q3,TREND_Q4,MOMENTUM_START,TRIPLE_CONFIRMATION",SIGNAL_EXIT
2025-02-09 23:00:00,2025-02-10 11:00:00,LONG,95849.356038,97708.74434199999,45.05791988535661,1.899130971251933,12,1.960298993824311,-0.28519340066471033,80.05913999999999,"EARLY_WAVE_LONG,WAVE_ACCELERATION,SWING_REVERSAL_BUY,ENERGY_RECOVER,CONFLUENCE_02,CONFLUENCE_03,TREND_Q1,TREND_Q2",SIGNAL_EXIT
2025-02-12 14:00:00,2025-02-13 02:00:00,LONG,95803.88496371881,97966.58276399999,73.96344433922023,2.216518847831443,12,3.0271531619374747,0.0,71.77716,"EARLY_WAVE_LONG,SWING_REVERSAL_BUY,ENERGY_RECOVER,TREND_Q1,TREND_Q2,MOMENTUM_START,TRIPLE_CONFIRMATION,FIVE_CONFIRMATION,PYRAMID_LEVEL3",SIGNAL_EXIT
2025-02-17 16:00:00,2025-02-18 17:00:00,LONG,95678.58189,94516.47487689178,-17.558708937224967,-0.7310831329633204,25,0.7637530736399593,-1.085511375151931,71.77716,"EARLY_WAVE_LONG,SWING_REVERSAL_BUY,DNA_TREND_01,DNA_TREND_02,ENERGY_RECOVER,MOMENTUM_START,TRIPLE_CONFIRMATION,FIVE_CONFIRMATION","SIGNAL_EXIT,STOP_LOSS"
2025-02-21 17:00:00,2025-02-21 18:00:00,LONG,98235.45316199999,96524.43781208365,-42.69377612335555,-1.7810526329591732,1,0.0,-1.2862496393397527,71.77716,"EARLY_WAVE_LONG,WAVE_ACCELERATION,SWING_REVERSAL_BUY,ENERGY_RECOVER,TREND_Q1,MOMENTUM_START,TRIPLE_CONFIRMATION,FIVE_CONFIRMATION",STOP_LOSS
2025-02-24 05:00:00,2025-02-24 15:00:00,LONG,95317.0596,94384.48205728846,-24.291567357058447,-1.018003849055416,10,0.5822256816659197,-0.6741915903582814,80.05913999999999,"EARLY_WAVE_LONG,SWING_REVERSAL_BUY,ENERGY_RECOVER,CONFLUENCE_02,CONFLUENCE_03,TREND_Q1,MOMENTUM_START,TRIPLE_CONFIRMATION",STOP_LOSS
2025-02-25 07:00:00,2025-02-25 07:00:00,LONG,91294.2552,88899.61608815585,-63.35111500068771,-2.661940724479908,0,0.0,0.0,71.77716,"EARLY_WAVE_LONG,SWING_REVERSAL_BUY,TREND_Q1,TREND_Q2,MOMENTUM_START,TRIPLE_CONFIRMATION,FIVE_CONFIRMATION,CASCADE_03",STOP_LOSS
2025-03-01 01:00:00,2025-03-02 16:00:00,LONG,84895.54271102192,87410.5144,23.415337375507605,0.5503448186775333,39,2.9830156073073817,-0.4279408546318705,69.0165,"EARLY_WAVE_LONG,WAVE_ACCELERATION,MOMENTUM_START,SUPPORT_MAJOR,TRIPLE_CONFIRMATION,CASCADE_03,CASCADE_05,CASCADE_08,PYRAMID_LEVEL2","SIGNAL_EXIT,PYRAMID_LEVEL2"
2025-03-02 18:00:00,2025-03-03 14:00:00,LONG,94112.55874800001,90773.95911041106,-40.691885782583824,-1.7175100618274266,20,0.23104382124198752,-2.799858789362704,80.05913999999999,"EARLY_WAVE_LONG,EMERGENCY_EXIT_04,DNA_TREND_02,ENERGY_RECOVER,STRUCTURE_FAILURE_SHORT,CONFLUENCE_02,CONFLUENCE_03,MOMENTUM_START","SIGNAL_EXIT,STOP_LOSS"
2025-03-04 08:00:00,2025-03-05 11:00:00,LONG,83203.03727999999,89908.084786,128.38909563811143,5.442920733482281,27,8.080273196488312,-0.4795946074145403,71.77716,"EARLY_WAVE_LONG,PRESSURE_EXHAUSTION,DELTA_EXHAUSTION,MOMENTUM_START,SUPPORT_MAJOR,TRIPLE_CONFIRMATION,FIVE_CONFIRMATION,CASCADE_03",SIGNAL_EXIT
2025-03-08 17:00:00,2025-03-09 12:00:00,LONG,86165.32962,84223.64260330012,-29.94168378824952,-1.2524292662371697,19,0.29105718170638767,-1.5333657119711466,69.0165,"EARLY_WAVE_LONG,SWING_REVERSAL_BUY,TREND_Q1,MOMENTUM_START,TRIPLE_CONFIRMATION,CASCADE_03,CASCADE_05,CASCADE_08","SIGNAL_EXIT,STOP_LOSS"
2025-03-10 14:00:00,2025-03-10 17:00:00,LONG,81545.23578599999,78499.69179086623,-89.91631171230831,-3.773296921876544,3,0.0,-3.1090176655485946,74.53782,"EARLY_WAVE_LONG,SWING_REVERSAL_BUY,DNA_TREND_01,DNA_TREND_02,ENERGY_RECOVER,TREND_Q1,TREND_Q2,TREND_Q3",STOP_LOSS
2025-03-12 15:00:00,2025-03-14 16:00:00,LONG,81552.02714399999,84707.63508400001,51.57356102170331,2.185091925713558,49,3.89021949190557,-1.82463538444301,69.0165,"EARLY_WAVE_LONG,SWING_REVERSAL_BUY,MOMENTUM_START,TRIPLE_CONFIRMATION,CASCADE_03,CASCADE_05,CASCADE_08,CASCADE_10",SIGNAL_EXIT
2025-03-20 11:00:00,2025-03-21 12:00:00,LONG,85190.81475599999,83605.11719813531,-37.9154142788748,-1.5978485658942385,25,1.1515857041746547,-1.630228282213,74.53782,"EARLY_WAVE_LONG,SWING_REVERSAL_BUY,EMERGENCY_EXIT_04,ENERGY_RECOVER,STRUCTURE_FAILURE_LONG,TREND_Q1,MOMENTUM_START,TRIPLE_CONFIRMATION","SIGNAL_EXIT,STOP_LOSS"
2025-03-29 17:00:00,2025-04-01 09:00:00,LONG,82214.879688,84105.11561200001,19.002621872359992,0.8041096244583991,64,2.319604819999942,-0.9235550679895063,71.77716,"EARLY_WAVE_LONG,SWING_REVERSAL_BUY,TREND_Q1,TREND_Q2,TREND_Q3,MOMENTUM_START,TRIPLE_CONFIRMATION,FIVE_CONFIRMATION",SIGNAL_EXIT
2025-04-03 21:00:00,2025-04-04 09:00:00,LONG,82380.46279800001,84399.1168,57.047979270614334,2.4094236519974777,12,2.47088585432105,0.0,69.0165,"EARLY_WAVE_LONG,WAVE_ACCELERATION,MOMENTUM_START,SUPPORT_MAJOR,TRIPLE_CONFIRMATION,CASCADE_03,CASCADE_05,CASCADE_08",SIGNAL_EXIT
2025-04-04 10:00:00,2025-04-04 10:00:00,LONG,84588.294276,82719.80146328246,-53.54224500080342,-2.2480424148266347,0,0.0,0.0,71.77716,"EARLY_WAVE_LONG,EMERGENCY_EXIT_04,STRUCTURE_FAILURE_SHORT,MOMENTUM_START,SUPPORT_MAJOR,TRIPLE_CONFIRMATION,FIVE_CONFIRMATION,MASTER_EXIT_ALL",STOP_LOSS
2025-04-05 08:00:00,2025-04-06 16:00:00,LONG,83542.035066,82079.14878121224,-57.04517775114225,-1.2044484268897553,32,0.3606028196009338,-1.4795247267121465,91.34003424000001,"EARLY_WAVE_LONG,WAVE_ACCELERATION,SWING_REVERSAL_BUY,MOMENTUM_START,SUPPORT_MAJOR,TRIPLE_CONFIRMATION,FIVE_CONFIRMATION,CASCADE_03","SIGNAL_EXIT,STOP_LOSS"
2025-04-08 02:00:00,2025-04-08 16:00:00,LONG,80616.12,77459.63988853688,-93.04936157144866,-3.953879158930654,14,0.0,-2.649854644455714,69.0165,"EARLY_WAVE_LONG,MOMENTUM_START,SUPPORT_MAJOR,TRIPLE_CONFIRMATION,CASCADE_03,CASCADE_05,CASCADE_08,CASCADE_10",STOP_LOSS
2025-04-10 15:00:00,2025-04-10 15:00:00,LONG,81288.444438,78793.66433580525,-72.40817544036462,-3.107818811634318,0,0.0,0.0,69.0165,"EARLY_WAVE_LONG,SWING_REVERSAL_BUY,MOMENTUM_START,TRIPLE_CONFIRMATION,CASCADE_03,CASCADE_05,CASCADE_08,CASCADE_10",STOP_LOSS
2025-04-18 16:00:00,2025-04-20 09:00:00,LONG,84391.47492000001,84630.37054,18.241459187412904,0.7891487674696008,41,1.28101218876053,0.0,71.77716,"EARLY_WAVE_LONG,SWING_REVERSAL_BUY,EMERGENCY_EXIT_04,STRUCTURE_FAILURE_LONG,MOMENTUM_START,TRIPLE_CONFIRMATION,FIVE_CONFIRMATION,MASTER_EXIT_ALL",SIGNAL_EXIT
2025-04-24 08:00:00,2025-04-28 01:00:00,LONG,93923.52910918074,93401.21601999999,43.75697730755286,0.7267718071831848,89,2.6172603033136,-0.5362118672045538,74.53782,"EARLY_WAVE_LONG,SWING_REVERSAL_BUY,TREND_Q1,TREND_Q2,TREND_Q3,TREND_Q4,MOMENTUM_START,TRIPLE_CONFIRMATION,PYRAMID_LEVEL2",SIGNAL_EXIT
2025-05-02 08:00:00,2025-05-03 04:00:00,LONG,96369.280002,96318.2325,2.215818781490858,0.09525476533237402,20,1.431078449451291,-0.032977316007071926,74.53782,"EARLY_WAVE_LONG,SWING_REVERSAL_BUY,TREND_Q1,TREND_Q2,TREND_Q3,TREND_Q4,MOMENTUM_START,TRIPLE_CONFIRMATION",SIGNAL_EXIT
2025-05-04 00:00:00,2025-05-04 12:00:00,LONG,95875.591284,95404.105362,-12.367143873255465,-0.5315717559802358,12,0.2339998251853782,-0.4955602126015604,74.53782,"EARLY_WAVE_LONG,SWING_REVERSAL_BUY,EMERGENCY_EXIT_04,DNA_TREND_01,DNA_TREND_02,ENERGY_RECOVER,STRUCTURE_FAILURE_LONG,MOMENTUM_START",SIGNAL_EXIT
2025-05-04 13:00:00,2025-05-04 22:00:00,LONG,95481.332448,94709.54876292692,-19.70038593989096,-0.8479851336586707,9,0.24995205437668067,-0.1463871988549434,71.77716,"EARLY_WAVE_LONG,SWING_REVERSAL_BUY,EMERGENCY_EXIT_04,STRUCTURE_FAILURE_LONG,MOMENTUM_START,TRIPLE_CONFIRMATION,FIVE_CONFIRMATION,MASTER_EXIT_ALL",STOP_LOSS
2025-05-11 23:00:00,2025-05-12 15:00:00,LONG,103814.428734,102779.43000200001,-24.0281568636532,-1.0365712330393613,16,0.7702313404322707,-0.9771654541386109,80.05913999999999,"EARLY_WAVE_LONG,SWING_REVERSAL_BUY,ENERGY_RECOVER,CONFLUENCE_02,CONFLUENCE_03,TREND_Q1,TREND_Q2,TREND_Q3",SIGNAL_EXIT
2025-05-15 04:00:00,2025-05-15 09:00:00,LONG,102774.170724,101586.74324295168,-27.624042485691014,-1.1949132449275215,5,0.11441520293633384,-0.9673449243096913,69.0165,"EARLY_WAVE_LONG,SWING_REVERSAL_BUY,MOMENTUM_START,TRIPLE_CONFIRMATION,CASCADE_03,CASCADE_05,CASCADE_08,CASCADE_10",STOP_LOSS
2025-05-23 05:00:00,2025-05-23 11:00:00,LONG,110866.358838,109206.04227506868,-35.42236390192178,-1.5369847063627822,6,0.4227262146173849,-0.30699018310624726,74.53782,"EARLY_WAVE_LONG,SWING_REVERSAL_BUY,TREND_Q1,TREND_Q2,TREND_Q3,TREND_Q4,MOMENTUM_START,TRIPLE_CONFIRMATION",STOP_LOSS
2025-05-24 00:00:00,2025-05-25 09:00:00,LONG,107339.76366,107087.97812,28.91227459369329,1.2594758344507067,33,1.741010298773748,-0.21460235437972586,63.49517999999999,"EARLY_WAVE_LONG,SWING_REVERSAL_BUY,ENERGY_RECOVER,MOMENTUM_START,TRIPLE_CONFIRMATION,CASCADE_03,CASCADE_05",SIGNAL_EXIT
2025-05-25 10:00:00,2025-05-27 02:00:00,LONG,107153.106336,108363.642936,49.585035654680446,2.1534569499498604,40,2.7451501543747074,-0.1929074602390283,71.77716,"EARLY_WAVE_LONG,SWING_REVERSAL_BUY,EMERGENCY_EXIT_04,ENERGY_RECOVER,STRUCTURE_FAILURE_LONG,MOMENTUM_START,TRIPLE_CONFIRMATION,FIVE_CONFIRMATION",SIGNAL_EXIT
2025-05-27 22:00:00,2025-05-28 14:00:00,LONG,108939.863616,108046.83631,-8.20336760680512,-0.3543962532806957,16,0.24373665909473305,-0.7999033476594336,71.77716,"EARLY_WAVE_LONG,SWING_REVERSAL_BUY,TREND_Q1,TREND_Q2,MOMENTUM_START,TRIPLE_CONFIRMATION,FIVE_CONFIRMATION,CASCADE_03",SIGNAL_EXIT
2025-05-30 23:00:00,2025-05-31 22:00:00,LONG,103987.113264,104842.187368,13.911513031888607,0.6015887924983601,23,0.8424570203962845,-0.7667135272578192,71.77716,"EARLY_WAVE_LONG,SWING_REVERSAL_BUY,TREND_Q1,TREND_Q2,MOMENTUM_START,TRIPLE_CONFIRMATION,FIVE_CONFIRMATION,CASCADE_03",SIGNAL_EXIT
2025-06-01 10:00:00,2025-06-01 22:00:00,LONG,103955.13687,105475.44069199999,32.92651840401996,1.4218764846335843,12,1.482758020825442,-0.02322816430918028,74.53782,"EARLY_WAVE_LONG,SWING_REVERSAL_BUY,DNA_TREND_02,ENERGY_RECOVER,TREND_Q1,TREND_Q2,TREND_Q3,TREND_Q4",SIGNAL_EXIT
2025-06-02 10:00:00,2025-06-03 01:00:00,LONG,104606.28707399999,106264.462856,35.89025798951976,1.544524752814004,15,1.6054799123230072,-0.7707826140790309,71.77716,"EARLY_WAVE_LONG,SWING_REVERSAL_BUY,DNA_TREND_01,DNA_TREND_02,ENERGY_RECOVER,MOMENTUM_START,TRIPLE_CONFIRMATION,FIVE_CONFIRMATION",SIGNAL_EXIT
2025-06-04 06:00:00,2025-06-04 14:00:00,LONG,105375.210828,104277.8864455008,-25.21221357516769,-1.0809331038365375,8,0.4271395221544866,-0.5827184811067883,69.0165,"EARLY_WAVE_LONG,SWING_REVERSAL_BUY,LIQUIDITY_ABSORPTION,MOMENTUM_START,TRIPLE_CONFIRMATION,CASCADE_03,CASCADE_05,CASCADE_08",STOP_LOSS
2025-06-05 07:00:00,2025-06-05 16:00:00,LONG,104473.830588,103471.88760064654,-23.22781272365881,-0.998653669078303,9,1.125410454831211,0.0,69.0165,"EARLY_WAVE_LONG,SWING_REVERSAL_BUY,TREND_Q1,MOMENTUM_START,TRIPLE_CONFIRMATION,CASCADE_03,CASCADE_05,CASCADE_08",STOP_LOSS
2025-06-12 20:00:00,2025-06-13 00:00:00,LONG,106811.15796,105065.09029159784,-38.83630419092708,-1.6740701427358624,4,0.0,-1.066768661403997,71.77716,"EARLY_WAVE_LONG,SWING_REVERSAL_BUY,DNA_TREND_02,ENERGY_RECOVER,MOMENTUM_START,TRIPLE_CONFIRMATION,FIVE_CONFIRMATION,CASCADE_03",STOP_LOSS
2025-07-01 05:00:00,2025-07-01 14:00:00,LONG,106902.97632,105957.35902567243,-21.348455913893716,-0.924202741540511,9,0.2581908282644938,-0.4507791425352898,71.77716,"EARLY_WAVE_LONG,SWING_REVERSAL_BUY,EMERGENCY_EXIT_04,STRUCTURE_FAILURE_LONG,MOMENTUM_START,TRIPLE_CONFIRMATION,FIVE_CONFIRMATION,MASTER_EXIT_ALL",STOP_LOSS
2025-07-08 02:00:00,2025-07-12 16:00:00,LONG,116008.82576229487,117076.58,539.5485486837156,1.5479769752451884,110,4.440515108602666,0.0,69.0165,"EARLY_WAVE_LONG,SWING_REVERSAL_BUY,MOMENTUM_START,TRIPLE_CONFIRMATION,CASCADE_03,CASCADE_05,CASCADE_08,CASCADE_10,PYRAMID_LEVEL3,PYRAMID_LEVEL2",SIGNAL_EXIT
2025-07-12 21:00:00,2025-07-15 02:00:00,LONG,120505.16388313302,118408.023658,9.834735644119235,0.15375364609949757,53,2.876939577072017,-1.7206348809615062,74.53782,"EARLY_WAVE_LONG,SWING_REVERSAL_BUY,TREND_Q1,TREND_Q2,TREND_Q3,TREND_Q4,MOMENTUM_START,TRIPLE_CONFIRMATION,PYRAMID_LEVEL2",SIGNAL_EXIT
2025-07-15 15:00:00,2025-07-18 15:00:00,LONG,117674.53923842299,118116.36200200001,42.64749576927351,0.9675238877237877,72,2.4775204393790116,0.0,74.53782,"EARLY_WAVE_LONG,SWING_REVERSAL_BUY,EMERGENCY_EXIT_04,DNA_TREND_01,DNA_TREND_02,ENERGY_RECOVER,STRUCTURE_FAILURE_LONG,MOMENTUM_START,PYRAMID_LEVEL2",SIGNAL_EXIT
2025-08-01 09:00:00,2025-08-01 22:00:00,LONG,114638.903196,112930.34091195017,-27.425722102926944,-1.1204110033457821,13,0.9539316702378864,-1.1429132340527512,71.77716,"EARLY_WAVE_LONG,SWING_REVERSAL_BUY,ENERGY_RECOVER,TREND_Q1,MOMENTUM_START,TRIPLE_CONFIRMATION,FIVE_CONFIRMATION,CASCADE_03","SIGNAL_EXIT,STOP_LOSS"
2025-08-02 01:00:00,2025-08-03 19:00:00,LONG,113845.734594,114357.533918,-8.813759495410343,-0.36111224983422724,42,0.4696402618040453,-1.4197410203940837,75.47904,"STRONG_WAVE,DELTA_EXHAUSTION,SWING_REVERSAL_BUY,TREND_Q1,TREND_Q2,MOMENTUM_START,SUPPORT_MAJOR,TRIPLE_CONFIRMATION",SIGNAL_EXIT
2025-08-05 04:00:00,2025-08-05 14:00:00,LONG,114279.70137000001,113287.05181604288,-22.14606676574781,-0.9082666144908481,10,0.49139840520043027,-0.2995732101990563,75.47904,"WAVE_ACCELERATION,STRONG_WAVE,SWING_REVERSAL_BUY,DNA_TREND_01,DNA_TREND_02,ENERGY_RECOVER,MOMENTUM_START,SUPPORT_MAJOR",STOP_LOSS
2025-08-06 06:00:00,2025-08-06 18:00:00,LONG,114170.839602,115476.90000000001,26.842494899560073,1.1034951152079873,12,1.1641855333931728,-0.22468924893103903,80.05913999999999,"EARLY_WAVE_LONG,DNA_TREND_02,ENERGY_RECOVER,CONFLUENCE_02,CONFLUENCE_03,TREND_Q1,TREND_Q2,TREND_Q3",SIGNAL_EXIT
2025-08-18 00:00:00,2025-08-18 01:00:00,LONG,117428.491002,116548.08714384963,-19.254075922407527,-0.7894362646558417,1,0.0,-0.11777465657600708,74.53782,"EARLY_WAVE_LONG,SWING_REVERSAL_BUY,DNA_TREND_01,DNA_TREND_02,ENERGY_RECOVER,TREND_Q1,MOMENTUM_START,TRIPLE_CONFIRMATION",STOP_LOSS
2025-08-19 04:00:00,2025-08-19 17:00:00,LONG,114832.972002,113224.76798462908,-35.04613436488953,-1.43991215740368,13,0.6679423031798318,-1.2580637571366096,75.47904,"WAVE_ACCELERATION,STRONG_WAVE,SWING_REVERSAL_BUY,DNA_TREND_01,DNA_TREND_02,ENERGY_RECOVER,TREND_Q1,TREND_Q2",STOP_LOSS
2025-08-21 22:00:00,2025-08-22 15:00:00,LONG,112651.27575,115785.07835200001,18.926386963046774,0.7805008243713619,17,2.802413225222614,-0.29407190268770717,75.47904,"SWING_REVERSAL_BUY,TREND_Q1,TREND_Q2,TREND_Q3,TREND_Q4,MOMENTUM_START,SUPPORT_MAJOR,TRIPLE_CONFIRMATION",SIGNAL_EXIT
2025-08-22 16:00:00,2025-08-24 14:00:00,LONG,116394.02415,114338.16146547103,-18.667508608420228,-0.7684024940392069,46,0.5658588186204546,-1.5799987700657203,80.05913999999999,"EARLY_WAVE_LONG,EMERGENCY_EXIT_04,ENERGY_RECOVER,STRUCTURE_FAILURE_SHORT,CONFLUENCE_02,CONFLUENCE_03,MOMENTUM_START,SUPPORT_MAJOR","SIGNAL_EXIT,STOP_LOSS"
2025-08-24 15:00:00,2025-08-24 19:00:00,LONG,114536.95281,113672.98043828509,-19.250772800038575,-0.7940158539042516,4,0.07859226895037444,-0.22870593600874276,72.68352,"STRONG_WAVE,SWING_REVERSAL_BUY,TREND_Q1,MOMENTUM_START,SUPPORT_MAJOR,TRIPLE_CONFIRMATION,FIVE_CONFIRMATION,CASCADE_03",STOP_LOSS
2025-08-25 08:00:00,2025-08-25 20:00:00,LONG,111533.862312,109741.5210999637,-39.83223857360046,-1.6463500702052842,12,0.8684068388939731,-0.7331695460455802,71.77716,"EARLY_WAVE_LONG,ENERGY_RECOVER,TREND_Q1,MOMENTUM_START,SUPPORT_MAJOR,TRIPLE_CONFIRMATION,FIVE_CONFIRMATION,CASCADE_03",STOP_LOSS
2025-08-25 21:00:00,2025-08-26 20:00:00,LONG,109583.872392,111093.806794,12.01338735337256,0.49864073520620816,23,1.3981597606983696,-0.44134449845862206,74.53782,"EARLY_WAVE_LONG,DNA_TREND_02,ENERGY_RECOVER,TREND_Q1,TREND_Q2,MOMENTUM_START,SUPPORT_MAJOR,TRIPLE_CONFIRMATION",SIGNAL_EXIT
2025-08-27 21:00:00,2025-08-28 09:00:00,LONG,112441.563816,113105.864302,13.279446251624194,0.5505598813017556,12,0.6867711171855128,-1.0490371851553293,71.77716,"EARLY_WAVE_LONG,PRESSURE_EXHAUSTION,DELTA_EXHAUSTION,ENERGY_RECOVER,MOMENTUM_START,SUPPORT_MAJOR,TRIPLE_CONFIRMATION,FIVE_CONFIRMATION",SIGNAL_EXIT
2025-08-28 13:00:00,2025-08-29 01:00:00,LONG,113262.087888,111809.73322252353,-31.921949845904788,-1.3217825899923998,12,0.0,-1.2013974961732643,77.29847999999998,"EARLY_WAVE_LONG,ENERGY_RECOVER,CONFLUENCE_02,CONFLUENCE_03,MOMENTUM_START,SUPPORT_MAJOR,TRIPLE_CONFIRMATION,FIVE_CONFIRMATION",STOP_LOSS
2025-08-29 13:00:00,2025-08-29 13:00:00,LONG,110750.155602,108982.37336302365,-39.365193816214706,-1.6355509195229017,0,0.0,0.0,78.27456,"STRONG_WAVE,SWING_REVERSAL_BUY,ENERGY_RECOVER,CONFLUENCE_02,TREND_Q1,TREND_Q2,MOMENTUM_START,SUPPORT_MAJOR",STOP_LOSS
2025-08-30 14:00:00,2025-08-31 02:00:00,LONG,108552.846228,109407.13419600001,17.89577696080533,0.746664083426449,12,0.8071310909340332,-0.02001442500583232,74.53782,"EARLY_WAVE_LONG,TREND_Q1,TREND_Q2,TREND_Q3,TREND_Q4,MOMENTUM_START,SUPPORT_MAJOR,TRIPLE_CONFIRMATION",SIGNAL_EXIT
2025-08-31 10:00:00,2025-09-01 00:00:00,LONG,108529.38153599999,107614.58243204515,-7.213301681578919,-0.300429257802107,14,0.5687293664299254,-0.260787937786319,75.47904,"WAVE_ACCELERATION,STRONG_WAVE,SWING_REVERSAL_BUY,TREND_Q1,TREND_Q2,TREND_Q3,TREND_Q4,MOMENTUM_START","SIGNAL_EXIT,STOP_LOSS"
2025-09-01 01:00:00,2025-09-01 05:00:00,LONG,108244.014474,107243.50575637,-23.12445928065709,-0.9639388607331931,4,0.0,-0.771326228112627,75.47904,"STRONG_WAVE,SWING_REVERSAL_BUY,ENERGY_RECOVER,TREND_Q1,TREND_Q2,TREND_Q3,TREND_Q4,MOMENTUM_START",STOP_LOSS
2025-09-02 21:00:00,2025-09-03 15:00:00,LONG,111440.773698,112238.917726,16.174275968365002,0.6759181903661832,18,0.7363519426235982,-0.6776726981872623,69.0165,"EARLY_WAVE_LONG,MOMENTUM_START,SUPPORT_MAJOR,TRIPLE_CONFIRMATION,CASCADE_03,CASCADE_05,CASCADE_08,CASCADE_10",SIGNAL_EXIT
2025-09-14 14:00:00,2025-09-15 09:00:00,LONG,115371.16962,114714.332544,-14.598470623707755,-0.6090974125790406,19,0.9957690329255756,-0.5494436973187344,74.53782,"EARLY_WAVE_LONG,SWING_REVERSAL_BUY,EMERGENCY_EXIT_04,DNA_TREND_01,DNA_TREND_02,ENERGY_RECOVER,STRUCTURE_FAILURE_LONG,TREND_Q1",SIGNAL_EXIT
2025-09-15 10:00:00,2025-09-17 14:00:00,LONG,117083.13600692143,116083.958564,-9.205882008989796,-0.21155284290244317,52,2.0390496919376724,-0.8335495957878444,80.05913999999999,"EARLY_WAVE_LONG,WAVE_ACCELERATION,SWING_REVERSAL_BUY,ENERGY_RECOVER,CONFLUENCE_02,CONFLUENCE_03,MOMENTUM_START,TRIPLE_CONFIRMATION,PYRAMID_LEVEL2",SIGNAL_EXIT
2025-09-19 10:00:00,2025-09-19 15:00:00,LONG,116511.29759999999,115583.48032869969,-19.981707441573658,-0.8360139175308441,5,0.018352211708611368,-0.5246766730713894,71.77716,"EARLY_WAVE_LONG,SWING_REVERSAL_BUY,EMERGENCY_EXIT_04,STRUCTURE_FAILURE_LONG,MOMENTUM_START,TRIPLE_CONFIRMATION,FIVE_CONFIRMATION,MASTER_EXIT_ALL",STOP_LOSS
2025-09-21 17:00:00,2025-09-22 00:00:00,LONG,115339.07320199999,114795.84759829144,-12.18181178356581,-0.5107930265020085,7,0.2506581594371567,-0.09258198374195,74.53782,"EARLY_WAVE_LONG,SWING_REVERSAL_BUY,EMERGENCY_EXIT_04,DNA_TREND_02,ENERGY_RECOVER,STRUCTURE_FAILURE_LONG,MOMENTUM_START,TRIPLE_CONFIRMATION",STOP_LOSS
2025-09-23 02:00:00,2025-09-24 15:00:00,LONG,112179.091332,113697.89587200001,8.615290013484247,0.36174405620474576,37,1.374185375987498,-0.46693312076292787,71.77716,"EARLY_WAVE_LONG,SWING_REVERSAL_BUY,TREND_Q1,TREND_Q2,TREND_Q3,MOMENTUM_START,TRIPLE_CONFIRMATION,FIVE_CONFIRMATION",SIGNAL_EXIT
2025-09-26 00:00:00,2025-09-26 18:00:00,LONG,109016.288898,109878.02,17.879802663260616,0.7501446822916094,18,0.8106138182953856,-0.1653779447296031,80.05913999999999,"EARLY_WAVE_LONG,ENERGY_RECOVER,CONFLUENCE_02,CONFLUENCE_03,TREND_Q1,TREND_Q2,TREND_Q3,TREND_Q4",SIGNAL_EXIT
2025-09-27 11:00:00,2025-09-28 15:00:00,LONG,109453.596342,109828.03,1.9327702483848346,0.08094540480804424,28,0.3621750872043999,-0.15139415015860874,74.53782,"EARLY_WAVE_LONG,PRESSURE_EXHAUSTION,DELTA_EXHAUSTION,TREND_Q1,TREND_Q2,TREND_Q3,TREND_Q4,MOMENTUM_START",SIGNAL_EXIT
2025-09-28 16:00:00,2025-09-29 04:00:00,LONG,110059.92758399999,111835.138498,37.54646542069417,1.572304195166833,12,1.9994946973960541,0.0,71.77716,"EARLY_WAVE_LONG,EMERGENCY_EXIT_04,ENERGY_RECOVER,STRUCTURE_FAILURE_SHORT,MOMENTUM_START,SUPPORT_MAJOR,TRIPLE_CONFIRMATION,FIVE_CONFIRMATION",SIGNAL_EXIT
2025-09-29 08:00:00,2025-09-29 20:00:00,LONG,111888.333192,114242.706888,49.46195581982739,2.0633756419296314,12,2.124633319830318,0.0,80.05913999999999,"EARLY_WAVE_LONG,PRESSURE_EXHAUSTION,DELTA_EXHAUSTION,DNA_TREND_01,DNA_TREND_02,ENERGY_RECOVER,CONFLUENCE_02,CONFLUENCE_03",SIGNAL_EXIT
2025-10-01 06:00:00,2025-10-04 19:00:00,LONG,120514.29335637184,121550.34506800001,197.64803325064182,1.2254678000875905,85,3.0931638657022456,-0.2931633601316577,71.77716,"EARLY_WAVE_LONG,TREND_Q1,TREND_Q2,TREND_Q3,MOMENTUM_START,SUPPORT_MAJOR,TRIPLE_CONFIRMATION,FIVE_CONFIRMATION,PYRAMID_LEVEL2,PYRAMID_LEVEL3",SIGNAL_EXIT
2025-10-05 21:00:00,2025-10-07 15:00:00,LONG,124408.69652683336,122700.814928,-33.61755136406373,-0.7568687646638923,42,2.220640630145641,-1.3530698205412706,74.53782,"EARLY_WAVE_LONG,WAVE_ACCELERATION,SWING_REVERSAL_BUY,TREND_Q1,TREND_Q2,TREND_Q3,TREND_Q4,MOMENTUM_START,PYRAMID_LEVEL2",SIGNAL_EXIT
2025-10-09 09:00:00,2025-10-09 16:00:00,LONG,121285.872324,119702.11334325731,-32.93573010334387,-1.3452843227455764,7,1.8778012907520938,-0.11438457038870188,74.53782,"EARLY_WAVE_LONG,SWING_REVERSAL_BUY,EMERGENCY_EXIT_04,DNA_TREND_01,DNA_TREND_02,ENERGY_RECOVER,STRUCTURE_FAILURE_LONG,MOMENTUM_START",STOP_LOSS
2025-10-13 12:00:00,2025-10-14 06:00:00,LONG,114202.836,112157.38361430979,-44.656169620889564,-1.830353266477492,18,1.392263148351238,-1.497095921505833,63.49517999999999,"EARLY_WAVE_LONG,SWING_REVERSAL_BUY,ENERGY_RECOVER,MOMENTUM_START,TRIPLE_CONFIRMATION,CASCADE_03,CASCADE_05",STOP_LOSS
2025-10-15 13:00:00,2025-10-16 09:00:00,LONG,111733.59225,109629.61018646488,-46.67969502510658,-1.922281262383477,20,0.0,-1.1655601719902615,74.53782,"EARLY_WAVE_LONG,SWING_REVERSAL_BUY,TREND_Q1,TREND_Q2,TREND_Q3,TREND_Q4,MOMENTUM_START,TRIPLE_CONFIRMATION",STOP_LOSS
2025-10-16 17:00:00,2025-10-17 06:00:00,LONG,109254.27648599999,106626.36757522366,-59.06621213276128,-2.4443523344815046,13,0.0,-1.332146010949496,74.53782,"EARLY_WAVE_LONG,SWING_REVERSAL_BUY,ENERGY_RECOVER,TREND_Q1,TREND_Q2,TREND_Q3,TREND_Q4,MOMENTUM_START",STOP_LOSS
2025-10-21 02:00:00,2025-10-21 04:00:00,LONG,109885.15263599998,108237.19269266463,-36.96064858491259,-1.5391113174450322,2,0.0,-0.7516326056677793,66.25583999999999,"EARLY_WAVE_LONG,SWING_REVERSAL_BUY,MOMENTUM_START,TRIPLE_CONFIRMATION,CASCADE_03,CASCADE_05,CASCADE_08",STOP_LOSS
2025-10-22 06:00:00,2025-10-23 07:00:00,LONG,108188.453364,110224.880614,14.446098307965316,0.6039471073468705,25,1.9026860741545348,-0.9165796655430908,71.77716,"EARLY_WAVE_LONG,PRESSURE_EXHAUSTION,DELTA_EXHAUSTION,SWING_REVERSAL_BUY,MOMENTUM_START,TRIPLE_CONFIRMATION,FIVE_CONFIRMATION,CASCADE_03",SIGNAL_EXIT
2025-10-27 21:00:00,2025-10-28 09:00:00,LONG,114478.061034,114404.344554,-2.499942374279466,-0.10436778605650712,12,0.0,-0.7623740532614312,74.53782,"EARLY_WAVE_LONG,SWING_REVERSAL_BUY,EMERGENCY_EXIT_04,STRUCTURE_FAILURE_LONG,TREND_Q1,TREND_Q2,TREND_Q3,TREND_Q4",SIGNAL_EXIT
2025-11-02 23:00:00,2025-11-03 02:00:00,LONG,109921.98,108825.9974146451,-24.82226963773651,-1.0366561667837093,3,0.5628537622775691,-0.23332913035226976,71.77716,"EARLY_WAVE_LONG,SWING_REVERSAL_BUY,ENERGY_RECOVER,TREND_Q1,MOMENTUM_START,TRIPLE_CONFIRMATION,FIVE_CONFIRMATION,CASCADE_03",STOP_LOSS
2025-11-05 13:00:00,2025-11-06 01:00:00,LONG,102693.87466799999,103656.97445800001,21.431450933080498,0.8974605381249768,12,1.6101499114194517,0.0,74.53782,"EARLY_WAVE_LONG,EMERGENCY_EXIT_04,STRUCTURE_FAILURE_SHORT,TREND_Q1,TREND_Q2,TREND_Q3,TREND_Q4,MOMENTUM_START",SIGNAL_EXIT
2025-11-06 13:00:00,2025-11-06 16:00:00,LONG,102572.900478,100675.72310299054,-45.20261250981361,-1.888849447780022,3,0.7280768297667349,-0.5444132664648309,75.47904,"WAVE_ACCELERATION,SWING_REVERSAL_BUY,TREND_Q1,TREND_Q2,TREND_Q3,TREND_Q4,MOMENTUM_START,SUPPORT_MAJOR",STOP_LOSS
2025-11-07 12:00:00,2025-11-08 00:00:00,LONG,102125.57680507522,103318.422182,69.81344159565504,1.1275510445829335,12,2.3531385125540503,-0.7902785927699791,75.47904,"WAVE_ACCELERATION,STRONG_WAVE,SWING_REVERSAL_BUY,ENERGY_RECOVER,TREND_Q1,TREND_Q2,TREND_Q3,TREND_Q4,PYRAMID_LEVEL2",SIGNAL_EXIT
2025-11-09 03:00:00,2025-11-09 15:00:00,LONG,101653.57665,103017.29242,31.203393605005033,1.3009958887973816,12,1.3618048627706514,0.0,74.53782,"EARLY_WAVE_LONG,SWING_REVERSAL_BUY,TREND_Q1,TREND_Q2,TREND_Q3,TREND_Q4,MOMENTUM_START,TRIPLE_CONFIRMATION",SIGNAL_EXIT
2025-11-15 14:00:00,2025-11-16 10:00:00,LONG,96389.444034,96610.41405200001,-9.86804846280224,-0.4101459364390017,20,0.24930734730167692,-1.1545081986441088,74.53782,"EARLY_WAVE_LONG,TREND_Q1,TREND_Q2,TREND_Q3,TREND_Q4,MOMENTUM_START,SUPPORT_MAJOR,TRIPLE_CONFIRMATION",SIGNAL_EXIT
2025-11-16 16:00:00,2025-11-16 22:00:00,LONG,94592.374692,93040.98326804054,-40.36123184024258,-1.6794248187967629,6,0.0,-1.1493047886152084,75.47904,"WAVE_ACCELERATION,STRONG_WAVE,SWING_REVERSAL_BUY,DNA_TREND_01,DNA_TREND_02,ENERGY_RECOVER,TREND_Q1,TREND_Q2",STOP_LOSS
2025-11-18 23:00:00,2025-11-19 05:00:00,LONG,93178.621998,91018.0998729145,-56.41996213414053,-2.357761166592286,6,0.0,-2.1629660911311444,74.53782,"EARLY_WAVE_LONG,PRESSURE_EXHAUSTION,DELTA_EXHAUSTION,TREND_Q1,TREND_Q2,TREND_Q3,TREND_Q4,MOMENTUM_START",STOP_LOSS
2025-11-19 16:00:00,2025-11-20 04:00:00,LONG,90972.34002183033,92421.84193400001,132.9435512340469,1.55270621274238,12,2.292025134919107,-1.2061065631094663,94.85311248000001,"EARLY_WAVE_LONG,SWING_REVERSAL_BUY,DNA_TREND_01,DNA_TREND_02,ENERGY_RECOVER,TREND_Q1,TREND_Q2,TREND_Q3,PYRAMID_LEVEL2",SIGNAL_EXIT
2025-11-21 03:00:00,2025-11-21 07:00:00,LONG,85462.018986,82800.06782180895,-76.03105796108885,-3.153530917355543,4,0.8577623401573194,0.0,74.53782,"EARLY_WAVE_LONG,DNA_TREND_01,DNA_TREND_02,ENERGY_RECOVER,TREND_Q1,TREND_Q2,TREND_Q3,TREND_Q4",STOP_LOSS
2025-11-22 07:00:00,2025-11-22 23:00:00,LONG,84652.92719999999,85055.855426,1.9736524749338136,0.08251976653585992,16,0.4960877478079857,-1.1336609751635276,74.53782,"EARLY_WAVE_LONG,PRESSURE_EXHAUSTION,DELTA_EXHAUSTION,TREND_Q1,TREND_Q2,TREND_Q3,TREND_Q4,MOMENTUM_START",SIGNAL_EXIT
2025-11-23 00:00:00,2025-11-23 14:00:00,LONG,85551.14562220797,86910.91434,66.6812194628359,1.548786217203007,14,2.113699676050199,0.0,74.53782,"EARLY_WAVE_LONG,WAVE_ACCELERATION,TREND_Q1,TREND_Q2,TREND_Q3,TREND_Q4,MOMENTUM_START,SUPPORT_MAJOR,PYRAMID_LEVEL2",SIGNAL_EXIT
2025-11-24 10:00:00,2025-11-24 22:00:00,LONG,87455.98981370761,88748.39676999999,152.2641135933777,1.4371886937209866,12,2.801014687303285,0.0,94.85311248000001,"EARLY_WAVE_LONG,SWING_REVERSAL_BUY,DNA_TREND_01,DNA_TREND_02,ENERGY_RECOVER,MOMENTUM_START,SUPPORT_MAJOR,TRIPLE_CONFIRMATION,PYRAMID_LEVEL2",SIGNAL_EXIT
2025-11-26 17:00:00,2025-11-27 05:00:00,LONG,87837.584004,91258.804588,94.22417349563392,3.853381329352888,12,4.043401280069664,0.0,74.53782,"EARLY_WAVE_LONG,DNA_TREND_01,DNA_TREND_02,ENERGY_RECOVER,TREND_Q1,TREND_Q2,TREND_Q3,MOMENTUM_START",SIGNAL_EXIT
2025-11-27 18:00:00,2025-12-01 00:00:00,LONG,91497.59586,90341.937998,-7.493859206933724,-0.30357392558053253,78,0.9611336032758506,-1.2433068315156943,69.0165,"EARLY_WAVE_LONG,WAVE_ACCELERATION,MOMENTUM_START,SUPPORT_MAJOR,TRIPLE_CONFIRMATION,CASCADE_03,CASCADE_05,CASCADE_08",SIGNAL_EXIT
2025-12-01 13:00:00,2025-12-02 04:00:00,LONG,85447.726128,86959.6046,42.63592416303443,1.728652940333761,15,1.7897069252716984,-1.0251017407857779,69.0165,"EARLY_WAVE_LONG,SWING_REVERSAL_BUY,ENERGY_RECOVER,MOMENTUM_START,TRIPLE_CONFIRMATION,CASCADE_03,CASCADE_05,CASCADE_08",SIGNAL_EXIT
2025-12-05 10:00:00,2025-12-05 16:00:00,LONG,91146.77571,89636.81316138127,-42.00628650054917,-1.695964845538343,6,0.22453267096483592,-0.9425519480068105,71.77716,"EARLY_WAVE_LONG,SWING_REVERSAL_BUY,DNA_TREND_01,DNA_TREND_02,ENERGY_RECOVER,MOMENTUM_START,TRIPLE_CONFIRMATION,FIVE_CONFIRMATION",STOP_LOSS
2025-12-10 11:00:00,2025-12-11 01:00:00,LONG,92291.114532,91367.892766,-25.645745932840896,-1.039936431554982,14,0.7222314644048179,-0.9805326727160047,71.77716,"EARLY_WAVE_LONG,SWING_REVERSAL_BUY,ENERGY_RECOVER,TREND_Q1,MOMENTUM_START,TRIPLE_CONFIRMATION,FIVE_CONFIRMATION,CASCADE_03",SIGNAL_EXIT
2025-12-12 14:00:00,2025-12-12 15:00:00,LONG,92321.25055799999,90855.37717182246,-40.01888660401062,-1.627161166000997,1,0.13295903300497278,0.0,69.0165,"EARLY_WAVE_LONG,SWING_REVERSAL_BUY,TREND_Q1,MOMENTUM_START,TRIPLE_CONFIRMATION,CASCADE_03,CASCADE_05,CASCADE_08",STOP_LOSS
2025-12-28 19:00:00,2025-12-29 12:00:00,LONG,87616.00969800001,87143.04344079818,-14.195472522282666,-0.5796012353547517,17,2.884233498775365,-0.11556072725636281,80.05913999999999,"EARLY_WAVE_LONG,SWING_REVERSAL_BUY,DNA_TREND_02,ENERGY_RECOVER,CONFLUENCE_02,CONFLUENCE_03,MOMENTUM_START,TRIPLE_CONFIRMATION",STOP_LOSS
2026-01-07 11:00:00,2026-01-07 23:00:00,LONG,91993.705062,91162.61383,-23.061462836044253,-0.9430604810919335,12,0.10164275690058822,-1.187380224835839,71.77716,"EARLY_WAVE_LONG,SWING_REVERSAL_BUY,EMERGENCY_EXIT_04,STRUCTURE_FAILURE_LONG,MOMENTUM_START,TRIPLE_CONFIRMATION,FIVE_CONFIRMATION,MASTER_EXIT_ALL",SIGNAL_EXIT
2026-01-08 04:00:00,2026-01-08 14:00:00,LONG,90831.56267999999,89461.63115148924,-37.751960143206524,-1.5476076151234834,10,0.21048555629673096,-1.02778445339414,69.0165,"EARLY_WAVE_LONG,SWING_REVERSAL_BUY,MOMENTUM_START,TRIPLE_CONFIRMATION,CASCADE_03,CASCADE_05,CASCADE_08,CASCADE_10",STOP_LOSS
2026-01-16 04:00:00,2026-01-16 16:00:00,LONG,95373.760938,94567.07280200001,-21.514434532737024,-0.8854793570212609,12,0.385272698052527,-0.8259933657351802,69.0165,"EARLY_WAVE_LONG,SWING_REVERSAL_BUY,MOMENTUM_START,TRIPLE_CONFIRMATION,CASCADE_03,CASCADE_05,CASCADE_08,CASCADE_10",SIGNAL_EXIT
2026-01-18 15:00:00,2026-01-18 23:00:00,LONG,94974.771156,94445.07550644386,-14.483815086279336,-0.5974993915243288,8,0.5515557843667462,0.0,69.0165,"EARLY_WAVE_LONG,SWING_REVERSAL_BUY,ENERGY_RECOVER,MOMENTUM_START,TRIPLE_CONFIRMATION,CASCADE_03,CASCADE_05,CASCADE_08",STOP_LOSS
2026-01-20 15:00:00,2026-01-20 19:00:00,LONG,90549.25623,89303.97107693218,-34.23886217858829,-1.4147070830098958,4,0.14985630545139825,-1.1576640975795225,71.77716,"EARLY_WAVE_LONG,SWING_REVERSAL_BUY,ENERGY_RECOVER,TREND_Q1,TREND_Q2,MOMENTUM_START,TRIPLE_CONFIRMATION,FIVE_CONFIRMATION",STOP_LOSS
